ID,date_of_loss,vehicle_type_code,vehicle_age_years,vehicle_acv,driver_age,ins_score,urbanicity_code,repair_cost_index,medical_cost_index,collision_sev,weather_cat_risk_index,report_lag_days,loss_amount,scenario,month,pred_model
ID0000001,2024-09-21,3,12,12687.0,39,3,2,1.194,1.14,1.4,0.019,1,6522.63,concept_drift,2024-09,6122.668908609141
ID0000002,2024-04-03,2,3,17640.0,34,1,1,0.907,0.833,1.4,0.605,14,6059.47,concept_drift,2024-04,5352.955814695546
ID0000003,2024-03-06,4,7,24169.0,30,2,2,1.235,1.18,1.0,0.38,0,5725.97,concept_drift,2024-03,5428.511469957991
ID0000004,2024-12-26,2,6,23179.0,69,3,2,1.196,1.033,1.2,0.446,2,6254.13,concept_drift,2024-12,5892.496619275876
ID0000005,2024-03-10,0,3,12783.0,29,1,2,1.316,1.146,1.0,0.357,5,5649.03,concept_drift,2024-03,5017.185478263524
ID0000006,2024-04-13,2,5,12518.0,46,0,2,1.245,1.217,1.2,0.172,3,5453.77,concept_drift,2024-04,4858.876846710606
ID0000007,2024-08-20,2,7,15143.0,43,0,2,1.192,1.291,1.8,0.125,0,6863.17,concept_drift,2024-08,6094.479346224256
ID0000008,2024-10-10,1,13,8575.0,26,4,1,1.048,0.931,1.8,0.379,4,7752.64,concept_drift,2024-10,7294.721258426536
ID0000009,2024-08-10,2,7,14722.0,60,1,2,1.082,1.187,1.4,0.282,0,6132.18,concept_drift,2024-08,5604.453925028232
ID0000010,2024-11-22,1,10,9180.0,35,2,2,0.986,1.198,3.2,0.792,0,11215.98,concept_drift,2024-11,9680.333899109582
ID0000011,2024-01-28,1,5,15782.0,73,3,1,1.005,1.031,1.4,0.424,0,6094.82,concept_drift,2024-01,5797.958238493304
ID0000012,2024-05-08,4,3,53429.0,69,3,0,0.899,0.897,1.4,0.626,6,6300.12,concept_drift,2024-05,5734.125913118353
ID0000013,2024-07-15,1,5,13682.0,61,1,2,1.18,1.311,1.2,0.372,1,5993.54,concept_drift,2024-07,5404.61755300307
ID0000014,2024-06-03,1,3,15681.0,39,2,2,1.193,1.142,1.2,0.234,21,6468.57,concept_drift,2024-06,5793.72331070702
ID0000015,2024-05-24,1,12,6874.0,73,3,2,1.169,1.054,1.2,0.18,4,6136.57,concept_drift,2024-05,5775.326093040265
ID0000016,2024-05-26,3,5,29294.0,55,0,0,0.866,0.898,1.1,0.463,3,4652.04,concept_drift,2024-05,3928.4998802642203
ID0000017,2024-01-06,1,9,11321.0,61,0,1,1.173,0.836,1.1,0.376,4,4646.7,concept_drift,2024-01,4259.971037501792
ID0000018,2024-02-03,1,7,13317.0,49,4,0,1.006,0.928,1.8,0.143,0,7057.61,concept_drift,2024-02,6530.824127127902
ID0000019,2024-07-11,0,5,13369.0,36,4,2,1.442,1.172,1.4,0.048,30,7129.62,concept_drift,2024-07,6691.828737196062
ID0000020,2024-06-16,2,6,17776.0,24,3,0,0.75,0.859,1.8,0.329,3,7802.17,concept_drift,2024-06,7182.363234556456
ID0000021,2024-12-11,3,8,17513.0,44,2,2,1.17,1.178,1.8,0.348,1,7441.34,concept_drift,2024-12,6799.233813812875
ID0000022,2024-03-27,0,13,5041.0,68,2,1,0.866,0.871,1.8,0.128,0,6502.22,concept_drift,2024-03,5893.248229449865
ID0000023,2024-11-25,2,4,16111.0,21,2,2,1.125,1.24,1.8,0.241,3,8096.66,concept_drift,2024-11,7628.733066151188
ID0000024,2024-04-19,2,8,17006.0,23,2,2,1.205,1.183,1.4,0.237,7,7668.08,concept_drift,2024-04,7071.703001489936
ID0000025,2024-02-14,3,11,12464.0,77,1,2,1.222,1.04,1.0,0.157,0,4952.4,concept_drift,2024-02,4514.599396403262
ID0000026,2024-03-02,0,9,10360.0,58,2,1,0.985,1.144,1.0,0.231,1,5300.12,concept_drift,2024-03,4904.025869135843
ID0000027,2024-05-20,3,1,39324.0,22,1,1,0.98,1.003,1.8,0.167,0,7302.45,concept_drift,2024-05,6626.060797887658
ID0000028,2024-03-10,1,0,17542.0,43,2,0,0.856,0.935,1.2,0.75,0,5591.0,concept_drift,2024-03,4960.264259250137
ID0000029,2024-11-13,2,3,20727.0,61,2,2,1.003,1.196,1.2,0.288,30,6395.33,concept_drift,2024-11,5755.365637874021
ID0000030,2024-10-15,1,0,20946.0,26,3,2,1.222,1.435,1.4,0.027,0,6770.5,concept_drift,2024-10,6436.014679819995
ID0000031,2024-10-21,2,0,34036.0,58,1,2,0.968,1.327,1.4,0.046,0,6058.76,concept_drift,2024-10,5459.181211929704
ID0000032,2024-06-20,1,5,16537.0,18,0,2,1.154,1.241,1.0,0.261,1,5967.58,concept_drift,2024-06,5456.526529093837
ID0000033,2024-01-12,2,13,10128.0,79,3,1,1.037,0.957,1.8,0.56,0,7129.39,concept_drift,2024-01,6605.996050709235
ID0000034,2024-04-15,1,9,6794.0,21,1,2,1.346,1.254,1.2,0.111,2,6629.88,concept_drift,2024-04,6187.904215912167
ID0000035,2024-06-14,2,5,25009.0,19,0,1,0.915,0.75,1.2,0.164,30,5638.49,concept_drift,2024-06,5088.274737447221
ID0000036,2024-08-23,1,12,6351.0,27,1,1,0.998,1.003,1.8,0.11,1,6698.33,concept_drift,2024-08,6079.139373024854
ID0000037,2024-06-04,0,11,8841.0,33,1,1,1.033,0.974,1.8,0.143,0,6569.69,concept_drift,2024-06,5986.378961552338
ID0000038,2024-08-26,1,10,11209.0,59,2,2,1.262,1.189,1.8,0.264,30,7737.17,concept_drift,2024-08,7004.048979443128
ID0000039,2024-05-16,2,12,9963.0,74,1,1,0.949,1.074,1.2,0.154,2,5274.71,concept_drift,2024-05,4764.480666617548
ID0000040,2024-08-02,2,9,12988.0,21,2,2,1.086,0.959,1.4,0.215,30,7348.63,concept_drift,2024-08,6980.015539916059
ID0000041,2024-01-07,2,0,25203.0,19,0,2,1.284,1.086,1.2,0.42,3,6351.45,concept_drift,2024-01,5817.843818976745
ID0000042,2024-11-03,0,5,12411.0,45,3,2,1.237,1.198,1.8,0.346,0,7811.49,concept_drift,2024-11,7094.179258820939
ID0000043,2024-07-25,2,7,15360.0,68,1,1,1.037,1.093,1.8,0.427,0,6748.0,concept_drift,2024-07,5903.544083640003
ID0000044,2024-02-17,0,9,10342.0,70,4,1,1.005,1.023,1.8,0.26,3,7274.23,concept_drift,2024-02,6844.194088714807
ID0000045,2024-10-23,0,9,8902.0,20,1,1,1.02,0.91,1.2,0.083,3,5858.26,concept_drift,2024-10,5594.672480244738
ID0000046,2024-05-09,2,7,16153.0,45,3,0,0.989,0.903,1.2,0.18,4,5459.57,concept_drift,2024-05,5145.1094344401145
ID0000047,2024-11-05,2,10,21546.0,54,0,1,1.054,1.094,1.2,0.029,1,4901.05,concept_drift,2024-11,4456.2774512292235
ID0000048,2024-04-22,3,11,13207.0,22,1,2,1.177,1.095,1.0,0.009,0,6134.17,concept_drift,2024-04,5526.17081678928
ID0000049,2024-11-15,3,8,16232.0,60,0,2,1.218,1.22,1.8,0.169,3,6593.1,concept_drift,2024-11,5987.836068534433
ID0000050,2024-01-19,0,13,5000.0,40,2,2,1.21,1.411,1.2,0.225,4,6478.78,concept_drift,2024-01,6113.492923156031
ID0000051,2024-06-16,3,3,32360.0,20,0,2,1.22,0.97,1.2,0.564,2,6338.52,concept_drift,2024-06,5720.158427023122
ID0000052,2024-03-20,2,6,24548.0,46,0,1,0.945,0.979,1.4,0.161,0,5382.05,concept_drift,2024-03,4692.330640352408
ID0000053,2024-06-16,2,3,27678.0,29,2,0,0.945,0.844,0.4,0.099,1,3363.83,concept_drift,2024-06,3287.7285324591708
ID0000054,2024-05-24,0,8,7154.0,44,1,1,1.062,1.096,1.8,0.499,0,6934.76,concept_drift,2024-05,6135.626446834443
ID0000055,2024-12-17,1,14,5663.0,40,3,2,1.25,0.94,1.8,0.434,2,7574.9,concept_drift,2024-12,7067.620124366349
ID0000056,2024-05-15,1,10,12882.0,56,4,1,0.851,1.005,0.4,0.038,30,4593.63,concept_drift,2024-05,4433.402256353051
ID0000057,2024-10-26,1,4,17782.0,26,3,2,1.107,1.154,3.2,0.084,14,10588.42,concept_drift,2024-10,9528.19110092672
ID0000058,2024-08-10,1,3,19715.0,53,2,2,1.363,1.266,1.4,0.544,30,7078.27,concept_drift,2024-08,6396.388373560654
ID0000059,2024-05-01,2,10,14378.0,54,4,0,0.961,0.977,1.2,0.026,1,5656.83,concept_drift,2024-05,5314.198442326139
ID0000060,2024-06-16,3,0,39442.0,31,2,0,0.963,1.025,1.4,0.063,7,5610.27,concept_drift,2024-06,5204.468528948456
ID0000061,2024-01-11,3,20,7496.0,71,2,1,0.993,1.009,1.2,0.232,7,5787.09,concept_drift,2024-01,5462.483276690824
ID0000062,2024-08-27,2,13,9259.0,51,0,1,0.991,1.125,1.0,0.221,21,5157.25,concept_drift,2024-08,4544.486755985191
ID0000063,2024-05-02,1,10,16942.0,64,1,1,0.921,0.963,1.0,0.347,1,4752.21,concept_drift,2024-05,4272.015807389181
ID0000064,2024-03-20,4,7,29016.0,78,1,1,1.081,1.13,1.8,0.066,4,6631.91,concept_drift,2024-03,5658.865674777312
ID0000065,2024-02-06,1,2,34526.0,42,1,2,1.078,1.163,1.2,0.092,1,5571.82,concept_drift,2024-02,5033.55378446872
ID0000066,2024-02-05,3,9,15940.0,31,1,2,1.258,1.124,1.2,0.119,0,5664.52,concept_drift,2024-02,5205.458040249514
ID0000067,2024-11-23,1,7,13310.0,28,3,1,0.964,0.987,1.8,0.296,0,7173.65,concept_drift,2024-11,6725.309483953969
ID0000068,2024-04-08,0,13,5567.0,79,1,1,0.925,1.078,1.4,0.182,0,5652.29,concept_drift,2024-04,5004.344483558023
ID0000069,2024-11-17,1,14,6582.0,58,4,2,1.232,1.268,1.2,0.183,1,6744.83,concept_drift,2024-11,6492.309535612943
ID0000070,2024-02-08,2,0,36733.0,52,1,1,1.048,1.017,1.8,0.236,2,6487.46,concept_drift,2024-02,5768.150732757213
ID0000071,2024-01-26,3,12,15299.0,71,1,1,0.857,0.834,1.2,0.471,30,5594.59,concept_drift,2024-01,4827.349779016562
ID0000072,2024-05-03,4,13,24609.0,78,3,0,0.882,1.031,3.2,0.236,1,9836.52,concept_drift,2024-05,8802.2406296218
ID0000073,2024-12-09,3,6,21280.0,49,0,2,1.349,1.338,1.2,0.288,0,5601.62,concept_drift,2024-12,5135.228552726644
ID0000074,2024-06-26,1,7,12585.0,67,1,0,0.92,1.032,1.8,0.345,0,6295.38,concept_drift,2024-06,5642.073202871199
ID0000075,2024-09-26,1,13,6177.0,57,3,2,1.21,1.169,1.4,0.101,0,6524.01,concept_drift,2024-09,6141.331646954093
ID0000076,2024-09-20,3,9,17374.0,33,0,2,1.12,1.556,1.0,0.224,14,5946.57,concept_drift,2024-09,4964.996443072774
ID0000077,2024-08-28,3,3,35591.0,78,2,2,1.288,1.358,1.8,0.643,30,8177.62,concept_drift,2024-08,7106.024156439972
ID0000078,2024-11-10,2,0,32257.0,20,2,1,1.031,1.016,1.2,0.056,1,6011.08,concept_drift,2024-11,5866.474148697195
ID0000079,2024-04-21,4,13,15481.0,39,0,2,1.356,1.089,1.4,0.275,10,6099.85,concept_drift,2024-04,5534.2165294793485
ID0000080,2024-01-07,0,9,6404.0,67,2,0,0.75,0.973,1.8,0.419,7,6835.93,concept_drift,2024-01,5987.930641628848
ID0000081,2024-02-16,2,9,12791.0,79,3,2,1.494,1.048,1.2,0.593,0,6426.91,concept_drift,2024-02,5584.781326286308
ID0000082,2024-12-05,1,7,11642.0,27,2,0,1.003,0.954,0.4,0.28,5,3745.26,concept_drift,2024-12,3660.638216351276
ID0000083,2024-02-11,2,13,13500.0,52,2,1,1.116,0.877,1.0,0.32,14,5360.79,concept_drift,2024-02,4851.7857950416455
ID0000084,2024-09-15,3,0,45494.0,38,1,1,1.01,1.18,1.1,0.289,0,5365.4,concept_drift,2024-09,4748.854678714145
ID0000085,2024-06-11,2,9,12948.0,36,4,2,1.281,1.05,1.2,0.531,21,7033.85,concept_drift,2024-06,6650.095345027474
ID0000086,2024-12-27,2,10,16799.0,20,1,0,0.881,0.947,1.2,0.269,14,6332.82,concept_drift,2024-12,5541.136535576006
ID0000087,2024-12-16,4,1,40727.0,38,2,0,0.843,0.969,1.2,0.486,21,5645.1,concept_drift,2024-12,4945.596547408056
ID0000088,2024-02-23,1,10,8572.0,58,0,0,0.901,0.948,0.4,0.182,6,3058.09,concept_drift,2024-02,2586.8896979553324
ID0000089,2024-01-28,2,10,16099.0,73,2,2,1.084,1.378,1.0,0.27,3,5933.47,concept_drift,2024-01,5423.472751937598
ID0000090,2024-05-28,1,6,14171.0,32,0,1,0.928,0.971,1.4,0.201,3,5498.72,concept_drift,2024-05,4808.586586783411
ID0000091,2024-06-15,2,7,17197.0,64,0,0,0.882,0.783,1.4,0.055,1,4601.53,concept_drift,2024-06,3949.4507308979223
ID0000092,2024-07-11,2,17,7357.0,78,0,0,0.974,0.964,1.2,0.045,14,4855.38,concept_drift,2024-07,3661.441242243022
ID0000093,2024-03-23,2,0,29457.0,35,0,2,1.093,1.099,1.8,0.316,30,7174.94,concept_drift,2024-03,6107.965494607823
ID0000094,2024-09-07,3,12,13362.0,57,2,2,1.248,1.215,1.2,0.227,0,6215.1,concept_drift,2024-09,5601.344882994854
ID0000095,2024-07-22,1,11,6613.0,53,1,2,1.121,1.099,1.4,0.33,1,6327.53,concept_drift,2024-07,5653.317911258797
ID0000096,2024-04-12,2,7,19802.0,58,1,0,0.804,0.94,1.0,0.418,30,5037.83,concept_drift,2024-04,4273.312121369827
ID0000097,2024-02-21,1,5,13530.0,24,1,1,0.984,0.923,1.8,0.288,3,7228.37,concept_drift,2024-02,6635.238778765642
ID0000098,2024-06-28,0,9,9945.0,20,3,1,0.972,1.061,1.2,0.218,1,7057.55,concept_drift,2024-06,6475.339929623187
ID0000099,2024-11-08,1,12,7461.0,57,0,2,1.265,1.075,1.8,0.381,4,6751.8,concept_drift,2024-11,6100.307861830439
ID0000100,2024-04-10,1,0,27419.0,57,3,2,1.128,1.203,0.4,0.206,4,4742.55,concept_drift,2024-04,4376.290492599347
ID0000101,2024-04-03,1,4,18369.0,64,1,1,1.036,1.231,1.4,0.487,0,6143.8,concept_drift,2024-04,5331.614007652892
ID0000102,2024-06-02,0,15,5607.0,18,0,1,1.084,0.928,1.0,0.46,21,6049.4,concept_drift,2024-06,5375.182909870023
ID0000103,2024-09-03,3,4,22634.0,60,1,2,1.115,1.123,1.8,0.35,1,6930.73,concept_drift,2024-09,6172.849195131874
ID0000104,2024-07-21,2,10,15451.0,58,0,1,0.962,0.961,1.8,0.231,4,6339.7,concept_drift,2024-07,5478.534031205503
ID0000105,2024-08-13,1,3,14330.0,22,0,2,1.091,1.25,1.2,0.391,0,6513.07,concept_drift,2024-08,5980.2910195889
ID0000106,2024-07-25,0,7,8297.0,24,2,2,1.14,1.389,1.2,0.172,21,7576.14,concept_drift,2024-07,7099.02540379064
ID0000107,2024-06-16,1,9,10891.0,52,1,0,0.861,0.931,1.8,0.445,2,6546.96,concept_drift,2024-06,5687.372670083702
ID0000108,2024-09-20,1,12,12229.0,31,0,1,1.047,0.845,1.2,0.361,1,5153.37,concept_drift,2024-09,4598.293328989061
ID0000109,2024-11-23,2,4,25140.0,40,2,1,1.041,1.126,1.2,0.138,4,5629.78,concept_drift,2024-11,5163.687478972737
ID0000110,2024-03-15,3,3,19481.0,30,2,1,0.989,1.067,0.4,0.149,5,4049.32,concept_drift,2024-03,3792.3759083144078
ID0000111,2024-09-24,2,3,32709.0,60,0,1,1.008,1.025,3.2,0.159,1,8987.43,concept_drift,2024-09,7926.344927897585
ID0000112,2024-08-13,3,8,16638.0,23,1,0,0.92,0.871,1.2,0.238,4,6006.34,concept_drift,2024-08,5350.003715032054
ID0000113,2024-03-28,3,11,17116.0,75,2,0,0.809,0.932,1.4,0.1,1,5524.98,concept_drift,2024-03,4927.288621920482
ID0000114,2024-02-01,1,12,7303.0,23,3,1,1.019,1.109,1.8,0.307,3,8173.28,concept_drift,2024-02,7617.149185334896
ID0000115,2024-09-24,3,12,11157.0,25,2,2,1.26,1.055,1.2,0.476,1,6521.77,concept_drift,2024-09,5877.933327790549
ID0000116,2024-08-07,1,7,15311.0,32,0,2,1.185,1.306,1.8,0.138,2,6713.11,concept_drift,2024-08,6217.012465218265
ID0000117,2024-07-01,2,4,21889.0,22,2,2,1.021,1.277,1.2,0.213,14,7297.16,concept_drift,2024-07,6638.514783328913
ID0000118,2024-06-14,0,0,17555.0,76,0,2,0.997,1.026,1.2,0.168,2,4725.26,concept_drift,2024-06,4333.699186839727
ID0000119,2024-05-16,2,15,7745.0,47,0,2,1.146,1.141,0.4,0.15,30,4221.43,concept_drift,2024-05,3972.219239595809
ID0000120,2024-02-12,3,3,23369.0,19,1,2,1.075,1.247,3.2,0.443,0,11304.71,concept_drift,2024-02,9914.698512092133
ID0000121,2024-05-28,4,0,53222.0,64,2,2,1.168,1.312,1.4,0.333,21,6773.24,concept_drift,2024-05,6121.023356497458
ID0000122,2024-04-15,2,12,19089.0,39,3,0,0.869,0.951,1.1,0.269,5,5473.37,concept_drift,2024-04,5379.654655045015
ID0000123,2024-11-16,3,10,16116.0,74,2,1,1.1,1.073,1.4,0.384,30,6615.57,concept_drift,2024-11,5816.6927011036
ID0000124,2024-01-25,3,7,18475.0,48,2,1,1.073,0.958,1.8,0.548,14,7101.63,concept_drift,2024-01,6465.837955752592
ID0000125,2024-12-15,3,4,32266.0,22,4,2,1.3,1.113,1.8,0.253,4,8479.55,concept_drift,2024-12,7997.501128219774
ID0000126,2024-05-09,2,9,21131.0,46,3,2,1.082,1.222,1.2,0.395,3,6771.49,concept_drift,2024-05,6141.434741032847
ID0000127,2024-04-19,1,13,6759.0,36,0,1,1.007,0.85,1.0,0.17,3,4458.92,concept_drift,2024-04,4188.550439650167
ID0000128,2024-05-10,3,3,19236.0,18,2,2,0.996,1.083,1.0,0.415,0,6514.85,concept_drift,2024-05,5837.065756360801
ID0000129,2024-06-24,0,9,7768.0,67,2,2,1.179,1.271,1.2,0.193,0,6130.72,concept_drift,2024-06,5570.158588773063
ID0000130,2024-06-13,4,2,27879.0,70,2,1,0.94,1.044,1.4,0.536,7,6200.36,concept_drift,2024-06,5499.946401595439
ID0000131,2024-09-09,3,4,20609.0,65,1,2,1.285,1.005,1.0,0.243,0,4967.6,concept_drift,2024-09,4555.648299025301
ID0000132,2024-01-18,3,5,23227.0,57,0,2,1.061,1.198,3.2,0.235,1,9646.59,concept_drift,2024-01,8384.75410172393
ID0000133,2024-11-08,2,12,14700.0,42,3,1,1.065,0.971,1.2,0.083,5,5845.8,concept_drift,2024-11,5518.19595220895
ID0000134,2024-09-21,1,4,14410.0,65,1,2,1.24,1.15,1.1,0.264,0,5500.88,concept_drift,2024-09,4923.5324405799265
ID0000135,2024-03-14,0,11,8479.0,59,3,2,1.081,1.355,1.8,0.181,1,7874.05,concept_drift,2024-03,7271.962298628999
ID0000136,2024-04-14,1,5,16411.0,37,4,2,1.194,1.208,1.4,0.042,0,6897.25,concept_drift,2024-04,6427.636526564389
ID0000137,2024-11-12,0,9,7470.0,52,2,2,1.329,1.29,1.0,0.157,3,5850.09,concept_drift,2024-11,5396.0527860458715
ID0000138,2024-04-21,0,15,6780.0,20,2,2,1.086,1.303,1.8,0.248,0,8478.55,concept_drift,2024-04,7899.610589355274
ID0000139,2024-04-18,1,10,8002.0,50,0,1,1.031,1.124,1.2,0.305,0,5240.17,concept_drift,2024-04,4736.593654415032
ID0000140,2024-11-05,2,16,9936.0,64,2,0,0.934,1.02,1.4,0.252,0,5775.83,concept_drift,2024-11,5484.648744912146
ID0000141,2024-05-05,1,4,14356.0,23,1,1,0.995,1.102,1.2,0.306,21,6649.2,concept_drift,2024-05,5991.865888704097
ID0000142,2024-08-14,3,6,24017.0,28,2,2,1.163,1.13,1.2,0.172,0,6174.99,concept_drift,2024-08,5582.874079954078
ID0000143,2024-09-17,4,3,63693.0,28,2,0,0.889,0.869,1.2,0.346,5,5385.14,concept_drift,2024-09,5038.887566086415
ID0000144,2024-08-16,2,0,41130.0,35,4,2,0.981,1.095,1.2,0.158,21,6379.6,concept_drift,2024-08,6002.317074772754
ID0000145,2024-07-06,2,4,16004.0,65,0,1,0.908,0.986,1.4,0.384,30,5709.43,concept_drift,2024-07,4858.84124764613
ID0000146,2024-07-10,1,10,13276.0,22,3,2,1.298,1.455,1.0,0.238,5,7342.86,concept_drift,2024-07,6754.52466483414
ID0000147,2024-08-16,3,16,9555.0,65,1,2,1.138,1.253,1.4,0.094,0,6234.8,concept_drift,2024-08,5783.439067835133
ID0000148,2024-03-11,2,8,14881.0,34,1,1,1.01,0.915,1.2,0.672,0,5736.75,concept_drift,2024-03,5156.936645126351
ID0000149,2024-11-09,0,8,9846.0,66,0,2,1.272,1.362,1.2,0.334,3,5910.73,concept_drift,2024-11,5181.658535176085
ID0000150,2024-02-09,2,3,25684.0,22,1,0,0.935,1.001,1.1,0.294,2,5837.65,concept_drift,2024-02,5232.820226734756
ID0000151,2024-11-03,3,8,15338.0,58,0,1,0.993,0.968,1.2,0.205,2,4784.98,concept_drift,2024-11,4332.129058435169
ID0000152,2024-03-08,3,14,10891.0,53,4,2,1.049,1.222,1.8,0.156,1,7964.21,concept_drift,2024-03,7375.468489633044
ID0000153,2024-07-12,0,6,9881.0,42,3,1,1.053,1.036,1.0,0.39,2,5596.44,concept_drift,2024-07,5319.276460706149
ID0000154,2024-05-01,0,19,5066.0,33,2,1,0.967,1.031,1.0,0.298,7,5686.37,concept_drift,2024-05,5288.807327058066
ID0000155,2024-06-08,1,13,6257.0,39,4,1,1.071,0.922,1.2,0.784,14,7037.44,concept_drift,2024-06,6507.78061983251
ID0000156,2024-03-13,1,3,21014.0,74,3,2,1.137,1.322,1.8,0.409,2,7945.79,concept_drift,2024-03,7051.680450589021
ID0000157,2024-05-19,1,6,13762.0,57,3,0,0.908,0.837,0.4,0.367,1,3847.62,concept_drift,2024-05,3596.6211617207923
ID0000158,2024-06-14,2,5,21112.0,19,0,2,1.06,1.163,1.8,0.262,4,7608.83,concept_drift,2024-06,6916.967450273844
ID0000159,2024-10-05,3,8,18152.0,22,4,1,1.104,0.968,1.2,0.171,0,6843.54,concept_drift,2024-10,6825.157146047685
ID0000160,2024-12-11,2,5,23089.0,37,0,2,1.246,1.237,1.8,0.287,0,6980.37,concept_drift,2024-12,6163.125565801706
ID0000161,2024-10-11,1,0,22251.0,27,0,1,0.942,0.9,1.2,0.263,2,4826.23,concept_drift,2024-10,4366.527691284641
ID0000162,2024-09-21,0,8,7284.0,47,1,2,1.202,1.028,1.8,0.446,30,7419.88,concept_drift,2024-09,6639.383407315823
ID0000163,2024-12-05,2,4,20776.0,24,2,2,1.233,1.11,1.2,0.27,2,6861.77,concept_drift,2024-12,6435.549938032218
ID0000164,2024-04-12,1,3,26141.0,72,2,1,1.047,0.899,1.8,0.21,0,6492.73,concept_drift,2024-04,5770.381759836168
ID0000165,2024-12-04,4,4,36426.0,53,4,1,1.021,0.864,1.4,0.284,0,6253.24,concept_drift,2024-12,5931.866377839629
ID0000166,2024-04-20,1,3,22249.0,64,2,0,0.89,0.859,1.4,0.198,7,5452.92,concept_drift,2024-04,4912.7097309046285
ID0000167,2024-01-15,2,6,34898.0,44,1,1,1.02,1.156,1.2,0.322,4,5800.36,concept_drift,2024-01,5057.737760548121
ID0000168,2024-10-10,3,15,11588.0,74,1,2,1.059,1.285,1.8,0.129,14,7236.69,concept_drift,2024-10,6586.133779485118
ID0000169,2024-03-03,1,13,5721.0,29,0,1,0.981,0.75,1.4,0.465,0,5374.43,concept_drift,2024-03,4758.6735838981795
ID0000170,2024-12-07,1,8,11465.0,54,2,0,0.857,1.05,1.8,0.242,21,6926.11,concept_drift,2024-12,6214.5288027440865
ID0000171,2024-10-08,3,10,12752.0,60,4,2,1.059,1.07,1.2,0.335,4,6583.11,concept_drift,2024-10,6350.306442588514
ID0000172,2024-08-13,3,11,12491.0,64,0,1,0.992,1.064,1.4,0.316,4,5590.97,concept_drift,2024-08,4940.9100602031085
ID0000173,2024-07-22,3,12,17474.0,48,1,2,1.21,1.367,1.4,0.194,10,6638.71,concept_drift,2024-07,6042.540390156461
ID0000174,2024-04-08,0,14,5000.0,42,2,2,1.297,1.205,1.0,0.336,0,5792.19,concept_drift,2024-04,5509.715919114899
ID0000175,2024-10-16,2,14,10317.0,70,3,2,1.184,1.122,1.8,0.161,3,7546.97,concept_drift,2024-10,6877.994083858328
ID0000176,2024-06-26,2,10,22666.0,40,3,2,1.147,1.344,1.4,0.279,0,7173.06,concept_drift,2024-06,6690.001579739745
ID0000177,2024-11-27,1,5,18865.0,66,0,1,0.976,1.076,1.2,0.364,0,5053.15,concept_drift,2024-11,4513.7066028190675
ID0000178,2024-02-15,2,15,9064.0,33,4,2,1.218,1.226,1.4,0.178,2,7305.53,concept_drift,2024-02,6917.5226941907285
ID0000179,2024-07-27,1,6,16859.0,20,2,1,1.064,1.141,1.8,0.255,1,7934.47,concept_drift,2024-07,7213.3263387344
ID0000180,2024-06-16,1,13,8278.0,47,2,2,1.066,1.295,1.2,0.479,4,6554.92,concept_drift,2024-06,6117.980302552128
ID0000181,2024-02-28,2,3,33931.0,30,3,2,1.184,1.127,1.0,0.49,0,5854.76,concept_drift,2024-02,5683.544184374335
ID0000182,2024-11-24,3,0,25795.0,46,0,2,1.124,1.264,1.2,0.493,10,5606.16,concept_drift,2024-11,5116.2111039219435
ID0000183,2024-01-25,0,4,12071.0,46,0,0,1.006,0.968,0.4,0.222,10,3364.05,concept_drift,2024-01,2659.053458648461
ID0000184,2024-03-19,2,5,26283.0,18,4,0,0.931,1.054,1.8,0.389,1,8163.23,concept_drift,2024-03,7584.584996730015
ID0000185,2024-03-10,1,7,14990.0,67,0,2,1.207,1.162,1.8,0.147,2,6493.87,concept_drift,2024-03,5785.170019150478
ID0000186,2024-06-12,4,13,22259.0,44,2,2,1.183,1.18,1.8,0.164,2,7432.04,concept_drift,2024-06,6763.63275611984
ID0000187,2024-02-11,2,4,33711.0,59,2,0,0.852,0.945,1.8,0.098,3,6226.16,concept_drift,2024-02,5612.701024180779
ID0000188,2024-08-07,0,0,16293.0,62,3,1,1.004,1.009,3.2,0.463,1,10299.73,concept_drift,2024-08,8919.102626151074
ID0000189,2024-01-15,0,7,8193.0,57,1,0,0.879,0.951,1.8,0.162,1,6024.05,concept_drift,2024-01,5491.44939728516
ID0000190,2024-12-25,0,11,7234.0,61,3,1,1.005,1.028,1.8,0.071,7,7065.61,concept_drift,2024-12,6457.038265975119
ID0000191,2024-09-16,0,11,9679.0,34,0,2,1.317,1.191,1.8,0.287,3,6820.46,concept_drift,2024-09,6281.354511496114
ID0000192,2024-08-04,0,6,10305.0,67,2,2,1.043,1.262,1.4,0.45,0,6744.7,concept_drift,2024-08,6091.560523985141
ID0000193,2024-11-03,1,3,22072.0,42,1,0,0.971,0.965,1.8,0.264,3,6367.34,concept_drift,2024-11,5616.603990547777
ID0000194,2024-06-02,3,4,26990.0,65,0,1,0.905,1.011,1.2,0.179,5,4905.05,concept_drift,2024-06,4291.5749407288
ID0000195,2024-10-10,1,11,12732.0,39,2,1,0.912,0.867,1.8,0.232,1,6786.83,concept_drift,2024-10,6194.907526089075
ID0000196,2024-08-02,3,0,31654.0,58,1,2,1.305,1.254,1.2,0.248,0,5722.35,concept_drift,2024-08,5058.707456709317
ID0000197,2024-06-21,3,0,31542.0,33,2,1,1.055,0.891,1.8,0.122,1,6582.41,concept_drift,2024-06,5967.600026814619
ID0000198,2024-04-17,2,2,36058.0,67,0,1,0.956,0.947,1.2,0.472,0,5059.94,concept_drift,2024-04,4286.15746431655
ID0000199,2024-05-11,1,7,14114.0,78,4,1,0.927,0.968,1.4,0.284,10,6356.14,concept_drift,2024-05,5960.90711477131
ID0000200,2024-02-26,2,11,13334.0,73,3,0,0.928,0.774,1.2,0.268,14,5503.75,concept_drift,2024-02,5072.767606027978
ID0000201,2024-02-19,1,13,8459.0,21,2,2,1.125,1.212,1.8,0.338,3,8402.59,concept_drift,2024-02,7829.958197566333
ID0000202,2024-10-01,3,8,20897.0,49,0,0,0.853,0.892,1.2,0.113,7,4629.95,concept_drift,2024-10,3974.356679450463
ID0000203,2024-09-16,2,17,7366.0,76,2,1,0.958,1.032,1.8,0.404,4,7086.25,concept_drift,2024-09,6275.768361824408
ID0000204,2024-06-01,2,5,27423.0,28,0,1,1.148,0.954,1.4,0.688,0,5987.77,concept_drift,2024-06,5145.533734144954
ID0000205,2024-06-25,2,8,17419.0,37,0,1,0.86,1.148,1.2,0.881,1,5980.27,concept_drift,2024-06,5093.687852422501
ID0000206,2024-12-21,0,7,10308.0,40,4,2,1.206,1.539,1.2,0.287,1,7277.42,concept_drift,2024-12,6790.817756497098
ID0000207,2024-09-19,3,8,17562.0,33,2,2,1.309,1.159,1.8,0.127,1,7216.94,concept_drift,2024-09,6667.213374073023
ID0000208,2024-03-10,1,0,27732.0,35,0,2,0.929,1.227,1.4,0.089,3,5720.12,concept_drift,2024-03,5229.001379022054
ID0000209,2024-10-04,4,5,34954.0,22,2,0,0.9,0.908,1.2,0.323,0,6240.83,concept_drift,2024-10,5724.077441067316
ID0000210,2024-01-21,0,11,6534.0,77,0,1,0.993,1.097,3.2,0.311,4,9457.24,concept_drift,2024-01,8065.920011976897
ID0000211,2024-11-11,2,10,11263.0,36,1,1,0.998,0.898,1.2,0.107,5,5252.37,concept_drift,2024-11,4807.6133525059895
ID0000212,2024-07-17,2,9,17395.0,37,1,2,1.246,1.169,1.8,0.331,0,7322.04,concept_drift,2024-07,6505.297565246017
ID0000213,2024-09-13,1,2,13350.0,61,1,0,0.905,0.967,1.2,0.506,21,5266.18,concept_drift,2024-09,4518.468703604625
ID0000214,2024-09-04,3,4,35111.0,21,2,0,0.964,0.809,1.2,0.755,1,6535.79,concept_drift,2024-09,5708.469772893233
ID0000215,2024-04-02,2,12,13103.0,78,1,2,1.026,1.21,1.8,0.374,1,7036.79,concept_drift,2024-04,6323.687363974741
ID0000216,2024-12-13,2,15,11150.0,53,0,2,1.196,1.245,1.2,0.122,0,5636.54,concept_drift,2024-12,5144.129234192185
ID0000217,2024-03-26,2,10,18072.0,54,1,2,1.351,1.399,0.4,0.146,7,4437.7,concept_drift,2024-03,4259.292377616197
ID0000218,2024-08-19,4,10,24185.0,45,0,2,1.029,1.249,1.4,0.041,1,5926.25,concept_drift,2024-08,5290.472091954968
ID0000219,2024-03-28,0,16,5841.0,32,1,0,0.885,0.782,1.4,0.144,1,5426.74,concept_drift,2024-03,4955.647900607137
ID0000220,2024-02-23,1,12,7859.0,37,1,0,0.94,0.937,1.8,0.008,0,6140.92,concept_drift,2024-02,5664.993972907786
ID0000221,2024-01-09,2,3,21191.0,57,0,1,1.06,0.902,1.4,0.086,3,4941.64,concept_drift,2024-01,4445.4551941557675
ID0000222,2024-07-07,1,14,5303.0,30,2,1,0.99,0.916,3.2,0.298,0,10071.12,concept_drift,2024-07,8847.84331421843
ID0000223,2024-08-13,1,6,14055.0,64,2,2,1.27,0.998,1.8,0.183,3,6996.88,concept_drift,2024-08,6326.699368617894
ID0000224,2024-05-20,1,8,10346.0,48,0,1,0.918,0.958,1.2,0.203,10,5129.45,concept_drift,2024-05,4480.778921698751
ID0000225,2024-08-10,3,9,10699.0,48,0,1,1.048,0.91,1.8,0.34,21,6644.86,concept_drift,2024-08,5764.788950315889
ID0000226,2024-03-03,1,10,13879.0,40,2,0,0.782,0.968,1.4,0.164,30,5924.68,concept_drift,2024-03,5510.361668079529
ID0000227,2024-06-03,2,1,27433.0,60,3,1,1.168,1.099,1.2,0.224,0,5781.91,concept_drift,2024-06,5358.211168488812
ID0000228,2024-10-01,1,16,8519.0,53,1,2,1.07,1.244,1.2,0.308,0,6071.97,concept_drift,2024-10,5547.082398588727
ID0000229,2024-01-19,4,2,52916.0,33,3,2,1.133,1.251,1.2,0.151,2,6160.5,concept_drift,2024-01,6049.397822208519
ID0000230,2024-09-21,2,5,20762.0,26,3,1,0.988,0.929,1.0,0.19,14,5546.62,concept_drift,2024-09,5267.898052923012
ID0000231,2024-09-17,2,0,35910.0,23,1,0,0.895,0.906,1.4,0.031,0,5862.16,concept_drift,2024-09,5346.509191126155
ID0000232,2024-10-09,1,7,13653.0,56,3,2,1.293,1.229,1.2,0.278,0,6230.75,concept_drift,2024-10,6013.060341501642
ID0000233,2024-04-12,0,0,23487.0,36,0,2,1.248,1.23,1.8,0.315,4,6823.76,concept_drift,2024-04,6121.522794944599
ID0000234,2024-08-24,0,14,5000.0,20,1,0,0.767,0.87,1.0,0.181,0,5438.01,concept_drift,2024-08,4887.572814485314
ID0000235,2024-04-15,0,8,9006.0,24,2,2,1.244,1.303,1.2,0.542,2,7518.06,concept_drift,2024-04,6932.905784699013
ID0000236,2024-09-07,3,15,10351.0,38,2,0,0.994,0.924,1.0,0.228,7,5180.45,concept_drift,2024-09,4831.960140115653
ID0000237,2024-08-12,2,7,24947.0,28,0,1,1.009,0.902,1.2,0.278,1,4947.48,concept_drift,2024-08,4484.100783664037
ID0000238,2024-09-05,2,8,16927.0,47,2,2,1.04,1.323,1.0,0.132,3,5686.98,concept_drift,2024-09,5393.879098522832
ID0000239,2024-10-16,1,9,11216.0,27,2,2,1.2,1.325,1.0,0.271,3,6036.52,concept_drift,2024-10,5732.487533146137
ID0000240,2024-04-21,1,12,6858.0,65,1,1,0.962,0.898,1.8,0.105,3,6256.63,concept_drift,2024-04,5618.030395660233
ID0000241,2024-10-03,0,11,12327.0,77,3,2,1.323,1.33,1.2,0.185,30,6671.25,concept_drift,2024-10,6265.04926699847
ID0000242,2024-07-02,2,10,18480.0,78,2,1,1.064,0.908,1.0,0.274,10,5012.93,concept_drift,2024-07,4576.360293087219
ID0000243,2024-09-12,3,3,24486.0,76,3,2,1.048,1.409,1.4,0.118,0,6756.04,concept_drift,2024-09,6185.677958430973
ID0000244,2024-11-07,3,3,22267.0,22,0,2,1.038,1.244,1.4,0.181,0,6815.49,concept_drift,2024-11,6094.446593218635
ID0000245,2024-03-27,3,7,22632.0,77,0,0,1.002,0.912,1.2,0.478,0,4744.99,concept_drift,2024-03,3922.842746109666
ID0000246,2024-05-21,3,0,31912.0,33,0,1,0.941,0.999,0.4,0.328,0,3297.66,concept_drift,2024-05,3082.558210952852
ID0000247,2024-06-05,2,11,14799.0,56,4,1,0.863,0.9,1.4,0.31,0,6430.05,concept_drift,2024-06,6092.402752705771
ID0000248,2024-02-07,2,5,19428.0,60,1,2,1.024,1.252,1.0,0.066,0,5233.84,concept_drift,2024-02,4719.81777164827
ID0000249,2024-07-23,1,6,15612.0,29,2,1,1.121,0.945,1.2,0.181,10,5732.42,concept_drift,2024-07,5217.094134943154
ID0000250,2024-01-17,1,17,5000.0,74,1,2,1.023,1.159,1.2,0.429,21,6324.4,concept_drift,2024-01,5531.866598328032
ID0000251,2024-06-17,3,11,14663.0,68,4,0,0.898,1.032,0.4,0.482,2,4373.82,concept_drift,2024-06,4272.088912507588
ID0000252,2024-01-24,0,3,19904.0,50,1,2,1.112,1.135,1.4,0.268,21,6270.26,concept_drift,2024-01,5733.631625185313
ID0000253,2024-05-12,1,2,21900.0,53,0,2,1.22,1.398,1.0,0.334,21,5506.87,concept_drift,2024-05,4938.574805456439
ID0000254,2024-06-07,2,0,27012.0,19,1,1,0.992,1.01,1.2,0.346,10,6002.5,concept_drift,2024-06,5840.702772307586
ID0000255,2024-08-26,2,1,25864.0,51,1,2,1.18,1.423,1.8,0.095,21,7225.17,concept_drift,2024-08,6619.719806551764
ID0000256,2024-01-28,2,0,25397.0,45,2,1,1.073,1.047,1.4,0.235,1,5765.34,concept_drift,2024-01,5430.527767385225
ID0000257,2024-04-14,2,7,14910.0,28,1,1,0.984,1.06,1.2,0.526,2,5972.8,concept_drift,2024-04,5148.147303981623
ID0000258,2024-09-02,2,1,35710.0,76,0,1,1.08,0.966,1.8,0.269,0,6005.64,concept_drift,2024-09,5179.666762391479
ID0000259,2024-12-08,2,3,30511.0,44,0,2,1.086,1.073,1.8,0.376,5,6697.51,concept_drift,2024-12,6032.330430181834
ID0000260,2024-09-03,2,2,22936.0,36,2,2,1.028,1.178,1.4,0.204,14,6576.52,concept_drift,2024-09,5967.185222158885
ID0000261,2024-07-06,2,3,23646.0,50,2,1,0.954,0.991,1.2,0.119,30,5734.45,concept_drift,2024-07,5204.704733063781
ID0000262,2024-12-05,4,6,25148.0,27,1,2,1.162,1.045,0.4,0.713,0,4654.73,concept_drift,2024-12,4099.94386106656
ID0000263,2024-12-07,2,0,28544.0,34,1,1,0.92,1.015,1.8,0.043,3,6412.67,concept_drift,2024-12,5803.608057052083
ID0000264,2024-09-01,2,13,6568.0,38,3,2,1.179,1.413,1.2,0.121,5,6929.03,concept_drift,2024-09,6529.450377577507
ID0000265,2024-08-25,0,2,27355.0,35,2,2,1.262,1.291,1.8,0.279,14,7715.11,concept_drift,2024-08,6965.5709272346
ID0000266,2024-06-19,0,5,12513.0,72,0,2,1.055,1.13,1.2,0.266,0,5395.31,concept_drift,2024-06,4664.492583166485
ID0000267,2024-11-27,0,8,9626.0,34,3,2,1.29,1.28,1.0,0.155,2,6240.98,concept_drift,2024-11,5874.4552218498175
ID0000268,2024-10-18,2,6,21100.0,50,1,0,0.952,0.947,1.8,0.197,3,6296.45,concept_drift,2024-10,5526.609493386109
ID0000269,2024-07-03,2,12,9524.0,22,1,2,1.305,1.128,1.8,0.349,14,8222.34,concept_drift,2024-07,7336.641197388517
ID0000270,2024-10-28,2,0,31816.0,66,1,2,1.184,1.302,1.0,0.348,0,5511.47,concept_drift,2024-10,4807.492232279456
ID0000271,2024-12-28,0,13,5645.0,48,1,2,1.182,1.293,1.8,0.494,3,7606.55,concept_drift,2024-12,6807.950315450979
ID0000272,2024-01-28,2,4,23259.0,41,1,1,1.028,1.039,1.2,0.086,2,5347.72,concept_drift,2024-01,4733.0878777915605
ID0000273,2024-05-08,3,11,13649.0,32,2,0,0.767,1.029,1.4,0.043,2,5772.68,concept_drift,2024-05,5402.841490950506
ID0000274,2024-01-02,2,10,15270.0,68,0,2,1.371,1.261,1.0,0.117,2,4970.51,concept_drift,2024-01,4464.833840243485
ID0000275,2024-10-09,0,16,5000.0,40,2,2,1.305,1.381,1.2,0.197,1,6724.51,concept_drift,2024-10,6072.103081862959
ID0000276,2024-03-07,3,1,23984.0,46,2,0,0.925,0.923,1.0,0.136,7,4657.93,concept_drift,2024-03,4201.0161740401245
ID0000277,2024-08-15,3,5,18683.0,60,3,2,1.184,1.389,1.0,0.245,0,6119.94,concept_drift,2024-08,5792.821536316194
ID0000278,2024-12-10,1,1,21020.0,34,1,1,0.919,1.007,1.8,0.065,10,6343.14,concept_drift,2024-12,5868.76153657068
ID0000279,2024-05-14,3,4,27185.0,55,1,2,1.002,1.16,3.2,0.216,0,9734.62,concept_drift,2024-05,8926.684692596911
ID0000280,2024-05-24,3,20,8441.0,49,2,2,1.036,1.125,1.2,0.038,1,5975.98,concept_drift,2024-05,5624.250259709984
ID0000281,2024-06-09,3,13,9114.0,20,1,2,1.159,1.067,1.4,0.116,10,6909.55,concept_drift,2024-06,6500.0667445706895
ID0000282,2024-10-20,0,8,9802.0,50,3,1,1.019,1.138,0.4,0.046,7,4411.57,concept_drift,2024-10,4200.579788495301
ID0000283,2024-03-02,2,5,20565.0,33,0,0,0.926,0.901,1.4,0.541,0,5379.74,concept_drift,2024-03,4607.056819962193
ID0000284,2024-05-27,3,6,16313.0,50,0,1,0.929,1.155,1.0,0.52,2,4984.8,concept_drift,2024-05,4423.810205375282
ID0000285,2024-06-09,3,19,7213.0,32,1,2,1.04,1.152,1.4,0.189,1,6552.89,concept_drift,2024-06,5862.941382995865
ID0000286,2024-08-14,2,13,9976.0,31,3,1,1.077,0.976,1.8,0.066,0,7147.76,concept_drift,2024-08,6596.555727887359
ID0000287,2024-09-01,1,7,11871.0,78,1,2,1.147,1.123,1.2,0.259,0,5287.82,concept_drift,2024-09,5016.47760019323
ID0000288,2024-05-22,3,8,14968.0,65,2,0,0.917,0.895,1.0,0.685,2,5104.61,concept_drift,2024-05,4573.950588402415
ID0000289,2024-07-03,2,13,12122.0,70,2,2,1.044,1.547,1.8,0.146,0,7807.14,concept_drift,2024-07,6809.552660660258
ID0000290,2024-10-26,1,5,17754.0,30,3,0,0.94,0.979,1.4,0.082,6,5908.11,concept_drift,2024-10,5572.267548291149
ID0000291,2024-09-15,1,6,13448.0,31,0,1,0.936,0.894,0.4,0.11,10,3273.31,concept_drift,2024-09,2975.623008899294
ID0000292,2024-07-23,1,4,13737.0,61,0,0,1.002,0.96,1.0,0.487,0,4412.31,concept_drift,2024-07,3810.708726840187
ID0000293,2024-03-04,0,7,9102.0,38,1,2,1.091,1.228,1.2,0.544,5,6066.97,concept_drift,2024-03,5657.8790315691185
ID0000294,2024-12-26,2,2,24070.0,32,1,2,1.165,1.165,1.8,0.198,1,6889.34,concept_drift,2024-12,6273.520548588105
ID0000295,2024-05-21,1,19,5319.0,28,2,2,0.997,1.06,1.2,0.246,14,6479.0,concept_drift,2024-05,5937.344426591788
ID0000296,2024-10-04,0,6,8257.0,57,3,0,0.988,1.054,1.0,0.189,0,5302.07,concept_drift,2024-10,4851.502828542212
ID0000297,2024-04-25,1,7,13699.0,45,1,2,1.177,1.101,0.4,0.329,7,4181.84,concept_drift,2024-04,3923.190319233511
ID0000298,2024-12-15,3,3,24092.0,44,0,1,0.846,1.044,1.4,0.364,4,5622.23,concept_drift,2024-12,4998.8047524135945
ID0000299,2024-07-11,0,11,10651.0,40,1,1,1.055,0.987,3.2,0.428,3,9978.07,concept_drift,2024-07,8778.590860283883
ID0000300,2024-04-14,0,9,5486.0,46,2,2,1.266,1.061,1.8,0.26,21,7467.7,concept_drift,2024-04,6876.52733756285
ID0000301,2024-07-19,4,2,30484.0,37,1,2,1.318,1.276,1.8,0.463,2,7482.64,concept_drift,2024-07,6503.059306098189
ID0000302,2024-04-04,3,3,31980.0,41,4,0,0.902,0.931,1.2,0.54,5,6046.55,concept_drift,2024-04,5653.032737868852
ID0000303,2024-12-08,1,7,9370.0,19,2,2,1.053,1.316,1.1,0.425,2,7156.27,concept_drift,2024-12,6631.868891708415
ID0000304,2024-08-26,2,0,19816.0,50,0,1,1.119,0.925,1.8,0.416,4,6313.52,concept_drift,2024-08,5489.305122370704
ID0000305,2024-07-26,3,5,23025.0,42,3,2,1.368,0.985,1.0,0.863,1,6330.58,concept_drift,2024-07,5785.166801280633
ID0000306,2024-09-28,0,12,7440.0,58,0,1,0.978,0.863,1.4,0.082,7,5031.89,concept_drift,2024-09,4615.762035975963
ID0000307,2024-10-22,0,4,13908.0,57,0,1,1.061,1.136,1.2,0.493,0,5453.29,concept_drift,2024-10,4708.94610269639
ID0000308,2024-06-16,0,3,10233.0,54,4,0,0.886,0.958,1.2,0.277,14,5933.05,concept_drift,2024-06,5661.362630440262
ID0000309,2024-09-14,4,11,28050.0,50,2,1,0.969,1.059,1.0,0.175,7,5336.27,concept_drift,2024-09,4921.842070433717
ID0000310,2024-02-28,3,6,19333.0,63,1,1,1.031,1.027,0.4,0.184,5,3395.43,concept_drift,2024-02,3227.2069588817676
ID0000311,2024-08-20,2,6,26572.0,40,1,0,0.958,0.818,1.8,0.296,21,6409.78,concept_drift,2024-08,5464.707809401368
ID0000312,2024-03-23,1,13,5461.0,45,4,1,1.214,0.802,1.8,0.069,3,6884.81,concept_drift,2024-03,6637.307208136444
ID0000313,2024-09-01,1,3,19967.0,19,2,2,1.21,1.396,1.1,0.18,10,6779.19,concept_drift,2024-09,6520.507201327621
ID0000314,2024-12-25,3,14,9348.0,57,3,0,0.834,0.753,1.2,0.545,0,5660.89,concept_drift,2024-12,5383.391480089224
ID0000315,2024-03-14,1,8,12485.0,42,1,1,1.038,1.019,1.2,0.231,4,5420.2,concept_drift,2024-03,4902.242786761769
ID0000316,2024-04-08,2,10,15930.0,56,1,1,0.875,0.907,1.8,0.18,2,6376.94,concept_drift,2024-04,5713.68810693278
ID0000317,2024-01-01,1,7,14191.0,27,2,0,0.882,0.75,1.0,0.267,0,4748.5,concept_drift,2024-01,4425.144205800477
ID0000318,2024-04-22,2,8,16251.0,24,2,2,1.133,1.287,1.1,0.327,1,6982.57,concept_drift,2024-04,6503.4467451001365
ID0000319,2024-07-06,4,7,44229.0,38,2,1,1.038,1.136,1.8,0.257,0,7214.3,concept_drift,2024-07,6355.521081187114
ID0000320,2024-07-09,2,2,33258.0,68,2,1,0.899,0.913,1.4,0.206,0,5676.22,concept_drift,2024-07,5038.529083190413
ID0000321,2024-10-04,2,8,20579.0,26,1,2,0.911,1.218,0.4,0.232,4,4540.25,concept_drift,2024-10,4274.448849999262
ID0000322,2024-02-13,2,1,34174.0,69,1,1,0.869,1.164,1.0,0.009,0,4897.47,concept_drift,2024-02,4115.373821724655
ID0000323,2024-09-11,1,9,8521.0,22,1,1,1.017,0.967,1.2,0.227,5,6280.75,concept_drift,2024-09,5794.140135391534
ID0000324,2024-02-08,1,3,21778.0,42,2,1,1.042,0.829,1.4,0.137,2,5691.08,concept_drift,2024-02,5220.175864906188
ID0000325,2024-11-17,4,15,14083.0,24,1,2,1.249,1.236,1.8,0.279,10,8484.37,concept_drift,2024-11,7478.179229680948
ID0000326,2024-10-10,0,6,15389.0,30,3,1,0.89,1.09,1.0,0.113,1,5449.77,concept_drift,2024-10,5122.131022248265
ID0000327,2024-05-02,2,16,9617.0,21,3,0,0.908,0.927,1.2,0.501,3,6848.14,concept_drift,2024-05,6371.503685009313
ID0000328,2024-06-20,2,7,18380.0,39,4,1,0.946,0.958,1.0,0.295,21,6025.08,concept_drift,2024-06,5694.416720350173
ID0000329,2024-04-27,2,8,16410.0,20,4,2,1.148,1.286,1.2,0.192,21,7696.14,concept_drift,2024-04,7615.74120883174
ID0000330,2024-03-21,1,4,15136.0,62,2,2,1.238,1.306,1.8,0.128,3,7345.65,concept_drift,2024-03,6588.4748999520125
ID0000331,2024-11-04,2,12,11221.0,44,1,2,1.355,1.331,1.2,0.3,10,6465.95,concept_drift,2024-11,5737.0174043702
ID0000332,2024-11-14,4,17,12965.0,52,4,2,1.056,1.185,1.0,0.468,7,6544.84,concept_drift,2024-11,6473.394713961508
ID0000333,2024-03-06,3,9,19522.0,65,2,2,1.125,1.03,1.2,0.32,2,5785.88,concept_drift,2024-03,5435.127799873022
ID0000334,2024-04-11,3,11,13237.0,19,4,0,0.814,0.894,1.8,0.384,1,8234.18,concept_drift,2024-04,7718.656842047058
ID0000335,2024-04-13,3,8,18315.0,33,1,2,1.135,1.13,1.4,0.266,0,6402.45,concept_drift,2024-04,5773.547201989455
ID0000336,2024-09-26,1,14,9827.0,21,2,1,1.016,0.834,1.4,0.528,2,6929.52,concept_drift,2024-09,6566.608300434835
ID0000337,2024-01-21,2,4,26939.0,43,4,0,0.844,0.908,1.8,0.28,21,7335.63,concept_drift,2024-01,6575.341283111055
ID0000338,2024-09-14,1,16,6073.0,65,0,2,1.167,1.253,1.4,0.254,0,6088.61,concept_drift,2024-09,5490.789101728055
ID0000339,2024-02-19,1,3,21913.0,77,0,2,1.133,1.215,1.8,0.115,1,6231.25,concept_drift,2024-02,5666.498066520737
ID0000340,2024-02-08,2,12,13664.0,56,3,1,0.881,1.1,1.4,0.304,4,6522.09,concept_drift,2024-02,5947.093371748513
ID0000341,2024-02-02,1,12,5000.0,62,3,1,1.132,1.079,3.2,0.263,14,10307.78,concept_drift,2024-02,9104.291682198676
ID0000342,2024-01-27,0,11,12428.0,73,3,2,1.184,1.057,1.8,0.305,30,7751.67,concept_drift,2024-01,7081.827140242665
ID0000343,2024-01-02,0,1,15939.0,44,3,2,1.308,1.367,1.2,0.347,2,6649.37,concept_drift,2024-01,6228.671710090081
ID0000344,2024-10-10,1,14,5000.0,34,1,0,0.854,1.016,1.8,0.252,0,6561.66,concept_drift,2024-10,5994.4647120519985
ID0000345,2024-11-08,2,0,28710.0,20,1,1,0.819,1.013,1.2,0.188,7,6079.38,concept_drift,2024-11,5620.561123456118
ID0000346,2024-02-26,0,16,5000.0,27,1,2,1.002,1.138,1.8,0.202,1,7226.67,concept_drift,2024-02,6595.395103355911
ID0000347,2024-10-16,2,10,10946.0,66,2,2,1.281,1.201,1.0,0.373,1,5803.76,concept_drift,2024-10,5381.952856944267
ID0000348,2024-03-18,1,12,7573.0,73,3,1,0.983,1.105,1.0,0.292,0,5660.85,concept_drift,2024-03,5117.85475864765
ID0000349,2024-10-24,2,7,17118.0,79,4,1,1.062,0.99,1.4,0.084,3,6275.57,concept_drift,2024-10,5742.146168245176
ID0000350,2024-11-10,1,9,8013.0,46,3,2,1.239,1.144,1.4,0.189,5,6650.12,concept_drift,2024-11,6221.433511196605
ID0000351,2024-09-08,0,15,5554.0,20,3,1,0.973,0.906,1.8,0.577,1,8328.78,concept_drift,2024-09,7636.911008086865
ID0000352,2024-07-02,2,13,8372.0,66,3,0,0.909,0.799,1.8,0.352,2,6658.14,concept_drift,2024-07,6282.448143257695
ID0000353,2024-11-18,3,17,8699.0,36,1,2,1.176,1.242,1.2,0.167,0,6202.61,concept_drift,2024-11,5615.414990757874
ID0000354,2024-11-20,4,10,23025.0,38,2,1,0.948,1.026,1.2,0.289,0,5825.14,concept_drift,2024-11,5347.678182117424
ID0000355,2024-02-19,2,9,13445.0,19,0,2,1.271,1.393,1.0,0.343,1,6374.1,concept_drift,2024-02,5855.697061751743
ID0000356,2024-11-21,1,4,13506.0,48,1,2,1.233,1.189,1.4,0.23,0,6022.04,concept_drift,2024-11,5597.113647919143
ID0000357,2024-02-25,1,10,10785.0,34,0,1,0.916,1.063,1.8,0.278,3,6491.0,concept_drift,2024-02,5892.133443609432
ID0000358,2024-09-25,1,6,19442.0,43,4,0,0.831,0.931,1.2,0.346,21,6166.14,concept_drift,2024-09,5726.364815552833
ID0000359,2024-11-10,2,8,12686.0,54,3,2,1.453,1.254,1.4,0.537,0,7044.43,concept_drift,2024-11,6533.190734690537
ID0000360,2024-02-09,0,4,11222.0,46,1,2,1.194,1.149,1.8,0.334,14,7213.2,concept_drift,2024-02,6437.056128793819
ID0000361,2024-07-17,0,9,6712.0,44,0,2,1.297,1.523,1.0,0.151,7,5789.36,concept_drift,2024-07,4904.582265091472
ID0000362,2024-07-24,2,2,20262.0,19,1,1,1.005,0.927,1.4,0.32,0,6460.23,concept_drift,2024-07,5863.47369903692
ID0000363,2024-12-27,2,7,22294.0,60,0,1,1.046,0.962,1.0,0.15,3,4506.87,concept_drift,2024-12,3885.303164095967
ID0000364,2024-04-10,0,13,8159.0,47,2,1,0.93,0.971,1.2,0.06,2,5329.11,concept_drift,2024-04,5018.106629237579
ID0000365,2024-06-20,1,9,13852.0,33,4,1,1.018,0.901,1.2,0.369,21,6518.83,concept_drift,2024-06,6170.463362247193
ID0000366,2024-03-11,2,12,9686.0,31,0,2,1.081,1.092,1.8,0.156,21,7012.14,concept_drift,2024-03,6323.243998924751
ID0000367,2024-10-06,1,10,8933.0,28,4,1,1.025,1.131,1.8,0.588,1,8076.06,concept_drift,2024-10,7359.353722342948
ID0000368,2024-06-09,0,5,12252.0,22,0,2,1.149,1.202,0.4,0.405,4,5052.17,concept_drift,2024-06,4511.669820182061
ID0000369,2024-11-25,0,3,16011.0,69,2,2,1.026,1.283,1.2,0.656,1,6439.89,concept_drift,2024-11,5719.302973374026
ID0000370,2024-10-13,2,6,25474.0,68,0,2,1.213,1.221,1.2,0.608,0,5732.04,concept_drift,2024-10,4985.870735949519
ID0000371,2024-11-02,3,14,15623.0,36,1,1,1.064,0.953,1.8,0.128,0,6528.53,concept_drift,2024-11,5985.465165557496
ID0000372,2024-12-11,1,12,8679.0,39,0,2,1.148,1.324,1.2,0.289,3,6054.49,concept_drift,2024-12,5350.951003663774
ID0000373,2024-01-19,1,17,6492.0,45,1,2,1.237,1.211,1.4,0.259,21,6582.13,concept_drift,2024-01,6150.704027852869
ID0000374,2024-07-08,2,10,13530.0,45,1,0,1.086,0.883,1.8,0.337,0,6355.23,concept_drift,2024-07,5619.1329280908985
ID0000375,2024-04-15,3,10,19578.0,68,3,0,0.95,1.108,1.2,0.163,0,5530.53,concept_drift,2024-04,5268.876782406558
ID0000376,2024-07-03,3,20,9274.0,28,2,2,1.239,1.291,1.8,0.312,2,7973.74,concept_drift,2024-07,7333.464662594421
ID0000377,2024-01-24,0,9,9114.0,78,0,1,1.155,1.165,1.8,0.527,2,6660.13,concept_drift,2024-01,5696.676527305922
ID0000378,2024-11-10,4,13,14547.0,44,3,2,1.159,1.102,1.8,0.333,5,7759.11,concept_drift,2024-11,7120.713470969888
ID0000379,2024-09-15,2,10,15790.0,41,2,2,1.099,1.164,1.0,0.223,0,5769.96,concept_drift,2024-09,5334.619514638856
ID0000380,2024-07-20,1,7,17512.0,24,2,1,0.993,0.986,1.2,0.045,4,6249.6,concept_drift,2024-07,5989.421774020843
ID0000381,2024-12-18,0,13,5000.0,47,3,2,1.158,1.398,1.2,0.344,3,6965.12,concept_drift,2024-12,6622.838131608433
ID0000382,2024-10-20,1,12,6655.0,36,3,1,1.018,1.039,1.2,0.095,0,5985.56,concept_drift,2024-10,5643.054536253391
ID0000383,2024-06-14,3,7,17596.0,77,1,1,0.989,1.217,1.2,0.323,4,5602.42,concept_drift,2024-06,4878.979888637745
ID0000384,2024-06-05,1,15,7874.0,58,2,0,0.944,0.926,1.2,0.044,7,5231.93,concept_drift,2024-06,4700.140149267233
ID0000385,2024-01-08,0,1,16029.0,48,4,1,1.004,1.058,1.8,0.332,5,7502.69,concept_drift,2024-01,6906.537669999265
ID0000386,2024-12-25,2,12,11697.0,38,1,2,1.092,1.066,1.2,0.204,14,5960.88,concept_drift,2024-12,5315.092497348275
ID0000387,2024-02-15,4,4,38631.0,25,0,2,1.145,1.207,1.4,0.444,30,6750.82,concept_drift,2024-02,5591.802178919705
ID0000388,2024-09-10,2,10,15193.0,38,3,2,1.26,1.26,0.4,0.764,3,5614.64,concept_drift,2024-09,5454.60936701327
ID0000389,2024-06-21,1,3,14063.0,43,0,1,1.025,0.872,1.2,0.269,1,5008.17,concept_drift,2024-06,4280.856084142397
ID0000390,2024-06-16,3,10,20686.0,52,1,1,0.883,0.927,3.2,0.233,5,9360.21,concept_drift,2024-06,8517.482830104154
ID0000391,2024-03-27,2,9,16344.0,74,2,2,1.12,1.177,1.0,0.311,7,5683.87,concept_drift,2024-03,5236.257365055455
ID0000392,2024-02-05,0,14,7416.0,37,3,0,0.863,0.901,1.8,0.358,0,7115.44,concept_drift,2024-02,6587.996717953717
ID0000393,2024-12-23,0,4,14515.0,24,2,2,1.143,0.976,1.0,0.291,3,6342.49,concept_drift,2024-12,5918.691717406568
ID0000394,2024-11-13,0,0,14453.0,73,3,2,1.303,1.17,1.0,0.162,0,5622.25,concept_drift,2024-11,5135.789096912086
ID0000395,2024-06-11,3,8,20143.0,68,2,2,1.236,1.052,1.0,0.207,3,5192.79,concept_drift,2024-06,4976.185224488425
ID0000396,2024-01-20,4,9,28597.0,65,3,2,1.103,1.043,0.4,0.182,14,4527.72,concept_drift,2024-01,4296.03733435163
ID0000397,2024-08-16,2,4,25478.0,41,0,2,1.254,1.08,3.2,0.043,0,9070.85,concept_drift,2024-08,8257.908347719518
ID0000398,2024-01-02,1,0,30302.0,31,2,2,1.144,1.309,1.8,0.228,21,7655.93,concept_drift,2024-01,7038.254070522777
ID0000399,2024-10-28,0,4,16140.0,34,2,2,1.145,1.321,1.1,0.335,1,6100.03,concept_drift,2024-10,5754.093630719388
ID0000400,2024-01-19,3,3,28083.0,29,1,1,0.901,1.001,1.8,0.099,0,6368.78,concept_drift,2024-01,5931.595123582285
ID0000401,2024-09-21,1,0,23225.0,44,2,1,1.008,1.029,1.0,0.406,6,5481.63,concept_drift,2024-09,4858.419044414077
ID0000402,2024-11-19,4,11,16815.0,75,3,2,1.14,1.187,0.4,0.456,1,4734.6,concept_drift,2024-11,4656.703807567735
ID0000403,2024-12-01,2,8,12833.0,64,3,2,1.058,1.355,1.2,0.233,30,6793.29,concept_drift,2024-12,6439.500337491597
ID0000404,2024-09-10,1,11,7614.0,52,1,1,1.048,1.068,1.2,0.138,2,5374.88,concept_drift,2024-09,4798.383979490098
ID0000405,2024-07-15,3,11,11482.0,41,2,2,1.169,1.198,1.0,0.167,0,5813.51,concept_drift,2024-07,5379.5885752443855
ID0000406,2024-01-24,2,9,12692.0,48,3,0,0.75,0.839,1.8,0.466,21,7013.43,concept_drift,2024-01,6528.024726963613
ID0000407,2024-05-14,1,4,15289.0,67,0,0,1.023,0.872,1.8,0.129,30,6080.49,concept_drift,2024-05,4908.928389613126
ID0000408,2024-01-28,1,13,7657.0,70,0,2,1.138,1.361,1.4,0.353,10,6326.89,concept_drift,2024-01,5732.790906152547
ID0000409,2024-08-17,3,7,20939.0,35,3,1,1.018,1.1,1.8,0.517,2,7571.14,concept_drift,2024-08,6883.968788823415
ID0000410,2024-02-25,1,15,5641.0,52,0,1,0.9,0.947,1.2,0.358,5,5265.19,concept_drift,2024-02,4643.310045364321
ID0000411,2024-07-03,2,4,22843.0,48,1,1,0.857,0.916,1.2,0.092,6,5099.56,concept_drift,2024-07,4598.492632142622
ID0000412,2024-09-16,3,8,15197.0,61,0,1,0.931,0.85,1.0,0.144,10,4616.65,concept_drift,2024-09,3825.176067334804
ID0000413,2024-01-20,2,15,12488.0,74,0,1,1.026,0.956,1.2,0.311,0,5106.21,concept_drift,2024-01,4465.763081354579
ID0000414,2024-05-21,1,8,14533.0,43,2,2,1.16,1.208,1.2,0.301,4,6193.62,concept_drift,2024-05,5753.866525210941
ID0000415,2024-10-03,1,16,5000.0,78,1,2,1.14,1.127,1.0,0.103,3,5138.69,concept_drift,2024-10,4639.387703886578
ID0000416,2024-10-04,1,5,18238.0,63,0,1,0.988,1.104,1.2,0.24,1,4957.34,concept_drift,2024-10,4459.602456910329
ID0000417,2024-03-06,1,15,5186.0,51,0,2,1.289,1.139,1.2,0.106,3,5539.69,concept_drift,2024-03,5039.850314466195
ID0000418,2024-12-05,3,9,14243.0,44,1,2,1.094,1.137,1.2,0.122,0,5737.04,concept_drift,2024-12,5134.659956007613
ID0000419,2024-12-24,2,0,27101.0,57,0,2,1.271,1.054,1.4,0.309,30,5940.31,concept_drift,2024-12,5208.5797325249905
ID0000420,2024-08-15,4,7,23964.0,67,2,0,0.75,0.925,1.2,0.639,0,5641.6,concept_drift,2024-08,4931.52555582152
ID0000421,2024-06-12,0,16,5313.0,71,2,2,1.275,1.112,3.2,0.225,2,10002.28,concept_drift,2024-06,9218.59946413792
ID0000422,2024-06-10,1,1,22528.0,29,2,2,1.331,1.132,1.2,0.096,21,6034.94,concept_drift,2024-06,5681.771078725259
ID0000423,2024-07-11,0,1,13401.0,31,0,2,1.071,1.158,1.0,0.22,1,4951.25,concept_drift,2024-07,4475.754013041827
ID0000424,2024-11-12,1,9,15344.0,79,1,2,1.146,1.237,1.0,0.337,10,5440.92,concept_drift,2024-11,5030.706029886947
ID0000425,2024-05-03,1,8,11135.0,27,1,1,1.008,1.045,1.4,0.499,0,6044.62,concept_drift,2024-05,5543.79400667338
ID0000426,2024-04-06,1,9,7255.0,55,2,1,1.024,0.955,1.2,0.432,0,5786.39,concept_drift,2024-04,5122.566784089434
ID0000427,2024-08-25,4,3,64466.0,38,0,1,1.007,0.794,1.2,0.393,3,4803.27,concept_drift,2024-08,4424.5555365937735
ID0000428,2024-09-23,2,0,27504.0,55,2,2,1.062,1.206,1.4,0.546,10,6763.19,concept_drift,2024-09,6147.045635649432
ID0000429,2024-09-02,4,9,22161.0,36,2,2,1.103,1.105,1.8,0.747,1,8034.68,concept_drift,2024-09,7028.0758924326865
ID0000430,2024-01-21,2,0,38084.0,73,0,2,1.167,1.322,1.8,0.17,2,6774.12,concept_drift,2024-01,5804.154849842806
ID0000431,2024-03-23,1,0,19817.0,74,2,1,0.962,1.103,1.8,0.184,3,6754.73,concept_drift,2024-03,5894.915883971022
ID0000432,2024-04-18,1,0,32520.0,61,3,2,1.113,1.22,1.0,0.383,7,5749.37,concept_drift,2024-04,5521.638413089955
ID0000433,2024-01-20,3,2,28363.0,58,4,1,0.969,1.015,1.2,0.036,1,5738.39,concept_drift,2024-01,5628.153656876638
ID0000434,2024-08-07,4,12,19057.0,23,1,2,1.307,1.368,1.2,0.248,0,6987.53,concept_drift,2024-08,6394.599081608763
ID0000435,2024-10-28,0,8,8680.0,73,0,2,1.021,1.182,1.4,0.23,30,6058.31,concept_drift,2024-10,5398.951271986043
ID0000436,2024-09-27,0,12,8473.0,64,3,0,1.055,0.952,1.2,0.114,0,5331.2,concept_drift,2024-09,5099.285754999063
ID0000437,2024-06-24,0,9,12114.0,42,2,0,0.893,0.849,1.2,0.653,1,5586.86,concept_drift,2024-06,5151.566166743443
ID0000438,2024-06-26,0,8,12805.0,74,2,1,0.945,0.945,1.2,0.046,21,5442.68,concept_drift,2024-06,4931.785854575279
ID0000439,2024-12-01,1,5,14398.0,36,2,1,0.911,0.92,1.0,0.385,0,5170.44,concept_drift,2024-12,4852.971687680749
ID0000440,2024-06-09,2,5,31505.0,54,1,2,1.191,1.361,1.2,0.171,3,5794.79,concept_drift,2024-06,5341.101221133393
ID0000441,2024-09-04,3,8,23166.0,36,1,1,0.987,1.024,1.8,0.183,4,6497.64,concept_drift,2024-09,6053.890585608371
ID0000442,2024-09-05,1,11,6930.0,60,3,2,1.115,1.252,1.8,0.278,6,7807.15,concept_drift,2024-09,7216.275987971624
ID0000443,2024-08-14,1,8,14045.0,31,0,1,1.041,0.996,1.8,0.335,30,6686.71,concept_drift,2024-08,6005.255133669739
ID0000444,2024-09-05,0,4,18990.0,29,2,1,1.077,0.84,1.2,0.058,0,5277.49,concept_drift,2024-09,4887.36903988535
ID0000445,2024-11-06,1,7,11273.0,66,1,2,1.278,1.261,1.4,0.482,0,6409.04,concept_drift,2024-11,5782.207735008511
ID0000446,2024-09-25,0,12,6783.0,46,1,1,1.015,1.046,1.4,0.154,6,5813.72,concept_drift,2024-09,5359.940019503178
ID0000447,2024-08-12,1,0,22597.0,67,1,1,1.03,0.968,1.2,0.211,0,4982.71,concept_drift,2024-08,4399.128772149493
ID0000448,2024-11-27,1,17,5000.0,46,0,2,1.124,1.129,0.4,0.187,0,3891.46,concept_drift,2024-11,3598.0927719966635
ID0000449,2024-03-16,2,18,8123.0,28,0,1,1.025,1.059,1.0,0.021,0,4885.36,concept_drift,2024-03,4341.963782546744
ID0000450,2024-01-28,2,0,27558.0,64,0,0,0.828,0.872,1.0,0.181,14,3944.9,concept_drift,2024-01,3368.0582301502986
ID0000451,2024-11-14,3,16,8943.0,37,2,2,1.423,1.249,1.2,0.349,0,6325.87,concept_drift,2024-11,6019.406865412434
ID0000452,2024-04-08,3,11,13216.0,67,2,0,0.897,0.848,1.0,0.343,0,4963.54,concept_drift,2024-04,4360.550648190642
ID0000453,2024-10-15,4,8,35135.0,74,2,1,1.052,1.074,1.8,0.258,2,6837.75,concept_drift,2024-10,6111.904979401084
ID0000454,2024-09-15,1,7,9931.0,51,2,2,1.365,1.17,1.4,0.066,6,6055.09,concept_drift,2024-09,5936.8503205610805
ID0000455,2024-08-18,1,0,28075.0,72,1,2,1.253,1.173,1.8,0.251,3,6946.52,concept_drift,2024-08,6039.49415705719
ID0000456,2024-11-10,1,1,16174.0,61,1,0,0.906,1.053,1.2,0.47,0,5049.93,concept_drift,2024-11,4507.945273778724
ID0000457,2024-04-10,1,1,16360.0,62,3,0,0.906,0.982,1.0,0.132,10,5189.35,concept_drift,2024-04,4509.092672992199
ID0000458,2024-11-20,0,13,7206.0,31,1,2,1.395,1.256,1.4,0.144,2,6630.4,concept_drift,2024-11,5978.982189822064
ID0000459,2024-04-14,1,7,10187.0,35,3,2,0.848,1.241,1.8,0.259,6,7929.43,concept_drift,2024-04,7327.501573649922
ID0000460,2024-06-15,3,1,33763.0,70,1,1,1.075,1.127,1.8,0.409,2,6691.72,concept_drift,2024-06,5707.086377423503
ID0000461,2024-11-13,1,5,14025.0,65,1,1,0.991,0.861,1.1,0.235,1,4654.54,concept_drift,2024-11,4340.645179103754
ID0000462,2024-10-16,0,5,9741.0,73,4,1,0.953,0.909,1.8,0.604,3,7584.52,concept_drift,2024-10,6973.658641223859
ID0000463,2024-09-22,2,0,33680.0,33,2,1,0.914,0.861,1.2,0.308,1,5366.84,concept_drift,2024-09,4915.233222581754
ID0000464,2024-08-21,3,12,15766.0,31,2,2,1.165,1.121,1.1,0.306,14,6302.31,concept_drift,2024-08,5724.576830238552
ID0000465,2024-07-21,2,4,21726.0,40,2,2,1.23,1.322,1.2,0.272,21,6507.88,concept_drift,2024-07,6002.545688547761
ID0000466,2024-02-05,0,13,5000.0,56,4,2,1.034,1.183,1.2,0.395,14,6832.81,concept_drift,2024-02,6569.420474238358
ID0000467,2024-03-04,1,3,13469.0,30,0,1,1.03,1.126,1.8,0.379,2,6608.89,concept_drift,2024-03,5923.870614554765
ID0000468,2024-11-07,3,7,22807.0,31,1,1,0.926,1.204,1.2,0.048,0,5512.29,concept_drift,2024-11,4989.12424854177
ID0000469,2024-04-20,0,15,10626.0,74,0,2,1.288,1.12,1.8,0.513,21,7170.22,concept_drift,2024-04,6427.068964940049
ID0000470,2024-05-17,2,6,23744.0,38,2,2,1.114,1.029,1.0,0.021,0,5248.57,concept_drift,2024-05,5034.4453983549365
ID0000471,2024-12-04,0,6,12259.0,68,0,2,1.114,1.273,1.2,0.059,0,5215.55,concept_drift,2024-12,4620.833978021002
ID0000472,2024-01-02,0,2,23416.0,49,3,0,0.911,0.994,1.2,0.21,4,5688.43,concept_drift,2024-01,5133.630006751077
ID0000473,2024-03-01,1,12,6363.0,77,1,2,1.078,1.332,1.8,0.478,6,7459.81,concept_drift,2024-03,6604.041026156842
ID0000474,2024-03-17,3,3,28683.0,54,3,2,1.097,1.25,1.2,0.524,0,6661.78,concept_drift,2024-03,6192.881704303375
ID0000475,2024-07-24,4,0,60369.0,25,1,2,1.116,1.234,1.4,0.116,3,6022.67,concept_drift,2024-07,5699.5525285333215
ID0000476,2024-03-13,2,11,8228.0,55,2,2,1.197,1.017,1.8,0.161,0,7082.69,concept_drift,2024-03,6559.654003010407
ID0000477,2024-01-07,2,5,25209.0,18,0,2,1.136,1.278,1.2,0.321,0,6751.01,concept_drift,2024-01,5933.362088408405
ID0000478,2024-01-21,0,9,13476.0,68,3,2,1.265,1.309,1.8,0.568,2,8149.11,concept_drift,2024-01,7348.723946311287
ID0000479,2024-11-22,1,4,15906.0,20,0,1,0.988,1.147,1.2,0.6,7,6506.42,concept_drift,2024-11,5845.270244696536
ID0000480,2024-12-06,2,16,7337.0,39,1,2,1.321,1.073,1.4,0.357,5,6359.13,concept_drift,2024-12,5975.494264246232
ID0000481,2024-04-22,2,9,20983.0,26,2,0,0.964,0.943,1.8,0.387,10,7044.64,concept_drift,2024-04,6337.527699745327
ID0000482,2024-06-13,0,6,18113.0,36,0,1,0.915,0.869,1.2,0.483,0,5197.8,concept_drift,2024-06,4551.975378266806
ID0000483,2024-02-18,1,12,6712.0,59,1,2,1.038,1.063,1.8,0.449,2,7015.63,concept_drift,2024-02,6381.255446872766
ID0000484,2024-07-16,0,9,11173.0,77,1,2,1.046,0.985,1.4,0.632,2,6205.35,concept_drift,2024-07,5511.41583394252
ID0000485,2024-04-19,0,3,12558.0,71,0,0,0.772,0.85,1.0,0.443,1,4214.72,concept_drift,2024-04,3597.0880421684283
ID0000486,2024-08-16,1,7,8892.0,78,2,1,1.114,0.892,1.8,0.296,6,6521.32,concept_drift,2024-08,6073.499179469278
ID0000487,2024-07-12,1,2,17111.0,25,3,2,1.299,1.188,1.4,0.202,0,6821.58,concept_drift,2024-07,6267.539844186088
ID0000488,2024-12-20,0,20,5000.0,24,4,2,1.207,1.263,1.2,0.286,3,7882.25,concept_drift,2024-12,7931.827366771369
ID0000489,2024-01-04,2,6,23724.0,74,2,1,1.055,1.082,1.4,0.131,2,5970.81,concept_drift,2024-01,5339.716643208647
ID0000490,2024-07-27,2,2,42805.0,47,2,1,0.984,0.867,1.0,0.106,3,4641.25,concept_drift,2024-07,4498.62484513137
ID0000491,2024-11-15,1,5,14725.0,45,2,2,1.02,1.317,3.2,0.26,0,10518.78,concept_drift,2024-11,9373.214575230371
ID0000492,2024-05-10,2,12,11281.0,48,0,0,0.906,0.919,1.2,0.039,30,4945.73,concept_drift,2024-05,4075.693203153571
ID0000493,2024-03-01,2,3,24718.0,66,0,1,1.04,1.114,1.0,0.147,21,4552.63,concept_drift,2024-03,4045.04427561252
ID0000494,2024-06-02,2,15,7230.0,30,3,2,1.186,1.164,1.8,0.336,21,8090.58,concept_drift,2024-06,7512.845282384894
ID0000495,2024-10-25,1,9,8057.0,72,1,2,1.322,1.303,0.4,0.051,0,3923.62,concept_drift,2024-10,3876.261417093062
ID0000496,2024-04-28,2,7,20342.0,24,4,2,1.191,1.238,1.4,0.229,21,8285.27,concept_drift,2024-04,7917.613109091899
ID0000497,2024-08-02,1,8,24353.0,58,0,1,1.056,0.921,1.8,0.427,3,6321.46,concept_drift,2024-08,5546.671269004931
ID0000498,2024-10-26,1,5,17523.0,18,1,1,0.906,0.996,1.1,0.039,21,5980.77,concept_drift,2024-10,5544.447762346433
ID0000499,2024-08-04,2,6,14906.0,42,2,2,1.222,1.364,1.0,0.138,0,5837.11,concept_drift,2024-08,5394.496654747564
ID0000500,2024-11-10,3,12,16804.0,37,3,2,1.214,0.929,3.2,0.021,2,10261.42,concept_drift,2024-11,9034.918337129897
ID0000501,2024-09-23,1,10,11966.0,60,3,1,0.876,1.124,1.4,0.219,10,6489.88,concept_drift,2024-09,5886.306412153501
ID0000502,2024-03-04,1,0,18322.0,37,3,2,1.269,1.178,1.8,0.2,3,7690.87,concept_drift,2024-03,6763.177633052659
ID0000503,2024-09-28,1,1,17097.0,21,2,1,0.865,1.073,1.8,0.128,0,7539.79,concept_drift,2024-09,6994.598360453985
ID0000504,2024-01-22,2,7,24251.0,74,2,1,0.952,1.148,1.2,0.268,0,5488.74,concept_drift,2024-01,5105.530989560089
ID0000505,2024-11-07,2,0,31528.0,21,4,2,1.247,1.287,1.2,0.209,2,7402.44,concept_drift,2024-11,7141.305464856032
ID0000506,2024-11-20,3,12,16587.0,31,4,2,1.178,1.074,1.2,0.121,0,6390.89,concept_drift,2024-11,6201.643321815956
ID0000507,2024-04-22,1,11,10108.0,77,3,2,1.125,1.324,1.2,0.186,5,6387.97,concept_drift,2024-04,6112.067689484075
ID0000508,2024-08-18,1,6,13220.0,35,1,1,1.104,0.796,1.4,0.25,3,5375.0,concept_drift,2024-08,5074.1765549482825
ID0000509,2024-05-19,3,0,31479.0,69,1,2,1.133,1.276,1.4,0.267,2,6027.96,concept_drift,2024-05,5521.307760635321
ID0000510,2024-12-21,0,8,8716.0,31,0,2,1.156,1.242,1.2,0.191,3,5902.86,concept_drift,2024-12,5161.49202743177
ID0000511,2024-07-22,2,11,14320.0,59,2,1,1.05,0.961,1.2,0.255,5,5613.48,concept_drift,2024-07,5033.361228898068
ID0000512,2024-05-22,0,9,10940.0,31,1,2,1.205,1.254,1.8,0.25,0,7331.81,concept_drift,2024-05,6616.2011822535
ID0000513,2024-02-02,1,6,17975.0,26,0,1,1.047,0.955,1.4,0.368,1,5825.94,concept_drift,2024-02,4978.034875919866
ID0000514,2024-03-24,3,0,53613.0,60,2,1,0.903,1.055,1.8,0.079,1,6349.34,concept_drift,2024-03,5951.575318072524
ID0000515,2024-01-01,3,10,15175.0,55,1,1,1.033,1.085,1.1,0.27,7,5395.41,concept_drift,2024-01,4855.235338873305
ID0000516,2024-11-26,1,0,25017.0,60,2,1,1.078,1.066,1.8,0.222,2,6658.3,concept_drift,2024-11,6000.410866866044
ID0000517,2024-10-28,3,14,11373.0,21,2,0,0.833,0.936,3.2,0.183,3,10412.25,concept_drift,2024-10,9398.323650692657
ID0000518,2024-01-19,3,11,22056.0,45,1,2,1.237,1.258,3.2,0.259,3,10185.35,concept_drift,2024-01,9362.177948179868
ID0000519,2024-06-25,3,8,27846.0,76,3,2,1.348,1.224,1.8,0.387,6,7733.55,concept_drift,2024-06,7032.387290635269
ID0000520,2024-10-22,2,3,35906.0,29,1,2,1.278,1.162,1.8,0.453,2,7444.41,concept_drift,2024-10,6458.832309822423
ID0000521,2024-10-12,1,15,6736.0,61,1,2,1.187,1.302,1.2,0.542,5,6526.83,concept_drift,2024-10,5782.4611154245595
ID0000522,2024-10-10,1,13,8651.0,67,0,0,0.922,0.912,1.2,0.43,10,5007.04,concept_drift,2024-10,4184.042254785622
ID0000523,2024-04-04,1,6,10951.0,50,1,1,1.141,0.959,1.2,0.092,5,5192.25,concept_drift,2024-04,4702.143320336781
ID0000524,2024-11-06,2,7,15588.0,21,2,2,1.099,1.235,1.2,0.192,0,6836.48,concept_drift,2024-11,6522.375744804845
ID0000525,2024-09-19,0,5,7754.0,49,1,1,1.11,1.018,1.8,0.104,2,6102.93,concept_drift,2024-09,5845.271762491084
ID0000526,2024-06-20,1,6,19673.0,33,0,1,0.935,0.904,1.2,0.609,1,5456.28,concept_drift,2024-06,4726.571135055082
ID0000527,2024-11-26,2,5,28264.0,63,3,2,1.197,1.122,1.4,0.323,10,6930.27,concept_drift,2024-11,6236.401230443095
ID0000528,2024-03-11,4,17,11114.0,39,4,0,0.75,0.816,1.2,0.175,7,5933.06,concept_drift,2024-03,5859.293613098235
ID0000529,2024-07-03,1,2,17163.0,68,0,0,0.933,0.945,1.4,0.241,1,4867.76,concept_drift,2024-07,4191.038998443423
ID0000530,2024-01-13,2,8,16823.0,79,2,1,1.074,0.929,1.0,0.286,10,5036.41,concept_drift,2024-01,4575.16009980123
ID0000531,2024-07-10,2,4,29159.0,35,0,2,1.113,1.157,1.8,0.177,1,6811.72,concept_drift,2024-07,6028.840256078525
ID0000532,2024-06-03,2,11,10920.0,39,2,1,0.937,1.117,3.2,0.121,0,9771.45,concept_drift,2024-06,8886.139931301293
ID0000533,2024-01-03,4,12,18257.0,56,4,1,1.025,0.893,1.2,0.349,2,6142.35,concept_drift,2024-01,5882.9165095729395
ID0000534,2024-12-26,2,11,13051.0,24,1,0,0.842,1.021,1.2,0.164,21,6274.57,concept_drift,2024-12,5613.104372100792
ID0000535,2024-12-19,0,12,8709.0,37,4,1,1.011,1.035,1.2,0.331,0,6320.07,concept_drift,2024-12,6245.530374444223
ID0000536,2024-05-02,3,9,13855.0,60,3,2,1.087,1.377,1.2,0.314,10,6979.6,concept_drift,2024-05,6353.54377602499
ID0000537,2024-11-02,2,8,19980.0,36,3,2,1.22,1.307,1.2,0.172,0,6613.51,concept_drift,2024-11,6188.979788918966
ID0000538,2024-07-07,2,1,24376.0,51,0,2,1.238,1.277,1.8,0.131,30,7163.49,concept_drift,2024-07,6100.130079955519
ID0000539,2024-09-27,4,10,21987.0,43,0,1,0.883,1.168,0.4,0.405,1,3763.46,concept_drift,2024-09,3475.121000862677
ID0000540,2024-02-25,1,0,19597.0,73,3,1,0.865,0.977,1.8,0.392,0,6957.43,concept_drift,2024-02,6251.425787860298
ID0000541,2024-02-04,4,4,31116.0,53,1,0,1.02,1.004,1.4,0.273,2,5621.83,concept_drift,2024-02,4900.631137120748
ID0000542,2024-09-23,3,10,16934.0,40,2,2,1.279,1.131,1.8,0.198,1,7345.51,concept_drift,2024-09,6677.04773082975
ID0000543,2024-02-03,1,6,14168.0,18,2,1,0.971,1.01,1.4,0.111,1,6873.98,concept_drift,2024-02,6386.797850842289
ID0000544,2024-11-07,1,4,13736.0,51,1,1,1.033,1.111,1.4,0.467,0,5855.14,concept_drift,2024-11,5337.305790124101
ID0000545,2024-12-10,2,5,18062.0,75,2,1,1.056,0.897,1.8,0.445,3,6714.17,concept_drift,2024-12,5973.599464865901
ID0000546,2024-04-03,3,11,21803.0,39,3,2,1.052,1.185,1.4,0.161,2,6616.42,concept_drift,2024-04,6320.810565800447
ID0000547,2024-01-14,1,5,8249.0,22,1,1,1.004,1.075,1.0,0.213,1,5757.33,concept_drift,2024-01,5327.759402859613
ID0000548,2024-07-05,2,3,26330.0,39,1,2,1.037,1.367,3.2,0.267,2,10330.45,concept_drift,2024-07,9424.724628075272
ID0000549,2024-04-07,2,10,12952.0,23,1,2,1.175,1.376,1.8,0.597,0,8665.24,concept_drift,2024-04,7688.035944032394
ID0000550,2024-04-14,1,14,7416.0,27,0,2,1.232,1.115,1.8,0.214,30,7130.26,concept_drift,2024-04,6492.152516733193
ID0000551,2024-04-11,1,6,17310.0,38,0,2,1.065,1.263,1.4,0.221,0,6098.33,concept_drift,2024-04,5352.699989531807
ID0000552,2024-04-08,0,1,20016.0,41,1,2,1.251,1.254,1.8,0.121,4,7042.77,concept_drift,2024-04,6277.053236155841
ID0000553,2024-04-27,0,15,5000.0,57,2,2,1.166,1.239,1.0,0.051,21,5860.78,concept_drift,2024-04,5591.438886661303
ID0000554,2024-01-17,3,18,9191.0,37,2,1,1.032,0.893,1.2,0.363,5,5957.94,concept_drift,2024-01,5492.87843271083
ID0000555,2024-01-04,2,7,18301.0,22,2,1,1.126,0.843,1.4,0.404,0,6916.47,concept_drift,2024-01,6299.23025179714
ID0000556,2024-05-24,3,9,14328.0,42,0,1,1.026,0.823,1.2,0.66,7,5479.36,concept_drift,2024-05,4744.246433615075
ID0000557,2024-06-19,0,9,8105.0,69,1,2,1.039,1.363,1.2,0.098,1,5780.66,concept_drift,2024-06,5317.135173033956
ID0000558,2024-11-13,3,9,14871.0,42,2,1,1.038,1.024,1.8,0.147,14,7039.76,concept_drift,2024-11,6399.806872156837
ID0000559,2024-08-22,2,11,15755.0,52,3,1,1.073,0.958,1.0,0.54,14,5818.16,concept_drift,2024-08,5442.035445921817
ID0000560,2024-10-26,1,9,8784.0,28,0,1,0.907,1.039,1.2,0.255,21,5503.26,concept_drift,2024-10,4921.764916952934
ID0000561,2024-02-17,1,7,14976.0,65,2,1,0.99,0.899,1.4,0.155,2,5764.29,concept_drift,2024-02,5223.105820791163
ID0000562,2024-09-21,1,6,12262.0,76,3,0,1.008,0.935,1.8,0.265,2,6616.48,concept_drift,2024-09,6182.250330842588
ID0000563,2024-08-19,0,5,5436.0,36,2,1,1.026,0.828,1.0,0.316,1,4980.45,concept_drift,2024-08,4749.068036820584
ID0000564,2024-05-24,1,13,5000.0,39,0,2,1.125,1.349,1.0,0.347,1,5572.93,concept_drift,2024-05,5012.669548714423
ID0000565,2024-03-04,1,4,14037.0,62,1,2,1.206,1.249,1.4,0.271,0,6232.23,concept_drift,2024-03,5582.090386441389
ID0000566,2024-07-13,2,6,16150.0,26,1,1,1.012,1.243,1.2,0.481,1,6200.61,concept_drift,2024-07,5393.675291736353
ID0000567,2024-07-24,2,6,23606.0,30,3,2,1.184,1.259,0.4,0.391,6,5178.94,concept_drift,2024-07,4938.553425967065
ID0000568,2024-08-22,2,10,16975.0,74,2,1,1.108,1.049,1.0,0.253,4,5151.49,concept_drift,2024-08,4682.1811441120335
ID0000569,2024-04-26,1,5,13958.0,22,2,1,1.195,0.99,1.0,0.203,0,6010.89,concept_drift,2024-04,5588.539620104016
ID0000570,2024-02-28,4,9,24904.0,40,0,1,1.002,1.146,1.2,0.299,0,5483.5,concept_drift,2024-02,4771.6933217728065
ID0000571,2024-02-17,3,14,9851.0,58,1,1,0.945,1.004,3.2,0.302,2,9828.21,concept_drift,2024-02,8815.961893655616
ID0000572,2024-10-05,0,9,8463.0,51,0,2,1.194,1.204,1.2,0.296,2,5573.69,concept_drift,2024-10,5046.007395438627
ID0000573,2024-04-11,2,15,7979.0,64,1,2,1.184,1.333,1.4,0.648,14,7148.44,concept_drift,2024-04,6436.354423066021
ID0000574,2024-04-18,0,8,10245.0,63,1,2,1.067,1.055,1.4,0.248,0,5899.79,concept_drift,2024-04,5497.356805806759
ID0000575,2024-05-20,2,8,20779.0,51,1,1,1.039,0.927,1.0,0.074,0,4552.45,concept_drift,2024-05,4185.3435975855145
ID0000576,2024-05-25,4,14,25256.0,56,1,1,1.017,0.965,1.4,0.308,6,6009.79,concept_drift,2024-05,5401.554354813457
ID0000577,2024-04-20,0,10,6319.0,64,1,0,0.994,0.854,1.8,0.297,3,6220.03,concept_drift,2024-04,5454.052559502869
ID0000578,2024-01-27,1,8,19760.0,38,1,2,1.117,1.371,1.2,0.55,1,6490.91,concept_drift,2024-01,5765.0173757699995
ID0000579,2024-02-20,2,7,15670.0,79,1,1,1.032,1.007,1.2,0.205,5,5265.22,concept_drift,2024-02,4577.234863939348
ID0000580,2024-06-11,1,9,14973.0,36,0,2,1.029,0.949,1.4,0.286,0,5762.03,concept_drift,2024-06,5197.453592366523
ID0000581,2024-05-20,2,12,11247.0,28,0,2,1.166,1.245,1.4,0.162,2,6093.06,concept_drift,2024-05,5579.952403513333
ID0000582,2024-09-15,1,11,9110.0,26,2,1,1.105,1.027,1.8,0.309,4,7292.73,concept_drift,2024-09,6687.735827106135
ID0000583,2024-06-06,1,20,5000.0,26,0,1,1.052,1.103,1.2,0.384,3,5657.0,concept_drift,2024-06,5111.4060396659825
ID0000584,2024-05-12,2,0,23861.0,59,1,1,0.965,0.907,1.4,0.126,6,5232.77,concept_drift,2024-05,4744.490513568364
ID0000585,2024-08-27,0,3,11445.0,35,2,1,1.157,0.999,1.1,0.436,2,5547.18,concept_drift,2024-08,5171.81711342655
ID0000586,2024-07-19,2,5,11999.0,67,3,2,1.137,1.164,1.4,0.028,1,6318.61,concept_drift,2024-07,5832.203299969323
ID0000587,2024-12-11,2,7,21249.0,46,4,1,0.878,0.796,1.2,0.169,3,5873.18,concept_drift,2024-12,5525.275908111143
ID0000588,2024-08-12,1,13,7943.0,34,2,2,1.096,1.234,1.8,0.332,3,7694.62,concept_drift,2024-08,7081.823204275627
ID0000589,2024-02-01,2,13,10111.0,45,0,0,0.977,0.812,1.8,0.132,2,5631.83,concept_drift,2024-02,5073.230154606359
ID0000590,2024-12-19,1,11,8973.0,57,3,1,1.044,1.102,1.8,0.034,10,7079.89,concept_drift,2024-12,6584.865064295311
ID0000591,2024-02-05,2,6,22384.0,39,2,1,1.002,1.032,1.0,0.342,0,5370.79,concept_drift,2024-02,4928.817223546488
ID0000592,2024-11-17,0,8,12421.0,25,2,2,1.11,1.341,1.4,0.305,3,6965.79,concept_drift,2024-11,6506.7638205999465
ID0000593,2024-12-28,0,2,12779.0,69,2,1,0.898,0.945,1.0,0.465,14,5220.37,concept_drift,2024-12,4635.759518070287
ID0000594,2024-06-28,2,10,11927.0,52,0,1,0.992,1.047,1.0,0.094,0,4441.44,concept_drift,2024-06,4040.27805215368
ID0000595,2024-01-26,3,8,16029.0,26,2,0,0.914,0.838,1.8,0.236,0,6476.6,concept_drift,2024-01,6099.025230054163
ID0000596,2024-04-17,1,12,6417.0,61,1,2,1.08,0.962,1.8,0.336,0,6885.42,concept_drift,2024-04,6103.893298550063
ID0000597,2024-12-11,0,14,5000.0,25,1,0,0.95,0.91,1.4,0.089,5,5601.56,concept_drift,2024-12,5179.8172006894765
ID0000598,2024-10-17,1,13,5698.0,75,0,0,0.854,1.081,1.4,0.059,21,5256.27,concept_drift,2024-10,4482.068008469661
ID0000599,2024-07-10,2,17,6886.0,34,3,2,1.35,1.161,1.8,0.441,1,8005.41,concept_drift,2024-07,7326.751003736452
ID0000600,2024-07-10,2,0,23630.0,62,2,2,1.217,1.366,0.4,0.426,30,4873.58,concept_drift,2024-07,4482.351622132695
ID0000601,2024-05-02,3,5,24046.0,31,0,0,0.983,0.848,1.0,0.468,30,4916.54,concept_drift,2024-05,4007.5215004096326
ID0000602,2024-10-13,1,0,24917.0,62,3,2,1.324,1.207,1.8,0.34,0,7430.34,concept_drift,2024-10,6741.870222947194
ID0000603,2024-11-12,1,9,14380.0,23,1,2,1.118,1.231,1.0,0.04,2,6130.89,concept_drift,2024-11,5642.431956637368
ID0000604,2024-02-20,2,8,13403.0,77,0,2,1.168,1.16,1.2,0.097,30,5434.47,concept_drift,2024-02,4853.265849521286
ID0000605,2024-11-19,2,9,14505.0,58,1,2,1.176,1.106,1.1,0.162,0,5263.58,concept_drift,2024-11,4887.544321389915
ID0000606,2024-04-23,3,12,22517.0,40,0,1,0.973,1.055,1.2,0.37,3,5407.2,concept_drift,2024-04,4875.229001025643
ID0000607,2024-07-24,3,13,11962.0,60,0,2,1.378,1.126,1.2,0.424,1,5755.8,concept_drift,2024-07,5048.590315764021
ID0000608,2024-09-14,1,5,13783.0,63,2,2,1.111,1.294,1.0,0.317,3,5723.38,concept_drift,2024-09,5348.502911132478
ID0000609,2024-06-23,0,7,10725.0,77,1,1,0.974,1.003,1.4,0.277,30,6039.73,concept_drift,2024-06,5217.815577171341
ID0000610,2024-08-02,2,3,23591.0,58,1,2,1.423,1.218,1.1,0.147,6,5454.4,concept_drift,2024-08,5080.314404895463
ID0000611,2024-05-21,1,11,10857.0,52,3,1,0.936,0.981,0.4,0.181,30,4573.97,concept_drift,2024-05,4225.0881256174525
ID0000612,2024-04-16,3,1,28946.0,38,1,2,1.066,1.121,1.4,0.091,1,6155.38,concept_drift,2024-04,5420.365699639148
ID0000613,2024-02-05,1,6,11969.0,43,1,2,1.105,1.227,1.2,0.114,6,6026.42,concept_drift,2024-02,5263.751540561078
ID0000614,2024-05-06,1,16,5956.0,79,0,2,1.049,1.105,1.2,0.374,6,5605.81,concept_drift,2024-05,4937.737623584268
ID0000615,2024-04-16,3,7,21941.0,49,2,2,1.244,1.074,0.4,0.223,14,4385.65,concept_drift,2024-04,4106.1452242331925
ID0000616,2024-05-01,2,11,8691.0,74,1,0,0.803,1.022,1.2,0.164,3,4961.64,concept_drift,2024-05,4373.906518892967
ID0000617,2024-07-14,2,12,12465.0,24,2,2,1.203,1.431,1.8,0.536,14,9231.98,concept_drift,2024-07,8325.014276612343
ID0000618,2024-10-13,3,5,17713.0,32,3,1,1.013,0.89,1.2,0.217,4,5576.46,concept_drift,2024-10,5491.517618109472
ID0000619,2024-05-24,2,11,9141.0,25,0,1,0.952,1.133,0.4,0.379,14,4012.48,concept_drift,2024-05,3734.88056787482
ID0000620,2024-01-17,3,9,15234.0,33,3,0,0.761,0.963,1.8,0.022,0,6687.66,concept_drift,2024-01,6263.123781565675
ID0000621,2024-01-01,2,15,16565.0,26,1,1,0.998,1.013,1.2,0.142,14,5595.75,concept_drift,2024-01,5269.687103445383
ID0000622,2024-03-25,2,5,20648.0,74,2,1,0.995,1.081,0.4,0.26,1,3754.78,concept_drift,2024-03,3511.390231715348
ID0000623,2024-06-05,0,10,8219.0,19,2,2,1.135,1.1,1.8,0.552,0,8638.89,concept_drift,2024-06,7768.4983291220615
ID0000624,2024-08-20,3,11,16990.0,72,2,0,0.922,0.979,1.0,0.444,2,4907.8,concept_drift,2024-08,4504.281796876841
ID0000625,2024-04-08,2,15,10852.0,31,0,2,1.212,0.976,1.4,0.13,1,5734.08,concept_drift,2024-04,5297.538528204549
ID0000626,2024-03-12,1,4,22402.0,28,0,0,0.896,1.034,1.4,0.22,2,5286.83,concept_drift,2024-03,4646.980232937095
ID0000627,2024-11-22,2,3,20628.0,75,1,1,1.054,1.072,1.4,0.359,2,5668.94,concept_drift,2024-11,5079.143940782183
ID0000628,2024-08-08,3,16,11578.0,75,4,1,0.9,0.93,1.8,0.339,2,7291.44,concept_drift,2024-08,6868.390881316556
ID0000629,2024-04-05,4,14,16831.0,55,0,2,1.161,1.184,1.1,0.166,3,5429.23,concept_drift,2024-04,4848.2631449325545
ID0000630,2024-06-02,0,15,7078.0,65,2,1,1.003,0.871,1.1,0.349,1,5323.74,concept_drift,2024-06,4927.940239585431
ID0000631,2024-02-22,2,9,24328.0,57,2,2,1.207,1.181,1.8,0.579,7,7939.53,concept_drift,2024-02,6916.977432037093
ID0000632,2024-10-06,2,10,13755.0,62,0,0,0.823,0.925,1.8,0.106,1,5635.16,concept_drift,2024-10,5014.7426016559075
ID0000633,2024-08-06,2,8,15929.0,55,1,1,1.088,1.058,1.4,0.404,3,5992.52,concept_drift,2024-08,5300.259110452927
ID0000634,2024-10-09,2,0,35183.0,24,0,2,1.318,1.195,0.4,0.286,7,4591.84,concept_drift,2024-10,4194.396416491531
ID0000635,2024-03-22,0,11,7215.0,20,0,2,1.259,1.198,3.2,0.262,0,10755.1,concept_drift,2024-03,9241.221690393284
ID0000636,2024-04-16,2,10,12482.0,35,1,2,1.181,1.003,1.0,0.058,1,5187.9,concept_drift,2024-04,4725.990879104096
ID0000637,2024-03-20,1,11,6384.0,59,1,2,1.206,1.422,1.4,0.33,0,6540.64,concept_drift,2024-03,6006.283353778829
ID0000638,2024-03-26,3,13,8135.0,62,0,0,0.967,0.985,1.2,0.096,0,4760.73,concept_drift,2024-03,4017.308527089043
ID0000639,2024-09-07,0,2,12546.0,75,1,2,1.176,1.359,1.8,0.35,1,7081.59,concept_drift,2024-09,6328.5988877897735
ID0000640,2024-01-17,2,10,12765.0,72,0,2,1.165,1.189,1.2,0.197,2,5286.8,concept_drift,2024-01,4783.9588765009985
ID0000641,2024-06-18,2,18,12045.0,25,1,2,1.177,1.152,1.1,0.258,21,6185.96,concept_drift,2024-06,5816.692774035531
ID0000642,2024-06-22,4,16,13539.0,77,0,2,1.285,1.109,1.0,0.168,5,5033.12,concept_drift,2024-06,4445.992572333086
ID0000643,2024-05-23,1,5,20171.0,24,1,2,1.087,1.498,1.8,0.326,7,8523.43,concept_drift,2024-05,7537.31717070096
ID0000644,2024-06-22,4,0,42998.0,35,1,2,1.148,1.276,1.4,0.295,0,6374.34,concept_drift,2024-06,5671.024012906222
ID0000645,2024-04-17,2,18,7340.0,21,3,1,0.87,1.135,1.2,0.349,4,7285.46,concept_drift,2024-04,6737.597455247304
ID0000646,2024-09-27,2,1,31913.0,54,3,2,1.109,1.091,1.8,0.562,1,7628.04,concept_drift,2024-09,6886.065181425561
ID0000647,2024-10-01,2,11,14095.0,36,1,1,1.13,1.005,1.4,0.326,4,5796.33,concept_drift,2024-10,5441.081250192487
ID0000648,2024-09-20,0,19,5000.0,32,1,2,1.208,1.5,1.4,0.237,10,7078.59,concept_drift,2024-09,6608.489829340268
ID0000649,2024-12-27,1,9,13042.0,47,0,2,1.183,1.135,1.8,0.219,0,6639.09,concept_drift,2024-12,5998.531943217851
ID0000650,2024-10-15,1,5,12111.0,72,2,1,1.142,1.001,1.2,0.21,0,5398.14,concept_drift,2024-10,4920.6245153488535
ID0000651,2024-01-21,4,11,26502.0,51,1,2,1.134,1.409,1.4,0.038,1,6299.54,concept_drift,2024-01,5826.416591664461
ID0000652,2024-09-10,2,7,24201.0,65,0,1,0.92,0.986,1.0,0.598,3,5073.89,concept_drift,2024-09,4146.592094753733
ID0000653,2024-06-15,1,1,17640.0,42,1,1,1.094,1.004,1.2,0.361,2,5435.38,concept_drift,2024-06,4819.22413371923
ID0000654,2024-08-12,2,12,11088.0,41,1,1,1.159,0.913,1.0,0.404,1,5026.55,concept_drift,2024-08,4602.237405342673
ID0000655,2024-05-06,1,4,12527.0,72,1,2,1.173,1.152,1.4,0.291,0,6060.75,concept_drift,2024-05,5416.1869141749285
ID0000656,2024-06-25,0,10,8427.0,78,0,2,1.061,1.144,1.8,0.212,0,6508.06,concept_drift,2024-06,5739.1631092825055
ID0000657,2024-11-15,2,8,20664.0,52,1,0,0.877,0.928,1.0,0.331,1,4780.28,concept_drift,2024-11,4156.6328923810515
ID0000658,2024-03-26,4,10,36524.0,28,0,2,1.01,1.044,0.4,0.183,0,3738.92,concept_drift,2024-03,3416.9073081894326
ID0000659,2024-11-05,2,14,7634.0,29,0,0,0.935,0.919,1.2,0.25,1,5108.64,concept_drift,2024-11,4347.6984789726375
ID0000660,2024-09-02,1,15,6208.0,70,0,2,1.256,1.402,1.1,0.224,2,5537.8,concept_drift,2024-09,5081.138156326212
ID0000661,2024-06-23,2,9,15717.0,23,3,2,1.22,1.244,1.2,0.207,7,7375.63,concept_drift,2024-06,7011.6825445946615
ID0000662,2024-10-12,1,6,12049.0,54,1,2,1.172,1.145,1.2,0.476,0,5907.68,concept_drift,2024-10,5339.928754141557
ID0000663,2024-12-24,2,9,13589.0,78,0,0,0.943,0.946,1.4,0.042,30,5045.19,concept_drift,2024-12,3958.9125036387304
ID0000664,2024-02-20,1,8,11612.0,30,2,2,1.31,1.266,1.2,0.52,0,6575.63,concept_drift,2024-02,5986.95597968924
ID0000665,2024-09-20,0,7,13025.0,72,3,2,1.226,1.034,3.2,0.261,3,10219.42,concept_drift,2024-09,9132.093914456918
ID0000666,2024-04-02,2,17,8886.0,46,1,1,1.115,0.925,1.8,0.276,30,6918.24,concept_drift,2024-04,6328.927190401502
ID0000667,2024-10-04,1,8,8198.0,26,0,1,0.966,0.949,1.2,0.299,3,5119.39,concept_drift,2024-10,4637.427263304099
ID0000668,2024-07-17,3,12,21183.0,67,0,2,1.152,1.067,0.4,0.203,0,3672.07,concept_drift,2024-07,3099.637607886243
ID0000669,2024-03-17,2,8,9125.0,36,0,1,1.047,0.99,1.4,0.303,0,5509.44,concept_drift,2024-03,4987.501004889735
ID0000670,2024-04-05,3,9,17276.0,50,4,2,1.235,1.209,1.0,0.293,1,6468.17,concept_drift,2024-04,6064.1031118380415
ID0000671,2024-12-28,1,12,6993.0,72,4,2,1.085,1.235,1.8,0.111,4,7921.46,concept_drift,2024-12,7241.3287599393725
ID0000672,2024-06-12,1,6,12633.0,27,1,2,1.321,1.05,1.8,0.041,3,6712.94,concept_drift,2024-06,6238.451822617587
ID0000673,2024-11-25,3,5,15381.0,77,0,2,1.158,1.2,1.4,0.442,0,5977.13,concept_drift,2024-11,5189.621677240004
ID0000674,2024-11-10,2,13,8621.0,42,2,0,0.969,0.976,1.4,0.214,0,5908.11,concept_drift,2024-11,5437.014591797711
ID0000675,2024-03-06,1,8,11377.0,29,3,2,1.136,1.151,1.0,0.298,1,6146.56,concept_drift,2024-03,5787.620656765063
ID0000676,2024-04-14,1,7,13900.0,26,1,1,1.106,1.185,1.8,0.044,2,6705.32,concept_drift,2024-04,6178.319242730705
ID0000677,2024-07-06,3,8,20218.0,39,2,0,0.87,0.757,1.2,0.147,5,5107.92,concept_drift,2024-07,4636.422213092349
ID0000678,2024-08-22,2,5,30181.0,51,4,1,1.007,0.903,1.0,0.447,21,5901.7,concept_drift,2024-08,5565.762077891088
ID0000679,2024-06-27,1,11,9794.0,60,2,2,1.078,1.176,1.4,0.3,21,6764.09,concept_drift,2024-06,6258.442103471946
ID0000680,2024-07-24,4,8,22518.0,25,2,2,1.124,1.243,1.4,0.276,0,6890.04,concept_drift,2024-07,6364.950916294807
ID0000681,2024-10-20,3,10,13447.0,34,0,1,1.001,1.096,1.8,0.168,30,6828.32,concept_drift,2024-10,5995.177994481031
ID0000682,2024-05-27,3,7,19840.0,69,3,2,1.408,1.172,0.4,0.22,4,4447.37,concept_drift,2024-05,4435.7257573733195
ID0000683,2024-10-27,0,9,9471.0,41,2,2,1.321,1.271,1.2,0.652,0,6646.74,concept_drift,2024-10,6078.444487080405
ID0000684,2024-04-06,1,13,7666.0,53,2,0,0.958,0.835,1.0,0.355,1,4932.63,concept_drift,2024-04,4538.757861537837
ID0000685,2024-10-17,0,11,6252.0,54,3,0,0.925,1.006,1.4,0.332,1,6117.49,concept_drift,2024-10,5752.041096729508
ID0000686,2024-06-03,0,15,6107.0,65,0,2,1.371,1.214,1.8,0.457,2,7027.66,concept_drift,2024-06,6237.355422825758
ID0000687,2024-03-22,2,2,34373.0,18,0,1,0.849,0.947,1.4,0.138,5,6127.61,concept_drift,2024-03,5397.1511615739955
ID0000688,2024-01-28,3,6,28167.0,24,4,1,0.97,1.116,1.0,0.341,5,6773.31,concept_drift,2024-01,6459.106145054643
ID0000689,2024-06-13,2,6,25478.0,41,0,2,1.258,1.538,1.2,0.468,3,6548.39,concept_drift,2024-06,5395.996192661607
ID0000690,2024-02-04,1,8,10569.0,24,2,1,0.962,0.997,1.2,0.26,4,6440.58,concept_drift,2024-02,6224.461263380719
ID0000691,2024-12-11,1,5,26151.0,33,0,1,0.932,0.99,1.8,0.278,2,6451.33,concept_drift,2024-12,5665.381902785556
ID0000692,2024-10-21,4,0,32872.0,50,1,1,1.085,1.198,1.2,0.228,3,5315.54,concept_drift,2024-10,4876.700220696056
ID0000693,2024-02-09,0,18,5000.0,37,2,1,1.003,1.064,1.1,0.201,0,5660.84,concept_drift,2024-02,5213.212396453014
ID0000694,2024-02-27,2,20,11619.0,51,2,0,0.922,0.89,1.4,0.218,5,5948.71,concept_drift,2024-02,5416.670663137607
ID0000695,2024-11-16,3,2,20082.0,28,2,2,1.271,1.067,1.2,0.442,10,6299.64,concept_drift,2024-11,5594.359443908168
ID0000696,2024-04-26,4,9,29294.0,54,0,2,1.407,1.331,3.2,0.522,5,10489.14,concept_drift,2024-04,9134.082505234603
ID0000697,2024-10-19,3,12,12247.0,24,2,2,1.145,1.17,0.4,0.239,1,5279.2,concept_drift,2024-10,5219.875264678967
ID0000698,2024-06-06,2,7,23993.0,59,3,2,1.23,1.251,1.8,0.07,1,7438.93,concept_drift,2024-06,6920.514375602989
ID0000699,2024-07-02,4,11,21387.0,36,3,1,1.052,1.054,1.2,0.19,0,5998.64,concept_drift,2024-07,5635.450211466989
ID0000700,2024-10-12,1,6,10514.0,49,0,1,1.072,1.091,1.8,0.668,4,6779.21,concept_drift,2024-10,5853.683943803312
ID0000701,2024-10-27,4,13,15344.0,49,4,1,0.979,1.005,1.4,0.079,1,6593.13,concept_drift,2024-10,5995.419415985678
ID0000702,2024-09-21,4,9,28886.0,71,3,0,0.968,0.829,1.0,0.138,1,4685.93,concept_drift,2024-09,4425.364636546705
ID0000703,2024-06-19,1,8,15269.0,27,0,0,0.945,0.988,1.1,0.181,2,4675.12,concept_drift,2024-06,4084.028650996145
ID0000704,2024-06-06,2,16,8399.0,54,0,2,1.197,1.324,1.0,0.114,21,5643.31,concept_drift,2024-06,5065.654108459085
ID0000705,2024-04-26,1,15,7826.0,34,2,0,0.952,0.849,1.8,0.107,6,6604.72,concept_drift,2024-04,6152.445916359283
ID0000706,2024-09-28,2,0,32278.0,60,1,1,0.922,1.05,1.2,0.079,2,5276.12,concept_drift,2024-09,4449.621728221808
ID0000707,2024-11-25,2,5,15887.0,63,3,1,1.188,0.763,1.8,0.234,4,6638.76,concept_drift,2024-11,6264.446307341901
ID0000708,2024-04-06,3,17,10461.0,36,3,2,1.161,1.295,1.8,0.47,4,8481.48,concept_drift,2024-04,7617.544730652237
ID0000709,2024-03-05,2,9,13748.0,29,2,0,0.991,0.891,1.0,0.205,5,4946.74,concept_drift,2024-03,4640.564511066599
ID0000710,2024-10-23,1,18,6167.0,54,3,1,0.992,1.041,1.0,0.297,0,5715.54,concept_drift,2024-10,5401.671503768927
ID0000711,2024-03-17,1,12,9130.0,76,1,2,1.246,1.074,1.2,0.043,21,5688.7,concept_drift,2024-03,5077.855263056535
ID0000712,2024-01-10,2,6,16933.0,23,2,2,1.25,1.208,1.1,0.329,7,6971.3,concept_drift,2024-01,6388.166781932946
ID0000713,2024-12-20,3,8,28534.0,53,4,2,1.149,1.353,1.0,0.168,0,6294.0,concept_drift,2024-12,6007.46846474385
ID0000714,2024-04-11,1,6,14805.0,65,2,2,1.137,1.347,1.4,0.219,10,6672.29,concept_drift,2024-04,6063.400811868313
ID0000715,2024-01-19,1,11,8203.0,58,0,1,0.939,1.113,1.2,0.383,4,5414.86,concept_drift,2024-01,4752.562201243969
ID0000716,2024-04-25,4,9,32596.0,54,2,1,0.968,0.993,1.2,0.478,30,6331.99,concept_drift,2024-04,5465.491328275723
ID0000717,2024-04-26,2,9,19844.0,53,1,2,1.164,1.239,0.4,0.172,7,4157.47,concept_drift,2024-04,4092.0138772577748
ID0000718,2024-05-27,1,12,5286.0,27,0,1,1.029,0.75,1.1,0.216,5,4737.11,concept_drift,2024-05,4129.232902228997
ID0000719,2024-10-08,4,12,24682.0,73,2,1,0.843,0.948,1.2,0.189,0,5433.62,concept_drift,2024-10,4885.659018742236
ID0000720,2024-02-16,1,8,15847.0,79,2,0,0.772,0.822,1.4,0.097,0,5187.0,concept_drift,2024-02,4687.8444479554055
ID0000721,2024-10-25,2,9,15030.0,30,2,1,1.0,0.943,1.0,0.093,1,5035.35,concept_drift,2024-10,4799.011136293938
ID0000722,2024-11-03,4,0,64707.0,28,1,1,1.109,1.168,1.4,0.472,1,6298.95,concept_drift,2024-11,5410.610181459569
ID0000723,2024-06-11,1,11,9322.0,49,0,0,0.877,0.834,1.2,0.234,0,4534.18,concept_drift,2024-06,4037.304379984839
ID0000724,2024-05-07,1,9,10496.0,65,1,1,1.018,1.12,1.8,0.132,21,6971.42,concept_drift,2024-05,6070.7034373145925
ID0000725,2024-12-11,3,4,19542.0,33,0,2,1.179,1.338,1.0,0.364,5,5287.23,concept_drift,2024-12,4953.755573488437
ID0000726,2024-07-12,2,13,8715.0,32,4,1,0.964,0.969,1.2,0.275,0,6123.4,concept_drift,2024-07,6121.265206304328
ID0000727,2024-09-25,2,11,15191.0,66,2,1,0.919,1.026,3.2,0.328,0,9912.58,concept_drift,2024-09,8773.586912131543
ID0000728,2024-02-19,0,4,11805.0,56,2,1,1.062,1.149,0.4,0.06,2,3940.71,concept_drift,2024-02,3717.417445779691
ID0000729,2024-07-23,1,5,13160.0,61,2,1,0.975,1.009,1.4,0.44,30,6493.95,concept_drift,2024-07,5780.960363844397
ID0000730,2024-06-27,2,0,29263.0,21,2,2,1.073,1.156,1.4,0.031,3,6922.05,concept_drift,2024-06,6637.245248036266
ID0000731,2024-06-18,2,3,23041.0,56,0,2,0.99,1.19,1.2,0.289,30,5785.31,concept_drift,2024-06,5091.187828539208
ID0000732,2024-05-23,1,5,20257.0,68,1,1,1.057,1.024,1.0,0.376,4,4934.34,concept_drift,2024-05,4387.007003366156
ID0000733,2024-04-10,0,9,7899.0,63,1,1,1.007,0.851,1.8,0.261,0,6200.99,concept_drift,2024-04,5692.2659742352425
ID0000734,2024-01-12,3,5,21009.0,67,2,1,1.046,1.006,1.4,0.14,4,5734.1,concept_drift,2024-01,5331.814698533146
ID0000735,2024-02-25,1,6,18158.0,20,3,2,1.262,1.173,1.8,0.366,0,8488.82,concept_drift,2024-02,7890.507820292382
ID0000736,2024-07-16,3,17,11128.0,27,1,1,0.944,1.162,1.1,0.356,21,6138.45,concept_drift,2024-07,5443.618059762353
ID0000737,2024-11-09,3,10,18388.0,56,3,1,0.893,1.157,1.0,0.178,14,5804.56,concept_drift,2024-11,5244.365265576059
ID0000738,2024-09-19,1,8,12529.0,60,0,2,1.159,1.489,1.8,0.07,30,7272.11,concept_drift,2024-09,6464.162489052825
ID0000739,2024-11-18,2,4,21333.0,28,1,2,1.255,1.276,0.4,0.08,21,4394.38,concept_drift,2024-11,4210.715219177214
ID0000740,2024-10-20,2,16,9289.0,58,4,2,1.269,1.247,1.2,0.191,21,6950.98,concept_drift,2024-10,6804.429348588282
ID0000741,2024-10-10,1,0,16617.0,44,2,2,1.153,1.1,1.0,0.124,4,5306.29,concept_drift,2024-10,4916.279987405237
ID0000742,2024-09-16,3,7,18019.0,65,1,1,0.952,0.976,1.4,0.398,1,5773.47,concept_drift,2024-09,5062.42255511679
ID0000743,2024-12-13,3,3,24617.0,60,0,0,0.836,0.918,1.4,0.288,3,4998.54,concept_drift,2024-12,4323.99259723903
ID0000744,2024-10-14,3,4,44201.0,37,1,1,1.032,0.913,1.2,0.404,2,5323.18,concept_drift,2024-10,4774.743249860821
ID0000745,2024-09-01,1,10,8113.0,56,2,1,1.01,0.826,1.2,0.506,1,5643.41,concept_drift,2024-09,5103.330709126923
ID0000746,2024-08-08,1,18,5542.0,25,2,1,1.105,1.016,1.2,0.225,1,5929.04,concept_drift,2024-08,5574.95478455612
ID0000747,2024-07-27,3,13,10977.0,69,2,2,1.202,1.307,1.4,0.057,0,6435.69,concept_drift,2024-07,6048.741913549337
ID0000748,2024-09-05,0,6,10980.0,62,1,2,1.156,1.295,1.4,0.502,4,6594.96,concept_drift,2024-09,5884.147673488408
ID0000749,2024-05-22,3,11,13616.0,49,0,2,1.274,1.108,1.8,0.477,21,7228.39,concept_drift,2024-05,6389.692966785465
ID0000750,2024-05-23,1,9,8206.0,45,3,1,0.968,0.944,1.2,0.07,5,5584.11,concept_drift,2024-05,5419.446533083747
ID0000751,2024-12-16,1,5,18517.0,23,0,1,1.007,1.089,1.8,0.19,21,7400.29,concept_drift,2024-12,6570.432769975491
ID0000752,2024-06-03,0,9,12696.0,70,3,2,1.139,1.352,1.8,0.178,5,7831.18,concept_drift,2024-06,7152.17422723465
ID0000753,2024-04-26,2,0,31004.0,35,1,2,1.172,1.265,1.2,0.328,0,5860.07,concept_drift,2024-04,5354.772259749729
ID0000754,2024-05-14,1,9,13996.0,37,3,0,0.936,1.007,1.2,0.213,2,5653.79,concept_drift,2024-05,5381.99782394547
ID0000755,2024-04-04,3,8,26847.0,51,2,1,0.753,1.083,1.4,0.268,14,6258.76,concept_drift,2024-04,5787.176271110606
ID0000756,2024-08-23,2,13,16279.0,39,2,1,0.858,1.078,1.8,0.314,14,7320.53,concept_drift,2024-08,6587.890940913351
ID0000757,2024-03-14,2,8,17095.0,71,2,1,1.048,1.007,1.2,0.458,21,6064.42,concept_drift,2024-03,5336.922531768602
ID0000758,2024-05-07,3,13,14567.0,25,0,2,1.266,1.043,3.2,0.151,10,9716.89,concept_drift,2024-05,8777.212012013115
ID0000759,2024-04-08,1,3,22166.0,27,1,2,1.307,1.412,1.4,0.263,2,6761.69,concept_drift,2024-04,6078.55004479549
ID0000760,2024-07-01,1,5,13406.0,41,2,2,1.17,1.232,1.8,0.189,1,7417.82,concept_drift,2024-07,6676.608162816636
ID0000761,2024-11-24,2,11,14115.0,47,4,2,1.093,1.287,1.2,0.218,0,6882.95,concept_drift,2024-11,6439.902770608929
ID0000762,2024-11-01,2,4,16741.0,51,4,2,1.188,1.189,1.8,0.263,3,7908.68,concept_drift,2024-11,7345.378172359261
ID0000763,2024-02-09,2,3,26302.0,21,4,0,0.81,1.025,1.2,0.229,2,6778.88,concept_drift,2024-02,6583.7392617742835
ID0000764,2024-08-10,0,6,8768.0,30,0,2,1.28,1.277,1.4,0.177,1,6159.63,concept_drift,2024-08,5459.120251462583
ID0000765,2024-06-01,0,10,9410.0,25,1,2,1.093,1.252,1.8,0.599,21,8139.88,concept_drift,2024-06,7208.201722177184
ID0000766,2024-07-03,2,5,27812.0,37,2,1,0.907,1.004,1.8,0.213,4,6669.41,concept_drift,2024-07,6320.465751918447
ID0000767,2024-02-20,1,14,5000.0,54,3,1,1.138,1.118,1.2,0.322,0,6229.98,concept_drift,2024-02,5723.920279119005
ID0000768,2024-06-07,2,3,28388.0,64,2,2,1.283,1.403,1.4,0.255,10,6869.57,concept_drift,2024-06,6173.468351578066
ID0000769,2024-06-21,2,3,20621.0,19,2,1,1.012,1.105,1.2,0.228,5,6516.34,concept_drift,2024-06,6176.503995580303
ID0000770,2024-09-16,1,12,7780.0,78,1,1,0.897,1.137,1.2,0.094,0,5245.03,concept_drift,2024-09,4630.219287524286
ID0000771,2024-11-26,1,0,21001.0,37,1,2,1.176,1.46,1.8,0.088,3,7324.95,concept_drift,2024-11,6499.872761568532
ID0000772,2024-09-11,2,8,16018.0,18,0,0,0.83,0.872,1.2,0.294,21,5663.85,concept_drift,2024-09,5092.330838310513
ID0000773,2024-05-22,1,0,26609.0,27,0,2,1.089,1.405,1.4,0.371,0,6428.05,concept_drift,2024-05,5657.365872074884
ID0000774,2024-11-28,1,12,10264.0,57,0,2,1.208,1.25,1.2,0.376,1,5690.11,concept_drift,2024-11,5180.145900977554
ID0000775,2024-01-05,1,17,5547.0,19,2,1,1.03,0.996,1.0,0.315,21,6576.23,concept_drift,2024-01,6105.869027992949
ID0000776,2024-04-25,2,4,27263.0,39,2,0,0.905,1.114,0.4,0.329,1,3993.7,concept_drift,2024-04,3770.698873945049
ID0000777,2024-02-12,2,0,31932.0,33,0,2,1.193,0.929,1.0,0.579,14,5215.1,concept_drift,2024-02,4627.471002994769
ID0000778,2024-06-02,1,8,16170.0,39,3,2,1.149,1.104,1.8,0.186,5,7432.62,concept_drift,2024-06,6935.0669424478665
ID0000779,2024-05-02,1,12,9151.0,53,1,2,1.168,1.214,1.2,0.218,7,5951.76,concept_drift,2024-05,5420.237609975854
ID0000780,2024-08-27,2,11,15178.0,49,3,1,0.842,1.037,1.0,0.387,0,5633.38,concept_drift,2024-08,5379.575148413755
ID0000781,2024-02-24,2,5,17240.0,26,2,1,0.963,1.136,1.8,0.273,14,7357.66,concept_drift,2024-02,6646.383517166499
ID0000782,2024-10-11,3,3,33192.0,23,4,2,0.948,1.074,1.0,0.219,1,6758.59,concept_drift,2024-10,6523.20098901744
ID0000783,2024-10-05,2,6,19033.0,41,0,1,0.863,1.066,3.2,0.43,2,9564.16,concept_drift,2024-10,8371.175803412754
ID0000784,2024-07-13,2,5,22292.0,75,1,0,0.894,0.963,1.8,0.115,0,6013.75,concept_drift,2024-07,5194.752741660349
ID0000785,2024-04-12,2,4,18889.0,42,3,2,1.21,1.167,1.8,0.252,2,7451.29,concept_drift,2024-04,6944.873283101542
ID0000786,2024-03-15,3,10,15754.0,67,0,1,1.063,0.922,1.0,0.43,3,4602.97,concept_drift,2024-03,4104.259184461274
ID0000787,2024-12-24,0,17,5000.0,39,4,2,1.164,1.322,0.4,0.1,0,5365.31,concept_drift,2024-12,5248.385966377785
ID0000788,2024-09-25,2,4,20409.0,78,3,1,0.976,0.935,1.2,0.638,2,5967.9,concept_drift,2024-09,5403.217213238058
ID0000789,2024-09-10,3,2,39841.0,56,4,0,0.905,0.845,1.4,0.384,0,6174.42,concept_drift,2024-09,5666.585404882671
ID0000790,2024-02-21,2,7,23404.0,27,0,2,1.141,1.313,1.8,0.346,1,7123.57,concept_drift,2024-02,6434.079545123634
ID0000791,2024-01-20,1,11,7144.0,63,2,1,1.022,0.958,1.8,0.407,0,6944.61,concept_drift,2024-01,6131.361047254832
ID0000792,2024-06-25,2,4,23583.0,74,0,2,1.228,1.172,1.8,0.045,6,6279.68,concept_drift,2024-06,5668.725710176672
ID0000793,2024-03-04,3,11,14827.0,21,3,1,1.01,0.916,1.4,0.421,3,7143.98,concept_drift,2024-03,6777.146600051206
ID0000794,2024-12-06,2,8,16870.0,57,1,2,1.08,1.348,1.4,0.08,10,6405.64,concept_drift,2024-12,5745.637307714718
ID0000795,2024-03-04,3,3,30849.0,21,0,2,1.001,1.206,1.2,0.319,7,6409.14,concept_drift,2024-03,5880.047186280238
ID0000796,2024-11-02,1,16,5941.0,56,0,2,1.172,1.181,1.0,0.218,5,5259.48,concept_drift,2024-11,4715.942664548925
ID0000797,2024-05-22,1,15,6945.0,56,2,1,0.989,1.196,1.8,0.168,1,7040.26,concept_drift,2024-05,6534.071155459281
ID0000798,2024-11-12,1,8,8999.0,63,0,2,1.084,1.476,1.8,0.398,3,7392.92,concept_drift,2024-11,6392.213991480742
ID0000799,2024-05-22,3,12,7902.0,58,3,1,0.906,0.951,1.2,0.163,0,5773.85,concept_drift,2024-05,5492.274621684953
ID0000800,2024-03-27,2,9,12958.0,71,0,1,1.01,0.951,1.8,0.146,1,5893.51,concept_drift,2024-03,5295.23258343373
ID0000801,2024-04-21,0,14,7255.0,23,2,1,0.991,0.942,1.4,0.396,0,6964.9,concept_drift,2024-04,6560.889741481034
ID0000802,2024-01-19,2,10,14878.0,68,2,0,0.882,0.842,1.4,0.434,21,5650.57,concept_drift,2024-01,5287.870812534622
ID0000803,2024-11-20,2,10,14034.0,49,0,1,1.111,1.13,1.4,0.327,5,5785.36,concept_drift,2024-11,5174.199171631236
ID0000804,2024-02-02,1,1,18605.0,33,2,1,1.142,1.034,1.2,0.284,7,5701.94,concept_drift,2024-02,5235.182111937942
ID0000805,2024-10-12,3,4,31044.0,76,2,1,0.963,1.058,1.2,0.454,3,5596.97,concept_drift,2024-10,4984.48303550693
ID0000806,2024-10-24,2,8,19726.0,63,0,1,0.94,0.915,1.4,0.746,10,5964.16,concept_drift,2024-10,4935.263938462036
ID0000807,2024-09-23,0,7,10937.0,21,2,1,0.921,1.025,1.2,0.074,2,6319.02,concept_drift,2024-09,5919.00418728536
ID0000808,2024-12-22,1,8,12570.0,26,2,2,1.217,1.268,1.2,0.071,10,6277.74,concept_drift,2024-12,5818.4726437905165
ID0000809,2024-09-12,0,4,13322.0,68,2,1,1.031,0.849,1.8,0.192,4,6335.88,concept_drift,2024-09,5767.834354774712
ID0000810,2024-12-03,2,3,22094.0,53,1,2,1.223,1.167,1.2,0.182,30,5791.55,concept_drift,2024-12,5339.080778674419
ID0000811,2024-06-03,2,10,17154.0,52,1,1,1.07,0.973,1.1,0.058,1,4909.4,concept_drift,2024-06,4450.4686769732925
ID0000812,2024-06-16,1,10,13015.0,44,2,1,0.956,0.992,1.4,0.383,1,6302.18,concept_drift,2024-06,5732.060715264245
ID0000813,2024-09-18,4,12,20764.0,44,0,2,1.109,1.174,1.2,0.14,0,5634.43,concept_drift,2024-09,4929.903040312175
ID0000814,2024-09-04,4,14,21191.0,50,2,2,1.355,0.967,1.8,0.272,7,7243.5,concept_drift,2024-09,6756.365346047116
ID0000815,2024-10-02,2,14,8970.0,47,2,2,1.07,1.311,1.4,0.339,1,6793.23,concept_drift,2024-10,6490.535556676394
ID0000816,2024-10-14,4,9,30804.0,45,3,0,0.951,0.901,1.4,0.282,3,5994.98,concept_drift,2024-10,5627.881385475312
ID0000817,2024-05-07,2,8,19853.0,76,0,2,1.234,1.237,1.8,0.581,30,7447.91,concept_drift,2024-05,6304.1091469027215
ID0000818,2024-01-14,2,6,15887.0,57,2,1,0.884,0.888,1.8,0.285,1,6525.54,concept_drift,2024-01,5982.307124512349
ID0000819,2024-05-27,2,9,24555.0,61,3,1,0.979,0.942,1.2,0.806,2,6288.49,concept_drift,2024-05,5859.1819143474795
ID0000820,2024-07-18,3,4,21188.0,28,4,2,1.086,1.27,1.8,0.198,0,7933.83,concept_drift,2024-07,7415.3327812106845
ID0000821,2024-11-24,2,0,40390.0,39,1,0,1.069,0.977,1.4,0.342,6,5479.19,concept_drift,2024-11,4841.439510429395
ID0000822,2024-10-15,3,0,42424.0,45,4,0,0.895,0.929,0.4,0.036,1,3733.26,concept_drift,2024-10,3660.5991196362093
ID0000823,2024-06-10,2,9,15128.0,71,0,1,0.906,0.981,1.2,0.465,3,5180.41,concept_drift,2024-06,4412.36133205637
ID0000824,2024-05-27,3,7,14364.0,68,3,2,1.209,1.025,1.4,0.384,0,6587.67,concept_drift,2024-05,6152.176257657611
ID0000825,2024-02-06,2,7,19478.0,77,3,2,1.233,1.271,0.4,0.057,0,4559.6,concept_drift,2024-02,4290.576308105725
ID0000826,2024-06-13,0,4,13039.0,65,2,1,0.975,0.963,1.8,0.122,5,6491.02,concept_drift,2024-06,5859.34048849801
ID0000827,2024-07-13,0,8,9155.0,31,4,1,0.969,1.109,0.4,0.305,0,4805.15,concept_drift,2024-07,4834.343305305027
ID0000828,2024-01-09,1,14,7218.0,62,1,1,0.894,1.01,1.1,0.21,0,4940.58,concept_drift,2024-01,4650.1109360976625
ID0000829,2024-03-04,2,4,19255.0,36,0,2,1.115,1.218,0.4,0.455,2,4176.97,concept_drift,2024-03,3799.086712208958
ID0000830,2024-03-28,2,0,32472.0,65,1,1,0.869,0.895,1.0,0.414,0,4790.75,concept_drift,2024-03,4051.108132457284
ID0000831,2024-11-21,1,10,8057.0,20,2,2,1.069,1.121,1.0,0.265,4,6481.39,concept_drift,2024-11,6176.459319627104
ID0000832,2024-02-07,3,2,27194.0,46,1,1,0.934,0.969,1.2,0.135,6,5177.3,concept_drift,2024-02,4586.635784810175
ID0000833,2024-10-07,3,5,29585.0,53,4,1,1.06,1.019,1.0,0.27,2,5651.7,concept_drift,2024-10,5484.986584601
ID0000834,2024-06-09,3,13,11479.0,66,0,2,1.261,1.224,1.2,0.184,21,5810.42,concept_drift,2024-06,5122.673469114559
ID0000835,2024-04-28,0,9,9752.0,33,1,2,1.334,1.178,1.0,0.295,14,5786.75,concept_drift,2024-04,5186.2600687750055
ID0000836,2024-12-21,1,11,10093.0,55,1,2,1.108,1.342,1.2,0.236,3,5932.05,concept_drift,2024-12,5517.915145123902
ID0000837,2024-03-01,2,10,15716.0,51,1,2,1.109,1.182,1.4,0.49,2,6436.99,concept_drift,2024-03,5882.6612387147325
ID0000838,2024-08-25,3,3,36688.0,78,4,2,0.999,1.169,1.2,0.479,10,6603.58,concept_drift,2024-08,6272.010825242131
ID0000839,2024-12-13,1,0,23440.0,46,3,1,0.906,0.937,1.0,0.155,0,5100.74,concept_drift,2024-12,4809.565406889672
ID0000840,2024-07-08,1,12,8887.0,36,2,0,0.889,1.09,1.2,0.192,0,5734.31,concept_drift,2024-07,5147.731521803395
ID0000841,2024-11-15,2,6,21536.0,79,4,2,1.171,1.34,1.8,0.424,21,8337.6,concept_drift,2024-11,7643.343390292246
ID0000842,2024-04-15,2,6,22192.0,56,2,1,0.974,0.815,1.2,0.222,14,5383.07,concept_drift,2024-04,4821.914059247503
ID0000843,2024-01-05,2,2,23117.0,22,2,2,1.278,1.218,1.4,0.354,0,7442.9,concept_drift,2024-01,6901.783114609433
ID0000844,2024-02-24,1,13,6026.0,71,1,1,1.031,1.012,1.8,0.331,4,6613.66,concept_drift,2024-02,5911.452566434646
ID0000845,2024-05-15,2,18,5148.0,28,1,2,1.349,1.186,1.2,0.413,3,6449.35,concept_drift,2024-05,5827.012815480351
ID0000846,2024-06-19,1,10,11546.0,62,0,2,1.219,1.111,1.8,0.311,5,6811.66,concept_drift,2024-06,6002.410765921289
ID0000847,2024-02-20,2,4,25976.0,58,3,1,0.913,0.848,1.0,0.258,1,5184.57,concept_drift,2024-02,4837.5880202822555
ID0000848,2024-06-06,1,15,8152.0,77,2,2,1.12,1.151,1.8,0.209,3,7248.33,concept_drift,2024-06,6569.931117581433
ID0000849,2024-05-27,2,1,27889.0,45,3,2,1.15,1.363,1.8,0.483,1,7912.43,concept_drift,2024-05,7327.007870700687
ID0000850,2024-04-19,2,6,26916.0,48,1,2,1.167,1.246,1.8,0.317,0,7250.15,concept_drift,2024-04,6486.360089665063
ID0000851,2024-12-27,1,8,12642.0,78,4,1,0.995,1.127,1.2,0.239,10,6175.45,concept_drift,2024-12,5910.678906635797
ID0000852,2024-01-03,2,5,21295.0,55,4,1,1.092,0.973,1.2,0.214,2,5890.31,concept_drift,2024-01,5730.399737957978
ID0000853,2024-04-01,0,0,17784.0,33,2,0,0.982,0.75,1.4,0.221,3,5643.79,concept_drift,2024-04,4999.994788995275
ID0000854,2024-12-03,1,13,10218.0,71,3,2,1.133,1.105,1.2,0.199,4,6271.61,concept_drift,2024-12,5807.970566280435
ID0000855,2024-03-03,4,5,47072.0,72,3,2,0.972,1.281,1.2,0.27,30,6622.46,concept_drift,2024-03,6359.33976836043
ID0000856,2024-08-20,2,3,21153.0,19,2,1,1.011,0.943,1.2,0.086,0,6216.58,concept_drift,2024-08,5953.0663190761215
ID0000857,2024-11-10,2,11,11318.0,52,1,2,1.28,1.243,1.0,0.022,21,5643.12,concept_drift,2024-11,5166.570333152557
ID0000858,2024-07-12,0,6,12634.0,56,2,2,1.251,1.145,1.2,0.073,6,5844.95,concept_drift,2024-07,5378.76358920423
ID0000859,2024-03-22,3,9,18813.0,48,2,2,1.137,1.442,1.8,0.046,21,7707.13,concept_drift,2024-03,7182.839815715588
ID0000860,2024-07-16,2,9,14942.0,72,4,2,1.187,1.179,1.8,0.1,21,7908.84,concept_drift,2024-07,7265.635080697101
ID0000861,2024-12-12,0,7,13123.0,21,1,2,0.98,1.264,1.2,0.367,2,7014.24,concept_drift,2024-12,6264.0047357481835
ID0000862,2024-08-26,2,6,15466.0,39,0,2,1.182,1.277,1.4,0.255,30,6544.89,concept_drift,2024-08,5577.731927543604
ID0000863,2024-07-01,1,10,10627.0,30,0,2,1.158,1.211,1.0,0.054,0,4954.52,concept_drift,2024-07,4615.399179955303
ID0000864,2024-08-14,2,1,23943.0,69,0,1,0.955,1.014,1.2,0.181,3,4812.24,concept_drift,2024-08,4231.8282838611385
ID0000865,2024-04-09,1,0,15696.0,46,3,2,1.291,1.308,1.2,0.204,2,6580.34,concept_drift,2024-04,5900.829940513952
ID0000866,2024-08-25,1,1,20133.0,67,0,0,0.79,0.947,1.4,0.143,5,4754.0,concept_drift,2024-08,4067.7280688974765
ID0000867,2024-01-27,2,6,24593.0,40,0,2,1.165,1.305,1.4,0.742,1,6655.14,concept_drift,2024-01,5709.932043506575
ID0000868,2024-04-17,4,7,25048.0,38,2,1,0.889,1.187,1.8,0.165,10,7109.29,concept_drift,2024-04,6526.509455906281
ID0000869,2024-04-18,1,11,6985.0,23,2,1,0.87,0.949,1.0,0.22,4,5992.27,concept_drift,2024-04,5708.919734803721
ID0000870,2024-02-03,3,9,26592.0,70,2,1,1.049,0.911,1.0,0.27,6,5001.47,concept_drift,2024-02,4596.982389840302
ID0000871,2024-09-12,0,9,7534.0,63,2,1,1.068,1.022,1.4,0.334,21,6510.23,concept_drift,2024-09,5791.501904220404
ID0000872,2024-07-02,3,9,16258.0,39,1,2,1.123,1.133,1.8,0.228,5,7069.92,concept_drift,2024-07,6422.343811040386
ID0000873,2024-09-27,1,2,16494.0,79,1,1,0.932,1.264,1.4,0.468,0,6209.48,concept_drift,2024-09,5151.42076594645
ID0000874,2024-10-12,2,7,14699.0,57,3,1,0.958,0.957,1.2,0.614,0,6011.53,concept_drift,2024-10,5715.8806097189345
ID0000875,2024-10-24,0,4,16931.0,66,1,1,1.027,0.97,1.8,0.502,4,6735.29,concept_drift,2024-10,5747.9492262587055
ID0000876,2024-06-09,3,10,18394.0,54,0,0,0.952,0.849,1.8,0.141,1,5744.83,concept_drift,2024-06,5014.390111376205
ID0000877,2024-01-15,2,13,11669.0,55,2,0,0.764,0.909,1.8,0.196,1,6452.55,concept_drift,2024-01,5873.118318276548
ID0000878,2024-07-20,1,12,7509.0,44,2,2,1.162,1.175,1.8,0.348,0,7568.9,concept_drift,2024-07,6880.321604809949
ID0000879,2024-01-28,0,10,7870.0,43,1,2,1.031,1.219,1.2,0.133,2,5971.32,concept_drift,2024-01,5268.815765327875
ID0000880,2024-01-19,2,9,18079.0,22,3,0,0.88,0.838,1.2,0.271,3,6400.48,concept_drift,2024-01,6078.384973421422
ID0000881,2024-10-20,1,10,12240.0,20,3,0,0.963,0.961,1.0,0.618,0,6544.94,concept_drift,2024-10,6021.733425320046
ID0000882,2024-07-03,2,11,15662.0,41,0,1,0.992,0.932,0.4,0.222,30,3736.98,concept_drift,2024-07,3312.163426643479
ID0000883,2024-01-16,3,16,11247.0,52,3,0,0.903,1.119,1.4,0.465,0,6652.42,concept_drift,2024-01,6118.402207187294
ID0000884,2024-04-03,0,7,12217.0,75,2,2,1.096,1.298,1.4,0.091,4,6393.77,concept_drift,2024-04,5849.720677157126
ID0000885,2024-09-11,2,7,17739.0,39,2,1,1.108,0.969,1.4,0.085,7,5995.49,concept_drift,2024-09,5542.491259365501
ID0000886,2024-10-19,1,5,14004.0,55,0,1,1.088,1.161,1.2,0.101,0,5023.0,concept_drift,2024-10,4475.967526229142
ID0000887,2024-06-20,0,1,17197.0,67,2,1,0.978,1.158,1.0,0.395,2,5268.66,concept_drift,2024-06,4741.587323510795
ID0000888,2024-01-25,1,2,19711.0,22,1,1,0.964,0.888,1.4,0.085,10,6227.3,concept_drift,2024-01,5757.8138552705905
ID0000889,2024-06-11,1,0,22931.0,30,2,2,1.132,1.25,1.4,0.172,0,6429.19,concept_drift,2024-06,5996.449504454551
ID0000890,2024-03-10,2,17,8752.0,32,1,1,1.052,0.931,1.8,0.672,2,7318.86,concept_drift,2024-03,6455.502023508437
ID0000891,2024-11-19,2,3,31268.0,52,2,2,1.197,1.121,1.2,0.411,30,6316.03,concept_drift,2024-11,5750.669345571945
ID0000892,2024-10-04,1,8,8728.0,23,1,2,1.173,1.057,1.0,0.142,2,6061.43,concept_drift,2024-10,5564.125621741267
ID0000893,2024-05-05,2,5,17534.0,77,4,2,1.108,1.096,0.4,0.735,3,5111.51,concept_drift,2024-05,4885.814228056794
ID0000894,2024-01-08,3,0,36980.0,49,3,2,1.028,1.023,1.0,0.328,4,5798.09,concept_drift,2024-01,5412.82008696872
ID0000895,2024-02-10,2,13,10612.0,75,1,1,1.031,0.947,1.4,0.428,6,5868.43,concept_drift,2024-02,5225.098782280183
ID0000896,2024-04-01,3,5,25408.0,71,1,1,1.112,0.998,1.2,0.348,14,5493.5,concept_drift,2024-04,4766.058325066603
ID0000897,2024-07-12,2,7,14167.0,46,3,1,1.068,1.111,1.4,0.246,1,6494.24,concept_drift,2024-07,5833.9616818038285
ID0000898,2024-07-14,1,7,12344.0,43,2,1,1.051,1.091,1.4,0.131,7,6135.04,concept_drift,2024-07,5628.1425810940555
ID0000899,2024-11-27,4,10,23140.0,78,1,2,1.258,1.04,1.8,0.456,30,7265.56,concept_drift,2024-11,6497.689283832796
ID0000900,2024-07-04,2,6,17640.0,25,2,2,1.33,1.16,1.2,0.162,14,6282.11,concept_drift,2024-07,5820.133334197382
ID0000901,2024-11-16,2,11,12231.0,53,2,2,1.205,1.366,1.2,0.19,0,6327.3,concept_drift,2024-11,5774.233337190346
ID0000902,2024-07-08,1,4,17815.0,25,4,1,0.852,1.116,1.0,0.483,14,6311.01,concept_drift,2024-07,5956.965140612182
ID0000903,2024-04-23,4,11,27834.0,42,0,1,1.073,1.164,1.4,0.077,30,5930.0,concept_drift,2024-04,5191.479753567398
ID0000904,2024-12-09,4,7,27511.0,55,2,2,1.288,1.254,1.2,0.298,5,6039.82,concept_drift,2024-12,5711.271672171182
ID0000905,2024-07-16,2,0,46469.0,54,2,2,1.09,1.242,1.4,0.171,30,6784.21,concept_drift,2024-07,6106.5297885703185
ID0000906,2024-01-14,1,2,23657.0,71,1,1,1.048,1.012,1.4,0.23,14,5755.99,concept_drift,2024-01,5005.600022242715
ID0000907,2024-12-13,2,9,12199.0,65,0,0,0.907,0.855,1.0,0.381,4,4247.29,concept_drift,2024-12,3683.677314435873
ID0000908,2024-09-01,4,0,66026.0,74,2,1,0.827,1.039,0.4,0.483,0,3767.5,concept_drift,2024-09,3319.2492386268723
ID0000909,2024-07-18,2,0,27881.0,25,3,2,1.184,0.964,1.8,0.266,0,7368.79,concept_drift,2024-07,6903.050544468473
ID0000910,2024-04-22,3,0,43985.0,79,1,2,1.129,1.249,1.2,0.192,5,5668.45,concept_drift,2024-04,4973.224140287113
ID0000911,2024-10-22,1,3,24066.0,47,0,1,0.976,0.999,1.8,0.177,2,6151.86,concept_drift,2024-10,5497.051131620207
ID0000912,2024-04-24,3,20,11814.0,49,2,2,1.267,1.227,1.8,0.203,0,7504.57,concept_drift,2024-04,7004.083471754106
ID0000913,2024-06-12,1,12,12053.0,65,2,2,1.207,1.136,1.2,0.32,10,6301.51,concept_drift,2024-06,5684.5284365491025
ID0000914,2024-01-13,2,17,13227.0,57,2,2,1.389,1.176,1.8,0.655,0,8011.39,concept_drift,2024-01,6973.093122965783
ID0000915,2024-12-25,4,12,21952.0,33,4,2,1.106,1.121,1.0,0.47,1,6634.25,concept_drift,2024-12,6173.850196579879
ID0000916,2024-03-27,2,8,18699.0,41,0,1,0.889,0.918,0.4,0.096,0,3370.66,concept_drift,2024-03,2980.841170180285
ID0000917,2024-03-14,3,6,31838.0,25,2,2,1.192,1.401,1.2,0.535,2,6841.12,concept_drift,2024-03,6223.994401499505
ID0000918,2024-11-13,3,9,15126.0,37,2,1,0.972,1.106,0.4,0.065,0,4028.35,concept_drift,2024-11,3886.8365585491642
ID0000919,2024-07-02,3,11,12386.0,35,3,2,1.125,0.959,1.2,0.261,30,6736.9,concept_drift,2024-07,6249.1936261893725
ID0000920,2024-11-21,4,8,22545.0,37,2,2,1.319,1.107,1.2,0.05,2,5942.83,concept_drift,2024-11,5422.012455449471
ID0000921,2024-11-27,0,5,8607.0,70,2,2,1.069,1.091,1.2,0.068,7,5892.03,concept_drift,2024-11,5231.579501264454
ID0000922,2024-12-14,1,19,5761.0,35,0,2,1.075,1.325,1.8,0.212,14,7157.28,concept_drift,2024-12,6655.424098178018
ID0000923,2024-07-11,2,8,22920.0,79,0,1,0.998,0.94,0.4,0.386,6,3154.67,concept_drift,2024-07,2808.978891276445
ID0000924,2024-07-06,4,8,26254.0,29,2,1,1.066,1.117,1.2,0.124,0,5818.45,concept_drift,2024-07,5259.025905044198
ID0000925,2024-02-28,2,17,7162.0,28,0,1,1.155,0.929,1.8,0.276,0,6575.33,concept_drift,2024-02,5820.106539070554
ID0000926,2024-02-20,2,12,8803.0,52,1,2,1.204,1.057,1.8,0.089,2,6650.98,concept_drift,2024-02,6258.942301382639
ID0000927,2024-03-25,1,0,22849.0,61,1,1,1.034,1.112,1.4,0.181,1,5510.72,concept_drift,2024-03,4957.031485857858
ID0000928,2024-01-22,1,2,15117.0,32,2,1,0.951,0.886,1.8,0.668,10,7182.0,concept_drift,2024-01,6414.97995214417
ID0000929,2024-08-10,1,8,10240.0,52,4,1,0.885,0.966,3.2,0.131,3,10179.11,concept_drift,2024-08,9129.969019001852
ID0000930,2024-04-08,3,10,15663.0,26,2,0,0.885,0.992,1.2,0.391,3,5582.43,concept_drift,2024-04,5250.156279463472
ID0000931,2024-03-16,2,6,16355.0,64,3,2,1.239,1.064,3.2,0.483,3,10626.42,concept_drift,2024-03,9436.07573114093
ID0000932,2024-06-08,2,14,14928.0,29,0,2,1.357,1.332,1.4,0.335,30,6780.51,concept_drift,2024-06,6093.081986262997
ID0000933,2024-05-10,0,8,12481.0,30,0,1,0.941,0.999,1.2,0.224,4,4878.64,concept_drift,2024-05,4624.983877501156
ID0000934,2024-06-05,0,12,7180.0,68,1,2,1.247,1.159,1.4,0.285,0,6199.35,concept_drift,2024-06,5582.5425376346675
ID0000935,2024-08-07,1,4,18022.0,78,4,1,0.969,1.007,3.2,0.34,30,10763.9,concept_drift,2024-08,9667.997437989738
ID0000936,2024-11-21,2,4,25191.0,36,3,0,0.834,1.012,1.4,0.163,1,5975.6,concept_drift,2024-11,5604.580158768472
ID0000937,2024-01-12,2,14,11343.0,48,3,2,1.369,1.255,1.4,0.426,21,7505.92,concept_drift,2024-01,6876.098863939942
ID0000938,2024-06-28,4,15,14090.0,29,0,1,1.008,0.832,1.0,0.271,21,4913.25,concept_drift,2024-06,4491.722160393199
ID0000939,2024-12-21,1,11,9756.0,28,1,2,1.138,1.307,1.8,0.184,1,7341.67,concept_drift,2024-12,6692.1574945079265
ID0000940,2024-10-01,2,5,28156.0,40,1,2,1.087,1.346,1.0,0.202,0,5405.6,concept_drift,2024-10,5004.551372814907
ID0000941,2024-01-03,2,10,20377.0,26,2,0,0.941,0.909,1.8,0.352,4,6813.95,concept_drift,2024-01,6241.461578247081
ID0000942,2024-04-09,2,15,8046.0,67,3,0,0.868,1.04,1.8,0.016,7,6574.89,concept_drift,2024-04,6412.708657763598
ID0000943,2024-09-05,3,15,6854.0,41,2,1,1.081,1.06,0.4,0.159,0,4048.0,concept_drift,2024-09,3917.8593545116682
ID0000944,2024-12-02,1,1,14770.0,56,2,0,0.975,0.934,1.2,0.311,2,5186.19,concept_drift,2024-12,4675.7552513430655
ID0000945,2024-01-17,2,2,27601.0,45,2,0,0.833,0.91,1.2,0.44,5,5414.42,concept_drift,2024-01,4792.152040360199
ID0000946,2024-12-01,1,8,14152.0,54,2,1,1.022,0.834,1.8,0.377,1,6631.07,concept_drift,2024-12,6042.193819717002
ID0000947,2024-06-25,0,8,8274.0,55,0,2,1.286,0.919,1.0,0.373,5,4846.55,concept_drift,2024-06,4514.502958721571
ID0000948,2024-05-24,2,12,8299.0,63,3,2,1.124,1.236,1.8,0.419,14,7921.16,concept_drift,2024-05,7397.074000034442
ID0000949,2024-12-18,0,13,6453.0,64,0,1,1.002,1.14,1.2,0.318,30,5745.61,concept_drift,2024-12,4952.4555520831245
ID0000950,2024-11-19,1,9,8250.0,67,0,2,1.234,1.28,1.8,0.385,4,6911.12,concept_drift,2024-11,6132.504930118134
ID0000951,2024-10-22,3,9,12126.0,39,0,0,0.957,0.981,1.2,0.552,10,5584.7,concept_drift,2024-10,4506.989297400995
ID0000952,2024-08-06,3,12,16552.0,72,3,0,0.984,1.027,1.8,0.053,21,6963.54,concept_drift,2024-08,6478.9369345007035
ID0000953,2024-08-23,1,9,8484.0,67,1,1,1.09,1.053,1.2,0.093,0,5125.07,concept_drift,2024-08,4694.518136266195
ID0000954,2024-05-20,1,2,19017.0,38,1,1,0.982,1.065,1.8,0.444,3,7055.94,concept_drift,2024-05,6058.936228508207
ID0000955,2024-10-28,2,2,22139.0,69,3,1,0.928,0.949,1.0,0.08,1,4872.65,concept_drift,2024-10,4628.719944981205
ID0000956,2024-05-22,2,9,11200.0,20,0,1,1.085,1.118,1.0,0.392,1,5992.64,concept_drift,2024-05,5206.052776485988
ID0000957,2024-09-11,0,18,5000.0,44,1,2,1.111,1.158,1.2,0.25,1,5935.8,concept_drift,2024-09,5517.585334770768
ID0000958,2024-06-09,3,12,13134.0,59,1,2,1.241,1.18,1.8,0.242,2,7081.69,concept_drift,2024-06,6305.795386609615
ID0000959,2024-11-18,1,13,7149.0,62,2,2,1.149,1.145,1.2,0.263,0,5988.62,concept_drift,2024-11,5551.042514866606
ID0000960,2024-01-16,2,7,17961.0,23,2,2,1.21,1.168,1.0,0.215,6,6445.08,concept_drift,2024-01,6151.972522226186
ID0000961,2024-03-12,2,0,29724.0,71,2,0,0.875,0.794,1.2,0.375,2,4864.44,concept_drift,2024-03,4407.700687990264
ID0000962,2024-10-27,1,8,11180.0,18,1,1,1.103,1.061,3.2,0.532,1,10996.53,concept_drift,2024-10,9748.7739454122
ID0000963,2024-02-25,2,7,12509.0,73,1,2,1.142,1.306,1.8,0.378,6,7252.14,concept_drift,2024-02,6457.15093990683
ID0000964,2024-04-18,2,8,21326.0,58,2,2,1.403,1.311,1.4,0.24,0,6795.62,concept_drift,2024-04,6022.205281317089
ID0000965,2024-01-01,3,2,29192.0,30,1,1,1.012,1.069,3.2,0.498,3,10049.16,concept_drift,2024-01,9103.0362388585
ID0000966,2024-10-24,1,7,10944.0,62,0,1,1.028,1.001,1.8,0.596,4,6365.48,concept_drift,2024-10,5740.491369010011
ID0000967,2024-02-26,0,12,6179.0,33,0,1,1.02,0.906,1.8,0.213,7,6299.35,concept_drift,2024-02,5653.984319415422
ID0000968,2024-02-16,4,16,17380.0,26,0,2,1.096,1.085,1.4,0.413,1,6260.94,concept_drift,2024-02,5729.869778249504
ID0000969,2024-06-03,3,10,13392.0,40,0,1,0.994,0.975,1.8,0.561,10,6855.58,concept_drift,2024-06,6007.24821584625
ID0000970,2024-06-05,2,10,18079.0,22,2,1,1.183,0.887,1.4,0.416,0,6991.95,concept_drift,2024-06,6425.247552802299
ID0000971,2024-02-22,2,9,14942.0,51,3,2,1.085,1.166,1.0,0.221,30,6099.62,concept_drift,2024-02,5823.535837120631
ID0000972,2024-02-19,1,3,19011.0,79,0,2,1.185,1.064,1.2,0.059,30,5239.33,concept_drift,2024-02,4435.6463197751345
ID0000973,2024-04-22,3,6,27348.0,66,0,0,0.848,0.834,1.4,0.248,2,4778.51,concept_drift,2024-04,4089.221759204978
ID0000974,2024-06-22,0,7,9973.0,18,1,2,1.161,1.097,1.2,0.18,1,6498.38,concept_drift,2024-06,5954.582048670932
ID0000975,2024-06-10,2,16,10366.0,38,2,2,1.235,1.221,1.2,0.633,0,6724.64,concept_drift,2024-06,6213.040237092212
ID0000976,2024-09-25,2,0,27652.0,62,0,0,0.773,0.961,1.2,0.236,3,4670.97,concept_drift,2024-09,3903.9314333199814
ID0000977,2024-09-20,0,5,13242.0,37,0,2,1.065,1.394,1.4,0.325,6,6525.79,concept_drift,2024-09,5780.605635383002
ID0000978,2024-07-22,2,4,23149.0,78,0,2,1.097,1.205,0.4,0.379,10,4026.78,concept_drift,2024-07,3306.0311592236535
ID0000979,2024-07-21,2,3,17315.0,19,1,1,1.012,1.082,1.4,0.098,30,6757.09,concept_drift,2024-07,6231.5987538075915
ID0000980,2024-02-27,1,11,10021.0,20,1,1,0.834,1.07,1.2,0.31,30,6725.37,concept_drift,2024-02,6162.554628652089
ID0000981,2024-01-17,3,12,13365.0,67,3,2,1.195,1.558,1.0,0.484,30,7039.49,concept_drift,2024-01,6731.507353690357
ID0000982,2024-12-11,2,15,15595.0,76,0,1,0.922,1.307,1.4,0.026,4,5616.18,concept_drift,2024-12,4751.592812679009
ID0000983,2024-01-16,2,8,16472.0,77,1,2,1.254,1.23,1.8,0.127,0,6727.61,concept_drift,2024-01,6153.179461127964
ID0000984,2024-11-21,0,0,17992.0,45,0,1,0.959,1.221,1.8,0.146,2,6440.52,concept_drift,2024-11,5636.1451493687655
ID0000985,2024-10-01,1,4,13314.0,24,0,1,1.031,0.762,1.4,0.166,0,6020.61,concept_drift,2024-10,5162.35508052346
ID0000986,2024-12-05,4,9,36602.0,51,2,0,0.752,1.003,1.4,0.144,2,5729.7,concept_drift,2024-12,5314.226695179559
ID0000987,2024-10-21,1,12,9220.0,28,2,2,1.084,1.069,1.4,0.215,1,6656.11,concept_drift,2024-10,6118.568610412192
ID0000988,2024-06-04,2,9,21221.0,28,3,1,1.005,0.987,1.8,0.597,3,7538.49,concept_drift,2024-06,6960.122356255142
ID0000989,2024-04-04,0,5,16195.0,73,3,1,0.996,1.088,1.1,0.161,7,5751.89,concept_drift,2024-04,5184.587516211346
ID0000990,2024-07-26,0,9,8455.0,21,0,1,1.008,1.166,1.0,0.485,0,6227.04,concept_drift,2024-07,5339.43845279101
ID0000991,2024-09-09,3,6,29959.0,43,3,1,1.009,1.096,1.2,0.615,2,6418.39,concept_drift,2024-09,5849.8514155619
ID0000992,2024-03-27,0,7,10411.0,22,4,2,1.325,0.954,1.4,0.047,1,7283.29,concept_drift,2024-03,7287.214476554965
ID0000993,2024-07-08,3,14,15049.0,32,0,1,0.855,0.918,1.2,0.211,2,5184.04,concept_drift,2024-07,4607.528488374514
ID0000994,2024-03-10,2,0,28564.0,47,2,2,1.174,1.148,1.2,0.547,3,6054.38,concept_drift,2024-03,5719.643326402392
ID0000995,2024-06-17,2,5,31764.0,44,2,1,0.878,1.25,0.4,0.37,21,4654.21,concept_drift,2024-06,4298.921691117471
ID0000996,2024-08-23,1,4,12123.0,60,1,2,1.331,1.001,3.2,0.424,1,9678.63,concept_drift,2024-08,8885.003005347413
ID0000997,2024-07-06,1,11,7631.0,66,1,1,1.019,1.085,1.4,0.205,1,5918.48,concept_drift,2024-07,5169.375165261992
ID0000998,2024-09-28,1,19,5000.0,68,1,2,1.119,0.929,1.4,0.518,1,6221.46,concept_drift,2024-09,5683.492704682243
ID0000999,2024-04-08,2,0,20924.0,18,2,1,1.136,1.007,1.8,0.411,2,7732.23,concept_drift,2024-04,6954.247758207445
ID0001000,2024-06-05,2,3,28792.0,77,0,1,0.941,1.051,1.2,0.358,2,4758.07,concept_drift,2024-06,4304.521858094291
ID0001001,2024-12-20,3,9,17305.0,19,1,2,1.294,1.276,1.8,0.401,1,8442.7,concept_drift,2024-12,7387.889481637912
ID0001002,2024-09-02,0,3,21512.0,18,1,1,1.022,1.075,1.4,0.523,0,6952.8,concept_drift,2024-09,6106.691259240839
ID0001003,2024-03-07,3,10,12184.0,76,3,2,1.184,1.087,1.8,0.46,0,7506.76,concept_drift,2024-03,6948.5456097970355
ID0001004,2024-09-20,1,12,11311.0,31,4,1,0.925,1.011,1.1,0.063,2,6073.22,concept_drift,2024-09,5686.517952560274
ID0001005,2024-10-23,1,0,23860.0,68,3,2,1.153,1.268,1.8,0.274,0,7337.21,concept_drift,2024-10,6868.164164825378
ID0001006,2024-06-01,3,12,8888.0,44,0,0,0.797,0.869,1.2,0.107,10,4819.01,concept_drift,2024-06,4081.7794763617944
ID0001007,2024-08-27,1,7,14192.0,64,3,2,1.332,1.196,1.0,0.352,30,6419.86,concept_drift,2024-08,5902.6661800709935
ID0001008,2024-05-18,2,8,21355.0,62,2,2,1.344,1.297,1.8,0.121,30,7585.6,concept_drift,2024-05,6987.597796350766
ID0001009,2024-07-20,0,7,9834.0,18,0,1,0.955,1.031,1.0,0.279,0,5704.23,concept_drift,2024-07,5025.074989110451
ID0001010,2024-12-18,2,7,24040.0,78,2,0,0.99,0.935,1.2,0.398,2,5410.85,concept_drift,2024-12,4637.765368298401
ID0001011,2024-01-27,2,20,5749.0,21,3,2,1.172,0.997,1.2,0.365,0,7232.86,concept_drift,2024-01,6955.314892713399
ID0001012,2024-03-06,1,10,12437.0,43,0,0,0.99,0.911,1.4,0.334,2,5228.89,concept_drift,2024-03,4630.003529263009
ID0001013,2024-02-11,1,13,10995.0,77,1,2,1.127,1.197,1.4,0.111,14,6253.84,concept_drift,2024-02,5643.36595576363
ID0001014,2024-04-02,1,9,7993.0,21,1,2,1.112,1.277,1.2,0.044,0,6702.75,concept_drift,2024-04,6136.111478407013
ID0001015,2024-05-04,0,11,6408.0,59,3,1,1.039,1.068,1.8,0.339,10,7349.35,concept_drift,2024-05,6718.477864045888
ID0001016,2024-11-07,2,14,10054.0,26,2,2,1.116,1.187,3.2,0.119,30,10389.54,concept_drift,2024-11,9796.928770520912
ID0001017,2024-06-07,2,5,31721.0,60,2,2,1.309,1.326,3.2,0.205,3,10175.14,concept_drift,2024-06,9484.399696484797
ID0001018,2024-08-11,1,2,23424.0,65,1,2,1.215,1.062,0.4,0.497,2,4127.29,concept_drift,2024-08,3534.5847187099066
ID0001019,2024-04-21,4,12,26635.0,43,1,1,0.965,1.211,1.1,0.196,0,5428.46,concept_drift,2024-04,4946.761157629433
ID0001020,2024-07-09,2,11,13538.0,41,0,2,1.153,1.063,1.4,0.26,2,5820.56,concept_drift,2024-07,5346.13645071742
ID0001021,2024-12-19,1,0,21153.0,54,1,2,1.424,1.262,1.0,0.186,1,5303.78,concept_drift,2024-12,4671.624542386308
ID0001022,2024-06-22,2,4,27624.0,28,2,0,0.947,0.846,1.2,0.095,21,5115.4,concept_drift,2024-06,4838.070154043092
ID0001023,2024-03-27,0,9,7974.0,57,0,2,1.385,1.247,1.2,0.295,0,5862.49,concept_drift,2024-03,4987.601224486566
ID0001024,2024-04-17,3,10,19313.0,41,1,2,1.251,1.352,1.4,0.278,30,6752.34,concept_drift,2024-04,6216.153899633604
ID0001025,2024-08-09,4,10,33360.0,18,0,0,0.989,1.006,1.4,0.137,21,6301.7,concept_drift,2024-08,5449.724548542174
ID0001026,2024-09-02,2,0,19232.0,72,0,2,1.19,1.161,1.8,0.445,10,6828.91,concept_drift,2024-09,5885.843624198374
ID0001027,2024-05-20,1,7,13037.0,58,1,2,1.277,1.25,1.2,0.128,4,5806.98,concept_drift,2024-05,5211.338905635648
ID0001028,2024-07-24,2,2,24631.0,56,1,1,0.862,0.865,1.8,0.166,21,6250.04,concept_drift,2024-07,5570.567464949023
ID0001029,2024-08-18,1,10,7587.0,58,1,2,1.064,1.38,1.8,0.264,1,7322.28,concept_drift,2024-08,6558.539057503128
ID0001030,2024-05-24,3,19,8875.0,48,4,0,0.936,1.006,1.1,0.419,3,6245.66,concept_drift,2024-05,6055.686095618902
ID0001031,2024-11-17,2,8,13692.0,71,0,2,0.924,1.6,1.4,0.276,30,6822.94,concept_drift,2024-11,5875.792622998216
ID0001032,2024-07-04,2,6,17557.0,73,1,2,1.26,1.132,1.4,0.444,4,6275.32,concept_drift,2024-07,5602.7436786458975
ID0001033,2024-03-25,1,7,16573.0,31,2,2,1.202,1.121,1.2,0.156,10,6115.49,concept_drift,2024-03,5633.688256878728
ID0001034,2024-07-01,0,4,11341.0,21,3,1,0.997,0.963,0.4,0.083,14,4979.63,concept_drift,2024-07,4717.142781559213
ID0001035,2024-10-18,3,8,23255.0,73,1,1,0.983,1.104,0.4,0.527,1,3842.87,concept_drift,2024-10,3521.5387026919484
ID0001036,2024-08-19,1,15,5744.0,48,1,1,1.002,1.03,1.2,0.068,7,5276.85,concept_drift,2024-08,4940.688146197455
ID0001037,2024-10-08,2,4,24141.0,54,1,1,1.197,0.98,1.8,0.157,30,6651.46,concept_drift,2024-10,5853.892835084296
ID0001038,2024-02-11,1,20,5000.0,51,0,1,0.997,1.173,1.2,0.403,6,5634.79,concept_drift,2024-02,5100.050318998113
ID0001039,2024-08-05,2,7,17590.0,68,2,0,0.966,0.853,3.2,0.348,3,9533.82,concept_drift,2024-08,8198.601906509768
ID0001040,2024-01-08,0,14,7374.0,75,2,2,1.149,1.345,0.4,0.125,4,4604.65,concept_drift,2024-01,4356.8808961040095
ID0001041,2024-10-24,0,2,14779.0,40,0,1,0.967,0.911,1.2,0.05,1,4788.87,concept_drift,2024-10,4118.265258658563
ID0001042,2024-01-20,1,0,22836.0,33,1,2,1.127,1.2,1.8,0.153,6,6840.09,concept_drift,2024-01,6340.376197904454
ID0001043,2024-03-07,2,8,22446.0,56,3,1,1.047,1.19,1.2,0.379,10,6218.79,concept_drift,2024-03,5885.2473858968315
ID0001044,2024-06-04,2,8,15540.0,19,2,1,1.057,0.901,1.2,0.343,0,6502.47,concept_drift,2024-06,6013.116167435491
ID0001045,2024-10-13,2,3,23307.0,79,1,1,1.077,1.205,1.2,0.349,14,5615.54,concept_drift,2024-10,4888.13814735535
ID0001046,2024-07-22,0,5,9948.0,23,0,1,0.807,1.049,1.8,0.278,0,7239.16,concept_drift,2024-07,6591.026350944997
ID0001047,2024-02-03,2,11,10609.0,61,2,1,0.981,0.851,1.2,0.205,1,5411.08,concept_drift,2024-02,4869.868792510555
ID0001048,2024-10-18,3,16,10537.0,20,2,0,0.841,0.941,1.4,0.289,0,6685.97,concept_drift,2024-10,6427.177553231789
ID0001049,2024-12-10,0,5,15925.0,57,0,1,0.964,1.021,1.8,0.42,10,6401.91,concept_drift,2024-12,5690.574086170062
ID0001050,2024-06-24,0,3,15983.0,31,2,2,1.322,1.286,1.8,0.47,1,7686.5,concept_drift,2024-06,6921.928894652633
ID0001051,2024-08-10,2,2,34845.0,60,0,2,1.237,1.4,1.2,0.252,2,5900.95,concept_drift,2024-08,5062.3293684690425
ID0001052,2024-11-25,2,7,20786.0,20,0,2,1.13,1.076,1.2,0.364,0,6358.78,concept_drift,2024-11,5811.149562689699
ID0001053,2024-05-27,1,11,9171.0,56,1,1,0.956,0.969,1.2,0.324,3,5315.79,concept_drift,2024-05,4831.6734587159535
ID0001054,2024-06-14,2,5,25213.0,64,0,0,0.847,0.817,1.0,0.438,10,4437.9,concept_drift,2024-06,3523.8050600882216
ID0001055,2024-03-12,1,6,9099.0,23,0,1,1.116,1.147,1.2,0.133,30,6414.4,concept_drift,2024-03,5835.859196214989
ID0001056,2024-02-24,2,12,10246.0,32,2,1,0.852,1.034,1.0,0.167,1,5421.05,concept_drift,2024-02,4970.182187488383
ID0001057,2024-05-04,2,9,17519.0,54,0,1,0.911,1.021,3.2,0.197,0,9239.76,concept_drift,2024-05,7986.158119599784
ID0001058,2024-01-08,2,10,22261.0,19,3,2,1.275,1.239,1.1,0.087,0,6960.57,concept_drift,2024-01,6704.377784228048
ID0001059,2024-08-28,1,12,6518.0,27,3,0,0.863,0.953,1.0,0.225,3,5560.18,concept_drift,2024-08,5080.793104731918
ID0001060,2024-07-11,1,12,10598.0,62,2,1,1.19,0.993,1.0,0.352,0,5340.24,concept_drift,2024-07,4884.182151745289
ID0001061,2024-05-01,2,9,19749.0,35,2,2,1.198,1.26,1.4,0.577,0,6954.66,concept_drift,2024-05,6542.447853487672
ID0001062,2024-05-10,1,5,11559.0,79,4,2,1.124,1.332,1.0,0.19,6,6065.81,concept_drift,2024-05,6017.910583495033
ID0001063,2024-04-03,3,10,19843.0,20,1,2,1.1,1.04,1.0,0.4,5,6251.36,concept_drift,2024-04,5708.688913694006
ID0001064,2024-02-01,2,5,14975.0,41,0,2,1.084,1.21,1.8,0.031,3,6686.79,concept_drift,2024-02,5850.575213303476
ID0001065,2024-01-23,2,7,23694.0,74,0,1,0.872,1.045,1.0,0.5,7,4784.65,concept_drift,2024-01,4082.591325411888
ID0001066,2024-04-22,3,6,26634.0,40,1,2,1.139,1.185,1.4,0.116,0,6070.63,concept_drift,2024-04,5571.705534188347
ID0001067,2024-10-25,3,7,16843.0,64,0,2,1.235,1.295,1.4,0.049,1,5748.16,concept_drift,2024-10,5157.224726056685
ID0001068,2024-10-27,2,16,8414.0,53,2,2,1.096,1.207,1.4,0.134,0,6534.73,concept_drift,2024-10,6077.317279662425
ID0001069,2024-11-22,2,7,20535.0,77,1,1,1.096,0.98,1.2,0.346,2,5331.94,concept_drift,2024-11,4598.157917751987
ID0001070,2024-12-24,2,9,11283.0,39,0,2,1.232,1.325,1.2,0.384,1,5933.06,concept_drift,2024-12,5328.073030087701
ID0001071,2024-11-11,2,11,11814.0,74,0,0,0.907,0.96,1.2,0.117,1,4543.24,concept_drift,2024-11,3811.026694341694
ID0001072,2024-01-26,3,4,24752.0,24,2,0,0.93,0.882,1.2,0.164,6,6138.21,concept_drift,2024-01,5652.346788136209
ID0001073,2024-03-19,0,13,6589.0,43,1,2,1.038,1.135,1.4,0.376,1,6277.69,concept_drift,2024-03,5846.739740901896
ID0001074,2024-01-16,3,1,41725.0,35,2,2,1.005,1.02,1.4,0.529,4,6590.13,concept_drift,2024-01,6081.856443953513
ID0001075,2024-01-13,4,5,35930.0,60,2,2,1.104,1.056,1.0,0.274,21,5636.57,concept_drift,2024-01,5183.547247119095
ID0001076,2024-01-26,1,9,9100.0,62,2,2,1.097,1.151,1.8,0.14,6,7151.53,concept_drift,2024-01,6560.455734960869
ID0001077,2024-01-02,2,18,6940.0,22,0,2,1.101,1.244,1.2,0.161,30,7054.29,concept_drift,2024-01,6472.916109214138
ID0001078,2024-05-08,1,0,26382.0,46,0,1,0.995,0.885,1.8,0.299,2,6288.54,concept_drift,2024-05,5327.69204209613
ID0001079,2024-10-16,1,6,12311.0,48,1,0,0.758,0.944,1.0,0.21,0,4531.5,concept_drift,2024-10,4105.631728652532
ID0001080,2024-05-03,1,16,9515.0,34,0,2,1.161,1.246,3.2,0.162,10,10058.36,concept_drift,2024-05,8977.591426229603
ID0001081,2024-06-23,3,13,16044.0,53,2,1,1.033,0.893,1.2,0.178,1,5503.97,concept_drift,2024-06,4944.27301563801
ID0001082,2024-04-17,1,17,8427.0,59,1,1,1.116,0.984,1.2,0.267,30,5657.71,concept_drift,2024-04,5174.4325969870115
ID0001083,2024-06-03,4,2,53922.0,70,3,0,0.866,0.785,1.8,0.474,0,6547.74,concept_drift,2024-06,6014.1177394627975
ID0001084,2024-10-06,2,20,6695.0,49,1,2,1.165,1.547,1.4,0.071,21,7074.95,concept_drift,2024-10,6488.721535231068
ID0001085,2024-11-10,1,0,10598.0,64,3,2,1.246,1.402,1.0,0.354,0,6133.92,concept_drift,2024-11,5775.5720741771065
ID0001086,2024-04-07,3,8,18725.0,76,2,1,0.995,0.83,1.4,0.765,0,6061.21,concept_drift,2024-04,5539.118516536658
ID0001087,2024-01-06,1,3,14692.0,68,0,1,0.796,0.962,1.8,0.318,0,6207.28,concept_drift,2024-01,5337.109687920116
ID0001088,2024-05-08,2,11,10659.0,46,0,0,0.881,0.864,1.2,0.189,0,4530.22,concept_drift,2024-05,3985.9883294806164
ID0001089,2024-01-13,0,12,6059.0,27,2,1,1.284,0.892,0.4,0.261,0,3931.61,concept_drift,2024-01,3841.7888038011356
ID0001090,2024-05-06,1,6,9335.0,39,2,1,0.89,0.932,1.8,0.313,1,6750.07,concept_drift,2024-05,6291.831525309141
ID0001091,2024-11-25,2,13,12946.0,29,1,2,1.31,1.42,1.0,0.188,7,6022.11,concept_drift,2024-11,5422.699738510264
ID0001092,2024-06-03,2,7,27151.0,40,2,1,1.12,1.018,1.8,0.158,0,6881.99,concept_drift,2024-06,6345.260214901413
ID0001093,2024-01-13,2,13,12831.0,36,3,1,1.016,1.166,1.8,0.417,3,7762.39,concept_drift,2024-01,6979.950672116875
ID0001094,2024-03-15,2,11,10229.0,18,0,2,1.252,1.29,1.2,0.147,30,7014.93,concept_drift,2024-03,6350.196088734486
ID0001095,2024-02-23,1,4,24844.0,43,4,1,0.936,1.011,3.2,0.711,0,11008.05,concept_drift,2024-02,9754.893892641436
ID0001096,2024-09-05,2,10,11737.0,70,0,0,0.985,0.837,1.2,0.548,14,4972.83,concept_drift,2024-09,4146.929351495747
ID0001097,2024-07-18,2,11,13030.0,52,1,2,1.263,1.204,1.0,0.187,0,5417.09,concept_drift,2024-07,4893.8389795238145
ID0001098,2024-07-11,4,6,26888.0,60,2,2,1.2,1.234,1.0,0.15,14,5687.34,concept_drift,2024-07,5229.853428252764
ID0001099,2024-09-11,2,8,19419.0,64,2,0,0.892,0.885,1.0,0.143,0,4602.69,concept_drift,2024-09,4152.6678209206075
ID0001100,2024-08-16,2,6,15345.0,73,2,0,0.872,0.922,1.4,0.413,0,5552.22,concept_drift,2024-08,5117.343082139417
ID0001101,2024-03-23,4,11,19388.0,40,1,2,1.275,1.236,1.1,0.259,4,5639.02,concept_drift,2024-03,5372.907014288886
ID0001102,2024-06-13,2,15,10038.0,67,2,0,0.861,0.905,1.0,0.077,6,4678.98,concept_drift,2024-06,4350.132192879103
ID0001103,2024-04-17,2,1,42278.0,21,2,1,0.897,1.049,1.0,0.201,3,5943.57,concept_drift,2024-04,5497.188353552145
ID0001104,2024-04-09,0,9,10091.0,18,0,2,1.186,1.173,1.2,0.265,1,6445.4,concept_drift,2024-04,5942.973028236466
ID0001105,2024-06-01,0,12,6483.0,46,1,1,0.846,1.034,1.8,0.555,1,6974.75,concept_drift,2024-06,6275.5231313668955
ID0001106,2024-06-21,0,9,7011.0,42,2,2,1.294,1.107,1.2,0.381,0,6041.59,concept_drift,2024-06,5598.91593472638
ID0001107,2024-11-12,2,1,24576.0,25,1,1,0.913,1.207,1.1,0.225,0,5611.19,concept_drift,2024-11,4969.70302469991
ID0001108,2024-10-23,0,19,5000.0,59,2,1,0.991,0.835,1.2,0.135,10,5567.19,concept_drift,2024-10,5143.088030188652
ID0001109,2024-07-11,2,7,21400.0,52,2,0,0.893,0.897,1.8,0.067,7,6341.1,concept_drift,2024-07,5748.917736257682
ID0001110,2024-12-17,0,3,15133.0,74,2,2,1.073,0.998,1.0,0.078,21,5224.08,concept_drift,2024-12,4935.106767813938
ID0001111,2024-12-25,0,6,9853.0,70,2,0,0.891,0.927,1.0,0.468,0,4831.21,concept_drift,2024-12,4416.2234298377025
ID0001112,2024-09-09,4,9,27959.0,67,0,2,1.231,1.016,0.4,0.694,7,4017.58,concept_drift,2024-09,3374.959503399734
ID0001113,2024-05-25,0,6,9532.0,30,2,0,0.975,0.917,1.0,0.426,3,5244.86,concept_drift,2024-05,4706.844933263988
ID0001114,2024-03-10,1,17,6192.0,47,2,0,0.944,0.815,1.8,0.498,3,6957.58,concept_drift,2024-03,6141.724362856641
ID0001115,2024-10-23,3,8,13446.0,73,2,2,1.062,1.472,1.2,0.119,0,6156.01,concept_drift,2024-10,5594.572510712468
ID0001116,2024-05-12,1,5,22075.0,71,1,0,0.867,1.025,0.4,0.068,1,3077.58,concept_drift,2024-05,2759.303043135798
ID0001117,2024-07-02,1,3,15257.0,39,0,2,1.063,1.146,1.2,0.294,5,5500.63,concept_drift,2024-07,4985.127895968961
ID0001118,2024-09-07,1,10,7685.0,46,1,0,0.921,0.75,1.8,0.08,0,5779.93,concept_drift,2024-09,5202.065236725394
ID0001119,2024-09-16,3,5,15847.0,33,2,1,0.994,0.918,1.8,0.32,3,6973.23,concept_drift,2024-09,6268.240645153312
ID0001120,2024-11-25,0,9,11767.0,79,2,1,0.977,1.014,1.2,0.088,0,5334.22,concept_drift,2024-11,4816.523120361791
ID0001121,2024-06-10,3,4,33376.0,19,0,2,1.128,1.278,1.4,0.551,0,7276.71,concept_drift,2024-06,6503.908366555687
ID0001122,2024-04-12,0,9,8278.0,57,4,2,1.189,1.095,1.2,0.271,10,6539.16,concept_drift,2024-04,6439.667194488388
ID0001123,2024-11-04,2,12,9540.0,44,1,1,1.011,1.128,1.8,0.493,7,7357.92,concept_drift,2024-11,6412.693092103948
ID0001124,2024-03-06,0,5,14704.0,76,3,2,1.164,1.272,1.0,0.098,3,5716.32,concept_drift,2024-03,5436.769095464165
ID0001125,2024-10-18,2,10,13026.0,77,1,1,0.987,1.081,1.8,0.386,1,6465.08,concept_drift,2024-10,5876.936071139984
ID0001126,2024-02-07,2,12,9360.0,24,2,1,0.911,0.929,1.8,0.389,0,7972.49,concept_drift,2024-02,7213.719822121316
ID0001127,2024-03-12,2,12,17670.0,67,2,1,1.019,1.024,1.0,0.086,2,5051.38,concept_drift,2024-03,4653.954846563677
ID0001128,2024-09-14,2,12,12166.0,28,0,1,1.077,1.075,1.8,0.522,21,7125.54,concept_drift,2024-09,6252.7018737160515
ID0001129,2024-08-11,2,0,23663.0,46,2,1,0.966,0.942,1.8,0.239,6,6810.95,concept_drift,2024-08,6070.287691470997
ID0001130,2024-03-28,1,0,25495.0,68,1,2,1.165,1.222,1.8,0.548,5,7010.24,concept_drift,2024-03,6377.3130353186525
ID0001131,2024-07-01,2,7,24250.0,22,2,1,1.17,1.159,1.2,0.272,0,6640.38,concept_drift,2024-07,6312.832661145193
ID0001132,2024-09-26,0,5,10721.0,25,1,1,1.135,0.876,1.0,0.441,0,5077.11,concept_drift,2024-09,4653.635925913083
ID0001133,2024-07-02,2,8,20355.0,27,1,1,0.979,0.811,1.4,0.062,6,5397.81,concept_drift,2024-07,5052.091091268479
ID0001134,2024-07-28,1,16,5000.0,56,1,1,1.032,0.864,1.8,0.741,30,7608.76,concept_drift,2024-07,6941.783417096949
ID0001135,2024-12-27,2,5,14428.0,46,0,1,1.117,1.037,1.8,0.08,1,6330.67,concept_drift,2024-12,5491.109298954247
ID0001136,2024-10-27,1,12,9901.0,65,1,2,0.941,1.243,1.0,0.11,0,5338.14,concept_drift,2024-10,4900.771821570985
ID0001137,2024-10-28,3,0,45650.0,74,1,1,1.074,1.225,1.2,0.366,7,5561.49,concept_drift,2024-10,4854.312992506164
ID0001138,2024-05-24,2,8,14133.0,44,4,2,1.169,1.226,1.0,0.147,10,6483.25,concept_drift,2024-05,5997.781254041652
ID0001139,2024-10-04,1,4,13108.0,19,2,2,1.09,1.043,1.8,0.099,4,7877.24,concept_drift,2024-10,7385.972986035489
ID0001140,2024-08-14,0,0,18861.0,49,0,0,0.961,0.95,1.0,0.276,6,4180.81,concept_drift,2024-08,3771.833101822457
ID0001141,2024-03-10,2,0,32796.0,64,0,1,1.062,1.057,1.4,0.074,0,5087.23,concept_drift,2024-03,4543.890077231681
ID0001142,2024-12-24,2,1,30466.0,49,1,1,0.927,0.888,1.8,0.121,0,6036.77,concept_drift,2024-12,5498.997105192621
ID0001143,2024-01-25,2,0,29592.0,40,2,0,0.825,0.828,3.2,0.241,14,9435.88,concept_drift,2024-01,8102.419586606626
ID0001144,2024-03-07,3,7,21409.0,64,4,1,0.981,1.138,1.8,0.403,0,7673.08,concept_drift,2024-03,6933.863099696906
ID0001145,2024-09-17,2,6,17368.0,47,2,1,1.102,0.927,1.2,0.223,21,5818.77,concept_drift,2024-09,5167.552127417035
ID0001146,2024-05-15,1,4,11002.0,49,1,0,0.977,0.956,1.4,0.469,5,5694.39,concept_drift,2024-05,4977.502630560121
ID0001147,2024-07-04,0,7,7790.0,65,3,1,1.024,0.948,1.4,0.213,0,5963.87,concept_drift,2024-07,5604.1268051857605
ID0001148,2024-07-26,2,11,12617.0,21,0,1,1.02,1.089,1.2,0.186,10,6060.81,concept_drift,2024-07,5603.744277688756
ID0001149,2024-03-28,1,4,21171.0,29,3,1,0.984,0.909,1.2,0.153,1,5842.81,concept_drift,2024-03,5415.968076802057
ID0001150,2024-10-12,4,7,34485.0,21,2,2,1.068,1.096,1.4,0.235,30,7699.86,concept_drift,2024-10,6983.285466204274
ID0001151,2024-11-17,2,5,17805.0,77,2,1,1.014,0.943,1.4,0.195,2,5567.84,concept_drift,2024-11,5139.332853704742
ID0001152,2024-05-18,3,6,13856.0,58,2,2,1.117,1.299,1.2,0.267,0,6023.08,concept_drift,2024-05,5645.50051421143
ID0001153,2024-01-08,3,0,47379.0,75,1,2,1.125,1.133,3.2,0.052,5,9216.04,concept_drift,2024-01,8662.194437442407
ID0001154,2024-05-09,2,11,14647.0,60,3,1,1.065,1.147,1.2,0.086,0,5993.18,concept_drift,2024-05,5506.405880758887
ID0001155,2024-02-06,0,5,12877.0,51,1,2,1.053,1.239,1.4,0.549,7,6607.02,concept_drift,2024-02,5944.4847379561525
ID0001156,2024-08-16,2,11,16541.0,49,3,2,1.238,1.427,1.2,0.162,5,6915.71,concept_drift,2024-08,6396.938224488827
ID0001157,2024-02-22,2,7,12051.0,58,1,0,0.75,0.946,1.0,0.17,1,4421.61,concept_drift,2024-02,3974.5844496110217
ID0001158,2024-05-08,3,9,19822.0,31,2,0,0.954,0.989,1.8,0.15,2,6625.38,concept_drift,2024-05,6160.91731048649
ID0001159,2024-05-05,4,8,33251.0,63,2,2,1.184,1.176,0.4,0.299,5,4399.22,concept_drift,2024-05,4177.932063763257
ID0001160,2024-05-06,0,11,5014.0,30,1,2,1.205,1.123,1.4,0.345,30,6837.29,concept_drift,2024-05,6162.469534007414
ID0001161,2024-01-15,1,14,5635.0,35,0,2,1.278,1.117,1.8,0.127,1,6939.72,concept_drift,2024-01,6137.890544542566
ID0001162,2024-07-01,3,8,17453.0,78,3,2,1.16,1.263,1.8,0.455,10,7804.66,concept_drift,2024-07,7248.127270140911
ID0001163,2024-03-09,3,0,28926.0,54,0,0,0.911,0.999,1.4,0.484,30,5745.12,concept_drift,2024-03,4706.141872538589
ID0001164,2024-03-15,3,10,13065.0,41,1,2,1.252,1.159,1.4,0.061,1,6228.36,concept_drift,2024-03,5538.16375674081
ID0001165,2024-10-12,2,5,33204.0,76,1,1,0.851,1.09,1.0,0.094,30,4991.8,concept_drift,2024-10,4248.754313533619
ID0001166,2024-01-13,2,3,26725.0,31,1,1,0.966,0.98,1.4,0.338,7,5867.07,concept_drift,2024-01,5300.361658872004
ID0001167,2024-09-26,1,5,13080.0,40,4,0,0.901,0.863,1.2,0.287,2,5889.75,concept_drift,2024-09,5599.7694111816845
ID0001168,2024-06-25,1,12,7574.0,74,3,2,1.014,1.258,1.4,0.325,6,6889.19,concept_drift,2024-06,6492.681368360071
ID0001169,2024-12-04,2,7,15105.0,24,0,2,1.243,1.335,1.4,0.27,1,7033.19,concept_drift,2024-12,6353.83952888803
ID0001170,2024-07-12,3,7,20796.0,76,2,0,0.874,0.889,1.4,0.273,1,5378.18,concept_drift,2024-07,5008.245664728279
ID0001171,2024-12-24,1,6,11914.0,71,2,1,0.947,1.087,1.2,0.105,3,5376.37,concept_drift,2024-12,4958.708234734994
ID0001172,2024-05-25,1,3,25957.0,73,0,1,1.028,0.962,1.2,0.214,7,4818.93,concept_drift,2024-05,4150.143685150693
ID0001173,2024-04-02,2,7,17591.0,25,1,2,1.269,1.176,1.0,0.211,5,5575.63,concept_drift,2024-04,5105.026720699507
ID0001174,2024-05-06,0,8,8527.0,28,2,1,1.042,0.782,1.8,0.497,0,6924.15,concept_drift,2024-05,6293.772287209247
ID0001175,2024-05-26,3,5,23964.0,22,3,2,1.259,1.204,1.2,0.195,7,7237.97,concept_drift,2024-05,6860.2163245869215
ID0001176,2024-07-15,3,6,26927.0,24,1,2,1.343,1.224,1.4,0.145,10,6988.37,concept_drift,2024-07,6563.236873578748
ID0001177,2024-11-02,0,1,13214.0,48,0,1,0.999,1.021,1.2,0.154,0,5064.1,concept_drift,2024-11,4323.89348570236
ID0001178,2024-03-10,2,2,31011.0,50,2,1,1.036,1.137,1.2,0.254,3,5605.77,concept_drift,2024-03,5165.130003472235
ID0001179,2024-11-07,3,1,44826.0,62,3,2,1.096,0.962,1.2,0.062,3,5700.27,concept_drift,2024-11,5411.3095878583
ID0001180,2024-01-20,1,17,5358.0,78,2,0,0.872,0.869,1.2,0.22,0,5057.43,concept_drift,2024-01,4584.2458042770695
ID0001181,2024-10-19,3,7,26282.0,43,1,2,1.19,1.211,1.2,0.319,0,5941.46,concept_drift,2024-10,5360.859328828249
ID0001182,2024-06-14,3,0,29693.0,44,2,2,1.181,1.303,1.2,0.215,30,6253.27,concept_drift,2024-06,5811.323594849071
ID0001183,2024-06-09,1,12,12062.0,65,1,0,0.878,0.944,1.4,0.129,7,5295.81,concept_drift,2024-06,4762.232883252278
ID0001184,2024-02-02,2,13,8773.0,75,0,2,1.278,1.271,1.0,0.185,0,4989.26,concept_drift,2024-02,4484.467142391665
ID0001185,2024-06-09,0,14,6357.0,48,2,2,1.267,1.055,1.4,0.192,5,6455.1,concept_drift,2024-06,6064.541812801003
ID0001186,2024-04-15,3,13,10929.0,75,0,2,1.172,0.982,1.4,0.131,3,5501.2,concept_drift,2024-04,4913.905072138658
ID0001187,2024-06-02,3,4,30674.0,61,1,1,1.054,0.998,1.2,0.452,5,5337.49,concept_drift,2024-06,4780.17045888141
ID0001188,2024-05-25,4,4,38093.0,24,0,1,1.071,1.098,1.8,0.328,4,7272.34,concept_drift,2024-05,6487.078821114628
ID0001189,2024-04-13,1,9,10369.0,35,3,1,1.121,1.003,1.2,0.362,2,6157.01,concept_drift,2024-04,5770.461865143733
ID0001190,2024-03-26,0,16,5146.0,74,2,2,1.161,1.281,0.4,0.353,0,4600.67,concept_drift,2024-03,4519.22053200286
ID0001191,2024-06-17,2,4,18700.0,64,4,2,1.28,1.364,1.8,0.212,4,8029.74,concept_drift,2024-06,7422.433327214504
ID0001192,2024-07-16,0,0,24506.0,61,2,2,1.126,1.317,1.0,0.324,0,5731.47,concept_drift,2024-07,5227.891838334834
ID0001193,2024-12-09,2,0,35686.0,37,0,2,1.224,1.079,1.4,0.165,14,5748.95,concept_drift,2024-12,5112.013404069491
ID0001194,2024-08-11,3,10,18011.0,49,0,1,1.077,1.014,1.2,0.113,21,5184.91,concept_drift,2024-08,4656.430372415612
ID0001195,2024-08-11,1,16,5000.0,22,2,1,0.873,1.053,3.2,0.562,2,11253.14,concept_drift,2024-08,9990.552493527231
ID0001196,2024-02-10,3,14,9599.0,53,2,1,0.937,1.032,1.1,0.232,1,5507.1,concept_drift,2024-02,5105.570764876655
ID0001197,2024-04-05,3,9,17170.0,28,4,2,1.026,1.218,1.8,0.54,0,8406.23,concept_drift,2024-04,7553.404019497963
ID0001198,2024-11-24,0,12,5000.0,71,2,2,1.166,1.273,1.8,0.112,10,7351.4,concept_drift,2024-11,6793.621315322333
ID0001199,2024-05-28,2,3,26693.0,55,1,1,0.955,0.75,1.2,0.356,1,5081.93,concept_drift,2024-05,4400.705025373056
ID0001200,2024-08-10,2,13,9138.0,39,4,2,1.115,1.378,1.8,0.322,21,8674.63,concept_drift,2024-08,8145.913437938241
ID0001201,2024-09-21,0,16,5438.0,34,1,1,1.049,1.027,1.2,0.086,5,5496.41,concept_drift,2024-09,5021.0515000291
ID0001202,2024-12-22,1,20,5299.0,41,3,1,0.975,0.985,0.4,0.069,0,4290.14,concept_drift,2024-12,4203.806075265001
ID0001203,2024-02-07,2,12,15176.0,49,1,1,1.037,0.937,1.2,0.304,3,5349.73,concept_drift,2024-02,4806.85470253034
ID0001204,2024-11-01,1,13,7716.0,19,0,0,0.801,0.971,1.4,0.257,7,6428.37,concept_drift,2024-11,5522.470797261066
ID0001205,2024-08-17,1,8,14190.0,40,2,1,1.046,0.974,1.8,0.579,21,7492.62,concept_drift,2024-08,6654.3400741458645
ID0001206,2024-07-18,1,20,5127.0,34,2,2,1.206,1.167,1.8,0.481,2,8058.16,concept_drift,2024-07,7248.022471339092
ID0001207,2024-07-13,1,9,12965.0,61,0,2,1.21,1.205,1.4,0.261,1,6018.41,concept_drift,2024-07,5248.043252627837
ID0001208,2024-09-19,0,7,14259.0,31,0,1,1.057,1.217,1.2,0.025,0,5157.32,concept_drift,2024-09,4618.968743048104
ID0001209,2024-06-11,0,8,8884.0,64,2,2,1.217,1.047,1.1,0.624,10,6099.05,concept_drift,2024-06,5630.655190366328
ID0001210,2024-08-11,4,1,44375.0,57,1,1,1.039,1.039,3.2,0.35,4,9699.06,concept_drift,2024-08,8697.659530012113
ID0001211,2024-10-06,0,16,6123.0,47,3,1,1.032,1.114,1.2,0.102,1,6015.94,concept_drift,2024-10,5626.059673207495
ID0001212,2024-02-25,2,20,7384.0,30,4,0,0.813,1.006,1.2,0.381,30,6780.76,concept_drift,2024-02,6418.419423874998
ID0001213,2024-04-07,4,5,32149.0,23,3,0,0.843,0.848,1.8,0.069,6,7325.35,concept_drift,2024-04,6896.367248073209
ID0001214,2024-12-24,0,10,7370.0,33,2,0,0.838,1.005,1.0,0.263,10,5217.93,concept_drift,2024-12,4849.669965411051
ID0001215,2024-10-25,2,8,17762.0,50,2,1,0.988,0.93,1.4,0.341,4,6120.14,concept_drift,2024-10,5551.1322074235195
ID0001216,2024-04-20,0,4,11336.0,29,1,2,1.272,1.284,1.4,0.472,21,6835.81,concept_drift,2024-04,6074.986815040968
ID0001217,2024-08-13,3,10,14093.0,32,0,0,0.75,0.816,1.2,0.243,2,4690.99,concept_drift,2024-08,4099.11537868194
ID0001218,2024-04-14,2,5,24414.0,60,3,1,1.077,0.805,1.0,0.484,1,5296.0,concept_drift,2024-04,4907.855140978861
ID0001219,2024-03-14,1,13,5111.0,30,1,1,1.191,1.066,1.8,0.275,7,6735.63,concept_drift,2024-03,6325.708623102848
ID0001220,2024-01-24,2,11,11007.0,45,0,2,1.213,1.211,1.4,0.356,3,6194.08,concept_drift,2024-01,5556.568110818561
ID0001221,2024-08-16,3,2,30616.0,43,3,0,0.965,0.909,1.2,0.299,21,5743.31,concept_drift,2024-08,5231.9199389804035
ID0001222,2024-06-13,4,9,21685.0,44,4,2,1.24,1.192,1.2,0.244,0,6716.89,concept_drift,2024-06,6358.414065114885
ID0001223,2024-07-05,1,13,6372.0,57,0,2,1.206,1.173,1.4,0.417,1,6105.94,concept_drift,2024-07,5458.949635068444
ID0001224,2024-04-12,2,0,47704.0,53,2,1,0.977,0.932,1.4,0.161,5,5596.26,concept_drift,2024-04,5176.402717345226
ID0001225,2024-02-22,3,11,14698.0,29,2,1,1.009,1.102,1.8,0.432,10,7598.16,concept_drift,2024-02,6724.422552861259
ID0001226,2024-10-08,2,13,13026.0,75,3,2,0.942,1.191,1.4,0.351,0,6746.56,concept_drift,2024-10,6235.059707820212
ID0001227,2024-11-14,1,19,7255.0,76,1,2,1.095,1.148,1.8,0.36,30,7571.8,concept_drift,2024-11,6746.7823675000145
ID0001228,2024-07-11,1,8,11315.0,43,2,2,1.174,1.258,1.2,0.286,0,6270.63,concept_drift,2024-07,5795.87250596518
ID0001229,2024-06-14,1,3,17828.0,53,0,2,1.165,1.292,1.0,0.103,2,4959.19,concept_drift,2024-06,4469.42361853041
ID0001230,2024-09-16,3,11,14433.0,27,1,1,0.953,0.773,3.2,0.16,30,9553.53,concept_drift,2024-09,8654.858235526548
ID0001231,2024-03-15,2,7,24418.0,48,3,1,1.038,1.007,1.2,0.066,0,5587.35,concept_drift,2024-03,5390.359982537848
ID0001232,2024-04-02,1,13,7990.0,51,2,2,1.253,1.046,3.2,0.035,0,9927.64,concept_drift,2024-04,9118.53669805647
ID0001233,2024-04-03,4,12,24439.0,34,3,2,1.263,1.167,1.8,0.22,3,7770.7,concept_drift,2024-04,7106.993617091337
ID0001234,2024-06-13,1,11,11689.0,45,2,0,0.958,0.93,3.2,0.031,3,9084.87,concept_drift,2024-06,8330.496588496966
ID0001235,2024-03-26,1,11,5899.0,25,0,1,0.975,1.144,0.4,0.124,1,3891.5,concept_drift,2024-03,3334.744363658858
ID0001236,2024-06-13,2,9,15247.0,71,3,2,1.2,1.093,1.8,0.579,1,7885.0,concept_drift,2024-06,6970.851133404971
ID0001237,2024-11-21,1,9,12135.0,74,4,2,1.141,1.421,1.2,0.642,0,7378.54,concept_drift,2024-11,6778.086088457772
ID0001238,2024-03-19,1,10,6993.0,56,1,1,1.073,0.843,1.8,0.563,21,6849.9,concept_drift,2024-03,6238.316134375383
ID0001239,2024-03-08,2,20,5680.0,18,0,1,1.093,1.149,1.2,0.247,21,6595.48,concept_drift,2024-03,6041.471657161795
ID0001240,2024-06-23,1,5,19621.0,76,3,2,1.162,1.247,1.8,0.3,4,7513.85,concept_drift,2024-06,6974.66810547386
ID0001241,2024-06-28,3,6,23564.0,73,2,2,1.198,1.182,1.8,0.026,10,7140.7,concept_drift,2024-06,6443.969771043787
ID0001242,2024-07-09,4,9,26821.0,35,4,1,0.88,1.23,1.8,0.146,1,7732.88,concept_drift,2024-07,7102.770149306793
ID0001243,2024-10-02,4,8,22222.0,75,2,2,1.159,1.208,1.1,0.666,3,6235.47,concept_drift,2024-10,5615.097872347427
ID0001244,2024-09-15,0,8,10290.0,58,3,2,1.22,1.13,1.4,0.161,0,6509.86,concept_drift,2024-09,6129.794733772022
ID0001245,2024-05-17,1,1,17036.0,24,3,0,0.957,0.906,1.8,0.317,3,7467.7,concept_drift,2024-05,7025.550752230929
ID0001246,2024-05-23,0,20,5000.0,62,1,1,0.9,0.918,1.8,0.259,7,6776.72,concept_drift,2024-05,5998.17390619828
ID0001247,2024-07-26,1,6,17231.0,79,0,2,1.232,1.085,1.2,0.464,30,5961.07,concept_drift,2024-07,4915.272977807788
ID0001248,2024-05-09,1,1,14828.0,25,1,1,0.994,1.072,1.2,0.184,14,5515.65,concept_drift,2024-05,5045.220238133182
ID0001249,2024-11-26,2,0,48017.0,63,0,1,1.034,0.969,1.0,0.262,4,4313.59,concept_drift,2024-11,3844.3894599968726
ID0001250,2024-07-27,1,10,8190.0,63,2,2,1.143,1.01,1.2,0.414,0,5874.87,concept_drift,2024-07,5511.941076220575
ID0001251,2024-02-06,4,3,37658.0,63,1,2,1.233,1.203,0.4,0.134,1,3832.5,concept_drift,2024-02,3605.4800716706454
ID0001252,2024-11-26,1,9,12022.0,23,0,1,0.806,0.998,1.8,0.563,2,7432.86,concept_drift,2024-11,6732.192584161667
ID0001253,2024-12-13,2,2,25545.0,43,4,1,0.973,1.058,1.4,0.22,4,6523.8,concept_drift,2024-12,6053.580841416845
ID0001254,2024-03-08,1,10,11531.0,37,4,2,1.116,1.287,1.2,0.173,5,6833.43,concept_drift,2024-03,6559.507570716021
ID0001255,2024-01-05,2,20,6065.0,43,1,1,0.994,0.807,0.4,0.687,0,3904.4,concept_drift,2024-01,3994.0828508704744
ID0001256,2024-10-22,4,17,11019.0,66,1,2,1.202,1.245,1.2,0.079,21,6072.05,concept_drift,2024-10,5624.707363718966
ID0001257,2024-10-05,3,10,14652.0,27,1,1,0.993,1.063,1.4,0.195,0,5905.04,concept_drift,2024-10,5412.974521299432
ID0001258,2024-10-28,2,8,12480.0,35,1,2,1.117,1.124,1.4,0.508,6,6462.25,concept_drift,2024-10,5986.4054459323315
ID0001259,2024-03-24,0,0,21858.0,75,2,2,1.068,1.156,1.4,0.151,6,6102.49,concept_drift,2024-03,5549.165275597695
ID0001260,2024-02-23,2,8,14953.0,26,0,1,0.875,0.948,1.0,0.308,1,4932.06,concept_drift,2024-02,4297.825634691655
ID0001261,2024-12-11,4,6,32976.0,51,2,1,0.963,0.984,1.8,0.201,0,6851.05,concept_drift,2024-12,6101.399387142817
ID0001262,2024-05-04,2,20,6065.0,18,1,1,1.045,1.011,1.2,0.184,2,6536.05,concept_drift,2024-05,5872.021805682547
ID0001263,2024-07-17,0,4,12380.0,78,4,1,1.005,0.856,1.2,0.423,0,5951.6,concept_drift,2024-07,5643.454513874415
ID0001264,2024-02-28,3,10,17196.0,29,3,1,0.978,1.164,1.4,0.516,30,7438.19,concept_drift,2024-02,6483.938052623701
ID0001265,2024-02-19,1,11,7671.0,18,4,1,1.122,1.066,1.8,0.146,0,8398.1,concept_drift,2024-02,7901.7495820305585
ID0001266,2024-07-15,1,20,5290.0,26,1,1,0.929,1.01,1.2,0.407,0,5965.34,concept_drift,2024-07,5298.974344818965
ID0001267,2024-12-10,1,17,5804.0,71,1,1,1.036,0.852,1.8,0.324,7,6753.41,concept_drift,2024-12,5865.297266647685
ID0001268,2024-11-04,1,0,20183.0,28,2,0,0.914,0.87,1.4,0.207,1,5511.05,concept_drift,2024-11,5132.537172368731
ID0001269,2024-12-11,1,18,5966.0,38,2,1,1.07,1.05,1.8,0.092,0,7081.01,concept_drift,2024-12,6498.131735093962
ID0001270,2024-12-24,0,2,13518.0,66,2,2,1.265,1.169,1.0,0.175,2,5232.11,concept_drift,2024-12,4954.533443813428
ID0001271,2024-06-04,4,16,15499.0,20,2,1,1.012,1.111,1.4,0.396,0,7446.72,concept_drift,2024-06,6706.196300734499
ID0001272,2024-02-24,1,12,8298.0,48,0,2,1.137,1.262,1.2,0.725,21,6628.47,concept_drift,2024-02,5916.748914416279
ID0001273,2024-03-16,1,6,18586.0,51,2,1,1.045,1.133,1.4,0.758,10,6795.6,concept_drift,2024-03,6027.443632748649
ID0001274,2024-01-02,0,8,9119.0,62,1,2,1.145,1.165,1.2,0.116,6,5803.04,concept_drift,2024-01,5175.890410562924
ID0001275,2024-11-15,1,15,6376.0,79,1,1,0.957,1.118,1.8,0.108,0,6432.45,concept_drift,2024-11,5716.256954304344
ID0001276,2024-10-21,1,12,7670.0,22,1,1,1.074,1.006,1.2,0.146,21,6579.86,concept_drift,2024-10,6013.478934811786
ID0001277,2024-01-12,2,13,13726.0,29,1,2,1.078,1.109,1.8,0.216,0,7113.25,concept_drift,2024-01,6492.592585386162
ID0001278,2024-01-22,2,3,31165.0,42,2,1,1.111,1.032,1.2,0.243,0,5621.63,concept_drift,2024-01,5146.9757109169905
ID0001279,2024-05-24,2,16,9461.0,50,0,2,1.3,1.241,1.0,0.232,0,5298.31,concept_drift,2024-05,4827.373808008088
ID0001280,2024-10-25,2,6,25679.0,21,4,2,1.251,1.242,1.4,0.634,1,8488.72,concept_drift,2024-10,7891.290430521032
ID0001281,2024-11-25,1,6,15046.0,44,2,0,0.858,0.978,1.8,0.064,30,6717.08,concept_drift,2024-11,5983.38778801498
ID0001282,2024-05-21,0,4,11937.0,18,2,2,1.115,1.272,1.0,0.108,2,6612.01,concept_drift,2024-05,6093.268611079678
ID0001283,2024-10-20,1,15,5000.0,21,0,1,1.055,0.989,1.4,0.253,5,6535.25,concept_drift,2024-10,5805.9898405760805
ID0001284,2024-08-03,1,9,9045.0,57,0,0,0.809,0.94,1.4,0.34,1,5260.15,concept_drift,2024-08,4570.000717420366
ID0001285,2024-07-13,4,8,23919.0,76,0,1,1.051,1.134,1.8,0.518,5,6666.97,concept_drift,2024-07,5736.554368465415
ID0001286,2024-12-27,1,8,9666.0,44,0,1,0.995,0.836,1.4,0.088,1,5142.54,concept_drift,2024-12,4612.650135527876
ID0001287,2024-12-03,2,10,14625.0,64,2,2,1.229,1.312,0.4,0.053,1,4335.1,concept_drift,2024-12,4259.082568602289
ID0001288,2024-03-15,1,4,11371.0,45,0,1,1.217,1.025,1.8,0.366,0,6394.49,concept_drift,2024-03,5724.003688452983
ID0001289,2024-02-21,2,13,14153.0,72,0,2,1.114,1.456,1.8,0.603,3,7454.55,concept_drift,2024-02,6543.35106149799
ID0001290,2024-09-22,2,10,13710.0,63,2,2,1.152,1.267,1.8,0.122,21,7459.56,concept_drift,2024-09,6877.639161058667
ID0001291,2024-11-09,1,14,10538.0,22,0,2,1.326,1.175,1.2,0.586,0,6838.12,concept_drift,2024-11,6267.2237833831505
ID0001292,2024-07-01,4,8,27810.0,62,2,1,0.887,0.948,1.4,0.132,0,5709.04,concept_drift,2024-07,5294.6038774903645
ID0001293,2024-09-07,2,14,10725.0,27,0,2,0.928,1.159,1.4,0.299,2,6257.61,concept_drift,2024-09,5653.596167291456
ID0001294,2024-11-03,2,5,20310.0,66,2,1,1.05,1.016,1.4,0.484,1,5976.42,concept_drift,2024-11,5575.375325778558
ID0001295,2024-03-26,3,12,12431.0,42,3,2,1.236,1.028,1.0,0.326,5,6045.14,concept_drift,2024-03,5754.117302797644
ID0001296,2024-08-07,1,12,5607.0,56,0,0,1.038,0.87,1.2,0.309,0,4955.07,concept_drift,2024-08,4045.1230558271163
ID0001297,2024-05-19,1,6,12669.0,24,0,2,1.324,1.265,1.4,0.088,1,6740.77,concept_drift,2024-05,6076.553757888197
ID0001298,2024-09-22,0,11,10057.0,27,0,1,0.936,0.854,1.4,0.214,7,5300.9,concept_drift,2024-09,4915.066856332526
ID0001299,2024-05-24,4,8,30800.0,75,1,1,0.99,0.947,1.0,0.247,0,4737.39,concept_drift,2024-05,4154.152785923108
ID0001300,2024-12-27,4,16,13952.0,31,2,2,1.228,1.444,1.4,0.414,10,7454.51,concept_drift,2024-12,6893.0013236017685
ID0001301,2024-06-17,1,10,16045.0,57,0,2,1.346,1.157,1.8,0.094,0,6538.58,concept_drift,2024-06,5933.519595479514
ID0001302,2024-05-16,3,14,9993.0,18,1,1,1.072,0.971,3.2,0.507,1,10941.16,concept_drift,2024-05,9601.485268315819
ID0001303,2024-10-20,1,7,13491.0,36,2,0,0.91,0.947,1.2,0.219,0,5333.65,concept_drift,2024-10,4917.517163740152
ID0001304,2024-06-14,1,11,13734.0,57,1,1,1.129,1.039,1.0,0.578,5,5339.6,concept_drift,2024-06,4820.864863211529
ID0001305,2024-05-10,4,15,11926.0,29,3,1,1.14,1.077,1.4,0.381,7,6941.66,concept_drift,2024-05,6280.572604084831
ID0001306,2024-01-17,2,5,18432.0,63,0,1,0.915,0.935,1.2,0.319,0,4903.77,concept_drift,2024-01,4254.25449478305
ID0001307,2024-02-21,1,7,10279.0,66,1,0,0.96,0.909,1.8,0.233,30,6398.93,concept_drift,2024-02,5668.300723848381
ID0001308,2024-10-27,3,10,16664.0,53,2,2,1.101,1.11,1.4,0.222,5,6503.34,concept_drift,2024-10,5944.622501086358
ID0001309,2024-11-18,1,8,8385.0,29,0,1,1.026,0.947,1.2,0.305,5,5345.06,concept_drift,2024-11,4661.378377923618
ID0001310,2024-07-27,3,6,22662.0,40,0,0,0.915,1.126,1.2,0.265,2,5207.56,concept_drift,2024-07,4469.989577087518
ID0001311,2024-07-28,2,5,17662.0,60,1,1,0.954,0.942,1.4,0.247,30,5781.74,concept_drift,2024-07,5161.10329629484
ID0001312,2024-12-27,1,7,17633.0,77,2,1,1.079,0.968,1.0,0.312,30,5358.45,concept_drift,2024-12,4760.406690838168
ID0001313,2024-01-24,1,4,14564.0,76,2,1,0.841,1.032,1.0,0.281,1,5082.94,concept_drift,2024-01,4516.8665545009835
ID0001314,2024-05-18,1,4,15930.0,61,0,1,1.142,1.017,1.8,0.163,7,6177.18,concept_drift,2024-05,5452.227145797229
ID0001315,2024-01-17,0,5,14610.0,78,1,1,1.156,0.972,1.4,0.241,1,5447.46,concept_drift,2024-01,4854.299143827134
ID0001316,2024-11-25,3,7,21956.0,47,4,0,0.887,0.989,1.2,0.716,1,6520.48,concept_drift,2024-11,5876.657216983131
ID0001317,2024-12-14,3,7,24781.0,56,3,1,1.056,1.002,1.4,0.191,21,6445.01,concept_drift,2024-12,5901.743218448712
ID0001318,2024-06-23,4,11,26461.0,79,1,1,0.888,0.954,1.0,0.191,0,4694.59,concept_drift,2024-06,4119.164804572827
ID0001319,2024-01-04,2,9,14898.0,50,1,1,0.993,0.948,1.2,0.098,2,4980.97,concept_drift,2024-01,4673.942292479019
ID0001320,2024-11-14,2,15,13049.0,76,3,1,0.976,1.048,1.0,0.37,2,5487.88,concept_drift,2024-11,5244.002992260175
ID0001321,2024-01-03,0,11,6646.0,61,3,2,1.188,1.406,1.4,0.365,2,7184.46,concept_drift,2024-01,6841.674680084695
ID0001322,2024-03-12,2,9,11705.0,43,1,1,1.066,1.011,1.0,0.249,1,5014.28,concept_drift,2024-03,4555.00807002473
ID0001323,2024-09-10,1,20,5000.0,59,2,2,1.295,1.222,1.8,0.237,3,7672.88,concept_drift,2024-09,6908.16851688786
ID0001324,2024-01-12,1,0,23416.0,76,1,1,0.906,1.086,3.2,0.065,14,9134.96,concept_drift,2024-01,8445.905866194575
ID0001325,2024-01-16,3,11,11735.0,46,0,1,0.936,0.981,1.8,0.144,4,6439.55,concept_drift,2024-01,5537.941544091813
ID0001326,2024-04-27,1,11,12345.0,23,3,0,0.937,0.871,3.2,0.36,14,10962.44,concept_drift,2024-04,9709.048033928257
ID0001327,2024-04-21,2,16,8240.0,39,1,0,1.023,0.793,1.4,0.28,10,5542.48,concept_drift,2024-04,5122.938281461019
ID0001328,2024-10-24,4,9,29373.0,60,0,1,1.061,1.091,0.4,0.632,2,3941.27,concept_drift,2024-10,3261.5879548912494
ID0001329,2024-08-24,1,10,7636.0,31,2,1,0.945,1.09,1.8,0.157,5,7232.48,concept_drift,2024-08,6476.166023033756
ID0001330,2024-11-26,1,6,16133.0,57,2,1,0.993,1.288,1.0,0.349,7,5708.42,concept_drift,2024-11,5087.82994873723
ID0001331,2024-09-22,1,17,6200.0,35,0,1,1.086,1.02,1.0,0.222,1,4919.23,concept_drift,2024-09,4388.499741837124
ID0001332,2024-02-13,1,7,14743.0,22,1,2,1.104,1.136,1.8,0.792,1,8551.21,concept_drift,2024-02,7454.828019206517
ID0001333,2024-09-20,1,3,19826.0,63,0,2,1.244,1.261,0.4,0.209,21,4102.23,concept_drift,2024-09,3523.1316436532425
ID0001334,2024-04-23,1,6,10965.0,71,2,2,1.222,1.111,1.2,0.179,1,5715.46,concept_drift,2024-04,5304.3336194625435
ID0001335,2024-11-20,2,6,17704.0,78,1,2,1.13,1.391,1.8,0.437,4,7411.66,concept_drift,2024-11,6542.160154433146
ID0001336,2024-08-28,1,12,5676.0,20,1,1,1.014,1.081,1.0,0.131,0,5892.08,concept_drift,2024-08,5292.180542960629
ID0001337,2024-04-05,1,13,6604.0,36,0,1,0.981,0.911,1.8,0.267,3,6393.22,concept_drift,2024-04,5681.477315411371
ID0001338,2024-03-27,3,2,22533.0,50,0,2,0.916,1.189,1.2,0.29,3,5542.95,concept_drift,2024-03,4924.043300291525
ID0001339,2024-10-07,3,10,19515.0,32,3,2,1.175,1.263,1.4,0.151,7,6944.29,concept_drift,2024-10,6585.406282490906
ID0001340,2024-11-14,2,0,42568.0,67,2,2,1.211,1.098,1.0,0.391,3,5257.45,concept_drift,2024-11,4890.619820297916
ID0001341,2024-01-23,1,1,22132.0,27,1,0,0.851,1.059,1.2,0.319,5,5280.71,concept_drift,2024-01,4659.765618761951
ID0001342,2024-11-25,2,7,23109.0,32,1,1,0.997,0.98,1.2,0.108,0,5202.17,concept_drift,2024-11,4776.581507671071
ID0001343,2024-03-20,2,5,16642.0,65,2,2,1.105,1.117,1.2,0.269,2,6056.18,concept_drift,2024-03,5397.9964440873655
ID0001344,2024-03-12,1,6,10473.0,20,2,0,1.031,0.88,1.2,0.373,0,6288.58,concept_drift,2024-03,5790.397206264286
ID0001345,2024-02-28,3,19,6412.0,59,2,1,1.088,1.094,3.2,0.15,1,9979.52,concept_drift,2024-02,8928.900623655383
ID0001346,2024-02-28,3,12,9445.0,69,2,1,0.876,1.157,1.8,0.393,0,7144.36,concept_drift,2024-02,6348.828719568568
ID0001347,2024-11-11,2,6,20777.0,50,3,0,0.878,0.873,1.4,0.09,7,5629.71,concept_drift,2024-11,5425.398007059354
ID0001348,2024-05-14,1,9,12692.0,79,1,2,1.098,1.209,1.2,0.047,0,5397.96,concept_drift,2024-05,4724.179562704615
ID0001349,2024-06-04,0,5,9296.0,39,2,1,1.017,1.166,1.0,0.225,6,5525.13,concept_drift,2024-06,5057.193513402722
ID0001350,2024-06-09,0,16,5000.0,37,2,2,1.078,1.131,0.4,0.237,1,4559.03,concept_drift,2024-06,4498.733312883912
ID0001351,2024-03-01,4,18,15773.0,75,2,1,0.926,1.136,1.2,0.242,5,5764.99,concept_drift,2024-03,5261.685296326784
ID0001352,2024-05-15,4,2,47903.0,47,4,2,1.125,1.066,1.2,0.271,0,6390.13,concept_drift,2024-05,6119.599467532835
ID0001353,2024-03-02,3,16,8588.0,30,2,1,0.952,1.038,0.4,0.575,0,4502.16,concept_drift,2024-03,4427.095544620496
ID0001354,2024-07-04,0,1,18689.0,22,2,2,1.332,1.252,1.4,0.117,14,7405.01,concept_drift,2024-07,6887.414774480641
ID0001355,2024-04-10,2,13,8510.0,20,3,2,1.098,1.09,3.2,0.165,0,11466.4,concept_drift,2024-04,10127.792148707735
ID0001356,2024-12-09,1,4,15375.0,60,2,2,1.118,1.403,1.2,0.077,21,6411.16,concept_drift,2024-12,5841.94661939635
ID0001357,2024-07-18,0,20,5000.0,47,2,1,0.865,0.937,1.2,0.303,1,5561.12,concept_drift,2024-07,5357.92438849909
ID0001358,2024-03-22,0,5,10451.0,35,2,1,0.981,0.962,1.2,0.16,0,5586.98,concept_drift,2024-03,5109.240239740769
ID0001359,2024-09-22,2,11,9468.0,40,0,2,1.289,1.41,1.4,0.363,30,6830.77,concept_drift,2024-09,6180.123153847544
ID0001360,2024-12-25,3,19,10816.0,27,2,2,1.259,1.111,1.4,0.318,0,6843.33,concept_drift,2024-12,6373.079195639795
ID0001361,2024-01-01,0,0,14459.0,71,2,1,1.075,1.08,1.2,0.467,4,5722.54,concept_drift,2024-01,5018.063238013481
ID0001362,2024-09-18,1,17,5792.0,25,2,1,1.09,1.012,1.8,0.134,14,7244.35,concept_drift,2024-09,6798.526591201459
ID0001363,2024-08-04,0,10,5834.0,30,3,2,1.048,1.232,1.2,0.188,0,6339.49,concept_drift,2024-08,6133.330968589359
ID0001364,2024-07-09,0,10,9515.0,49,1,2,1.189,1.166,1.2,0.35,2,6074.47,concept_drift,2024-07,5468.597231799443
ID0001365,2024-06-21,0,6,12957.0,67,3,2,1.061,1.164,1.8,0.392,2,7516.91,concept_drift,2024-06,6838.898978451565
ID0001366,2024-04-24,1,4,21670.0,45,3,1,1.058,0.842,1.8,0.561,14,7271.23,concept_drift,2024-04,6606.098994422178
ID0001367,2024-06-10,0,16,7216.0,73,3,1,1.13,0.871,1.0,0.099,30,5482.34,concept_drift,2024-06,5248.213015383383
ID0001368,2024-02-15,3,12,13875.0,64,1,2,1.097,1.15,1.2,0.406,30,6329.12,concept_drift,2024-02,5544.314089744029
ID0001369,2024-01-02,0,14,6459.0,32,3,2,1.318,1.358,1.2,0.179,2,6724.79,concept_drift,2024-01,6519.275991307627
ID0001370,2024-02-20,4,4,38839.0,46,4,2,1.357,1.312,1.8,0.444,7,8168.95,concept_drift,2024-02,7505.0931997461585
ID0001371,2024-07-10,3,6,21491.0,30,1,2,1.163,1.263,1.0,0.335,30,6079.07,concept_drift,2024-07,5375.364437045224
ID0001372,2024-01-26,2,9,18569.0,39,2,2,1.012,1.202,1.8,0.06,0,7193.3,concept_drift,2024-01,6684.136476447311
ID0001373,2024-02-18,4,7,29862.0,20,1,1,1.08,1.087,1.4,0.489,21,7335.4,concept_drift,2024-02,6349.223537520156
ID0001374,2024-05-07,4,12,22817.0,32,1,1,1.033,1.031,1.8,0.063,0,6713.25,concept_drift,2024-05,6054.471650099235
ID0001375,2024-06-09,3,9,32651.0,73,2,1,0.997,0.977,1.8,0.438,0,6766.83,concept_drift,2024-06,6136.628096724412
ID0001376,2024-06-02,2,9,18290.0,77,0,1,1.069,1.144,1.4,0.156,5,5349.66,concept_drift,2024-06,4739.237671029117
ID0001377,2024-07-04,2,14,15486.0,70,2,2,1.22,1.33,0.4,0.509,1,4855.09,concept_drift,2024-07,4580.642964695121
ID0001378,2024-04-04,1,0,18662.0,59,4,2,1.155,1.091,1.2,0.137,14,6229.83,concept_drift,2024-04,5964.540651713523
ID0001379,2024-10-06,4,16,14839.0,77,2,1,0.963,0.815,1.8,0.3,3,6804.96,concept_drift,2024-10,5916.904955186713
ID0001380,2024-11-07,1,7,18876.0,57,3,2,1.193,1.237,1.4,0.362,2,6936.38,concept_drift,2024-11,6451.5795628368805
ID0001381,2024-09-10,3,3,25568.0,32,2,2,1.304,1.163,1.8,0.36,5,7518.67,concept_drift,2024-09,6726.518048169903
ID0001382,2024-10-13,3,4,18573.0,73,1,0,0.892,0.979,1.8,0.076,0,5921.05,concept_drift,2024-10,5196.7194521038355
ID0001383,2024-10-16,2,3,21614.0,38,1,2,0.933,1.195,1.0,0.13,14,5578.92,concept_drift,2024-10,4883.085751705995
ID0001384,2024-01-06,1,0,14634.0,28,3,2,1.232,1.181,1.2,0.263,4,6436.63,concept_drift,2024-01,5964.29731457996
ID0001385,2024-06-22,1,16,6107.0,51,2,1,1.094,1.083,1.4,0.234,21,6588.99,concept_drift,2024-06,5976.846339846472
ID0001386,2024-07-23,1,3,26400.0,74,4,0,0.975,0.901,1.4,0.299,6,5991.02,concept_drift,2024-07,5747.296530723276
ID0001387,2024-04-16,2,12,13600.0,42,0,1,0.845,0.93,1.2,0.56,0,5464.54,concept_drift,2024-04,4747.089314488725
ID0001388,2024-03-02,1,4,14136.0,46,2,1,0.953,0.988,1.2,0.141,1,5381.51,concept_drift,2024-03,5001.00901322973
ID0001389,2024-01-28,0,8,9879.0,28,2,2,1.275,0.995,1.4,0.517,2,6617.27,concept_drift,2024-01,6283.863727664419
ID0001390,2024-01-18,0,15,6876.0,76,3,1,0.976,0.957,1.4,0.229,2,6124.5,concept_drift,2024-01,5652.109870484848
ID0001391,2024-10-15,3,4,15252.0,38,1,2,1.15,1.216,1.4,0.165,0,6296.86,concept_drift,2024-10,5544.683408914126
ID0001392,2024-12-25,0,12,5711.0,76,1,1,1.084,0.883,1.2,0.026,6,4863.85,concept_drift,2024-12,4278.320913964806
ID0001393,2024-11-27,4,6,35087.0,32,0,1,1.035,1.1,1.8,0.25,1,6573.29,concept_drift,2024-11,5726.9134931186
ID0001394,2024-05-07,1,7,11995.0,61,2,1,1.101,1.042,1.4,0.102,21,6076.04,concept_drift,2024-05,5601.108172633552
ID0001395,2024-08-15,0,9,9150.0,54,2,0,0.809,1.143,1.8,0.17,4,6832.85,concept_drift,2024-08,6101.415755156476
ID0001396,2024-05-24,4,7,35529.0,77,2,2,1.212,1.133,1.8,0.286,2,7066.87,concept_drift,2024-05,6448.5736444525955
ID0001397,2024-05-12,1,6,7821.0,57,2,2,1.021,1.127,1.8,0.298,1,7095.38,concept_drift,2024-05,6539.789551719123
ID0001398,2024-03-27,1,2,13684.0,77,2,1,1.011,1.041,1.2,0.317,10,5514.77,concept_drift,2024-03,4954.795713541921
ID0001399,2024-10-08,3,7,17930.0,49,3,2,1.245,1.347,1.0,0.225,0,6143.94,concept_drift,2024-10,5770.554200563653
ID0001400,2024-11-23,0,5,14322.0,39,2,2,1.103,1.077,1.8,0.496,5,7445.99,concept_drift,2024-11,6801.28870718013
ID0001401,2024-07-03,2,7,18394.0,59,0,2,1.306,1.05,1.4,0.552,7,6076.32,concept_drift,2024-07,5411.006651056962
ID0001402,2024-01-21,1,8,11799.0,48,2,2,1.042,1.101,1.0,0.146,0,5510.87,concept_drift,2024-01,5060.648510705334
ID0001403,2024-09-06,0,5,15710.0,23,0,2,1.23,1.252,1.4,0.217,4,6680.98,concept_drift,2024-09,6210.005981117388
ID0001404,2024-07-22,3,8,19122.0,38,1,2,1.269,1.146,1.4,0.608,4,6828.42,concept_drift,2024-07,6014.843269208879
ID0001405,2024-11-13,1,0,31369.0,30,2,1,1.072,0.885,1.4,0.22,21,6125.96,concept_drift,2024-11,5500.281052297936
ID0001406,2024-11-21,2,10,17046.0,32,2,1,0.895,1.026,1.4,0.423,10,6532.65,concept_drift,2024-11,5929.723744315024
ID0001407,2024-10-15,3,16,11287.0,40,0,0,0.938,0.94,1.8,0.476,1,6590.73,concept_drift,2024-10,5736.013317373729
ID0001408,2024-10-26,1,7,18406.0,49,1,1,0.964,1.106,1.8,0.091,1,6338.64,concept_drift,2024-10,5928.9826371079325
ID0001409,2024-07-07,3,5,27409.0,42,2,1,1.146,1.077,1.8,0.042,21,6973.51,concept_drift,2024-07,6413.6066598378
ID0001410,2024-05-08,2,14,8050.0,25,3,2,1.107,1.309,1.8,0.191,0,8032.37,concept_drift,2024-05,7509.175685754062
ID0001411,2024-11-13,0,3,17679.0,22,2,2,1.259,0.928,1.0,0.089,1,5968.11,concept_drift,2024-11,5656.718451774015
ID0001412,2024-08-15,2,6,18000.0,64,1,0,0.979,0.955,1.2,0.131,6,4898.91,concept_drift,2024-08,4249.945629380419
ID0001413,2024-03-02,0,11,7904.0,21,2,2,1.105,1.458,1.2,0.415,4,7840.64,concept_drift,2024-03,7154.540053548083
ID0001414,2024-01-18,2,5,17721.0,47,2,2,1.038,1.291,1.2,0.486,0,6516.03,concept_drift,2024-01,5858.002043184771
ID0001415,2024-01-20,0,0,22173.0,60,2,1,0.978,1.016,1.8,0.435,2,6821.24,concept_drift,2024-01,6155.9136709876275
ID0001416,2024-11-03,1,8,11813.0,77,0,2,0.947,1.197,1.4,0.088,3,5513.75,concept_drift,2024-11,4970.325822689044
ID0001417,2024-06-05,3,10,16534.0,42,1,2,1.199,1.23,1.4,0.479,2,6555.83,concept_drift,2024-06,6089.806670602642
ID0001418,2024-01-13,4,14,24561.0,30,2,2,1.193,1.282,1.0,0.338,0,6102.12,concept_drift,2024-01,5867.287322708733
ID0001419,2024-05-27,3,11,13346.0,75,2,0,0.845,0.818,1.2,0.203,0,4971.97,concept_drift,2024-05,4409.951454214697
ID0001420,2024-08-22,3,5,16192.0,27,2,2,1.051,0.75,1.8,0.457,3,7053.34,concept_drift,2024-08,6510.94478720917
ID0001421,2024-02-03,2,0,43545.0,53,3,0,0.754,0.908,1.0,0.252,4,4993.45,concept_drift,2024-02,4755.338200135779
ID0001422,2024-07-20,3,0,33571.0,59,0,1,1.098,1.021,1.2,0.378,1,4949.83,concept_drift,2024-07,4390.179169239456
ID0001423,2024-08-09,2,0,30029.0,68,1,1,1.021,1.054,1.8,0.537,21,6917.87,concept_drift,2024-08,5968.066651213007
ID0001424,2024-01-27,3,14,11995.0,52,1,1,1.033,0.953,1.4,0.238,30,6147.14,concept_drift,2024-01,5408.149390743964
ID0001425,2024-02-03,2,8,19824.0,37,4,1,0.946,0.878,1.2,0.146,1,5912.97,concept_drift,2024-02,5682.573149038919
ID0001426,2024-01-28,3,16,7528.0,31,3,2,1.398,1.039,1.4,0.371,2,6914.21,concept_drift,2024-01,6623.098008529154
ID0001427,2024-01-05,2,15,12290.0,69,1,1,0.908,0.933,1.8,0.241,2,6444.97,concept_drift,2024-01,5803.473162726433
ID0001428,2024-03-22,1,0,20703.0,55,0,2,1.05,1.388,1.8,0.287,5,7047.32,concept_drift,2024-03,6169.403745375612
ID0001429,2024-09-22,1,6,14027.0,63,0,1,0.949,1.09,1.4,0.063,1,5230.33,concept_drift,2024-09,4716.398440600782
ID0001430,2024-05-01,2,7,23409.0,34,1,2,1.061,1.507,1.2,0.275,1,6370.86,concept_drift,2024-05,5612.847055933652
ID0001431,2024-10-21,2,4,21970.0,53,1,1,1.062,1.12,1.2,0.367,10,5816.58,concept_drift,2024-10,5001.510294220422
ID0001432,2024-09-28,2,14,11913.0,76,0,2,1.209,1.033,1.2,0.338,3,5368.37,concept_drift,2024-09,4863.646807779773
ID0001433,2024-05-05,2,3,18387.0,21,3,1,0.971,1.192,1.2,0.044,5,6794.63,concept_drift,2024-05,6504.953621877928
ID0001434,2024-07-01,3,7,21128.0,34,2,1,1.156,0.969,1.4,0.663,0,6598.05,concept_drift,2024-07,5901.812142770444
ID0001435,2024-03-15,0,9,7499.0,30,1,1,0.953,0.826,1.4,0.589,10,6275.97,concept_drift,2024-03,5550.413451245914
ID0001436,2024-11-18,1,9,12358.0,58,3,2,1.072,1.198,1.4,0.563,2,7187.14,concept_drift,2024-11,6559.567906245726
ID0001437,2024-12-26,2,7,19327.0,65,1,1,1.027,0.989,1.8,0.616,1,6734.22,concept_drift,2024-12,5945.5262395094205
ID0001438,2024-09-17,0,1,15244.0,70,0,0,0.901,1.083,1.8,0.088,1,6003.09,concept_drift,2024-09,4975.442760637086
ID0001439,2024-08-22,2,2,26703.0,48,1,1,1.08,0.992,1.4,0.44,2,5750.56,concept_drift,2024-08,5142.900827295126
ID0001440,2024-09-13,3,7,18631.0,32,0,0,0.918,0.849,1.2,0.392,21,4976.78,concept_drift,2024-09,4234.706682207537
ID0001441,2024-11-07,1,8,10375.0,66,3,2,1.107,1.221,1.2,0.173,5,6192.44,concept_drift,2024-11,5974.981109480103
ID0001442,2024-03-10,0,3,17129.0,27,2,2,1.39,1.235,1.2,0.287,1,6396.31,concept_drift,2024-03,5799.958307254438
ID0001443,2024-02-28,2,3,34480.0,63,1,2,1.107,1.119,1.2,0.11,3,5411.45,concept_drift,2024-02,4927.23428176673
ID0001444,2024-09-01,2,6,21840.0,36,2,1,0.901,0.941,1.0,0.045,5,4795.61,concept_drift,2024-09,4665.9229185595195
ID0001445,2024-07-09,2,10,26725.0,61,3,2,1.347,1.264,1.2,0.446,0,6824.92,concept_drift,2024-07,6210.578522837251
ID0001446,2024-08-21,3,9,17461.0,35,2,1,0.778,1.13,1.4,0.266,2,6192.21,concept_drift,2024-08,5830.141684227046
ID0001447,2024-05-28,2,0,48407.0,19,1,2,1.174,1.208,1.4,0.093,0,7019.22,concept_drift,2024-05,6389.302804198514
ID0001448,2024-09-15,0,4,14839.0,73,0,1,1.024,1.132,1.8,0.068,7,5884.86,concept_drift,2024-09,5328.400026707082
ID0001449,2024-03-26,3,12,11318.0,59,3,0,0.815,0.834,1.0,0.459,0,5193.04,concept_drift,2024-03,4908.446326319114
ID0001450,2024-09-19,1,11,8093.0,77,1,2,1.035,1.184,1.8,0.235,0,6920.21,concept_drift,2024-09,6240.007861663766
ID0001451,2024-01-14,1,3,17656.0,77,2,2,1.073,1.092,1.0,0.251,7,5274.66,concept_drift,2024-01,4929.401167126113
ID0001452,2024-07-09,2,0,38032.0,25,2,2,1.341,1.108,1.2,0.267,0,5978.35,concept_drift,2024-07,5624.999560036863
ID0001453,2024-07-26,3,12,17871.0,29,1,0,0.962,0.81,1.4,0.639,10,6083.5,concept_drift,2024-07,5257.070315054727
ID0001454,2024-04-06,1,2,16414.0,26,1,1,1.05,1.011,3.2,0.209,2,9547.41,concept_drift,2024-04,8831.90475147413
ID0001455,2024-04-25,0,9,7671.0,18,1,2,1.227,1.251,1.2,0.307,14,7128.59,concept_drift,2024-04,6417.472497962547
ID0001456,2024-03-01,1,1,20487.0,23,3,1,1.077,0.923,1.1,0.344,1,6398.62,concept_drift,2024-03,5923.085844697461
ID0001457,2024-11-02,0,9,8486.0,75,1,2,1.208,1.341,1.8,0.214,7,7203.01,concept_drift,2024-11,6464.201219166298
ID0001458,2024-06-12,4,6,33158.0,57,1,2,1.201,1.343,1.8,0.258,0,7156.38,concept_drift,2024-06,6391.32447850946
ID0001459,2024-06-18,3,8,26104.0,69,1,2,1.192,1.257,1.2,0.233,7,5845.16,concept_drift,2024-06,5334.451291022734
ID0001460,2024-02-10,1,13,7713.0,75,3,1,0.884,0.978,1.8,0.267,1,7131.63,concept_drift,2024-02,6376.389897447849
ID0001461,2024-07-02,2,0,27553.0,52,4,0,0.861,0.938,1.2,0.215,3,5761.6,concept_drift,2024-07,5309.321830729721
ID0001462,2024-07-24,2,7,12758.0,55,1,0,0.987,0.89,1.0,0.226,0,4326.57,concept_drift,2024-07,3967.5068833868504
ID0001463,2024-05-21,3,14,8542.0,36,0,1,0.849,1.139,1.2,0.077,3,5244.83,concept_drift,2024-05,4824.398762178174
ID0001464,2024-01-12,4,10,36747.0,19,1,2,1.142,1.102,1.2,0.312,7,6788.71,concept_drift,2024-01,6196.787471263593
ID0001465,2024-04-28,1,18,5000.0,26,1,1,1.041,0.924,1.2,0.565,30,6219.42,concept_drift,2024-04,5780.299835455287
ID0001466,2024-02-18,2,0,32206.0,34,0,2,1.119,1.051,1.2,0.461,21,5670.06,concept_drift,2024-02,5059.850788914368
ID0001467,2024-09-05,1,0,20522.0,62,3,1,1.045,0.965,1.2,0.211,5,5385.71,concept_drift,2024-09,5195.115351512869
ID0001468,2024-12-12,2,10,13912.0,61,3,1,0.948,1.093,1.2,0.145,0,5877.7,concept_drift,2024-12,5441.997412526802
ID0001469,2024-03-26,2,8,19536.0,40,3,1,1.123,1.113,1.2,0.08,0,5838.58,concept_drift,2024-03,5466.291340128589
ID0001470,2024-05-22,2,11,14890.0,28,2,2,1.145,1.209,1.2,0.492,21,7020.52,concept_drift,2024-05,6180.540168501821
ID0001471,2024-12-20,0,0,21154.0,65,1,1,0.81,1.0,1.2,0.316,1,5259.74,concept_drift,2024-12,4575.189243892369
ID0001472,2024-11-14,2,7,29286.0,46,3,2,1.099,1.361,1.2,0.23,1,6647.01,concept_drift,2024-11,6196.92590688993
ID0001473,2024-01-13,1,19,5000.0,34,2,1,0.982,1.062,0.4,0.235,0,4184.42,concept_drift,2024-01,4093.6967389134375
ID0001474,2024-11-17,2,18,9779.0,62,4,2,1.014,1.263,1.2,0.216,2,6759.84,concept_drift,2024-11,6644.58826159699
ID0001475,2024-06-13,1,11,9624.0,38,0,1,1.12,1.032,1.0,0.34,4,5056.6,concept_drift,2024-06,4491.284496644816
ID0001476,2024-07-23,1,9,8449.0,47,4,0,0.758,0.831,1.4,0.347,0,6142.58,concept_drift,2024-07,6020.510583549258
ID0001477,2024-09-05,3,14,13454.0,58,0,2,1.151,1.317,1.4,0.164,1,6100.49,concept_drift,2024-09,5538.317476886896
ID0001478,2024-12-14,0,0,15058.0,71,4,2,1.332,1.04,1.4,0.63,2,7016.33,concept_drift,2024-12,6487.390388293317
ID0001479,2024-06-28,2,7,19047.0,20,0,2,1.304,1.198,1.8,0.382,14,8067.57,concept_drift,2024-06,7061.483174424647
ID0001480,2024-09-15,1,9,12839.0,68,0,2,0.958,1.333,1.8,0.293,2,6942.63,concept_drift,2024-09,6050.735950645411
ID0001481,2024-11-22,1,4,15523.0,55,1,1,0.955,0.978,0.4,0.402,5,3767.73,concept_drift,2024-11,3375.565492180107
ID0001482,2024-01-05,1,11,10516.0,21,0,2,1.29,1.282,1.4,0.649,5,7376.93,concept_drift,2024-01,6690.915156530563
ID0001483,2024-10-04,1,7,11341.0,74,1,0,0.75,0.898,1.4,0.64,0,5600.65,concept_drift,2024-10,4972.728813805081
ID0001484,2024-05-03,3,5,25060.0,31,1,1,0.978,0.989,1.2,0.395,0,5499.99,concept_drift,2024-05,4934.935996562891
ID0001485,2024-09-10,2,5,15894.0,37,0,1,1.056,1.149,1.2,0.279,2,5508.88,concept_drift,2024-09,4761.0888166305285
ID0001486,2024-08-18,0,9,13277.0,60,4,2,1.076,1.382,1.8,0.422,10,8487.51,concept_drift,2024-08,7733.631729800946
ID0001487,2024-11-20,1,7,14251.0,79,1,1,1.054,1.123,3.2,0.381,0,9459.7,concept_drift,2024-11,8529.785289857475
ID0001488,2024-05-21,3,12,15034.0,45,3,0,0.959,0.878,1.4,0.233,10,6238.21,concept_drift,2024-05,5724.762275418947
ID0001489,2024-12-09,2,6,22180.0,61,2,0,0.959,0.87,1.0,0.252,3,4961.47,concept_drift,2024-12,4253.023608016111
ID0001490,2024-04-07,1,5,11145.0,78,3,1,1.144,0.92,1.2,0.089,4,5438.08,concept_drift,2024-04,5055.611494650995
ID0001491,2024-01-20,3,9,9780.0,44,1,0,0.93,0.866,1.4,0.184,14,5538.29,concept_drift,2024-01,4849.5606980931
ID0001492,2024-05-24,0,5,10826.0,70,2,1,1.06,0.991,1.4,0.133,2,5860.18,concept_drift,2024-05,5273.3046680355965
ID0001493,2024-07-27,2,15,10784.0,47,2,1,1.01,1.041,1.4,0.041,3,6024.69,concept_drift,2024-07,5624.654879702604
ID0001494,2024-05-07,0,8,7922.0,35,3,1,1.03,1.102,1.4,0.392,0,6668.68,concept_drift,2024-05,6093.967393326379
ID0001495,2024-03-11,0,6,15684.0,47,2,1,0.925,1.166,1.2,0.428,2,6045.08,concept_drift,2024-03,5363.016369425079
ID0001496,2024-09-22,2,14,14568.0,36,4,1,0.944,0.994,1.4,0.313,4,6523.82,concept_drift,2024-09,6409.903139522486
ID0001497,2024-04-16,3,9,17599.0,54,3,0,0.75,1.052,1.2,0.085,10,5598.2,concept_drift,2024-04,5427.608020704489
ID0001498,2024-10-20,2,6,22845.0,67,1,2,0.97,1.538,1.2,0.322,1,6332.33,concept_drift,2024-10,5368.429918896691
ID0001499,2024-09-17,1,15,6563.0,48,3,2,1.224,1.426,1.4,0.462,4,7611.49,concept_drift,2024-09,7202.247956168103
ID0001500,2024-09-02,1,13,9532.0,50,2,2,1.211,1.334,1.4,0.255,30,7014.5,concept_drift,2024-09,6622.686162588181
ID0001501,2024-12-11,1,7,14581.0,54,1,2,1.324,1.328,1.4,0.206,21,6560.92,concept_drift,2024-12,5877.766276755049
ID0001502,2024-09-23,3,3,49512.0,35,1,1,1.004,0.868,1.4,0.636,4,5938.91,concept_drift,2024-09,5391.767198053535
ID0001503,2024-04-11,2,4,27469.0,64,0,1,1.182,0.96,3.2,0.363,7,9186.73,concept_drift,2024-04,8093.522916538427
ID0001504,2024-10-22,2,7,25997.0,53,0,1,1.126,1.111,1.2,0.367,4,5426.28,concept_drift,2024-10,4734.879353457892
ID0001505,2024-08-01,1,6,15346.0,51,2,2,1.231,1.313,1.2,0.4,1,6296.8,concept_drift,2024-08,5830.307858723152
ID0001506,2024-05-11,4,15,15217.0,69,2,2,1.274,1.265,1.2,0.418,3,6392.52,concept_drift,2024-05,5930.453642164596
ID0001507,2024-07-03,2,13,13163.0,42,0,1,1.065,1.027,1.0,0.259,10,5001.51,concept_drift,2024-07,4344.602800827218
ID0001508,2024-11-25,2,10,17944.0,30,2,2,1.105,1.139,1.4,0.228,0,6469.54,concept_drift,2024-11,6134.128472215854
ID0001509,2024-04-02,2,1,49802.0,77,1,0,0.911,0.813,1.4,0.572,0,5260.58,concept_drift,2024-04,4489.754094354371
ID0001510,2024-05-15,3,15,10425.0,68,2,1,1.044,0.963,1.4,0.568,3,6239.34,concept_drift,2024-05,5749.598239101956
ID0001511,2024-01-23,1,7,11888.0,25,2,2,1.134,1.112,1.4,0.089,30,6697.97,concept_drift,2024-01,6337.867017886956
ID0001512,2024-11-25,1,0,18068.0,65,2,2,1.396,1.001,1.2,0.121,1,5414.78,concept_drift,2024-11,5056.6389045404685
ID0001513,2024-12-25,0,11,7714.0,69,1,2,1.209,1.154,1.8,0.338,21,7354.59,concept_drift,2024-12,6546.548821015085
ID0001514,2024-09-23,1,3,18963.0,77,1,1,1.029,0.995,1.2,0.39,0,5126.98,concept_drift,2024-09,4568.138865937901
ID0001515,2024-06-26,3,15,13784.0,23,2,2,1.191,1.264,1.2,0.14,2,7073.4,concept_drift,2024-06,6766.688491769514
ID0001516,2024-07-21,3,14,12185.0,61,0,2,1.191,1.163,1.2,0.07,0,5188.48,concept_drift,2024-07,4842.479798796833
ID0001517,2024-03-10,2,0,32092.0,68,2,0,0.75,1.06,1.0,0.073,10,4642.1,concept_drift,2024-03,4205.357882705061
ID0001518,2024-02-15,2,8,17154.0,42,2,1,0.952,0.983,1.4,0.189,2,5874.02,concept_drift,2024-02,5569.6208377245275
ID0001519,2024-10-24,1,10,12725.0,27,1,2,1.068,1.525,1.2,0.084,1,6191.2,concept_drift,2024-10,5484.169424245176
ID0001520,2024-09-14,3,7,19750.0,68,4,1,0.922,0.984,1.2,0.094,4,5808.73,concept_drift,2024-09,5510.591517517887
ID0001521,2024-04-08,1,5,19738.0,64,2,2,1.332,1.192,1.4,0.115,5,6258.09,concept_drift,2024-04,5866.242096911986
ID0001522,2024-02-03,1,11,7751.0,55,1,0,0.839,0.768,3.2,0.605,21,9747.68,concept_drift,2024-02,8434.742657794957
ID0001523,2024-10-09,2,12,10107.0,60,4,2,1.22,1.203,1.0,0.148,14,6404.87,concept_drift,2024-10,6105.322220075771
ID0001524,2024-04-18,3,12,13583.0,56,0,2,1.141,1.121,1.4,0.31,4,5941.29,concept_drift,2024-04,5374.390279361196
ID0001525,2024-11-08,2,13,8315.0,52,2,1,0.834,1.105,1.4,0.193,10,6214.54,concept_drift,2024-11,5682.2808560495105
ID0001526,2024-10-20,3,7,16314.0,73,1,1,0.883,0.976,1.4,0.069,4,5158.68,concept_drift,2024-10,4825.890588010723
ID0001527,2024-05-21,4,13,15822.0,56,1,2,1.043,1.113,1.2,0.299,5,5970.7,concept_drift,2024-05,5314.621016631664
ID0001528,2024-07-18,2,8,14508.0,32,0,1,1.064,1.021,1.8,0.292,7,6635.13,concept_drift,2024-07,5849.785588760304
ID0001529,2024-03-26,3,12,13745.0,18,1,2,1.12,1.104,1.4,0.119,5,7061.52,concept_drift,2024-03,6396.199597477709
ID0001530,2024-04-17,1,12,8954.0,49,0,2,0.981,1.074,1.2,0.404,14,5694.6,concept_drift,2024-04,5152.505587935286
ID0001531,2024-05-13,1,7,18477.0,38,1,1,0.935,1.018,1.4,0.137,0,5626.31,concept_drift,2024-05,5213.457286830926
ID0001532,2024-12-03,2,6,16507.0,24,4,2,1.335,1.144,1.8,0.408,3,8813.98,concept_drift,2024-12,8263.94968439995
ID0001533,2024-04-16,3,3,24539.0,58,3,1,0.981,0.948,1.8,0.551,6,7170.24,concept_drift,2024-04,6603.7253559337005
ID0001534,2024-01-12,1,8,10493.0,72,0,1,0.974,1.096,1.8,0.399,7,6576.12,concept_drift,2024-01,5690.671868922499
ID0001535,2024-08-26,3,4,29994.0,78,1,1,0.824,1.073,3.2,0.11,4,9183.41,concept_drift,2024-08,8197.127060790423
ID0001536,2024-10-28,2,7,14947.0,47,1,2,1.158,1.059,1.4,0.501,0,6422.37,concept_drift,2024-10,5744.591112615419
ID0001537,2024-09-11,2,0,32701.0,45,2,2,1.395,1.16,1.8,0.173,0,7094.4,concept_drift,2024-09,6415.983745438573
ID0001538,2024-11-02,3,11,14529.0,46,2,2,1.089,1.362,1.0,0.412,21,6393.06,concept_drift,2024-11,5912.144380893511
ID0001539,2024-06-15,2,3,38084.0,33,2,1,0.953,1.125,1.2,0.047,7,5716.19,concept_drift,2024-06,5181.950705462168
ID0001540,2024-03-21,3,6,19606.0,65,0,1,1.007,1.105,1.8,0.23,10,6474.95,concept_drift,2024-03,5539.8463041446685
ID0001541,2024-05-24,2,8,15501.0,36,0,2,1.201,1.223,1.4,0.065,0,5781.35,concept_drift,2024-05,5315.908624306643
ID0001542,2024-12-26,1,4,17656.0,43,2,2,1.007,1.063,1.2,0.502,0,5960.02,concept_drift,2024-12,5584.411858616157
ID0001543,2024-10-10,1,15,5353.0,48,1,1,1.076,1.143,1.0,0.262,0,5144.09,concept_drift,2024-10,4822.492527614166
ID0001544,2024-02-12,1,12,6735.0,67,2,1,0.888,0.851,0.4,0.602,1,4104.25,concept_drift,2024-02,3736.670334368051
ID0001545,2024-07-18,2,8,14394.0,49,1,2,1.398,1.229,1.2,0.232,0,5914.4,concept_drift,2024-07,5377.981937506199
ID0001546,2024-03-14,0,13,10095.0,28,0,1,0.899,1.106,0.4,0.183,1,3857.53,concept_drift,2024-03,3384.4462495692437
ID0001547,2024-03-25,3,7,19711.0,52,2,2,1.087,1.154,1.2,0.169,0,5914.22,concept_drift,2024-03,5425.276834233988
ID0001548,2024-07-11,1,14,5431.0,52,2,1,1.064,0.884,1.2,0.078,0,5371.84,concept_drift,2024-07,4887.045551336065
ID0001549,2024-01-08,4,3,44382.0,51,2,2,1.028,1.312,1.4,0.2,30,6836.32,concept_drift,2024-01,6278.522478325723
ID0001550,2024-12-04,1,10,11982.0,40,4,2,1.171,1.206,1.2,0.282,3,7015.2,concept_drift,2024-12,6581.809444567156
ID0001551,2024-01-06,1,1,26995.0,55,2,2,1.312,1.143,1.4,0.199,0,6273.79,concept_drift,2024-01,5672.244126412147
ID0001552,2024-05-08,4,12,21527.0,42,2,2,1.14,1.107,1.4,0.264,6,6743.98,concept_drift,2024-05,6273.97902334087
ID0001553,2024-01-17,1,13,7989.0,78,3,2,1.117,0.85,1.4,0.169,0,6143.63,concept_drift,2024-01,5884.108118529639
ID0001554,2024-01-16,3,16,11232.0,32,1,2,1.157,1.18,1.0,0.357,3,5713.01,concept_drift,2024-01,5370.807064292778
ID0001555,2024-08-10,4,13,20929.0,53,4,2,1.123,1.067,1.8,0.386,0,8032.62,concept_drift,2024-08,7353.3531217978125
ID0001556,2024-08-01,3,8,11753.0,54,3,2,1.139,1.202,1.4,0.431,1,6816.75,concept_drift,2024-08,6404.355610315607
ID0001557,2024-07-08,1,7,12211.0,40,1,1,1.029,0.909,1.2,0.264,30,5673.2,concept_drift,2024-07,5026.191008748213
ID0001558,2024-04-16,3,5,26651.0,42,0,2,1.046,1.352,0.4,0.025,10,4006.29,concept_drift,2024-04,3534.461155293002
ID0001559,2024-06-05,4,0,44737.0,30,2,2,1.206,1.38,1.8,0.622,2,8096.45,concept_drift,2024-06,7204.057351063022
ID0001560,2024-12-09,2,8,16948.0,32,0,2,1.172,1.163,1.4,0.225,2,5904.45,concept_drift,2024-12,5363.664898192741
ID0001561,2024-10-24,0,1,12529.0,73,2,2,1.206,1.187,1.2,0.215,5,5823.58,concept_drift,2024-10,5378.7290410589385
ID0001562,2024-03-13,0,10,10564.0,23,3,1,1.059,0.921,1.2,0.084,6,6484.12,concept_drift,2024-03,6355.2082152603
ID0001563,2024-03-11,3,4,20200.0,53,4,1,0.995,0.944,1.4,0.3,0,6331.68,concept_drift,2024-03,6053.226632715606
ID0001564,2024-09-09,2,4,18378.0,58,1,1,1.067,0.75,1.0,0.094,14,4551.43,concept_drift,2024-09,3924.115862179888
ID0001565,2024-03-02,2,6,15479.0,76,3,2,1.394,1.164,1.4,0.242,5,6625.58,concept_drift,2024-03,6088.359689809025
ID0001566,2024-01-12,1,9,10077.0,62,1,2,1.27,1.353,1.8,0.255,0,7211.59,concept_drift,2024-01,6504.183453879822
ID0001567,2024-01-07,3,9,15384.0,32,0,2,1.077,1.33,1.0,0.129,10,5392.57,concept_drift,2024-01,4818.309921238586
ID0001568,2024-08-02,3,7,17976.0,75,2,2,1.142,1.457,1.8,0.089,0,7321.34,concept_drift,2024-08,6674.88792294919
ID0001569,2024-05-25,2,13,7856.0,76,2,0,0.845,0.957,1.2,0.156,6,5220.23,concept_drift,2024-05,4633.51714440303
ID0001570,2024-03-02,2,6,17773.0,23,1,1,0.912,1.111,1.0,0.468,21,6402.51,concept_drift,2024-03,5579.031344630222
ID0001571,2024-03-12,3,3,31645.0,64,1,2,0.966,1.167,1.8,0.472,3,7141.3,concept_drift,2024-03,6197.578495227175
ID0001572,2024-11-12,1,11,11914.0,76,3,2,1.186,1.123,1.4,0.385,30,6891.08,concept_drift,2024-11,6477.897414271149
ID0001573,2024-10-06,2,4,23589.0,48,3,1,0.97,0.861,1.8,0.334,0,6935.47,concept_drift,2024-10,6351.7407757087485
ID0001574,2024-03-25,3,8,15159.0,47,3,2,1.243,1.292,1.4,0.298,2,7038.68,concept_drift,2024-03,6525.79052870301
ID0001575,2024-08-18,1,4,15920.0,44,2,0,0.887,0.824,1.0,0.202,1,4690.29,concept_drift,2024-08,4238.326065479482
ID0001576,2024-07-22,1,2,17063.0,58,0,2,1.38,1.201,1.4,0.248,21,6045.74,concept_drift,2024-07,5502.285130131075
ID0001577,2024-01-02,3,12,16359.0,67,1,1,1.134,0.962,1.4,0.031,10,5507.38,concept_drift,2024-01,5035.837713184081
ID0001578,2024-10-15,2,6,27934.0,24,2,2,1.165,1.186,1.2,0.082,3,6768.67,concept_drift,2024-10,6496.238370219282
ID0001579,2024-03-25,0,14,5239.0,38,1,1,1.079,0.954,1.2,0.137,0,5264.19,concept_drift,2024-03,4857.834721304784
ID0001580,2024-02-13,0,3,16112.0,52,0,1,1.031,0.984,1.2,0.411,2,5302.29,concept_drift,2024-02,4469.624595147973
ID0001581,2024-09-26,2,18,6652.0,75,0,2,1.146,1.158,1.0,0.339,0,5115.07,concept_drift,2024-09,4705.26964254123
ID0001582,2024-04-01,1,1,23422.0,69,1,2,1.331,1.164,1.4,0.46,30,6415.05,concept_drift,2024-04,5717.035295697188
ID0001583,2024-02-10,1,12,6641.0,22,0,1,0.957,1.102,1.8,0.079,1,7241.65,concept_drift,2024-02,6424.150208354103
ID0001584,2024-11-08,1,1,21254.0,58,2,1,1.028,0.799,1.4,0.1,14,5548.72,concept_drift,2024-11,5096.234973863007
ID0001585,2024-09-10,2,0,34940.0,31,1,1,1.059,0.91,1.4,0.372,0,5755.2,concept_drift,2024-09,5076.712243183558
ID0001586,2024-10-06,4,7,42766.0,68,2,2,1.152,1.284,1.8,0.475,0,7582.24,concept_drift,2024-10,6842.158561157802
ID0001587,2024-07-24,2,9,16873.0,41,0,2,1.021,1.127,0.4,0.194,0,3752.53,concept_drift,2024-07,3509.37630037322
ID0001588,2024-10-26,1,15,7164.0,55,1,0,0.81,1.048,1.1,0.272,14,5156.9,concept_drift,2024-10,4732.07249327538
ID0001589,2024-12-21,3,8,15064.0,24,0,0,0.816,0.926,1.2,0.334,3,5705.34,concept_drift,2024-12,5052.365838048089
ID0001590,2024-10-02,4,10,27084.0,18,1,1,0.999,1.06,1.0,0.184,2,5911.35,concept_drift,2024-10,5318.26500784734
ID0001591,2024-08-24,3,3,30832.0,38,2,1,1.176,0.986,1.2,0.159,0,5442.46,concept_drift,2024-08,5051.721137322359
ID0001592,2024-09-26,2,17,7342.0,79,2,0,0.974,1.072,1.8,0.157,0,6477.08,concept_drift,2024-09,5971.069841625967
ID0001593,2024-06-06,3,16,10391.0,58,3,1,1.103,1.023,1.2,0.043,0,5639.59,concept_drift,2024-06,5524.847185919528
ID0001594,2024-05-25,1,4,12527.0,58,3,1,1.003,1.085,1.8,0.061,4,7041.71,concept_drift,2024-05,6365.640219572461
ID0001595,2024-08-15,1,10,8161.0,37,2,2,1.122,1.071,0.4,0.252,10,4488.35,concept_drift,2024-08,4365.365157930675
ID0001596,2024-12-09,1,16,6520.0,52,3,1,1.08,1.045,1.4,0.656,5,6963.03,concept_drift,2024-12,6341.834110533217
ID0001597,2024-09-21,3,0,47005.0,79,2,2,1.256,1.218,1.8,0.498,4,7548.05,concept_drift,2024-09,6558.540965211482
ID0001598,2024-05-11,4,13,18059.0,32,1,1,0.997,0.992,1.1,0.279,4,5468.96,concept_drift,2024-05,4934.4464180368395
ID0001599,2024-12-08,2,11,15713.0,48,2,2,1.123,1.411,1.4,0.381,0,6904.37,concept_drift,2024-12,6452.389381507048
ID0001600,2024-10-04,4,8,27968.0,53,2,1,0.954,0.971,1.1,0.083,0,5110.42,concept_drift,2024-10,4813.822759469344
ID0001601,2024-06-19,1,17,5000.0,38,1,2,1.085,1.394,1.2,0.453,14,6834.82,concept_drift,2024-06,6142.913012017191
ID0001602,2024-08-20,1,2,14001.0,28,2,0,0.999,1.145,1.4,0.25,0,6083.4,concept_drift,2024-08,5484.94606181744
ID0001603,2024-02-14,3,2,32634.0,78,0,2,1.288,1.24,0.4,0.158,5,3662.51,concept_drift,2024-02,3102.6320326301525
ID0001604,2024-05-14,2,7,14413.0,52,3,1,1.039,1.116,1.2,0.381,1,6300.05,concept_drift,2024-05,5614.254672432579
ID0001605,2024-04-26,2,0,27914.0,52,1,2,1.204,1.334,1.8,0.33,10,7185.97,concept_drift,2024-04,6514.159910239658
ID0001606,2024-01-15,0,14,6407.0,56,3,1,1.015,1.079,1.8,0.35,6,7569.44,concept_drift,2024-01,6843.868500151041
ID0001607,2024-01-15,0,11,7386.0,73,1,1,0.969,1.008,1.2,0.436,0,5371.74,concept_drift,2024-01,4820.134830850801
ID0001608,2024-01-22,0,8,10904.0,54,2,2,1.206,1.272,1.4,0.124,1,6589.79,concept_drift,2024-01,6007.628130676976
ID0001609,2024-03-16,1,16,5862.0,67,1,0,0.993,0.979,1.4,0.049,0,5305.15,concept_drift,2024-03,4678.908832428368
ID0001610,2024-04-28,2,12,9658.0,22,2,1,1.02,1.02,1.0,0.053,21,6043.51,concept_drift,2024-04,5932.0638623944715
ID0001611,2024-02-22,0,10,7625.0,47,3,0,0.844,0.995,1.8,0.431,7,7258.98,concept_drift,2024-02,6637.347554777522
ID0001612,2024-10-07,1,5,11994.0,34,2,2,1.382,1.27,1.4,0.373,21,6795.05,concept_drift,2024-10,6517.715536421326
ID0001613,2024-09-12,1,9,8071.0,38,1,0,0.922,0.942,1.4,0.057,4,5477.22,concept_drift,2024-09,4774.90462517956
ID0001614,2024-09-23,0,4,9646.0,63,2,2,1.222,1.245,0.4,0.178,6,4380.32,concept_drift,2024-09,4208.773295652058
ID0001615,2024-10-22,2,13,9664.0,61,0,0,1.014,0.927,1.2,0.086,3,4729.18,concept_drift,2024-10,3929.497818576238
ID0001616,2024-02-01,2,10,8197.0,77,2,0,0.941,0.879,1.0,0.116,10,4655.32,concept_drift,2024-02,4149.275525894117
ID0001617,2024-04-01,1,7,15143.0,32,1,1,0.837,0.75,1.2,0.051,2,4882.76,concept_drift,2024-04,4389.647164815487
ID0001618,2024-06-08,2,8,13842.0,67,3,2,1.192,1.458,1.0,0.362,21,6736.59,concept_drift,2024-06,6202.600915264649
ID0001619,2024-07-02,2,2,31382.0,36,0,0,0.944,1.005,1.0,0.53,0,4753.91,concept_drift,2024-07,4063.389214741386
ID0001620,2024-03-06,1,0,27868.0,49,3,1,1.013,0.976,1.8,0.43,14,7160.47,concept_drift,2024-03,6561.610782734037
ID0001621,2024-11-20,1,20,5000.0,41,3,1,1.08,0.79,1.2,0.084,14,5777.53,concept_drift,2024-11,5619.597430366683
ID0001622,2024-03-16,2,0,34908.0,70,2,2,1.168,1.337,1.4,0.164,30,6848.36,concept_drift,2024-03,6005.4839333684795
ID0001623,2024-07-02,1,12,8626.0,64,0,0,0.871,0.905,1.8,0.213,5,5819.73,concept_drift,2024-07,5125.675857860991
ID0001624,2024-09-27,2,3,22486.0,32,3,0,0.952,0.938,1.4,0.388,21,6257.54,concept_drift,2024-09,5812.304581376058
ID0001625,2024-08-11,0,0,14536.0,40,0,1,1.095,1.064,1.8,0.251,4,6262.52,concept_drift,2024-08,5619.52512843907
ID0001626,2024-06-24,2,3,29695.0,68,1,1,0.858,1.126,1.8,0.455,0,6624.15,concept_drift,2024-06,5828.466557000336
ID0001627,2024-09-25,1,1,22379.0,31,1,2,1.134,1.275,3.2,0.035,3,9844.68,concept_drift,2024-09,9125.915756223516
ID0001628,2024-08-14,2,9,15502.0,34,2,2,1.101,1.144,1.8,0.301,14,7592.45,concept_drift,2024-08,6890.938371204992
ID0001629,2024-06-21,4,9,25376.0,46,2,2,1.181,1.14,1.8,0.244,2,7420.47,concept_drift,2024-06,6694.447059998464
ID0001630,2024-06-19,1,3,21729.0,66,3,1,1.11,0.864,1.0,0.439,2,5223.62,concept_drift,2024-06,4925.719336233305
ID0001631,2024-05-28,2,12,9140.0,64,3,2,1.167,1.067,1.8,0.638,30,8389.69,concept_drift,2024-05,7521.990702357176
ID0001632,2024-11-14,2,8,16213.0,22,3,2,1.083,1.6,1.4,0.13,4,8142.54,concept_drift,2024-11,7602.834193377728
ID0001633,2024-02-10,3,10,12772.0,72,1,2,1.24,1.053,1.8,0.642,6,7370.67,concept_drift,2024-02,6495.369779569391
ID0001634,2024-01-11,2,8,11627.0,72,0,1,0.826,1.028,1.8,0.066,0,6098.0,concept_drift,2024-01,5356.383012289519
ID0001635,2024-05-06,1,14,6339.0,46,4,1,1.015,0.895,1.1,0.558,1,6271.56,concept_drift,2024-05,6028.00299639705
ID0001636,2024-07-23,2,6,23676.0,70,1,0,0.865,0.916,1.2,0.089,21,4865.88,concept_drift,2024-07,4258.174770126547
ID0001637,2024-04-07,2,6,26631.0,71,1,2,1.254,1.204,1.8,0.041,21,6779.94,concept_drift,2024-04,6234.491467909597
ID0001638,2024-02-05,4,7,29651.0,73,3,0,0.965,0.833,1.4,0.237,5,5573.83,concept_drift,2024-02,5317.967209993551
ID0001639,2024-12-06,1,8,13653.0,66,1,2,1.311,1.105,1.4,0.189,0,5982.86,concept_drift,2024-12,5373.922769859282
ID0001640,2024-01-05,0,6,9003.0,37,1,1,0.915,1.08,3.2,0.446,10,10052.82,concept_drift,2024-01,8965.6567859874
ID0001641,2024-10-18,1,9,11266.0,79,4,1,1.039,1.069,1.2,0.264,4,6178.86,concept_drift,2024-10,5855.95324034589
ID0001642,2024-09-01,2,4,29209.0,40,2,1,1.006,1.048,1.0,0.289,1,5203.62,concept_drift,2024-09,4867.984123314255
ID0001643,2024-11-27,0,6,13308.0,40,4,2,1.261,1.03,0.4,0.243,30,5097.66,concept_drift,2024-11,5000.225851364499
ID0001644,2024-01-01,1,6,9223.0,62,2,2,1.148,1.342,1.4,0.193,21,6796.87,concept_drift,2024-01,6279.6512199917615
ID0001645,2024-11-05,4,0,40987.0,78,0,1,1.052,0.75,1.4,0.296,1,4882.96,concept_drift,2024-11,4056.8344813520966
ID0001646,2024-11-14,3,15,16440.0,73,1,2,1.039,1.248,1.0,0.135,0,5309.1,concept_drift,2024-11,4976.429726522221
ID0001647,2024-08-01,4,11,20273.0,43,0,1,1.063,1.069,1.2,0.195,0,5255.01,concept_drift,2024-08,4616.01060193011
ID0001648,2024-02-03,1,16,5367.0,35,2,1,0.934,1.106,1.2,0.052,10,5730.73,concept_drift,2024-02,5352.3457248013265
ID0001649,2024-03-01,3,12,9074.0,67,2,0,0.834,0.978,1.2,0.459,1,5396.4,concept_drift,2024-03,4954.410778073679
ID0001650,2024-02-24,2,9,23202.0,73,2,2,1.287,1.28,1.4,0.204,0,6456.27,concept_drift,2024-02,5955.152855894577
ID0001651,2024-01-25,1,12,8058.0,46,4,1,0.972,0.968,1.2,0.147,1,6065.5,concept_drift,2024-01,5835.085972167378
ID0001652,2024-08-12,1,16,5077.0,19,1,2,1.184,1.32,1.2,0.288,1,7154.05,concept_drift,2024-08,6533.650015597049
ID0001653,2024-11-25,2,2,26624.0,41,0,1,0.819,0.856,1.2,0.186,1,4552.0,concept_drift,2024-11,4150.524834632995
ID0001654,2024-03-01,3,5,22962.0,59,0,1,0.943,0.755,1.2,0.32,2,4683.75,concept_drift,2024-03,3954.2168137887325
ID0001655,2024-02-10,1,2,15240.0,35,1,2,1.243,1.182,1.4,0.361,5,6201.06,concept_drift,2024-02,5734.632067860224
ID0001656,2024-09-01,0,9,6660.0,72,1,2,1.1,1.368,3.2,0.277,10,10444.45,concept_drift,2024-09,9189.062811960172
ID0001657,2024-12-13,3,6,32007.0,46,4,0,0.878,0.887,1.8,0.207,14,7022.39,concept_drift,2024-12,6443.327687171057
ID0001658,2024-06-26,2,12,10282.0,60,1,2,1.208,1.471,1.8,0.083,10,7364.03,concept_drift,2024-06,6883.915057395644
ID0001659,2024-12-22,0,1,16688.0,55,4,1,1.037,0.967,1.4,0.033,0,6148.37,concept_drift,2024-12,5661.808414380023
ID0001660,2024-11-10,2,12,12658.0,18,2,2,1.012,1.312,1.2,0.098,3,7153.25,concept_drift,2024-11,6758.574267771822
ID0001661,2024-12-11,2,5,18272.0,26,3,2,1.252,1.255,1.4,0.211,7,6944.82,concept_drift,2024-12,6536.374833471426
ID0001662,2024-09-07,2,15,10982.0,53,2,1,1.009,1.133,1.8,0.117,30,7325.86,concept_drift,2024-09,6609.011477371733
ID0001663,2024-06-24,2,2,18098.0,22,1,2,1.098,1.315,1.8,0.312,30,8617.32,concept_drift,2024-06,7460.774085818413
ID0001664,2024-07-20,2,5,20251.0,57,1,2,1.13,1.04,1.2,0.591,0,5744.61,concept_drift,2024-07,5243.121823564415
ID0001665,2024-04-16,1,3,16796.0,26,0,1,1.078,0.902,1.2,0.361,10,5339.93,concept_drift,2024-04,4550.16080652996
ID0001666,2024-07-09,1,7,10024.0,24,1,2,1.138,1.101,1.0,0.187,2,6017.35,concept_drift,2024-07,5541.257944196297
ID0001667,2024-11-18,2,2,28867.0,65,2,2,1.071,1.19,1.8,0.044,7,6846.31,concept_drift,2024-11,6462.75007396749
ID0001668,2024-11-02,1,17,7171.0,71,0,2,1.266,1.259,1.2,0.258,4,5860.29,concept_drift,2024-11,5167.487871337637
ID0001669,2024-10-13,1,10,6672.0,49,3,1,1.041,1.17,1.2,0.495,2,6496.35,concept_drift,2024-10,5920.458405090581
ID0001670,2024-06-25,3,13,11249.0,61,3,0,0.868,1.019,1.2,0.419,30,6235.59,concept_drift,2024-06,5674.068506154531
ID0001671,2024-10-06,1,20,5000.0,55,1,2,1.235,1.147,1.2,0.195,10,6108.57,concept_drift,2024-10,5505.652348139238
ID0001672,2024-08-19,3,10,15710.0,43,0,2,1.146,1.096,1.0,0.286,10,5208.94,concept_drift,2024-08,4684.059478719484
ID0001673,2024-04-18,3,15,10406.0,49,2,2,1.352,1.368,1.8,0.252,1,7713.48,concept_drift,2024-04,7247.043236216813
ID0001674,2024-09-11,3,14,11279.0,42,2,1,0.841,1.125,1.2,0.104,30,6197.89,concept_drift,2024-09,5594.997381654223
ID0001675,2024-11-23,1,11,8473.0,45,1,2,1.091,1.216,1.2,0.341,1,6080.89,concept_drift,2024-11,5483.237647714546
ID0001676,2024-08-16,2,0,35457.0,73,0,2,1.172,1.291,1.2,0.25,1,5339.82,concept_drift,2024-08,4706.806908178345
ID0001677,2024-02-05,2,12,10289.0,26,0,2,1.267,1.382,1.1,0.334,21,6316.27,concept_drift,2024-02,5583.436461944861
ID0001678,2024-08-28,2,4,17619.0,29,0,2,1.254,0.999,1.2,0.16,0,5274.67,concept_drift,2024-08,4731.973483895064
ID0001679,2024-12-03,0,7,12124.0,62,3,1,1.052,0.95,1.2,0.274,10,6001.33,concept_drift,2024-12,5455.724593040064
ID0001680,2024-08-09,1,14,6534.0,46,2,1,0.971,0.82,1.2,0.185,2,5772.84,concept_drift,2024-08,5052.74656531145
ID0001681,2024-04-22,1,10,9013.0,18,2,1,0.947,0.806,1.8,0.559,7,7836.93,concept_drift,2024-04,7301.053899529396
ID0001682,2024-04-26,1,3,16025.0,56,4,1,1.257,0.882,1.8,0.302,2,7225.34,concept_drift,2024-04,6654.050664808531
ID0001683,2024-09-13,0,5,15137.0,57,3,1,0.97,0.802,1.4,0.291,6,6044.04,concept_drift,2024-09,5616.171724920267
ID0001684,2024-02-26,2,12,10540.0,35,1,0,1.01,0.837,1.8,0.397,21,6592.8,concept_drift,2024-02,5931.658130618194
ID0001685,2024-10-09,3,10,15305.0,24,1,1,1.043,0.97,1.1,0.235,0,6019.02,concept_drift,2024-10,5537.154607888545
ID0001686,2024-05-28,2,10,12775.0,45,3,0,0.902,0.965,1.0,0.119,10,4985.91,concept_drift,2024-05,4845.185523564603
ID0001687,2024-10-11,2,13,12424.0,76,3,2,1.111,1.272,1.8,0.58,4,7987.33,concept_drift,2024-10,7346.267067454946
ID0001688,2024-07-05,1,20,5000.0,65,4,2,1.041,1.261,1.2,0.38,0,7088.88,concept_drift,2024-07,6920.8610743662975
ID0001689,2024-09-24,3,3,31364.0,65,1,1,0.99,0.902,1.8,0.082,0,5904.97,concept_drift,2024-09,5450.642431044453
ID0001690,2024-04-12,1,12,9458.0,30,1,0,0.968,0.892,1.8,0.18,2,6274.16,concept_drift,2024-04,5802.961734586415
ID0001691,2024-09-25,0,20,5000.0,62,0,1,1.0,0.927,1.1,0.297,10,5039.12,concept_drift,2024-09,4560.467772934003
ID0001692,2024-08-09,0,11,7451.0,41,2,0,0.85,0.775,1.2,0.229,30,5358.7,concept_drift,2024-08,5019.285480022638
ID0001693,2024-08-23,2,6,25239.0,72,0,1,1.011,0.969,1.8,0.344,7,6186.89,concept_drift,2024-08,5464.436970555734
ID0001694,2024-08-09,0,7,6741.0,20,2,2,1.346,1.215,1.0,0.648,14,7196.19,concept_drift,2024-08,6486.545600990686
ID0001695,2024-05-19,1,0,20909.0,53,0,0,0.821,0.851,1.2,0.098,0,4287.43,concept_drift,2024-05,3612.68788365776
ID0001696,2024-10-23,1,0,22578.0,39,2,0,0.781,0.957,1.8,0.25,30,6803.96,concept_drift,2024-10,6025.755880197697
ID0001697,2024-04-05,4,13,11694.0,76,2,0,1.015,1.017,3.2,0.392,5,9924.05,concept_drift,2024-04,8916.511005086762
ID0001698,2024-09-08,2,5,17188.0,50,1,2,1.205,1.043,1.8,0.017,0,6500.52,concept_drift,2024-09,6165.0671271946385
ID0001699,2024-05-01,0,2,15831.0,27,2,1,0.978,0.848,1.8,0.511,0,7022.01,concept_drift,2024-05,6225.584219363973
ID0001700,2024-11-26,2,2,34813.0,48,2,2,1.009,1.174,1.2,0.117,5,5885.51,concept_drift,2024-11,5372.662877180593
ID0001701,2024-10-10,1,4,21001.0,70,3,0,0.75,0.913,1.2,0.569,1,5512.49,concept_drift,2024-10,5283.279189818196
ID0001702,2024-09-13,0,11,7558.0,79,2,1,1.017,0.767,1.2,0.396,0,5168.95,concept_drift,2024-09,4702.014244851866
ID0001703,2024-04-12,1,4,20086.0,44,3,0,0.896,0.795,0.4,0.179,3,3665.7,concept_drift,2024-04,3500.7037766746835
ID0001704,2024-04-05,1,16,6911.0,53,2,2,0.948,1.113,1.4,0.654,5,6878.83,concept_drift,2024-04,6505.522406806583
ID0001705,2024-10-07,1,4,16185.0,55,2,1,1.165,0.971,1.2,0.207,5,5467.11,concept_drift,2024-10,4958.9538773702325
ID0001706,2024-07-13,4,4,40288.0,56,0,2,0.977,1.198,3.2,0.355,0,9859.35,concept_drift,2024-07,8412.009271782244
ID0001707,2024-11-06,2,11,12589.0,59,1,0,0.944,0.994,1.4,0.125,1,5272.02,concept_drift,2024-11,4745.765268181165
ID0001708,2024-02-22,2,4,30692.0,40,0,1,0.94,0.937,1.2,0.321,21,5076.94,concept_drift,2024-02,4585.091167370451
ID0001709,2024-12-05,1,0,18087.0,38,1,1,1.144,0.938,1.8,0.348,21,6868.04,concept_drift,2024-12,5968.975269709781
ID0001710,2024-08-05,1,6,13090.0,71,2,2,1.042,1.164,1.0,0.414,4,5840.73,concept_drift,2024-08,5169.265581566437
ID0001711,2024-02-01,1,9,10932.0,53,2,2,1.022,1.199,1.8,0.501,4,7715.25,concept_drift,2024-02,6941.321148443717
ID0001712,2024-12-06,0,8,8349.0,40,0,0,0.95,0.823,1.8,0.409,2,6250.66,concept_drift,2024-12,5274.920662345088
ID0001713,2024-08-15,1,11,10212.0,42,3,2,1.103,1.177,1.0,0.187,0,6021.93,concept_drift,2024-08,5687.137496217894
ID0001714,2024-09-04,0,9,10315.0,33,1,1,1.023,0.8,1.8,0.611,0,6757.76,concept_drift,2024-09,6082.931314118096
ID0001715,2024-03-01,2,14,10039.0,71,2,0,0.896,0.841,1.2,0.329,2,5234.8,concept_drift,2024-03,4812.07324792197
ID0001716,2024-01-23,2,12,12007.0,67,2,2,1.17,1.293,1.4,0.222,5,6716.32,concept_drift,2024-01,6137.675586883946
ID0001717,2024-06-12,0,10,7465.0,22,1,2,1.174,1.394,1.4,0.239,1,7132.7,concept_drift,2024-06,6798.302468569196
ID0001718,2024-07-27,0,10,6752.0,38,0,2,1.16,1.173,3.2,0.328,5,10037.83,concept_drift,2024-07,8701.14700507088
ID0001719,2024-11-08,3,14,11539.0,35,1,2,1.332,1.403,1.2,0.276,1,6500.43,concept_drift,2024-11,5962.702530803624
ID0001720,2024-02-25,2,11,11960.0,51,1,1,0.931,0.969,1.8,0.377,2,6811.09,concept_drift,2024-02,5987.688274107915
ID0001721,2024-01-26,2,6,15783.0,41,1,2,1.218,1.232,1.0,0.523,1,5731.9,concept_drift,2024-01,5203.643747941096
ID0001722,2024-09-21,2,13,10184.0,78,4,1,1.123,1.234,1.2,0.099,2,6222.26,concept_drift,2024-09,5923.657349349718
ID0001723,2024-11-20,2,10,15063.0,18,3,1,0.987,0.944,1.2,0.698,7,7100.17,concept_drift,2024-11,6848.09540052585
ID0001724,2024-02-21,3,10,15079.0,34,4,1,1.116,1.145,1.2,0.215,0,6528.94,concept_drift,2024-02,6095.403723162816
ID0001725,2024-12-15,1,9,8157.0,62,2,2,1.078,1.353,1.4,0.403,0,6627.81,concept_drift,2024-12,6265.793806627763
ID0001726,2024-09-16,4,7,33639.0,39,3,1,0.974,0.951,0.4,0.043,5,4119.95,concept_drift,2024-09,3913.914081852668
ID0001727,2024-07-26,4,16,12333.0,28,0,0,0.968,0.978,1.1,0.275,2,4965.81,concept_drift,2024-07,4335.573248046029
ID0001728,2024-01-18,0,7,6984.0,48,1,0,0.877,0.988,1.8,0.288,6,6394.76,concept_drift,2024-01,5706.424830023357
ID0001729,2024-06-27,0,13,5557.0,21,2,2,1.276,1.235,1.8,0.199,2,8403.63,concept_drift,2024-06,7705.714487025964
ID0001730,2024-09-20,1,7,14105.0,28,1,0,0.809,0.932,1.2,0.268,14,5397.49,concept_drift,2024-09,4657.457661362148
ID0001731,2024-11-12,2,5,19900.0,56,4,0,0.868,0.969,1.4,0.112,0,5985.44,concept_drift,2024-11,5649.506062028851
ID0001732,2024-08-06,1,10,9107.0,56,0,1,1.009,1.122,1.8,0.259,4,6393.0,concept_drift,2024-08,5772.4563069994165
ID0001733,2024-09-18,2,3,24970.0,37,2,2,1.154,0.989,1.2,0.153,1,5775.71,concept_drift,2024-09,5355.152077232487
ID0001734,2024-09-28,3,6,20112.0,49,0,2,1.331,1.258,1.2,0.345,1,5708.06,concept_drift,2024-09,5112.254031964128
ID0001735,2024-07-09,1,3,19248.0,30,1,1,0.922,1.034,1.4,0.209,30,6150.45,concept_drift,2024-07,5373.933594400459
ID0001736,2024-10-13,0,8,7830.0,78,3,2,1.185,1.417,1.4,0.185,21,6993.89,concept_drift,2024-10,6747.0143207952715
ID0001737,2024-06-15,1,8,10187.0,26,3,1,1.033,1.043,1.0,0.405,0,5956.19,concept_drift,2024-06,5500.087971431932
ID0001738,2024-07-19,3,5,15690.0,58,0,1,0.923,0.808,1.0,0.287,14,4526.1,concept_drift,2024-07,3825.4138493210353
ID0001739,2024-06-07,3,8,14755.0,40,3,2,1.18,1.377,1.2,0.576,7,6992.44,concept_drift,2024-06,6666.7222437845085
ID0001740,2024-11-20,3,0,41272.0,35,2,1,0.955,0.85,1.8,0.108,4,6257.67,concept_drift,2024-11,5900.526684533054
ID0001741,2024-02-10,1,9,10229.0,30,3,1,0.9,0.822,1.8,0.242,1,7021.09,concept_drift,2024-02,6550.930208740499
ID0001742,2024-09-15,3,10,17867.0,35,2,1,0.975,1.075,1.2,0.438,3,6041.83,concept_drift,2024-09,5483.058523966495
ID0001743,2024-12-11,2,14,12214.0,61,1,1,0.992,1.087,0.4,0.243,21,4003.12,concept_drift,2024-12,3687.8486886103224
ID0001744,2024-05-20,1,0,28085.0,34,3,1,0.98,1.021,1.4,0.305,1,6250.06,concept_drift,2024-05,5827.42423431361
ID0001745,2024-02-10,3,10,18193.0,25,2,0,0.857,0.998,1.2,0.201,3,5535.68,concept_drift,2024-02,5196.599825533144
ID0001746,2024-05-27,1,15,5463.0,36,1,2,1.219,1.076,1.2,0.338,30,6326.12,concept_drift,2024-05,5766.000111180579
ID0001747,2024-01-13,1,13,9112.0,62,2,2,1.203,1.297,1.4,0.435,4,6941.49,concept_drift,2024-01,6395.690684844317
ID0001748,2024-05-02,1,14,5158.0,78,4,1,1.021,0.75,1.2,0.486,2,6133.68,concept_drift,2024-05,5785.4191562033375
ID0001749,2024-01-01,0,11,5064.0,40,0,0,0.898,0.779,1.4,0.511,1,5479.06,concept_drift,2024-01,4593.467221039927
ID0001750,2024-05-16,2,0,30600.0,62,4,2,1.182,1.089,1.2,0.325,1,6106.61,concept_drift,2024-05,6064.226574390295
ID0001751,2024-07-21,3,5,35623.0,65,3,2,1.241,1.277,1.2,0.527,0,6709.6,concept_drift,2024-07,6093.693033392353
ID0001752,2024-10-16,1,14,7639.0,20,1,2,1.272,1.219,1.2,0.419,5,7242.89,concept_drift,2024-10,6482.435107832402
ID0001753,2024-08-07,0,13,7192.0,78,3,2,1.274,1.216,1.4,0.079,1,6387.6,concept_drift,2024-08,5893.9625267123665
ID0001754,2024-01-03,2,11,16626.0,36,0,1,0.994,0.927,1.0,0.089,1,4453.24,concept_drift,2024-01,4090.2027455569287
ID0001755,2024-07-17,2,10,14121.0,28,2,1,0.788,0.944,3.2,0.4,0,10069.59,concept_drift,2024-07,8640.585298814492
ID0001756,2024-04-08,2,6,19814.0,38,2,1,1.043,1.118,1.2,0.453,0,6086.65,concept_drift,2024-04,5388.364473048579
ID0001757,2024-02-07,2,12,11535.0,27,2,2,1.203,1.191,1.8,0.195,30,7892.39,concept_drift,2024-02,7205.157192399006
ID0001758,2024-11-25,1,10,11138.0,52,2,2,1.251,1.355,1.2,0.191,10,6437.81,concept_drift,2024-11,5922.307691647242
ID0001759,2024-11-05,3,14,9857.0,24,2,2,1.181,1.154,1.0,0.407,14,6948.23,concept_drift,2024-11,6403.097043090114
ID0001760,2024-05-03,2,6,16497.0,36,2,2,1.16,1.141,1.4,0.238,2,6583.58,concept_drift,2024-05,6077.839860585209
ID0001761,2024-07-19,4,19,8448.0,50,1,0,0.879,0.825,1.8,0.224,21,6551.74,concept_drift,2024-07,5950.271195781468
ID0001762,2024-09-03,3,14,12768.0,70,1,0,0.839,0.89,1.2,0.198,10,4889.15,concept_drift,2024-09,4391.109012338348
ID0001763,2024-01-16,2,2,30392.0,58,2,2,1.259,1.229,1.2,0.214,0,5839.69,concept_drift,2024-01,5419.384477160652
ID0001764,2024-03-28,1,12,9484.0,77,1,1,0.912,0.995,1.2,0.103,3,5028.06,concept_drift,2024-03,4520.063017852161
ID0001765,2024-07-05,0,7,13748.0,45,2,1,1.108,1.028,0.4,0.465,4,4412.35,concept_drift,2024-07,3908.252296341509
ID0001766,2024-11-10,2,7,17312.0,73,1,2,1.134,1.331,1.4,0.186,30,6594.29,concept_drift,2024-11,5856.808907626906
ID0001767,2024-10-04,1,11,7214.0,24,3,1,0.996,1.066,1.8,0.313,0,8288.43,concept_drift,2024-10,7579.329499186071
ID0001768,2024-02-06,3,1,34797.0,74,0,1,0.951,1.018,1.8,0.157,10,6217.5,concept_drift,2024-02,5318.097006890419
ID0001769,2024-10-24,2,8,18782.0,35,2,0,0.845,1.002,1.8,0.087,7,6656.75,concept_drift,2024-10,6156.506193876991
ID0001770,2024-08-08,1,9,14230.0,53,1,2,1.141,1.178,1.0,0.269,10,5316.74,concept_drift,2024-08,5022.583406422956
ID0001771,2024-11-11,2,3,26049.0,49,1,2,1.078,1.189,0.4,0.18,14,4194.88,concept_drift,2024-11,3971.480392773567
ID0001772,2024-02-03,1,6,16045.0,61,0,1,0.922,1.126,3.2,0.236,0,9235.66,concept_drift,2024-02,7937.1338921838205
ID0001773,2024-06-23,0,0,16763.0,58,3,1,0.966,0.959,1.8,0.199,0,6732.7,concept_drift,2024-06,6234.9318811483645
ID0001774,2024-08-11,4,11,13515.0,74,2,2,1.049,1.156,1.2,0.385,7,6090.12,concept_drift,2024-08,5626.279599155558
ID0001775,2024-04-23,2,6,16623.0,20,3,1,1.039,1.017,1.2,0.12,21,6837.1,concept_drift,2024-04,6521.394827711247
ID0001776,2024-08-26,1,11,6922.0,33,3,2,1.052,1.484,1.2,0.629,30,7603.04,concept_drift,2024-08,7373.015650190632
ID0001777,2024-03-21,2,12,11410.0,52,1,0,0.899,0.984,1.4,0.112,5,5563.05,concept_drift,2024-03,4830.004369999151
ID0001778,2024-02-23,3,0,31183.0,35,0,0,0.913,0.833,1.2,0.488,1,4843.01,concept_drift,2024-02,4021.337115085974
ID0001779,2024-06-14,0,12,12155.0,62,4,2,1.184,1.294,1.2,0.645,2,7271.47,concept_drift,2024-06,6896.548761633354
ID0001780,2024-04-23,1,3,14024.0,75,2,0,1.019,0.915,1.2,0.254,0,5029.39,concept_drift,2024-04,4507.34619639233
ID0001781,2024-04-13,1,4,12499.0,60,2,2,1.181,1.058,1.1,0.222,14,5571.29,concept_drift,2024-04,5196.0815498444335
ID0001782,2024-01-09,2,0,25717.0,20,0,1,1.105,1.055,3.2,0.375,0,10352.92,concept_drift,2024-01,8997.649662214102
ID0001783,2024-04-23,3,9,15781.0,39,0,1,0.951,0.872,1.8,0.467,1,6353.53,concept_drift,2024-04,5590.704824902675
ID0001784,2024-05-08,2,5,15144.0,60,0,2,1.076,1.306,1.2,0.221,21,5644.3,concept_drift,2024-05,5043.012504798026
ID0001785,2024-03-04,2,5,25842.0,38,1,2,1.36,1.135,1.4,0.173,0,6051.14,concept_drift,2024-03,5568.684539041788
ID0001786,2024-02-06,3,7,18961.0,50,1,2,1.188,1.328,1.2,0.457,21,6479.46,concept_drift,2024-02,5748.746021508063
ID0001787,2024-07-25,1,8,9096.0,74,3,1,0.987,0.851,1.8,0.216,10,6833.76,concept_drift,2024-07,6409.965698595516
ID0001788,2024-02-08,2,9,17123.0,51,1,2,1.222,1.34,1.4,0.36,21,6943.15,concept_drift,2024-02,6140.626929513521
ID0001789,2024-01-08,2,18,7790.0,55,2,2,1.252,1.301,0.4,0.451,5,4956.35,concept_drift,2024-01,4823.611573769574
ID0001790,2024-04-28,2,8,20551.0,61,4,1,1.019,1.088,1.4,0.153,7,6707.65,concept_drift,2024-04,6042.833888388827
ID0001791,2024-03-02,1,10,13033.0,56,2,2,1.285,1.029,1.8,0.347,10,7489.23,concept_drift,2024-03,6768.915952384223
ID0001792,2024-03-22,2,6,27013.0,57,3,1,1.064,0.931,3.2,0.14,1,9755.47,concept_drift,2024-03,8737.260923717593
ID0001793,2024-05-26,2,5,27440.0,33,4,2,1.179,1.129,1.8,0.316,0,7819.72,concept_drift,2024-05,7379.182216956504
ID0001794,2024-12-13,2,7,24507.0,51,1,2,1.242,1.096,1.4,0.395,14,6525.69,concept_drift,2024-12,5760.117843292345
ID0001795,2024-09-06,2,0,32080.0,73,3,1,1.01,1.112,1.4,0.613,0,6536.96,concept_drift,2024-09,5780.133237973458
ID0001796,2024-10-14,0,7,14905.0,73,1,0,0.97,0.888,1.8,0.487,6,6374.61,concept_drift,2024-10,5549.4186084616285
ID0001797,2024-04-24,0,10,9315.0,46,2,0,0.964,1.012,1.4,0.308,1,5798.35,concept_drift,2024-04,5552.499533540652
ID0001798,2024-01-03,2,1,23101.0,78,2,1,0.963,0.955,1.2,0.129,10,5019.47,concept_drift,2024-01,4649.189507607074
ID0001799,2024-07-22,1,4,15240.0,39,1,2,1.052,1.186,1.4,0.429,2,6596.71,concept_drift,2024-07,5798.97442470915
ID0001800,2024-02-14,3,10,11950.0,62,1,1,1.082,1.058,1.8,0.304,10,6875.89,concept_drift,2024-02,5999.954715691111
ID0001801,2024-05-16,1,5,12825.0,77,2,2,1.097,0.984,1.4,0.085,6,5786.54,concept_drift,2024-05,5505.044599016659
ID0001802,2024-12-19,0,0,16035.0,61,1,1,1.263,0.995,1.4,0.264,4,5519.72,concept_drift,2024-12,4924.936578766628
ID0001803,2024-10-06,0,15,5259.0,44,2,1,1.025,1.164,1.8,0.224,0,7105.84,concept_drift,2024-10,6548.809168126553
ID0001804,2024-07-02,0,6,10561.0,48,0,0,0.881,0.939,1.8,0.123,21,6069.56,concept_drift,2024-07,5259.246180783397
ID0001805,2024-08-22,2,0,30909.0,62,1,2,1.324,1.236,1.8,0.578,5,7140.2,concept_drift,2024-08,6388.42064080289
ID0001806,2024-06-08,2,0,43187.0,56,0,2,1.1,1.395,1.0,0.27,0,5340.4,concept_drift,2024-06,4552.332256282456
ID0001807,2024-08-08,3,4,30082.0,79,0,1,1.151,0.985,1.2,0.527,3,5122.19,concept_drift,2024-08,4368.500271246354
ID0001808,2024-01-06,3,2,29176.0,70,0,1,0.901,1.024,1.2,0.252,7,5034.43,concept_drift,2024-01,4275.732847842115
ID0001809,2024-12-11,3,6,24139.0,30,4,2,1.136,1.44,1.8,0.452,3,8634.41,concept_drift,2024-12,7847.221981321636
ID0001810,2024-01-13,0,15,6195.0,45,0,2,1.049,1.146,1.0,0.116,5,5215.57,concept_drift,2024-01,4658.363450707847
ID0001811,2024-12-16,2,9,11077.0,33,1,2,1.242,1.192,1.2,0.389,0,6135.46,concept_drift,2024-12,5525.5242720092365
ID0001812,2024-06-19,1,5,12385.0,68,1,1,1.015,1.047,1.2,0.373,2,5415.54,concept_drift,2024-06,4797.154851471121
ID0001813,2024-09-26,1,3,14323.0,21,1,1,1.083,1.112,1.8,0.038,2,7247.51,concept_drift,2024-09,6606.131378222249
ID0001814,2024-05-21,2,17,8734.0,47,1,2,1.297,1.063,1.2,0.487,3,6212.99,concept_drift,2024-05,5545.612166123545
ID0001815,2024-11-07,2,5,20438.0,40,0,0,0.979,0.934,1.8,0.206,21,6055.57,concept_drift,2024-11,5267.797324997368
ID0001816,2024-05-09,1,12,8949.0,66,0,1,0.992,0.804,1.8,0.082,0,5736.62,concept_drift,2024-05,5124.8758567825425
ID0001817,2024-03-11,1,15,5972.0,67,0,1,0.882,0.898,1.2,0.232,2,4915.03,concept_drift,2024-03,4345.510330359202
ID0001818,2024-01-17,1,7,9899.0,78,3,2,1.317,1.265,1.2,0.137,0,6379.3,concept_drift,2024-01,5786.352771810849
ID0001819,2024-11-26,1,5,11611.0,59,0,2,1.125,1.185,1.2,0.085,1,5160.82,concept_drift,2024-11,4771.567316977764
ID0001820,2024-04-06,1,1,18646.0,28,0,1,1.071,1.099,1.2,0.436,1,5430.28,concept_drift,2024-04,4749.790706558511
ID0001821,2024-01-19,2,6,19624.0,31,1,1,1.02,0.977,1.4,0.389,0,5971.6,concept_drift,2024-01,5328.5292107275
ID0001822,2024-09-04,3,4,26643.0,55,3,1,1.033,1.09,1.0,0.184,1,5244.01,concept_drift,2024-09,4951.534042132958
ID0001823,2024-07-14,3,8,12971.0,38,4,1,1.041,0.938,1.8,0.125,1,7479.37,concept_drift,2024-07,6691.29899857589
ID0001824,2024-06-06,4,5,54450.0,26,2,1,1.008,0.946,1.2,0.562,3,6072.26,concept_drift,2024-06,5602.077984148589
ID0001825,2024-10-13,1,5,19526.0,72,1,2,1.256,1.222,1.4,0.196,1,6061.73,concept_drift,2024-10,5456.47906353029
ID0001826,2024-05-01,4,14,18341.0,54,1,1,1.028,1.051,1.4,0.252,0,5876.53,concept_drift,2024-05,5381.862900921838
ID0001827,2024-10-07,2,16,9229.0,72,3,2,1.293,1.087,1.8,0.21,3,7535.44,concept_drift,2024-10,6869.652686673363
ID0001828,2024-10-13,1,17,7126.0,43,1,0,1.006,0.844,1.8,0.084,1,5929.84,concept_drift,2024-10,5638.0638011982
ID0001829,2024-10-26,0,5,9392.0,57,2,0,0.852,0.953,1.4,0.044,6,5629.73,concept_drift,2024-10,5012.571316940082
ID0001830,2024-02-11,1,3,20327.0,43,2,1,1.028,1.156,1.2,0.259,4,5789.63,concept_drift,2024-02,5290.505483440307
ID0001831,2024-05-08,0,0,19138.0,64,0,2,1.153,1.213,1.4,0.12,30,6065.81,concept_drift,2024-05,5151.342558933708
ID0001832,2024-09-15,0,0,19041.0,23,0,1,1.036,0.896,1.4,0.373,3,6096.23,concept_drift,2024-09,5437.615907766224
ID0001833,2024-11-13,1,12,7804.0,75,1,2,1.185,1.35,1.2,0.259,2,5933.29,concept_drift,2024-11,5354.632593666995
ID0001834,2024-03-06,0,2,18777.0,38,3,2,1.276,1.251,3.2,0.186,30,10633.39,concept_drift,2024-03,9702.939396068463
ID0001835,2024-06-21,4,10,21407.0,50,0,0,1.007,0.776,1.4,0.251,2,4943.59,concept_drift,2024-06,4287.499177172304
ID0001836,2024-09-23,2,8,12187.0,53,1,2,1.076,1.181,1.8,0.105,3,6889.71,concept_drift,2024-09,6215.492189772233
ID0001837,2024-08-06,0,10,5686.0,24,0,1,0.95,1.062,1.8,0.016,2,6975.19,concept_drift,2024-08,6382.421885272206
ID0001838,2024-04-11,0,4,13459.0,39,0,1,0.925,0.941,1.2,0.413,0,5272.6,concept_drift,2024-04,4517.805653468092
ID0001839,2024-06-21,3,5,16567.0,71,0,1,1.06,0.962,1.4,0.588,1,5562.23,concept_drift,2024-06,4753.913272674788
ID0001840,2024-02-12,1,8,16303.0,54,2,2,1.429,0.976,0.4,0.244,3,4098.29,concept_drift,2024-02,3968.264683244041
ID0001841,2024-06-21,2,14,13093.0,68,3,0,0.901,0.86,1.4,0.146,7,5720.7,concept_drift,2024-06,5464.154275165464
ID0001842,2024-06-25,1,1,19048.0,46,0,0,0.998,0.906,1.2,0.048,4,4476.68,concept_drift,2024-06,3708.017460574085
ID0001843,2024-12-17,3,2,21650.0,49,0,1,1.042,1.123,3.2,0.375,4,9494.54,concept_drift,2024-12,8359.197151285596
ID0001844,2024-02-27,1,4,15997.0,76,2,2,1.284,1.176,1.0,0.161,1,5308.08,concept_drift,2024-02,4893.433367643584
ID0001845,2024-10-08,2,9,12962.0,61,2,2,1.087,1.282,3.2,0.437,4,10610.13,concept_drift,2024-10,9344.778840616265
ID0001846,2024-09-21,1,13,5714.0,56,2,0,0.81,0.879,1.0,0.023,1,4730.37,concept_drift,2024-09,4147.106882094406
ID0001847,2024-01-20,1,1,19828.0,54,0,0,0.866,1.063,1.8,0.357,1,6275.88,concept_drift,2024-01,5352.038231528943
ID0001848,2024-11-21,1,8,9968.0,38,2,1,1.005,0.909,0.4,0.061,2,3685.22,concept_drift,2024-11,3684.3409076092694
ID0001849,2024-10-25,1,3,14092.0,77,2,0,0.76,0.909,1.4,0.1,3,5294.89,concept_drift,2024-10,4741.240818505227
ID0001850,2024-07-14,2,6,20249.0,79,0,1,1.085,1.002,1.2,0.354,1,4872.02,concept_drift,2024-07,4317.849460761707
ID0001851,2024-04-24,2,11,12964.0,44,2,1,1.067,1.122,1.2,0.131,7,5914.57,concept_drift,2024-04,5330.0480800453
ID0001852,2024-10-16,1,9,9242.0,74,0,1,1.008,0.953,1.8,0.391,2,6361.54,concept_drift,2024-10,5480.863952480375
ID0001853,2024-11-07,1,11,11720.0,51,1,1,1.036,1.144,1.2,0.052,14,5465.11,concept_drift,2024-11,5030.522553870289
ID0001854,2024-07-08,2,9,17786.0,23,0,1,0.881,0.868,1.2,0.183,1,5747.95,concept_drift,2024-07,5193.063530965861
ID0001855,2024-02-12,1,8,7130.0,59,1,1,0.954,0.944,1.2,0.223,0,4963.63,concept_drift,2024-02,4617.780221055627
ID0001856,2024-11-20,4,11,18307.0,47,0,0,0.847,0.957,0.4,0.311,7,3309.32,concept_drift,2024-11,2832.0356865258104
ID0001857,2024-10-19,0,0,19713.0,48,3,1,0.958,0.902,1.4,0.07,0,5691.05,concept_drift,2024-10,5399.31239837758
ID0001858,2024-03-28,2,11,14455.0,46,3,2,1.021,1.191,0.4,0.225,0,4773.06,concept_drift,2024-03,4658.900165675316
ID0001859,2024-09-01,1,7,13836.0,65,0,2,1.125,1.216,1.4,0.215,30,6219.39,concept_drift,2024-09,5359.481765273128
ID0001860,2024-03-27,2,10,11583.0,68,2,0,1.073,0.902,1.8,0.445,0,6483.72,concept_drift,2024-03,5904.588422192329
ID0001861,2024-04-15,3,7,14483.0,25,1,1,1.054,0.961,1.2,0.146,30,5528.39,concept_drift,2024-04,5159.981460779575
ID0001862,2024-01-23,1,11,9809.0,63,1,1,0.981,1.059,1.4,0.41,14,6075.77,concept_drift,2024-01,5412.625983080754
ID0001863,2024-01-15,3,12,12100.0,25,1,0,0.838,1.05,1.4,0.29,10,5950.08,concept_drift,2024-01,5424.319530535607
ID0001864,2024-04-22,3,14,12400.0,63,4,1,1.026,0.923,1.2,0.119,4,5926.2,concept_drift,2024-04,5640.735977140525
ID0001865,2024-04-08,0,0,11350.0,60,4,2,1.078,1.457,1.4,0.246,14,7392.62,concept_drift,2024-04,6830.899250971862
ID0001866,2024-06-12,2,17,8183.0,66,0,0,0.864,0.857,1.0,0.472,0,4441.5,concept_drift,2024-06,3920.3984182566555
ID0001867,2024-10-11,2,6,20639.0,44,3,1,0.943,0.928,1.4,0.544,6,6754.42,concept_drift,2024-10,5971.24111724715
ID0001868,2024-05-26,4,11,32846.0,71,1,2,1.091,1.077,1.2,0.461,7,5910.81,concept_drift,2024-05,5287.186004499041
ID0001869,2024-03-17,2,18,8092.0,38,2,1,0.982,1.091,1.4,0.405,5,6566.67,concept_drift,2024-03,6008.846447000372
ID0001870,2024-02-01,2,13,7902.0,64,2,2,1.233,1.467,1.0,0.544,0,6506.32,concept_drift,2024-02,5892.497491214095
ID0001871,2024-10-27,2,0,25003.0,64,1,1,1.065,0.907,1.4,0.053,7,5290.44,concept_drift,2024-10,4712.908904078879
ID0001872,2024-07-08,1,13,5760.0,32,2,2,1.125,1.167,1.8,0.448,7,7948.5,concept_drift,2024-07,7016.769331915857
ID0001873,2024-03-22,1,0,26038.0,39,2,2,1.124,1.299,1.0,0.262,1,5885.93,concept_drift,2024-03,5337.282530610341
ID0001874,2024-01-11,1,8,8812.0,74,2,2,1.086,1.106,1.2,0.416,3,5906.32,concept_drift,2024-01,5481.945441817846
ID0001875,2024-04-02,3,6,25374.0,54,0,2,1.106,1.401,1.4,0.274,6,6266.32,concept_drift,2024-04,5547.675375963223
ID0001876,2024-05-26,0,5,12425.0,46,3,0,0.978,0.92,1.2,0.241,30,5827.34,concept_drift,2024-05,5430.87219626312
ID0001877,2024-01-11,2,11,10802.0,42,2,1,1.056,0.949,1.8,0.413,3,6945.74,concept_drift,2024-01,6407.855447297799
ID0001878,2024-10-16,4,8,40122.0,65,1,1,1.097,0.952,1.0,0.363,7,4986.08,concept_drift,2024-10,4390.859168946061
ID0001879,2024-08-09,0,7,10485.0,22,0,2,1.159,1.279,1.2,0.512,14,6911.33,concept_drift,2024-08,6170.399863709592
ID0001880,2024-07-17,1,1,18109.0,69,0,2,1.042,1.319,1.2,0.091,0,5379.38,concept_drift,2024-07,4669.692347306665
ID0001881,2024-09-03,1,11,8111.0,30,2,1,1.126,0.995,1.8,0.571,21,7722.28,concept_drift,2024-09,6912.290379650203
ID0001882,2024-08-25,1,15,8153.0,36,2,1,1.061,1.078,1.0,0.269,0,5489.02,concept_drift,2024-08,5170.695131582389
ID0001883,2024-07-11,0,0,27194.0,64,1,2,1.288,1.371,3.2,0.256,0,9861.39,concept_drift,2024-07,9188.990154535632
ID0001884,2024-06-01,1,12,7742.0,55,4,0,0.885,1.032,1.4,0.273,0,6514.0,concept_drift,2024-06,6120.796773868283
ID0001885,2024-12-08,2,10,8691.0,73,2,2,1.246,1.304,0.4,0.175,30,4690.53,concept_drift,2024-12,4650.211182320888
ID0001886,2024-06-02,2,6,20832.0,26,1,2,1.289,1.159,1.4,0.188,0,6294.39,concept_drift,2024-06,5748.686354124594
ID0001887,2024-05-17,1,5,13440.0,42,1,2,1.233,1.304,0.4,0.035,0,3921.32,concept_drift,2024-05,3942.158732462643
ID0001888,2024-01-23,2,4,26318.0,68,2,2,1.288,1.063,1.8,0.462,1,7360.36,concept_drift,2024-01,6485.375252294114
ID0001889,2024-08-19,3,4,29044.0,65,3,2,1.079,1.238,1.4,0.396,4,6899.53,concept_drift,2024-08,6313.891847598075
ID0001890,2024-01-16,1,11,10577.0,61,3,2,1.316,1.314,0.4,0.077,1,4791.3,concept_drift,2024-01,4637.364109126721
ID0001891,2024-08-04,3,7,16578.0,45,0,2,1.235,1.231,1.4,0.133,3,5958.97,concept_drift,2024-08,5303.609351120354
ID0001892,2024-05-27,1,15,6706.0,46,2,0,0.963,0.751,1.8,0.797,6,7260.4,concept_drift,2024-05,6324.385016724312
ID0001893,2024-05-04,4,0,43508.0,78,1,2,1.316,1.409,1.2,0.062,3,5811.09,concept_drift,2024-05,4969.452644280861
ID0001894,2024-10-03,4,4,35062.0,60,1,1,0.937,0.946,1.4,0.463,2,5692.44,concept_drift,2024-10,5034.091304982892
ID0001895,2024-03-01,3,9,14914.0,74,0,1,1.138,1.033,1.2,0.452,3,5167.34,concept_drift,2024-03,4534.910673804034
ID0001896,2024-07-25,2,1,33746.0,58,1,2,1.264,1.233,1.4,0.32,0,6243.5,concept_drift,2024-07,5518.680732434858
ID0001897,2024-11-14,3,13,12280.0,79,3,2,1.347,1.261,1.0,0.367,3,6200.32,concept_drift,2024-11,5803.3214762180205
ID0001898,2024-08-09,2,17,6275.0,61,2,2,1.075,1.387,1.1,0.233,4,6093.84,concept_drift,2024-08,5917.6330501088805
ID0001899,2024-07-15,3,6,16277.0,42,2,2,1.099,1.263,1.4,0.426,2,6869.21,concept_drift,2024-07,6246.387317259659
ID0001900,2024-11-26,0,7,11307.0,42,3,2,1.247,1.327,1.8,0.096,7,7612.91,concept_drift,2024-11,7275.663511370049
ID0001901,2024-06-26,1,14,8340.0,41,1,1,0.956,1.007,1.0,0.038,21,5249.13,concept_drift,2024-06,4821.4637536485
ID0001902,2024-11-20,1,15,7017.0,59,2,2,1.333,1.384,1.8,0.443,1,7991.83,concept_drift,2024-11,7272.167259393338
ID0001903,2024-03-02,2,11,16969.0,55,1,2,0.981,1.055,1.8,0.309,30,7231.63,concept_drift,2024-03,6484.165860021993
ID0001904,2024-09-04,1,15,8637.0,20,1,2,1.29,1.214,1.4,0.214,0,7178.75,concept_drift,2024-09,6627.9497575386595
ID0001905,2024-04-02,2,16,7822.0,43,4,1,1.118,1.14,1.2,0.245,0,6703.42,concept_drift,2024-04,6223.193531141148
ID0001906,2024-06-16,2,17,7650.0,37,1,2,1.352,1.164,1.2,0.289,0,6268.16,concept_drift,2024-06,5597.826998018445
ID0001907,2024-03-02,1,10,8629.0,21,0,0,1.028,1.05,1.2,0.392,6,6052.96,concept_drift,2024-03,5342.140899221958
ID0001908,2024-01-08,0,16,5000.0,77,1,2,1.217,1.383,1.2,0.235,2,6055.3,concept_drift,2024-01,5565.494929816947
ID0001909,2024-01-07,4,4,41379.0,38,1,0,0.901,0.852,1.8,0.231,30,6541.35,concept_drift,2024-01,5441.08136585703
ID0001910,2024-05-26,1,10,8798.0,24,1,2,1.073,1.221,1.8,0.461,2,8214.38,concept_drift,2024-05,7439.1104937342825
ID0001911,2024-04-13,2,6,16593.0,33,3,1,0.961,1.087,1.2,0.243,14,6218.55,concept_drift,2024-04,5673.441251627899
ID0001912,2024-04-28,1,15,7318.0,72,4,2,1.098,1.159,1.2,0.618,10,7138.65,concept_drift,2024-04,6895.464498761555
ID0001913,2024-08-24,0,1,17264.0,26,0,1,1.035,1.156,1.0,0.041,10,4843.79,concept_drift,2024-08,4127.013718333028
ID0001914,2024-07-07,3,9,21426.0,59,3,1,0.883,0.931,1.1,0.3,3,5664.76,concept_drift,2024-07,5275.740012677845
ID0001915,2024-11-04,3,10,12902.0,38,3,1,1.028,0.983,1.2,0.139,3,5861.95,concept_drift,2024-11,5530.865581766088
ID0001916,2024-10-19,3,7,18963.0,57,0,1,0.894,0.947,1.2,0.193,0,4827.74,concept_drift,2024-10,4271.894212991166
ID0001917,2024-06-25,2,7,30320.0,65,1,2,1.013,1.288,1.4,0.172,14,6222.09,concept_drift,2024-06,5659.216216249456
ID0001918,2024-11-02,1,11,12426.0,46,0,2,1.37,1.452,1.4,0.39,0,6398.05,concept_drift,2024-11,5762.869540341978
ID0001919,2024-10-06,1,7,9235.0,59,3,1,1.084,1.15,1.0,0.251,3,5674.9,concept_drift,2024-10,5173.787464632798
ID0001920,2024-10-10,4,14,17927.0,46,0,2,1.141,0.885,1.0,0.173,0,4729.49,concept_drift,2024-10,4470.131901265547
ID0001921,2024-11-09,2,15,7516.0,31,1,2,1.136,1.259,1.2,0.1,3,6207.0,concept_drift,2024-11,5627.8117604707295
ID0001922,2024-08-14,1,14,10461.0,66,2,1,1.057,1.031,1.2,0.183,1,5651.59,concept_drift,2024-08,5113.236406929511
ID0001923,2024-02-09,1,4,13103.0,55,2,2,1.317,1.364,1.2,0.326,21,6406.93,concept_drift,2024-02,5971.979410794348
ID0001924,2024-07-04,2,8,13157.0,74,1,0,0.99,0.984,1.0,0.131,14,4650.31,concept_drift,2024-07,3948.1579277063156
ID0001925,2024-01-06,3,0,32432.0,77,2,0,1.014,0.91,3.2,0.447,2,9347.39,concept_drift,2024-01,8151.263313191466
ID0001926,2024-06-16,2,0,24208.0,23,2,2,1.108,1.067,1.0,0.459,6,6474.38,concept_drift,2024-06,5875.729310127838
ID0001927,2024-02-22,1,8,10945.0,71,1,2,1.12,1.094,1.4,0.308,0,5950.71,concept_drift,2024-02,5527.30322416012
ID0001928,2024-01-20,3,11,10509.0,24,1,2,1.169,1.24,1.4,0.214,6,7069.31,concept_drift,2024-01,6631.234557519042
ID0001929,2024-06-27,0,4,17704.0,54,2,2,1.039,1.29,1.8,0.053,21,7557.87,concept_drift,2024-06,6718.9613586633295
ID0001930,2024-04-23,3,2,31902.0,38,1,0,0.958,0.996,0.4,0.595,0,3705.59,concept_drift,2024-04,3392.3264247849033
ID0001931,2024-04-08,0,5,8789.0,29,1,0,0.909,0.868,0.4,0.203,3,3356.25,concept_drift,2024-04,3216.425198267704
ID0001932,2024-06-04,1,0,20542.0,52,2,2,1.258,1.228,1.4,0.34,0,6444.76,concept_drift,2024-06,5938.752823457617
ID0001933,2024-08-05,1,8,17241.0,50,2,2,1.294,0.949,1.2,0.223,3,5635.98,concept_drift,2024-08,5360.70369286227
ID0001934,2024-05-26,1,5,15236.0,75,2,1,1.12,0.945,1.2,0.159,0,5129.73,concept_drift,2024-05,4737.69749974662
ID0001935,2024-05-14,1,0,24293.0,29,1,2,1.183,1.151,1.8,0.38,10,7431.52,concept_drift,2024-05,6491.153544361448
ID0001936,2024-12-24,1,3,15164.0,64,1,1,0.883,0.926,1.4,0.281,6,5480.7,concept_drift,2024-12,4952.482820637462
ID0001937,2024-03-05,0,4,10490.0,63,3,1,1.15,0.926,1.4,0.264,21,6153.46,concept_drift,2024-03,5853.119166223622
ID0001938,2024-08-05,3,4,22082.0,34,1,1,1.048,1.064,1.0,0.36,30,5688.28,concept_drift,2024-08,4801.095516183644
ID0001939,2024-01-13,2,4,25439.0,50,2,0,0.904,0.75,1.0,0.13,6,4426.02,concept_drift,2024-01,3996.146022028666
ID0001940,2024-11-04,3,8,17001.0,20,2,0,0.961,0.888,1.8,0.266,0,7296.56,concept_drift,2024-11,6832.459453818542
ID0001941,2024-01-19,3,12,13320.0,50,2,1,0.96,0.954,1.8,0.099,0,6784.07,concept_drift,2024-01,6177.555189352042
ID0001942,2024-09-13,3,10,14370.0,33,1,0,0.843,0.881,1.2,0.478,10,5341.27,concept_drift,2024-09,4721.785543473507
ID0001943,2024-04-27,1,6,14162.0,68,2,0,0.926,0.898,1.2,0.4,30,5614.21,concept_drift,2024-04,4818.0660412327015
ID0001944,2024-07-05,4,5,55860.0,68,2,1,0.913,1.045,1.4,0.24,3,5915.9,concept_drift,2024-07,5471.093685252221
ID0001945,2024-07-05,0,17,5000.0,73,4,1,0.913,1.096,1.4,0.196,1,6576.15,concept_drift,2024-07,6078.097352158696
ID0001946,2024-07-24,3,9,10871.0,78,2,1,0.987,1.056,1.8,0.314,0,6701.28,concept_drift,2024-07,6141.915033975125
ID0001947,2024-02-05,2,10,11945.0,76,0,2,1.051,1.187,1.0,0.296,0,5166.72,concept_drift,2024-02,4410.074565106723
ID0001948,2024-07-10,2,16,11865.0,78,1,2,1.081,1.231,1.2,0.067,2,5768.72,concept_drift,2024-07,5126.561963431305
ID0001949,2024-07-27,2,11,13113.0,56,2,1,0.924,1.042,1.2,0.149,2,5782.21,concept_drift,2024-07,5059.4364739975945
ID0001950,2024-06-06,3,18,6715.0,33,2,1,1.026,0.936,1.2,0.234,14,5953.52,concept_drift,2024-06,5477.539749673875
ID0001951,2024-02-17,2,0,27510.0,40,3,2,1.026,1.238,3.2,0.372,1,10743.8,concept_drift,2024-02,9624.217166680764
ID0001952,2024-02-08,2,0,23193.0,66,1,2,1.233,1.267,1.8,0.302,0,7013.57,concept_drift,2024-02,6176.762114855252
ID0001953,2024-01-26,0,4,20903.0,51,1,1,0.996,0.918,1.0,0.396,7,4984.3,concept_drift,2024-01,4434.332705937854
ID0001954,2024-01-12,1,1,20666.0,78,4,1,1.028,1.122,1.2,0.423,14,6470.72,concept_drift,2024-01,5916.456886295082
ID0001955,2024-09-11,3,19,9398.0,55,3,2,1.158,1.445,0.4,0.054,21,5121.52,concept_drift,2024-09,5601.908961700177
ID0001956,2024-02-07,3,5,29280.0,48,4,2,1.174,1.337,1.0,0.423,6,6738.7,concept_drift,2024-02,6257.062833127274
ID0001957,2024-08-15,1,0,17450.0,43,0,2,1.166,1.379,1.0,0.461,0,5481.28,concept_drift,2024-08,4780.061248455848
ID0001958,2024-03-10,3,4,21636.0,60,2,2,1.259,1.075,1.4,0.4,1,6396.91,concept_drift,2024-03,5881.427934006395
ID0001959,2024-12-02,2,10,11895.0,59,1,1,0.916,0.957,1.1,0.272,6,5046.55,concept_drift,2024-12,4652.990661965202
ID0001960,2024-12-08,0,4,19725.0,41,2,0,1.009,0.827,1.2,0.394,6,5325.38,concept_drift,2024-12,4786.497858389459
ID0001961,2024-11-01,3,9,16949.0,42,4,1,0.907,0.986,1.4,0.31,2,6866.4,concept_drift,2024-11,6241.9471302069
ID0001962,2024-05-16,3,1,16542.0,45,3,1,0.965,1.085,1.8,0.132,0,6800.53,concept_drift,2024-05,6382.284288391394
ID0001963,2024-02-05,1,2,18689.0,51,1,2,0.985,1.048,1.4,0.144,0,5832.8,concept_drift,2024-02,5334.973568712072
ID0001964,2024-04-25,3,10,12504.0,63,1,2,1.197,1.388,1.0,0.201,0,5601.89,concept_drift,2024-04,5003.5632399099595
ID0001965,2024-03-07,1,8,13287.0,77,2,1,0.911,1.007,1.4,0.278,1,5854.72,concept_drift,2024-03,5355.887867629653
ID0001966,2024-03-02,0,5,13595.0,18,1,1,0.899,0.974,1.2,0.237,1,6130.37,concept_drift,2024-03,5679.580471440701
ID0001967,2024-06-03,4,8,32163.0,66,4,2,1.145,1.092,1.8,0.218,3,7680.27,concept_drift,2024-06,7053.17719278152
ID0001968,2024-10-18,4,8,29492.0,53,1,1,1.071,0.995,1.0,0.349,3,4969.67,concept_drift,2024-10,4524.099039593755
ID0001969,2024-08-03,2,11,14199.0,23,1,2,1.244,1.132,1.2,0.567,1,7013.06,concept_drift,2024-08,6343.29001399592
ID0001970,2024-07-05,3,10,18733.0,50,3,2,1.338,1.053,0.4,0.605,0,4852.44,concept_drift,2024-07,4724.551536332039
ID0001971,2024-08-17,1,15,6588.0,73,1,1,0.953,1.157,1.2,0.199,1,5515.93,concept_drift,2024-08,4991.559293634708
ID0001972,2024-05-21,0,10,7877.0,46,0,2,1.182,1.339,1.8,0.145,0,6925.7,concept_drift,2024-05,6212.29961538483
ID0001973,2024-05-15,0,11,9392.0,33,2,2,1.251,1.479,1.4,0.134,0,6960.77,concept_drift,2024-05,6519.251113894652
ID0001974,2024-07-01,2,0,42336.0,18,2,2,1.173,1.231,1.0,0.669,21,7259.09,concept_drift,2024-07,6414.8551786091875
ID0001975,2024-05-02,2,0,28166.0,23,3,1,0.906,0.908,1.4,0.186,4,6888.62,concept_drift,2024-05,6461.450599608516
ID0001976,2024-04-10,0,6,8910.0,18,1,2,1.15,1.393,1.2,0.324,3,7238.65,concept_drift,2024-04,6542.924102253441
ID0001977,2024-10-22,3,11,14077.0,69,1,1,1.112,0.999,1.2,0.453,4,5471.91,concept_drift,2024-10,4908.36402202137
ID0001978,2024-07-27,1,9,10092.0,53,2,1,1.038,0.84,1.4,0.268,1,5610.3,concept_drift,2024-07,5395.9313562624375
ID0001979,2024-06-13,1,8,16060.0,22,2,1,1.142,1.08,1.2,0.524,2,6901.43,concept_drift,2024-06,6313.805464923341
ID0001980,2024-11-26,2,3,28111.0,55,2,2,1.365,1.315,1.8,0.238,2,7313.84,concept_drift,2024-11,6825.547036561546
ID0001981,2024-11-10,3,8,15820.0,45,1,2,1.147,1.172,1.2,0.279,0,5749.95,concept_drift,2024-11,5300.982047009662
ID0001982,2024-04-03,1,14,8140.0,18,1,2,1.203,1.316,0.4,0.152,2,5317.16,concept_drift,2024-04,5153.305798369728
ID0001983,2024-02-21,1,5,13770.0,64,1,2,1.267,1.337,0.4,0.167,2,4136.88,concept_drift,2024-02,3887.3021578432927
ID0001984,2024-11-15,2,4,15860.0,50,4,0,0.938,0.847,1.2,0.059,4,5496.1,concept_drift,2024-11,5162.218058471833
ID0001985,2024-02-16,1,0,20490.0,28,3,1,0.943,0.933,1.8,0.252,2,7193.23,concept_drift,2024-02,6459.199750293926
ID0001986,2024-06-08,2,5,16723.0,18,1,1,0.931,1.08,1.8,0.423,1,7932.57,concept_drift,2024-06,6773.300657543649
ID0001987,2024-04-04,3,6,18445.0,75,3,2,1.165,1.177,1.0,0.429,2,5971.39,concept_drift,2024-04,5592.487840065973
ID0001988,2024-02-08,3,0,37693.0,76,3,1,0.833,0.82,1.2,0.471,0,5573.34,concept_drift,2024-02,5048.8489375584195
ID0001989,2024-07-24,1,12,8140.0,67,0,2,1.26,1.179,1.4,0.215,1,5977.04,concept_drift,2024-07,5191.470119682791
ID0001990,2024-01-22,2,10,12819.0,77,0,0,0.978,0.907,1.8,0.124,30,6145.57,concept_drift,2024-01,5068.144336505172
ID0001991,2024-12-25,2,4,25686.0,40,4,2,1.31,1.183,1.8,0.133,14,7756.1,concept_drift,2024-12,7124.978114198943
ID0001992,2024-03-15,2,8,8592.0,53,0,2,1.065,1.412,0.4,0.345,21,4363.54,concept_drift,2024-03,4274.4971543901875
ID0001993,2024-06-12,0,10,8501.0,44,0,2,1.156,1.241,1.4,0.068,1,6071.43,concept_drift,2024-06,5290.619881216551
ID0001994,2024-05-07,1,4,12700.0,51,1,2,1.266,1.159,1.8,0.206,2,6828.49,concept_drift,2024-05,6224.347378855139
ID0001995,2024-02-04,3,7,26329.0,30,2,2,1.387,1.25,0.4,0.178,2,4381.68,concept_drift,2024-02,4564.077731294799
ID0001996,2024-11-21,2,9,18550.0,40,1,0,0.971,0.923,0.4,0.493,4,3679.04,concept_drift,2024-11,3373.040920891528
ID0001997,2024-03-10,0,11,11368.0,48,2,2,1.065,1.305,1.4,0.158,5,6600.65,concept_drift,2024-03,6214.530991675913
ID0001998,2024-05-24,3,11,13859.0,26,4,1,0.984,0.884,1.2,0.267,3,6343.45,concept_drift,2024-05,6153.166453257449
ID0001999,2024-04-26,2,12,14241.0,63,1,1,0.988,0.823,1.2,0.201,0,5121.03,concept_drift,2024-04,4456.389615464233
ID0002000,2024-09-22,3,18,5509.0,53,2,2,1.222,1.377,1.4,0.059,0,6778.97,concept_drift,2024-09,6369.122169092231
ID0002001,2024-10-05,3,6,29934.0,29,0,2,1.281,1.104,1.4,0.089,1,5744.87,concept_drift,2024-10,5250.624174364927
ID0002002,2024-06-14,2,13,12145.0,36,0,2,1.125,1.233,1.2,0.253,0,5802.67,concept_drift,2024-06,5219.8123092410115
ID0002003,2024-05-14,0,6,11917.0,77,0,1,1.106,1.068,1.8,0.046,5,5956.35,concept_drift,2024-05,5005.425979284514
ID0002004,2024-06-18,2,2,36687.0,26,3,2,1.293,1.004,1.8,0.362,3,7545.08,concept_drift,2024-06,6946.256099445194
ID0002005,2024-01-02,1,8,8102.0,71,1,1,0.861,0.96,0.4,0.259,0,3490.96,concept_drift,2024-01,3199.4629313635014
ID0002006,2024-01-16,0,8,7743.0,25,0,2,1.264,1.447,1.4,0.099,21,6530.14,concept_drift,2024-01,6035.624044279107
ID0002007,2024-02-13,2,0,40132.0,74,1,1,1.079,1.089,1.4,0.388,30,6016.94,concept_drift,2024-02,5161.081764558493
ID0002008,2024-07-09,2,3,17759.0,66,1,0,0.904,0.9,1.0,0.359,21,4650.69,concept_drift,2024-07,4034.2253888262608
ID0002009,2024-08-19,3,7,17950.0,79,3,2,1.222,1.197,1.0,0.153,4,5856.72,concept_drift,2024-08,5466.055122819843
ID0002010,2024-10-21,0,10,8931.0,39,1,1,1.071,0.975,1.2,0.57,2,5742.67,concept_drift,2024-10,5183.307189214415
ID0002011,2024-07-17,3,18,7507.0,50,1,2,1.237,0.985,1.4,0.174,0,5932.86,concept_drift,2024-07,5614.931719532494
ID0002012,2024-09-10,2,4,22183.0,65,3,1,1.018,0.918,1.4,0.188,6,6100.53,concept_drift,2024-09,5529.212428383096
ID0002013,2024-01-02,2,0,59598.0,26,1,1,0.912,0.981,1.8,0.184,4,6488.71,concept_drift,2024-01,5981.517004597593
ID0002014,2024-09-20,0,6,16443.0,27,2,2,1.184,1.216,1.4,0.077,5,6464.48,concept_drift,2024-09,6048.808485677087
ID0002015,2024-02-08,2,12,11232.0,36,1,2,1.166,1.201,1.8,0.321,21,7303.81,concept_drift,2024-02,6852.654178529228
ID0002016,2024-09-20,1,19,5000.0,26,3,1,1.055,0.973,1.2,0.228,2,6088.45,concept_drift,2024-09,5912.939758892764
ID0002017,2024-05-28,3,10,25089.0,20,2,2,1.053,1.096,1.4,0.243,6,7216.05,concept_drift,2024-05,6929.839971924668
ID0002018,2024-02-03,1,0,19329.0,32,2,1,1.059,0.978,1.2,0.217,0,5462.45,concept_drift,2024-02,5029.394167715679
ID0002019,2024-05-28,2,14,8281.0,68,1,2,1.09,1.294,1.4,0.732,0,6862.1,concept_drift,2024-05,6149.726354073541
ID0002020,2024-06-02,3,16,10251.0,67,1,1,1.054,0.981,1.8,0.189,0,6520.77,concept_drift,2024-06,5837.598859233271
ID0002021,2024-01-14,3,17,7960.0,53,0,1,1.183,0.872,1.2,0.375,0,5151.28,concept_drift,2024-01,4605.751824866422
ID0002022,2024-06-04,1,6,10625.0,36,4,2,1.152,1.451,1.2,0.195,1,6908.23,concept_drift,2024-06,6608.998875657219
ID0002023,2024-01-06,3,8,13922.0,56,1,1,1.109,0.932,1.2,0.046,2,4757.15,concept_drift,2024-01,4496.044583045119
ID0002024,2024-07-19,2,0,25174.0,62,3,2,1.312,1.344,1.2,0.179,0,6314.31,concept_drift,2024-07,5828.421931283827
ID0002025,2024-08-02,3,14,16217.0,64,3,2,1.214,1.395,1.4,0.475,1,7312.3,concept_drift,2024-08,6873.203732189739
ID0002026,2024-03-19,3,11,18380.0,45,0,1,0.875,1.089,1.4,0.263,0,5599.9,concept_drift,2024-03,5046.809828922191
ID0002027,2024-02-09,0,7,12340.0,70,1,2,1.052,1.035,1.1,0.514,2,5393.65,concept_drift,2024-02,5021.535102603743
ID0002028,2024-05-09,0,12,6945.0,48,2,2,1.193,1.087,1.2,0.05,1,5712.69,concept_drift,2024-05,5385.474794688861
ID0002029,2024-04-28,2,7,22265.0,75,4,1,1.067,1.11,1.2,0.086,0,6195.76,concept_drift,2024-04,5542.213345369018
ID0002030,2024-07-08,0,6,6877.0,56,2,1,0.949,0.892,1.4,0.33,0,5798.12,concept_drift,2024-07,5423.8253385092685
ID0002031,2024-06-09,2,7,17183.0,26,3,1,0.983,0.867,1.2,0.362,0,5959.51,concept_drift,2024-06,5621.502817085625
ID0002032,2024-06-07,1,9,13232.0,32,1,2,1.241,1.195,1.2,0.325,5,6015.16,concept_drift,2024-06,5524.099231688994
ID0002033,2024-08-22,2,3,25385.0,69,2,2,1.252,1.13,1.8,0.143,1,6759.76,concept_drift,2024-08,6260.509313455583
ID0002034,2024-05-12,3,0,40289.0,39,2,1,1.015,1.139,1.8,0.344,7,7246.35,concept_drift,2024-05,6338.456194425936
ID0002035,2024-01-09,1,9,11113.0,29,3,2,1.161,1.2,1.2,0.045,0,6433.39,concept_drift,2024-01,6008.623943878823
ID0002036,2024-04-13,1,15,5000.0,28,2,1,0.912,0.999,1.8,0.22,7,7320.61,concept_drift,2024-04,6608.293509050096
ID0002037,2024-09-25,0,16,5000.0,51,3,2,1.27,1.099,0.4,0.241,2,4729.87,concept_drift,2024-09,4548.98404930201
ID0002038,2024-01-20,0,11,9852.0,51,1,2,1.283,1.407,0.4,0.589,4,4859.61,concept_drift,2024-01,4711.781858277519
ID0002039,2024-05-26,1,14,9753.0,65,2,0,0.822,1.005,1.8,0.271,0,6779.6,concept_drift,2024-05,6155.730751589443
ID0002040,2024-01-14,2,16,6958.0,68,2,0,0.817,0.918,1.0,0.486,0,5149.29,concept_drift,2024-01,4685.244598203757
ID0002041,2024-03-07,3,10,12796.0,71,2,2,1.027,1.015,1.4,0.07,2,6102.0,concept_drift,2024-03,5715.269912748716
ID0002042,2024-11-23,0,12,9099.0,66,1,2,1.106,1.226,1.2,0.077,0,5747.75,concept_drift,2024-11,5175.655171905992
ID0002043,2024-04-18,2,15,13639.0,42,1,2,1.275,1.364,1.8,0.372,5,7935.0,concept_drift,2024-04,7021.000915958397
ID0002044,2024-08-03,2,10,11255.0,43,1,0,0.908,0.905,1.2,0.536,1,5353.52,concept_drift,2024-08,4677.95702696565
ID0002045,2024-02-02,0,5,15965.0,37,4,1,0.88,1.06,1.2,0.257,3,6330.65,concept_drift,2024-02,5971.373904231047
ID0002046,2024-02-17,3,10,13655.0,66,4,0,0.818,1.002,1.4,0.723,0,6643.96,concept_drift,2024-02,6200.676317146745
ID0002047,2024-08-24,2,9,15020.0,67,3,2,1.448,1.389,1.8,0.247,6,7987.18,concept_drift,2024-08,7312.042202867544
ID0002048,2024-10-14,2,9,18801.0,56,2,1,0.997,0.814,1.4,0.441,10,5986.88,concept_drift,2024-10,5465.897550881082
ID0002049,2024-12-19,2,12,8505.0,18,2,2,1.239,1.116,1.8,0.538,30,9045.26,concept_drift,2024-12,7986.358461757833
ID0002050,2024-11-08,2,3,20939.0,78,0,2,1.278,1.31,1.2,0.262,0,5344.91,concept_drift,2024-11,4770.612168461435
ID0002051,2024-06-28,1,13,8684.0,40,1,1,1.041,0.9,1.8,0.406,5,6860.52,concept_drift,2024-06,6085.713981920887
ID0002052,2024-09-08,0,12,6400.0,37,3,2,1.187,1.267,1.0,0.164,1,6047.87,concept_drift,2024-09,5880.210002741152
ID0002053,2024-03-05,3,10,14038.0,47,2,2,1.316,1.28,1.2,0.073,3,6028.39,concept_drift,2024-03,5612.857648450612
ID0002054,2024-06-08,3,7,18481.0,24,0,2,1.187,1.217,1.4,0.082,10,6731.79,concept_drift,2024-06,6126.724653747659
ID0002055,2024-12-11,1,15,8027.0,51,3,1,0.987,1.029,1.2,0.237,0,6333.68,concept_drift,2024-12,5748.283781857213
ID0002056,2024-12-17,3,18,6535.0,26,1,1,0.955,0.921,1.8,0.108,0,6632.58,concept_drift,2024-12,6211.5875531853035
ID0002057,2024-09-07,2,6,25018.0,50,0,2,1.276,1.195,1.8,0.294,0,6671.77,concept_drift,2024-09,6096.7609077989555
ID0002058,2024-02-10,0,0,12561.0,51,0,0,0.85,1.046,1.8,0.315,3,6191.3,concept_drift,2024-02,5323.250333315274
ID0002059,2024-08-21,1,2,15071.0,41,0,2,1.141,1.289,1.2,0.055,6,5513.59,concept_drift,2024-08,4873.398947477545
ID0002060,2024-08-21,1,6,13610.0,34,2,2,1.085,1.158,1.8,0.225,7,7317.17,concept_drift,2024-08,6748.4648772825085
ID0002061,2024-06-24,1,6,11815.0,35,1,2,1.191,1.335,0.4,0.051,21,4610.36,concept_drift,2024-06,4294.63967910534
ID0002062,2024-08-24,3,12,9765.0,21,1,1,0.927,1.035,1.0,0.129,0,5683.37,concept_drift,2024-08,5264.983766778702
ID0002063,2024-04-11,2,5,26015.0,61,2,1,0.797,0.966,1.4,0.058,3,5551.22,concept_drift,2024-04,5230.4549275388335
ID0002064,2024-02-06,3,9,13405.0,51,1,1,1.022,0.984,1.8,0.268,10,6525.65,concept_drift,2024-02,6009.22657653731
ID0002065,2024-10-17,3,9,22652.0,75,1,0,0.924,0.867,0.4,0.143,4,3050.12,concept_drift,2024-10,2658.814698267822
ID0002066,2024-04-14,1,20,8815.0,44,2,2,1.135,1.092,1.2,0.163,2,6078.51,concept_drift,2024-04,5773.341143875322
ID0002067,2024-04-25,3,7,18403.0,61,3,1,0.974,1.107,1.8,0.044,0,6977.82,concept_drift,2024-04,6362.35681449882
ID0002068,2024-02-02,1,9,7846.0,26,1,0,0.988,0.883,1.2,0.406,30,5801.31,concept_drift,2024-02,4937.4567963638265
ID0002069,2024-01-02,1,13,11635.0,63,1,1,0.992,0.977,1.8,0.099,4,6281.69,concept_drift,2024-01,5769.32409318252
ID0002070,2024-05-19,2,4,28101.0,72,3,2,1.235,1.138,1.8,0.299,2,7366.53,concept_drift,2024-05,6742.765011920726
ID0002071,2024-04-15,1,3,21571.0,62,2,0,0.908,0.906,1.0,0.441,0,4826.04,concept_drift,2024-04,4352.596419657847
ID0002072,2024-09-14,2,4,26369.0,66,1,2,1.211,1.296,1.2,0.457,0,6096.82,concept_drift,2024-09,5341.473031311494
ID0002073,2024-02-17,1,6,17653.0,51,0,1,0.772,0.819,0.4,0.195,21,3251.73,concept_drift,2024-02,2909.022585464309
ID0002074,2024-01-08,1,11,15222.0,39,2,1,0.94,1.081,1.4,0.298,4,6276.43,concept_drift,2024-01,5779.348611482325
ID0002075,2024-06-24,2,13,12746.0,51,3,2,1.19,1.182,1.4,0.162,0,6823.58,concept_drift,2024-06,6212.264906032207
ID0002076,2024-02-16,1,16,6188.0,32,0,2,0.91,1.3,1.8,0.023,0,6903.21,concept_drift,2024-02,6234.498011413694
ID0002077,2024-04-21,1,14,9228.0,47,3,2,1.217,1.065,1.4,0.36,4,6878.33,concept_drift,2024-04,6534.877447964049
ID0002078,2024-09-06,2,6,28759.0,33,1,1,0.937,1.0,1.0,0.077,2,4890.76,concept_drift,2024-09,4407.570754476243
ID0002079,2024-08-04,4,0,51321.0,28,1,1,0.952,1.048,1.0,0.276,2,5018.81,concept_drift,2024-08,4466.547870388584
ID0002080,2024-11-13,2,1,24888.0,59,4,2,1.019,1.244,1.0,0.465,7,6538.65,concept_drift,2024-11,6080.735690547581
ID0002081,2024-03-28,1,6,11143.0,27,3,2,1.308,1.102,1.0,0.335,7,6190.37,concept_drift,2024-03,5683.820568815056
ID0002082,2024-09-23,0,8,11115.0,52,1,1,1.015,1.031,1.2,0.251,1,5276.05,concept_drift,2024-09,4839.825496184244
ID0002083,2024-04-02,1,12,8214.0,23,4,1,1.109,0.931,1.2,0.193,1,6968.31,concept_drift,2024-04,6878.578417575222
ID0002084,2024-07-26,2,9,21158.0,50,0,1,1.017,1.161,1.8,0.469,4,6865.27,concept_drift,2024-07,5971.116745479053
ID0002085,2024-09-22,1,2,12014.0,35,1,2,1.228,1.113,1.8,0.023,2,6612.94,concept_drift,2024-09,6141.79929411046
ID0002086,2024-10-11,2,0,30927.0,40,2,2,1.102,1.256,1.0,0.314,0,5736.74,concept_drift,2024-10,5296.443065490894
ID0002087,2024-11-20,4,15,18938.0,74,2,0,0.872,0.83,1.8,0.24,7,6487.82,concept_drift,2024-11,5895.800794810027
ID0002088,2024-05-03,1,8,12381.0,41,0,2,1.02,1.272,1.4,0.028,1,5960.6,concept_drift,2024-05,5219.58449177455
ID0002089,2024-04-14,2,8,20346.0,60,3,1,1.064,0.845,1.2,0.273,0,5662.02,concept_drift,2024-04,5333.419164285155
ID0002090,2024-10-11,3,11,11274.0,31,1,0,0.797,0.928,1.1,0.169,5,4861.19,concept_drift,2024-10,4550.923089306249
ID0002091,2024-06-15,2,0,27206.0,62,1,2,1.254,1.193,1.0,0.005,0,4894.81,concept_drift,2024-06,4603.254944634697
ID0002092,2024-06-26,2,13,9889.0,18,0,1,1.008,1.024,1.2,0.244,5,6201.85,concept_drift,2024-06,5626.936756496793
ID0002093,2024-10-12,1,2,15712.0,61,3,1,0.979,1.074,1.8,0.321,3,7045.91,concept_drift,2024-10,6429.393339108881
ID0002094,2024-10-22,1,14,5209.0,38,1,1,1.057,1.062,1.8,0.119,30,6982.2,concept_drift,2024-10,6365.542362286577
ID0002095,2024-12-12,2,15,11389.0,67,3,2,1.14,1.326,1.1,0.311,3,6593.54,concept_drift,2024-12,6188.248761670518
ID0002096,2024-10-02,2,10,15422.0,54,0,1,0.94,1.087,0.4,0.308,6,3576.21,concept_drift,2024-10,3121.3677971859865
ID0002097,2024-01-03,0,5,15433.0,64,3,0,0.878,0.946,1.0,0.228,3,4975.92,concept_drift,2024-01,4665.724329960284
ID0002098,2024-03-10,1,17,8153.0,71,2,1,1.035,0.932,1.1,0.521,3,5805.15,concept_drift,2024-03,5108.571235001137
ID0002099,2024-04-08,3,5,20747.0,66,1,1,0.954,0.952,1.0,0.36,3,4775.84,concept_drift,2024-04,4290.284269789669
ID0002100,2024-01-26,2,16,7705.0,29,2,0,0.948,0.998,1.2,0.13,3,5564.67,concept_drift,2024-01,5148.9427691389155
ID0002101,2024-09-01,3,14,8602.0,35,2,1,1.09,1.013,1.4,0.326,2,6204.75,concept_drift,2024-09,5926.099717875506
ID0002102,2024-08-17,2,7,13193.0,74,1,2,1.206,1.25,1.4,0.117,0,5969.84,concept_drift,2024-08,5461.755027454189
ID0002103,2024-01-28,1,9,9846.0,28,2,2,1.19,1.305,1.0,0.026,0,5712.16,concept_drift,2024-01,5443.1397522994
ID0002104,2024-09-03,2,0,31823.0,69,0,1,0.993,1.084,1.0,0.286,0,4380.21,concept_drift,2024-09,3893.2236248007343
ID0002105,2024-05-01,1,5,16914.0,78,1,1,1.032,0.96,1.2,0.39,1,4982.08,concept_drift,2024-05,4553.804687207669
ID0002106,2024-09-07,2,6,29320.0,19,2,1,0.894,0.948,1.8,0.103,30,7753.56,concept_drift,2024-09,7249.563770451504
ID0002107,2024-11-17,4,14,17727.0,65,2,1,1.042,0.952,1.1,0.323,0,5343.63,concept_drift,2024-11,4928.206170738368
ID0002108,2024-04-16,2,13,11760.0,43,1,2,1.146,1.162,1.4,0.125,21,6463.16,concept_drift,2024-04,5885.470351967985
ID0002109,2024-02-03,3,15,10669.0,61,2,1,0.923,0.933,1.1,0.261,10,5612.16,concept_drift,2024-02,4951.851230339118
ID0002110,2024-01-05,1,8,12197.0,46,3,2,1.056,1.228,0.4,0.298,1,4848.47,concept_drift,2024-01,4738.560444270204
ID0002111,2024-03-18,1,7,14515.0,74,1,0,0.9,1.141,1.2,0.47,0,5404.7,concept_drift,2024-03,4683.817829494553
ID0002112,2024-08-06,1,0,21180.0,73,1,2,1.145,1.27,1.4,0.618,0,6365.71,concept_drift,2024-08,5659.08250556799
ID0002113,2024-03-16,1,12,7341.0,20,2,2,1.17,0.861,1.2,0.197,2,6510.89,concept_drift,2024-03,6263.275495380571
ID0002114,2024-09-20,2,7,20086.0,61,1,1,0.992,1.106,1.0,0.097,5,4944.01,concept_drift,2024-09,4340.568328734772
ID0002115,2024-04-10,0,3,14572.0,46,1,0,0.983,0.854,1.1,0.04,30,4896.89,concept_drift,2024-04,4149.208967202983
ID0002116,2024-01-01,4,6,38804.0,53,2,0,0.973,0.897,1.4,0.217,0,5400.23,concept_drift,2024-01,5018.469690986009
ID0002117,2024-04-09,0,8,9070.0,48,2,2,1.179,0.87,1.0,0.536,0,5511.87,concept_drift,2024-04,5237.822074936897
ID0002118,2024-03-02,0,14,5816.0,36,0,0,0.942,0.783,1.4,0.462,0,5444.81,concept_drift,2024-03,4597.8619562024705
ID0002119,2024-07-09,2,4,24846.0,59,1,1,0.973,0.97,1.8,0.281,0,6379.88,concept_drift,2024-07,5670.768933690735
ID0002120,2024-04-23,2,9,19487.0,78,2,2,1.1,1.311,1.0,0.083,6,5724.17,concept_drift,2024-04,5199.431812313565
ID0002121,2024-11-20,0,0,14450.0,62,0,1,0.955,0.964,1.8,0.298,10,6120.51,concept_drift,2024-11,5355.455149014722
ID0002122,2024-02-22,2,7,25118.0,25,2,1,0.898,1.077,1.4,0.34,21,6591.07,concept_drift,2024-02,5989.310508031541
ID0002123,2024-01-02,0,6,8257.0,68,1,0,0.872,1.01,1.8,0.223,0,6215.78,concept_drift,2024-01,5541.564528100531
ID0002124,2024-08-17,2,1,29380.0,26,0,0,1.018,0.963,1.8,0.396,4,6132.57,concept_drift,2024-08,5382.753631615613
ID0002125,2024-01-17,1,0,18351.0,51,2,1,0.997,1.149,1.2,0.336,6,5750.49,concept_drift,2024-01,5271.773360779824
ID0002126,2024-11-10,1,4,15048.0,76,3,1,0.972,1.023,1.2,0.098,30,5856.08,concept_drift,2024-11,5415.70456336592
ID0002127,2024-07-24,1,4,17749.0,63,2,2,1.204,1.127,1.2,0.348,4,5978.66,concept_drift,2024-07,5495.06359625117
ID0002128,2024-11-13,2,0,35637.0,64,3,2,1.225,1.261,1.0,0.058,4,5782.33,concept_drift,2024-11,5302.060430867431
ID0002129,2024-12-14,2,11,11872.0,75,2,1,1.045,1.004,1.2,0.329,4,5583.58,concept_drift,2024-12,5085.789077008563
ID0002130,2024-10-06,3,6,25287.0,31,2,1,0.964,1.075,1.2,0.286,1,5820.83,concept_drift,2024-10,5288.727996913565
ID0002131,2024-11-18,0,5,12466.0,28,2,1,1.029,0.892,1.0,0.181,5,5009.23,concept_drift,2024-11,4785.357282833635
ID0002132,2024-07-26,0,14,6363.0,41,0,1,1.051,1.085,1.4,0.1,1,5541.73,concept_drift,2024-07,5038.978861366429
ID0002133,2024-01-19,1,13,10532.0,31,3,2,1.31,1.405,1.4,0.45,0,7613.3,concept_drift,2024-01,7051.255461721779
ID0002134,2024-05-14,2,6,19398.0,62,3,2,1.29,1.23,1.4,0.236,21,7049.53,concept_drift,2024-05,6439.829735919968
ID0002135,2024-07-13,3,4,19361.0,25,1,1,1.04,0.888,1.0,0.265,6,4935.74,concept_drift,2024-07,4639.215887563291
ID0002136,2024-09-24,2,9,18175.0,45,1,0,0.97,1.096,1.2,0.195,3,5306.31,concept_drift,2024-09,4618.542688498919
ID0002137,2024-03-24,0,3,8915.0,57,1,1,1.106,1.238,1.2,0.077,7,5372.28,concept_drift,2024-03,4926.025347213744
ID0002138,2024-04-28,2,13,17926.0,41,3,1,1.011,0.773,1.8,0.333,30,7400.85,concept_drift,2024-04,6660.640438300234
ID0002139,2024-08-05,2,0,19630.0,28,1,2,1.288,1.137,1.2,0.244,1,5909.86,concept_drift,2024-08,5199.3965176761885
ID0002140,2024-05-18,1,4,14671.0,50,1,2,1.166,1.347,1.4,0.264,21,6816.04,concept_drift,2024-05,5972.439273404874
ID0002141,2024-07-10,3,2,31141.0,43,0,1,0.965,1.16,1.4,0.059,1,5201.08,concept_drift,2024-07,4773.7643209643975
ID0002142,2024-05-14,1,7,13381.0,72,1,2,1.286,1.113,1.0,0.05,3,5002.25,concept_drift,2024-05,4532.206207329588
ID0002143,2024-09-04,2,6,16360.0,45,1,2,1.368,1.315,1.4,0.331,5,6696.56,concept_drift,2024-09,5927.941333803237
ID0002144,2024-06-16,3,13,11155.0,67,4,2,1.237,1.107,1.2,0.399,4,6602.78,concept_drift,2024-06,6419.385786150659
ID0002145,2024-06-09,2,10,16607.0,50,2,1,1.135,1.007,1.1,0.191,14,5607.08,concept_drift,2024-06,5101.034427046058
ID0002146,2024-11-13,3,11,11280.0,66,1,1,0.959,0.949,1.4,0.419,3,5957.85,concept_drift,2024-11,5177.824300641101
ID0002147,2024-08-28,1,9,12762.0,19,3,1,1.102,0.897,1.8,0.374,5,7962.2,concept_drift,2024-08,7526.269925613686
ID0002148,2024-07-28,2,3,25489.0,32,2,2,1.197,1.061,1.8,0.339,30,7634.69,concept_drift,2024-07,6898.250591889734
ID0002149,2024-03-13,1,17,5000.0,52,0,2,1.125,1.317,1.2,0.129,30,6142.78,concept_drift,2024-03,5470.292708180963
ID0002150,2024-06-22,2,18,7350.0,27,3,2,1.269,1.181,1.0,0.244,0,6235.39,concept_drift,2024-06,5996.639176302123
ID0002151,2024-02-11,2,6,16229.0,48,2,1,1.048,0.993,3.2,0.166,0,9438.19,concept_drift,2024-02,8677.10786881869
ID0002152,2024-04-04,1,11,10324.0,28,3,1,0.848,1.035,1.2,0.208,0,6098.45,concept_drift,2024-04,5735.530551558349
ID0002153,2024-08-08,1,17,5000.0,54,0,1,0.944,0.808,1.2,0.303,30,5425.41,concept_drift,2024-08,4642.784389466196
ID0002154,2024-06-24,2,14,10242.0,70,0,1,0.925,0.813,1.8,0.239,4,5941.61,concept_drift,2024-06,5265.7692410821555
ID0002155,2024-08-27,1,0,24742.0,69,2,1,0.869,0.943,1.0,0.451,30,5244.84,concept_drift,2024-08,4665.088682555335
ID0002156,2024-07-21,2,10,13364.0,35,0,2,1.288,1.297,1.2,0.697,1,6398.16,concept_drift,2024-07,5520.020508818692
ID0002157,2024-12-26,1,10,9147.0,23,4,2,1.168,1.15,0.4,0.377,0,5841.09,concept_drift,2024-12,6206.525727106138
ID0002158,2024-07-02,2,13,9977.0,40,1,2,1.22,1.181,3.2,0.302,1,10238.51,concept_drift,2024-07,9289.917375998857
ID0002159,2024-07-03,4,11,19930.0,20,1,2,1.223,1.225,1.8,0.457,1,8370.35,concept_drift,2024-07,7389.515879000585
ID0002160,2024-09-10,1,11,6622.0,35,0,2,1.191,1.396,1.2,0.506,4,6243.28,concept_drift,2024-09,5639.934672696857
ID0002161,2024-12-19,0,8,13121.0,50,1,1,0.936,0.958,1.8,0.23,0,6497.69,concept_drift,2024-12,5848.208151555945
ID0002162,2024-06-27,3,18,8755.0,73,1,0,0.966,0.921,1.2,0.364,1,5188.25,concept_drift,2024-06,4667.418526664035
ID0002163,2024-03-10,0,16,7079.0,41,1,2,0.991,1.149,1.2,0.027,21,5941.94,concept_drift,2024-03,5535.896564382686
ID0002164,2024-04-21,0,3,19747.0,28,2,1,0.994,1.193,1.0,0.164,14,5350.19,concept_drift,2024-04,5077.79562688586
ID0002165,2024-03-04,3,8,15693.0,71,1,2,1.2,1.049,1.2,0.261,1,5390.3,concept_drift,2024-03,4977.9024247007
ID0002166,2024-08-15,3,0,31751.0,38,1,1,1.039,1.077,1.8,0.459,0,6856.23,concept_drift,2024-08,5970.6175117303865
ID0002167,2024-09-18,0,1,22329.0,58,1,2,1.06,1.304,1.0,0.041,0,5006.71,concept_drift,2024-09,4652.466286962112
ID0002168,2024-07-13,3,12,23993.0,56,0,2,1.109,0.963,1.2,0.622,0,5460.06,concept_drift,2024-07,4960.075092026997
ID0002169,2024-02-02,2,7,15141.0,21,2,1,1.01,1.071,1.4,0.063,2,6798.13,concept_drift,2024-02,6393.384729824582
ID0002170,2024-10-14,1,11,9914.0,38,3,1,0.998,1.166,1.2,0.245,0,6248.56,concept_drift,2024-10,5835.365718874616
ID0002171,2024-12-19,3,12,12458.0,21,1,2,1.22,1.211,1.2,0.105,4,6569.32,concept_drift,2024-12,6142.371269292311
ID0002172,2024-04-17,1,5,17710.0,44,3,0,0.87,0.75,1.2,0.166,14,5398.41,concept_drift,2024-04,4892.135607730543
ID0002173,2024-06-08,1,15,5000.0,52,2,2,1.4,1.106,1.8,0.025,1,7099.91,concept_drift,2024-06,6349.533043510663
ID0002174,2024-04-25,1,20,5000.0,74,0,1,0.939,1.067,1.2,0.226,7,5125.08,concept_drift,2024-04,4818.287659682491
ID0002175,2024-08-21,0,10,7188.0,69,3,1,0.973,0.939,1.2,0.196,21,5934.04,concept_drift,2024-08,5583.023543967984
ID0002176,2024-06-20,1,6,16088.0,71,3,1,0.903,0.962,1.2,0.222,21,5674.59,concept_drift,2024-06,5430.156427600698
ID0002177,2024-09-21,3,2,35796.0,70,3,0,0.932,0.834,1.2,0.153,3,5060.64,concept_drift,2024-09,4693.0917151507065
ID0002178,2024-07-06,2,8,17415.0,64,1,0,0.918,1.011,1.1,0.043,21,4920.59,concept_drift,2024-07,4305.516051223394
ID0002179,2024-02-23,1,11,7804.0,21,2,2,1.127,1.084,1.8,0.282,1,8189.58,concept_drift,2024-02,7523.842011758842
ID0002180,2024-06-07,0,9,7886.0,65,0,0,0.862,0.929,0.4,0.22,10,2990.82,concept_drift,2024-06,2445.4824765451513
ID0002181,2024-04-19,3,8,20251.0,76,1,2,1.152,1.166,1.2,0.461,1,5758.65,concept_drift,2024-04,5220.539177162479
ID0002182,2024-07-06,1,9,14130.0,22,0,1,1.024,0.991,1.8,0.265,21,7629.68,concept_drift,2024-07,6598.509500123481
ID0002183,2024-03-20,2,7,18201.0,52,0,1,1.097,0.994,1.4,0.476,7,5644.36,concept_drift,2024-03,5009.898687847533
ID0002184,2024-04-27,2,5,25821.0,57,2,1,0.95,1.078,3.2,0.149,0,9754.52,concept_drift,2024-04,8826.760234489666
ID0002185,2024-09-18,2,9,15885.0,67,0,1,0.878,0.849,1.1,0.286,0,4547.54,concept_drift,2024-09,4009.838818067674
ID0002186,2024-01-17,2,12,14018.0,62,3,1,0.911,1.041,1.1,0.519,3,5988.02,concept_drift,2024-01,5594.37592323259
ID0002187,2024-06-11,0,11,7776.0,47,0,1,0.881,0.989,1.2,0.054,0,4880.58,concept_drift,2024-06,4306.0480278104405
ID0002188,2024-01-01,2,8,16794.0,73,1,0,0.876,0.921,0.4,0.265,5,3432.72,concept_drift,2024-01,2931.7240521624876
ID0002189,2024-10-21,1,12,14053.0,20,1,2,1.27,1.193,1.8,0.274,1,7987.05,concept_drift,2024-10,7287.352600734897
ID0002190,2024-04-09,2,15,11786.0,55,2,1,1.001,1.133,1.4,0.487,7,6677.54,concept_drift,2024-04,6015.7237894855125
ID0002191,2024-12-18,2,11,17883.0,78,0,2,1.153,1.224,1.2,0.651,14,6058.13,concept_drift,2024-12,5174.849235381463
ID0002192,2024-01-05,3,14,10190.0,52,2,2,1.204,1.108,1.2,0.294,5,6228.82,concept_drift,2024-01,5751.045442623368
ID0002193,2024-10-04,1,14,7455.0,33,3,0,0.971,0.878,1.4,0.512,2,6253.0,concept_drift,2024-10,5885.698886414788
ID0002194,2024-03-18,2,4,23590.0,76,0,2,1.045,1.156,1.0,0.183,14,4969.48,concept_drift,2024-03,4205.613026277025
ID0002195,2024-05-14,2,14,11042.0,71,1,1,0.883,0.997,1.8,0.321,0,6652.94,concept_drift,2024-05,5893.307179869566
ID0002196,2024-04-02,2,16,7240.0,61,0,1,0.933,1.037,3.2,0.056,14,9222.79,concept_drift,2024-04,8243.63792036358
ID0002197,2024-02-19,3,9,14208.0,35,2,1,1.027,1.089,1.4,0.347,1,6437.75,concept_drift,2024-02,5796.908375163513
ID0002198,2024-08-15,2,8,16244.0,45,2,0,0.989,0.971,1.2,0.154,3,5101.09,concept_drift,2024-08,4785.037911879234
ID0002199,2024-11-28,1,10,7617.0,53,1,2,1.064,1.372,1.0,0.613,4,5947.36,concept_drift,2024-11,5498.280657189817
ID0002200,2024-12-25,2,4,28192.0,45,0,2,1.17,1.161,1.8,0.121,0,6501.74,concept_drift,2024-12,5887.212308432604
ID0002201,2024-06-20,2,10,16953.0,64,0,1,0.912,0.981,1.0,0.32,5,4829.11,concept_drift,2024-06,4054.304324046725
ID0002202,2024-09-10,3,11,10050.0,33,1,1,1.045,1.056,1.0,0.154,0,5040.61,concept_drift,2024-09,4630.918945790867
ID0002203,2024-07-26,1,8,10219.0,59,0,2,1.112,1.1,1.0,0.363,0,5037.25,concept_drift,2024-07,4528.3514859107845
ID0002204,2024-05-23,0,5,8644.0,74,1,2,1.193,1.282,1.8,0.273,14,7297.1,concept_drift,2024-05,6363.418172979605
ID0002205,2024-05-02,2,9,13132.0,25,1,2,0.989,1.173,1.8,0.579,0,7622.97,concept_drift,2024-05,6776.883872879819
ID0002206,2024-10-28,2,3,28272.0,21,2,1,0.98,1.035,1.4,0.555,4,7182.71,concept_drift,2024-10,6631.4826191712955
ID0002207,2024-05-26,0,11,7372.0,44,2,1,1.087,0.915,1.2,0.348,14,6014.24,concept_drift,2024-05,5290.774531440153
ID0002208,2024-04-08,1,12,7989.0,60,3,2,1.284,1.348,1.4,0.09,6,6984.98,concept_drift,2024-04,6637.189866276609
ID0002209,2024-09-06,0,4,13706.0,49,2,0,0.947,0.858,1.8,0.277,5,6471.03,concept_drift,2024-09,5799.317592797451
ID0002210,2024-10-15,1,11,7336.0,60,0,2,1.24,1.244,1.8,0.494,1,7115.41,concept_drift,2024-10,6163.0484701015475
ID0002211,2024-08-04,2,10,9970.0,57,1,2,1.262,1.255,1.0,0.551,0,5844.9,concept_drift,2024-08,5308.905537692969
ID0002212,2024-06-05,2,11,17158.0,79,1,1,1.152,1.057,1.8,0.565,10,6860.06,concept_drift,2024-06,6164.154227574427
ID0002213,2024-09-04,2,0,22417.0,45,2,0,0.991,0.836,1.0,0.061,7,4491.2,concept_drift,2024-09,4078.13972142789
ID0002214,2024-05-10,0,5,11905.0,27,3,2,1.297,1.086,1.2,0.248,14,6497.59,concept_drift,2024-05,5993.113432587769
ID0002215,2024-02-12,2,13,9219.0,23,3,2,1.146,1.203,1.2,0.347,1,7575.91,concept_drift,2024-02,7079.1170476473
ID0002216,2024-01-06,3,11,12752.0,54,0,1,0.978,0.917,1.1,0.274,1,4914.4,concept_drift,2024-01,4219.228180210874
ID0002217,2024-04-24,1,2,11618.0,26,4,1,0.958,1.08,1.2,0.212,7,6377.84,concept_drift,2024-04,6107.2214582217375
ID0002218,2024-03-27,0,10,7287.0,37,0,2,1.179,1.194,1.4,0.169,3,6148.34,concept_drift,2024-03,5411.135332292363
ID0002219,2024-08-19,2,4,22305.0,52,3,1,0.908,1.027,3.2,0.079,2,9723.56,concept_drift,2024-08,8935.856611830357
ID0002220,2024-08-25,3,3,28056.0,69,0,1,0.913,1.167,1.4,0.401,30,5988.75,concept_drift,2024-08,4997.454816936295
ID0002221,2024-09-26,1,10,11394.0,63,4,1,1.064,0.969,1.8,0.34,21,7679.59,concept_drift,2024-09,7037.9394893114495
ID0002222,2024-12-26,1,12,7915.0,40,2,1,1.002,1.02,1.4,0.259,2,6331.63,concept_drift,2024-12,5801.462714770187
ID0002223,2024-09-26,4,4,44284.0,75,2,1,0.917,0.908,1.0,0.315,0,4933.43,concept_drift,2024-09,4299.5236006717
ID0002224,2024-07-23,0,18,5000.0,44,3,1,0.942,1.167,1.2,0.118,0,6055.38,concept_drift,2024-07,5748.031910493069
ID0002225,2024-04-20,1,15,5881.0,36,2,0,0.887,0.92,1.0,0.463,2,5086.57,concept_drift,2024-04,4895.940878545715
ID0002226,2024-09-22,1,2,10827.0,30,2,2,1.283,1.102,1.8,0.434,0,7459.88,concept_drift,2024-09,6721.287643649538
ID0002227,2024-09-08,2,0,30277.0,24,3,1,0.979,1.021,0.4,0.351,2,4944.68,concept_drift,2024-09,4614.218085183691
ID0002228,2024-06-10,0,9,9220.0,23,4,1,0.954,1.019,1.8,0.081,10,8119.32,concept_drift,2024-06,7884.466984070151
ID0002229,2024-04-04,4,15,18585.0,23,0,0,0.846,0.945,0.4,0.569,0,4444.89,concept_drift,2024-04,4018.553512946144
ID0002230,2024-07-02,2,4,22911.0,37,0,1,1.042,1.044,1.4,0.52,2,5851.78,concept_drift,2024-07,5191.50299107695
ID0002231,2024-10-21,1,1,22783.0,53,3,1,0.934,1.091,1.2,0.331,21,6302.35,concept_drift,2024-10,5625.054587860422
ID0002232,2024-10-19,2,6,19617.0,37,1,1,0.942,0.879,1.8,0.074,14,6317.97,concept_drift,2024-10,5727.734750517602
ID0002233,2024-01-02,3,10,17702.0,34,1,1,1.022,0.816,1.2,0.267,3,5159.23,concept_drift,2024-01,4769.581317688003
ID0002234,2024-01-25,3,2,36115.0,78,1,2,1.262,1.327,0.4,0.497,3,4387.0,concept_drift,2024-01,3855.7387740507324
ID0002235,2024-10-12,3,9,15442.0,34,0,1,1.072,1.028,1.4,0.438,2,6006.66,concept_drift,2024-10,5170.2130525602015
ID0002236,2024-05-10,2,8,12871.0,54,1,2,1.207,1.28,1.2,0.331,6,6225.18,concept_drift,2024-05,5463.439357753404
ID0002237,2024-04-05,2,4,47177.0,18,0,2,1.095,1.265,1.2,0.122,21,6457.79,concept_drift,2024-04,6107.388877855077
ID0002238,2024-08-06,3,1,24242.0,26,0,2,1.118,1.174,1.2,0.399,3,5666.41,concept_drift,2024-08,5119.327382046628
ID0002239,2024-09-02,3,12,16031.0,31,1,2,1.138,1.204,1.2,0.279,6,6201.42,concept_drift,2024-09,5618.869464156785
ID0002240,2024-05-26,1,9,14523.0,55,0,1,1.132,1.069,0.4,0.402,1,3715.99,concept_drift,2024-05,3106.222864464322
ID0002241,2024-05-26,1,15,8280.0,64,3,2,1.334,1.182,1.4,0.24,0,6752.57,concept_drift,2024-05,6339.317677718602
ID0002242,2024-05-09,2,4,29446.0,75,3,2,0.999,1.312,0.4,0.35,1,4644.89,concept_drift,2024-05,4509.816331313327
ID0002243,2024-12-27,2,12,8962.0,27,2,1,0.988,1.077,1.4,0.509,2,6571.43,concept_drift,2024-12,6028.249022094739
ID0002244,2024-01-27,2,12,12593.0,24,0,0,0.864,0.986,1.2,0.547,0,6234.05,concept_drift,2024-01,5355.439005057237
ID0002245,2024-01-08,1,11,7108.0,78,0,2,1.155,1.103,1.2,0.26,5,5411.96,concept_drift,2024-01,4698.471694660999
ID0002246,2024-06-13,2,10,9742.0,44,1,1,0.976,1.147,1.4,0.032,4,5583.64,concept_drift,2024-06,5250.131397716381
ID0002247,2024-02-17,2,0,53953.0,22,0,2,1.256,1.122,1.8,0.329,0,7277.44,concept_drift,2024-02,6662.126662606521
ID0002248,2024-03-08,0,0,21600.0,20,3,2,0.966,1.215,1.0,0.513,10,7164.19,concept_drift,2024-03,6473.110557994458
ID0002249,2024-08-22,1,11,7720.0,49,2,2,1.346,1.347,1.8,0.506,0,7835.28,concept_drift,2024-08,7190.329318432217
ID0002250,2024-03-11,0,0,13829.0,23,1,2,1.111,1.137,1.2,0.433,10,6805.19,concept_drift,2024-03,6054.719298553388
ID0002251,2024-10-19,4,4,47037.0,23,1,2,1.384,1.424,1.2,0.34,2,7036.59,concept_drift,2024-10,6551.882059817657
ID0002252,2024-12-24,1,9,10390.0,57,3,2,1.164,1.365,1.2,0.394,4,6696.96,concept_drift,2024-12,6436.699046677097
ID0002253,2024-10-28,2,10,16967.0,21,2,1,0.979,1.057,1.2,0.254,0,6630.78,concept_drift,2024-10,6120.4786257621045
ID0002254,2024-01-14,3,17,11790.0,36,2,2,1.234,1.155,1.2,0.277,3,6236.94,concept_drift,2024-01,5911.379063153707
ID0002255,2024-11-08,0,20,5000.0,59,3,1,1.014,0.958,0.4,0.126,1,4274.4,concept_drift,2024-11,3952.1085984695587
ID0002256,2024-05-12,1,8,10052.0,32,2,1,0.977,1.03,1.2,0.532,14,6106.84,concept_drift,2024-05,5576.910661652356
ID0002257,2024-08-18,1,19,5000.0,57,0,2,1.035,1.236,1.0,0.326,2,5350.11,concept_drift,2024-08,5018.57405669897
ID0002258,2024-07-06,2,0,29443.0,48,1,2,1.138,1.156,1.8,0.293,7,6894.53,concept_drift,2024-07,6258.185822745759
ID0002259,2024-09-10,4,11,33061.0,62,3,1,1.089,0.862,0.4,0.483,1,4220.79,concept_drift,2024-09,3966.968676153085
ID0002260,2024-02-08,1,2,17577.0,48,3,2,1.122,1.186,1.8,0.261,0,7646.91,concept_drift,2024-02,6912.562451695009
ID0002261,2024-01-19,2,7,21244.0,19,0,0,0.849,0.924,0.4,0.413,14,4260.78,concept_drift,2024-01,3669.395521179521
ID0002262,2024-06-17,3,14,14088.0,47,0,2,1.213,1.216,1.2,0.049,0,5587.86,concept_drift,2024-06,4980.05922433299
ID0002263,2024-11-24,1,9,9654.0,30,2,2,1.138,1.177,1.0,0.065,1,5534.9,concept_drift,2024-11,5258.689781235895
ID0002264,2024-10-26,2,15,9893.0,18,0,1,0.962,1.051,1.8,0.263,0,7567.89,concept_drift,2024-10,6680.442231192279
ID0002265,2024-01-10,1,4,19210.0,53,2,2,1.285,1.227,1.2,0.408,3,6158.63,concept_drift,2024-01,5662.014177455243
ID0002266,2024-04-06,1,8,10265.0,40,1,0,0.948,0.843,1.8,0.326,1,6161.87,concept_drift,2024-04,5676.256431890307
ID0002267,2024-07-01,2,2,21765.0,69,1,0,0.871,0.946,1.4,0.439,2,5494.04,concept_drift,2024-07,4733.170688624032
ID0002268,2024-05-05,3,8,24176.0,76,3,1,0.927,0.954,1.2,0.054,14,5663.33,concept_drift,2024-05,5152.8908571238135
ID0002269,2024-08-18,2,9,11512.0,55,3,2,1.226,1.183,1.4,0.231,0,6883.85,concept_drift,2024-08,6239.456981874649
ID0002270,2024-09-09,3,5,22149.0,75,1,1,1.055,1.056,1.1,0.165,1,5210.8,concept_drift,2024-09,4401.539302337775
ID0002271,2024-10-14,0,4,17053.0,52,0,2,1.227,1.206,1.2,0.177,7,5447.75,concept_drift,2024-10,4871.19644682486
ID0002272,2024-08-18,3,6,18021.0,78,3,1,0.974,0.822,1.2,0.388,4,5685.84,concept_drift,2024-08,5149.407487551236
ID0002273,2024-03-20,3,15,12102.0,39,0,0,1.124,0.764,1.0,0.444,3,4405.56,concept_drift,2024-03,4029.5697665742928
ID0002274,2024-02-12,3,10,15790.0,53,3,2,1.319,1.143,1.4,0.204,2,6733.91,concept_drift,2024-02,6132.480393898492
ID0002275,2024-08-07,3,1,34330.0,61,2,2,1.181,1.326,1.2,0.296,1,5992.12,concept_drift,2024-08,5561.198138948364
ID0002276,2024-04-24,3,4,24951.0,72,3,2,1.244,1.203,1.8,0.315,5,7758.12,concept_drift,2024-04,6855.632061450071
ID0002277,2024-05-22,1,12,6674.0,63,2,2,1.218,1.244,1.0,0.062,0,5600.53,concept_drift,2024-05,5231.935757813351
ID0002278,2024-08-03,2,8,15665.0,62,2,1,0.883,1.035,3.2,0.337,0,9919.44,concept_drift,2024-08,8750.1548794499
ID0002279,2024-09-19,3,6,24945.0,71,0,1,0.955,1.125,3.2,0.493,30,9919.1,concept_drift,2024-09,8488.210851752305
ID0002280,2024-10-21,2,5,20731.0,79,1,2,1.219,1.274,1.8,0.118,14,6984.59,concept_drift,2024-10,6225.138093452258
ID0002281,2024-05-24,0,0,21030.0,42,2,2,1.146,1.146,1.1,0.324,6,5846.42,concept_drift,2024-05,5452.331737910405
ID0002282,2024-03-10,0,6,11499.0,73,0,1,0.88,1.042,1.2,0.624,6,5481.6,concept_drift,2024-03,4551.557091681484
ID0002283,2024-08-23,1,14,6287.0,43,3,2,1.105,1.285,1.2,0.269,0,6655.09,concept_drift,2024-08,6319.933627948561
ID0002284,2024-05-18,1,12,8510.0,74,0,2,1.21,1.172,1.4,0.505,6,6091.89,concept_drift,2024-05,5455.172867241151
ID0002285,2024-09-25,2,11,9968.0,36,1,2,1.163,1.151,1.2,0.358,1,6091.28,concept_drift,2024-09,5508.944208113856
ID0002286,2024-09-15,2,8,18103.0,75,0,1,1.038,1.041,1.2,0.402,0,5118.46,concept_drift,2024-09,4424.240901504106
ID0002287,2024-07-09,1,9,9727.0,45,3,2,1.288,1.243,1.8,0.405,0,7914.35,concept_drift,2024-07,7243.5188654872145
ID0002288,2024-01-15,1,8,16639.0,26,2,2,1.127,1.305,0.4,0.142,21,5013.16,concept_drift,2024-01,4813.202489037293
ID0002289,2024-07-01,2,7,14619.0,58,2,2,1.181,1.391,1.2,0.264,2,6251.31,concept_drift,2024-07,5830.316895247822
ID0002290,2024-03-10,2,7,19556.0,72,2,0,0.783,0.883,1.4,0.317,3,5512.48,concept_drift,2024-03,5050.503419064751
ID0002291,2024-06-23,2,3,23257.0,68,2,2,1.067,1.134,1.2,0.113,3,5721.84,concept_drift,2024-06,5259.528260896231
ID0002292,2024-01-11,2,20,7535.0,78,3,1,1.074,0.97,3.2,0.782,0,10933.2,concept_drift,2024-01,8969.396375791686
ID0002293,2024-04-05,1,8,14546.0,66,3,2,1.266,1.156,1.2,0.257,0,6140.2,concept_drift,2024-04,5846.397505323486
ID0002294,2024-11-24,1,1,15792.0,57,2,1,0.967,0.886,1.2,0.336,2,5232.38,concept_drift,2024-11,4826.255550917669
ID0002295,2024-06-14,1,19,5000.0,69,1,1,1.012,0.866,1.4,0.35,2,5842.47,concept_drift,2024-06,5196.80471397072
ID0002296,2024-03-17,2,5,23425.0,64,2,1,1.119,1.029,1.8,0.158,0,6724.4,concept_drift,2024-03,6041.296523038076
ID0002297,2024-10-26,2,14,9044.0,49,1,1,1.045,1.106,1.4,0.355,1,6353.1,concept_drift,2024-10,5553.460632476874
ID0002298,2024-08-23,2,12,12704.0,29,0,2,1.082,1.201,1.2,0.255,0,5756.84,concept_drift,2024-08,5161.564573335633
ID0002299,2024-05-15,1,7,12454.0,26,0,0,0.884,0.806,1.4,0.104,0,4976.31,concept_drift,2024-05,4259.521916856759
ID0002300,2024-03-07,3,8,23504.0,42,0,2,1.034,1.317,1.4,0.383,0,6329.31,concept_drift,2024-03,5644.476312221543
ID0002301,2024-09-09,0,7,9890.0,69,3,2,1.28,1.341,1.2,0.457,1,6715.76,concept_drift,2024-09,6246.656760431774
ID0002302,2024-05-18,0,7,7848.0,49,0,1,1.056,1.192,1.8,0.14,0,6519.57,concept_drift,2024-05,5754.947623746304
ID0002303,2024-01-11,3,5,22440.0,23,0,2,1.22,1.186,1.8,0.224,2,7704.77,concept_drift,2024-01,6863.34515256792
ID0002304,2024-10-16,1,5,12644.0,45,2,0,0.974,0.884,1.4,0.483,0,5974.9,concept_drift,2024-10,5305.008661503218
ID0002305,2024-12-19,2,10,19824.0,47,1,1,0.792,1.023,1.8,0.485,3,7032.86,concept_drift,2024-12,6238.726901455147
ID0002306,2024-04-15,2,11,11119.0,49,0,2,1.152,1.181,1.2,0.354,2,5746.2,concept_drift,2024-04,5154.077024495838
ID0002307,2024-03-08,1,18,5000.0,58,0,0,0.892,0.971,1.8,0.161,2,6197.57,concept_drift,2024-03,5317.442674374281
ID0002308,2024-10-18,3,14,12564.0,36,2,1,0.996,1.072,1.4,0.198,0,6205.86,concept_drift,2024-10,5787.132240678641
ID0002309,2024-12-11,4,17,11878.0,57,2,1,0.882,0.889,1.4,0.324,10,6229.87,concept_drift,2024-12,5616.7914918813085
ID0002310,2024-06-09,0,5,9527.0,44,2,1,0.977,1.035,1.4,0.459,1,6282.32,concept_drift,2024-06,5746.557592708468
ID0002311,2024-04-07,1,5,11942.0,26,1,1,0.923,1.045,1.4,0.371,2,6212.45,concept_drift,2024-04,5477.23587571275
ID0002312,2024-12-07,1,14,5000.0,61,1,1,1.07,1.071,1.1,0.365,1,5501.55,concept_drift,2024-12,4804.443501121872
ID0002313,2024-02-24,3,9,19879.0,29,1,2,1.285,1.309,1.2,0.057,30,6419.57,concept_drift,2024-02,5707.634933229932
ID0002314,2024-03-17,3,0,36820.0,50,1,1,1.064,1.227,1.0,0.263,0,5112.01,concept_drift,2024-03,4498.914825451137
ID0002315,2024-11-25,2,10,16014.0,60,1,0,0.967,0.912,1.8,0.276,1,6152.99,concept_drift,2024-11,5506.682631945865
ID0002316,2024-10-10,3,10,17174.0,20,0,1,0.955,1.115,1.4,0.325,4,6639.1,concept_drift,2024-10,5936.772301283721
ID0002317,2024-04-04,4,4,36403.0,18,1,0,0.893,0.939,1.2,0.22,1,5788.25,concept_drift,2024-04,5333.911965006393
ID0002318,2024-07-10,2,7,15518.0,53,1,1,1.005,1.033,1.0,0.192,5,4943.16,concept_drift,2024-07,4376.768653401086
ID0002319,2024-11-25,0,3,10795.0,40,2,1,0.98,1.021,1.2,0.227,0,5564.5,concept_drift,2024-11,5156.731255775889
ID0002320,2024-03-09,1,15,6367.0,71,1,1,0.99,0.95,1.4,0.544,0,5980.77,concept_drift,2024-03,5312.914438416684
ID0002321,2024-06-23,1,15,7390.0,72,3,2,1.223,1.267,1.0,0.354,1,6252.14,concept_drift,2024-06,5933.101657350215
ID0002322,2024-06-21,2,12,15661.0,60,3,2,0.962,1.332,1.1,0.33,3,6584.84,concept_drift,2024-06,6099.852995731437
ID0002323,2024-01-21,3,2,29987.0,60,4,2,1.186,0.902,1.4,0.429,5,6758.81,concept_drift,2024-01,6403.79370413969
ID0002324,2024-08-07,0,12,8447.0,29,0,1,1.068,1.09,1.2,0.51,2,5689.39,concept_drift,2024-08,5041.573415094004
ID0002325,2024-04-26,2,0,27010.0,51,0,0,0.857,0.833,1.2,0.232,3,4554.1,concept_drift,2024-04,3753.912767729542
ID0002326,2024-08-19,1,8,9645.0,23,4,0,0.857,0.971,1.2,0.545,5,7073.56,concept_drift,2024-08,6956.42591323044
ID0002327,2024-05-26,1,10,10513.0,41,2,1,0.881,1.066,1.2,0.366,0,5924.08,concept_drift,2024-05,5340.3653332736885
ID0002328,2024-06-16,3,9,19371.0,28,2,1,1.083,0.855,1.4,0.279,30,6294.5,concept_drift,2024-06,5738.148646571425
ID0002329,2024-08-23,0,2,15437.0,47,1,1,1.045,1.033,1.0,0.036,1,4697.24,concept_drift,2024-08,4204.8824775848825
ID0002330,2024-06-17,2,6,19136.0,59,1,0,0.88,0.981,1.4,0.116,0,5091.31,concept_drift,2024-06,4662.759167265196
ID0002331,2024-04-09,2,13,10487.0,43,3,1,0.985,1.103,1.2,0.376,7,6388.92,concept_drift,2024-04,5884.985472022923
ID0002332,2024-01-18,2,8,19144.0,49,3,2,1.191,1.275,1.4,0.328,21,7131.2,concept_drift,2024-01,6690.028854372849
ID0002333,2024-05-18,2,5,31455.0,52,2,0,0.95,0.999,1.4,0.233,30,5898.8,concept_drift,2024-05,5447.228228910322
ID0002334,2024-07-01,1,10,8915.0,55,4,2,1.18,1.209,1.8,0.161,4,7809.1,concept_drift,2024-07,7382.931851471226
ID0002335,2024-05-10,2,0,30249.0,47,1,1,1.039,0.97,1.0,0.471,10,5089.54,concept_drift,2024-05,4414.2169976121695
ID0002336,2024-09-10,0,2,16373.0,74,3,1,0.998,1.055,1.2,0.196,0,5587.08,concept_drift,2024-09,5228.128964574665
ID0002337,2024-11-10,4,0,85013.0,68,0,1,1.085,1.112,1.1,0.556,0,5146.2,concept_drift,2024-11,3944.2514887971643
ID0002338,2024-04-18,1,12,7917.0,62,4,2,1.218,1.031,3.2,0.275,1,10763.2,concept_drift,2024-04,9826.91784839564
ID0002339,2024-07-09,1,2,25182.0,65,0,2,1.208,1.015,1.4,0.125,0,5250.89,concept_drift,2024-07,4780.253867875484
ID0002340,2024-01-15,1,7,15369.0,51,1,1,0.931,0.909,3.2,0.083,1,8940.12,concept_drift,2024-01,8254.359241942691
ID0002341,2024-05-24,0,1,10675.0,31,1,0,0.758,0.953,1.0,0.424,21,4910.62,concept_drift,2024-05,4452.787512041815
ID0002342,2024-06-16,1,0,17728.0,44,1,1,0.914,0.868,1.2,0.496,2,5396.02,concept_drift,2024-06,4666.269140413183
ID0002343,2024-08-26,2,5,21048.0,73,1,1,0.977,0.96,1.2,0.213,30,5295.28,concept_drift,2024-08,4715.131896155972
ID0002344,2024-10-06,1,6,13551.0,67,3,2,1.169,1.379,1.8,0.067,30,7886.04,concept_drift,2024-10,7252.820421350657
ID0002345,2024-08-04,0,5,13398.0,50,1,2,1.23,1.352,1.4,0.113,1,6405.45,concept_drift,2024-08,5715.214564402884
ID0002346,2024-10-22,4,7,22277.0,42,0,2,1.208,1.329,1.4,0.458,0,6340.45,concept_drift,2024-10,5652.508471877137
ID0002347,2024-05-22,3,1,28938.0,63,1,2,1.379,1.053,1.0,0.178,1,4868.42,concept_drift,2024-05,4448.1737829043095
ID0002348,2024-03-14,2,12,9255.0,73,3,2,1.309,1.188,1.8,0.09,14,7525.11,concept_drift,2024-03,7036.574905611059
ID0002349,2024-03-12,3,0,42985.0,22,0,1,0.87,1.01,1.4,0.158,3,6144.03,concept_drift,2024-03,5559.151234425517
ID0002350,2024-04-07,2,11,16383.0,33,1,1,1.141,1.071,1.2,0.321,14,5862.62,concept_drift,2024-04,5203.33485469564
ID0002351,2024-12-22,2,2,18319.0,78,2,1,0.877,0.855,1.4,0.147,30,5699.5,concept_drift,2024-12,5011.17630153324
ID0002352,2024-05-10,3,14,7025.0,47,0,1,0.997,0.976,1.2,0.019,7,4913.81,concept_drift,2024-05,4520.102752838593
ID0002353,2024-08-16,2,10,18618.0,21,4,2,1.238,1.194,1.8,0.178,2,8694.68,concept_drift,2024-08,8324.028549081595
ID0002354,2024-03-28,2,15,9851.0,19,1,2,1.157,1.22,1.4,0.23,1,7189.54,concept_drift,2024-03,6786.964231714109
ID0002355,2024-04-20,0,9,11548.0,67,1,2,1.215,1.442,1.8,0.541,4,7811.58,concept_drift,2024-04,6803.349356331784
ID0002356,2024-03-16,2,16,12026.0,18,2,2,1.234,1.084,1.2,0.424,3,7224.15,concept_drift,2024-03,6624.7039942747015
ID0002357,2024-10-06,1,7,14342.0,34,4,2,1.203,1.383,1.2,0.624,0,7354.87,concept_drift,2024-10,6942.544736506805
ID0002358,2024-10-05,0,9,11371.0,78,1,2,1.177,1.252,1.2,0.432,2,6195.49,concept_drift,2024-10,5332.336229148854
ID0002359,2024-10-12,4,1,69143.0,37,0,0,0.858,0.976,1.2,0.4,0,4795.56,concept_drift,2024-10,4297.077287676728
ID0002360,2024-07-06,1,12,13540.0,67,2,1,0.996,0.911,1.2,0.398,4,5521.63,concept_drift,2024-07,4993.382025957428
ID0002361,2024-07-10,2,16,8477.0,36,3,1,0.932,1.037,1.0,0.028,0,5400.51,concept_drift,2024-07,5221.329732124501
ID0002362,2024-02-21,1,7,17890.0,45,3,2,1.141,1.11,1.0,0.218,0,5716.02,concept_drift,2024-02,5488.660544902169
ID0002363,2024-12-01,2,15,7087.0,74,1,2,1.087,1.426,1.8,0.48,30,8063.36,concept_drift,2024-12,7403.054259932018
ID0002364,2024-02-13,1,8,12140.0,77,3,0,0.874,0.986,1.0,0.073,4,4909.63,concept_drift,2024-02,4359.090131797367
ID0002365,2024-11-21,2,8,19437.0,79,2,1,1.076,1.099,1.0,0.174,0,4919.61,concept_drift,2024-11,4536.851641960693
ID0002366,2024-08-11,0,13,5000.0,30,1,0,0.901,0.768,1.4,0.223,0,5410.19,concept_drift,2024-08,4877.821353306179
ID0002367,2024-12-23,3,7,20363.0,18,2,1,1.105,1.191,1.2,0.176,0,6890.5,concept_drift,2024-12,6264.529357762889
ID0002368,2024-11-21,2,5,15816.0,50,0,1,1.006,0.991,1.4,0.248,5,5527.38,concept_drift,2024-11,4804.803672600837
ID0002369,2024-12-21,1,18,6038.0,54,0,1,0.96,1.034,1.2,0.238,0,5323.71,concept_drift,2024-12,4720.996174981654
ID0002370,2024-09-13,0,9,10011.0,58,0,1,1.072,1.214,1.0,0.242,3,4972.85,concept_drift,2024-09,4307.217791233238
ID0002371,2024-03-22,1,10,12701.0,64,4,1,0.932,0.943,1.2,0.298,4,6007.14,concept_drift,2024-03,5806.370776577378
ID0002372,2024-02-12,2,12,8984.0,43,3,2,1.262,1.178,1.8,0.391,14,8271.39,concept_drift,2024-02,7298.967982609464
ID0002373,2024-05-22,4,9,28542.0,47,1,2,1.059,1.187,1.8,0.113,0,6992.28,concept_drift,2024-05,6364.678908597777
ID0002374,2024-12-19,2,4,23974.0,43,4,1,0.99,0.964,1.8,0.038,1,7269.39,concept_drift,2024-12,6626.6029602462895
ID0002375,2024-03-12,2,9,20912.0,36,4,0,0.866,0.854,1.4,0.395,14,6634.0,concept_drift,2024-03,5905.514871261614
ID0002376,2024-07-09,3,14,10622.0,20,3,1,0.997,0.98,0.4,0.287,5,5409.59,concept_drift,2024-07,4951.8433025521645
ID0002377,2024-06-07,1,16,5530.0,23,2,1,0.904,0.966,1.4,0.422,6,7281.46,concept_drift,2024-06,6714.218614016128
ID0002378,2024-03-25,2,4,20889.0,78,1,1,1.029,0.908,0.4,0.163,7,3294.98,concept_drift,2024-03,2939.957061855926
ID0002379,2024-06-15,1,8,13060.0,26,1,1,0.901,1.092,1.4,0.45,2,6084.38,concept_drift,2024-06,5638.989961276926
ID0002380,2024-06-02,1,6,9918.0,46,1,0,0.879,0.81,1.4,0.222,0,5329.59,concept_drift,2024-06,4671.42171128794
ID0002381,2024-09-19,1,1,17174.0,69,3,1,1.024,0.974,1.8,0.364,0,7066.3,concept_drift,2024-09,6295.440195659515
ID0002382,2024-06-14,0,11,8743.0,49,1,0,0.899,0.802,1.4,0.224,3,5258.79,concept_drift,2024-06,4806.15859989745
ID0002383,2024-07-15,1,4,12661.0,22,3,2,1.168,1.231,1.4,0.23,0,7634.89,concept_drift,2024-07,7335.736007792498
ID0002384,2024-12-20,2,14,14411.0,29,1,2,1.128,1.128,1.2,0.102,0,5837.44,concept_drift,2024-12,5391.52028586268
ID0002385,2024-07-22,0,6,12767.0,38,2,1,0.973,0.983,1.2,0.477,0,5835.38,concept_drift,2024-07,5312.040860223903
ID0002386,2024-12-09,1,5,22692.0,67,0,2,1.208,1.314,1.2,0.279,10,5699.12,concept_drift,2024-12,4922.400536867502
ID0002387,2024-07-28,1,0,17289.0,76,3,0,0.775,0.834,1.4,0.376,0,5708.2,concept_drift,2024-07,5212.555762436849
ID0002388,2024-10-28,1,10,11321.0,19,2,1,1.003,1.079,1.0,0.061,1,6027.7,concept_drift,2024-10,5640.662807489131
ID0002389,2024-08-08,1,6,8900.0,27,4,2,1.206,1.408,1.8,0.023,1,8109.74,concept_drift,2024-08,7518.672425519065
ID0002390,2024-12-11,1,12,12292.0,71,1,2,1.058,1.283,1.8,0.329,0,7328.1,concept_drift,2024-12,6435.989538202704
ID0002391,2024-09-04,3,7,35523.0,28,1,1,0.959,0.91,1.8,0.424,10,6798.91,concept_drift,2024-09,6086.998495556596
ID0002392,2024-10-06,2,4,17159.0,58,1,1,1.022,0.955,1.2,0.167,21,5344.05,concept_drift,2024-10,4734.192841672301
ID0002393,2024-12-25,4,16,26814.0,33,0,2,1.29,1.137,1.8,0.286,3,7085.86,concept_drift,2024-12,6470.055182394561
ID0002394,2024-10-09,2,6,25027.0,70,3,0,0.928,0.913,1.4,0.406,0,6000.01,concept_drift,2024-10,5432.588698458473
ID0002395,2024-12-27,1,12,10875.0,65,0,2,1.268,1.153,1.4,0.342,0,5982.95,concept_drift,2024-12,5331.879701600976
ID0002396,2024-05-01,2,3,20910.0,72,0,1,0.972,0.892,1.4,0.427,1,5195.13,concept_drift,2024-05,4580.479627264069
ID0002397,2024-08-08,1,7,10807.0,65,0,2,1.152,1.121,1.0,0.414,2,5192.88,concept_drift,2024-08,4458.44116808494
ID0002398,2024-07-17,1,12,7903.0,20,0,2,1.206,1.271,1.2,0.323,1,6574.41,concept_drift,2024-07,6131.1480851176875
ID0002399,2024-12-25,4,9,19369.0,78,2,2,1.197,1.43,1.2,0.269,2,6130.92,concept_drift,2024-12,5829.966386073009
ID0002400,2024-07-10,0,6,9270.0,60,1,1,0.904,1.196,1.2,0.35,10,5858.83,concept_drift,2024-07,5128.418027008014
ID0002401,2024-12-06,1,9,11484.0,40,4,2,1.281,1.259,3.2,0.079,5,10841.53,concept_drift,2024-12,9971.619255190146
ID0002402,2024-04-23,3,12,15136.0,39,3,0,0.944,0.907,1.8,0.481,21,7278.2,concept_drift,2024-04,6723.323525160741
ID0002403,2024-10-14,0,5,13428.0,46,0,2,1.176,1.335,1.2,0.371,3,5742.55,concept_drift,2024-10,5251.018365001938
ID0002404,2024-01-28,0,0,24829.0,32,1,2,1.176,1.072,1.1,0.618,2,5749.64,concept_drift,2024-01,5182.271711394596
ID0002405,2024-05-10,2,19,10198.0,53,3,0,0.75,1.002,1.8,0.125,3,6794.44,concept_drift,2024-05,6732.20459813872
ID0002406,2024-09-07,2,11,15891.0,62,3,2,0.948,1.39,1.4,0.692,3,7677.72,concept_drift,2024-09,6807.284905862358
ID0002407,2024-06-20,2,0,37071.0,26,0,0,0.835,0.944,1.8,0.263,30,6159.81,concept_drift,2024-06,5317.494927897527
ID0002408,2024-10-15,4,13,24036.0,53,2,1,1.016,1.026,1.4,0.423,0,6176.65,concept_drift,2024-10,5749.586704423879
ID0002409,2024-07-04,1,7,11889.0,74,1,0,0.908,1.069,1.0,0.759,0,5053.2,concept_drift,2024-07,4270.80610250826
ID0002410,2024-12-02,2,0,32599.0,77,1,2,1.315,1.142,1.8,0.2,3,6621.48,concept_drift,2024-12,5859.783399150647
ID0002411,2024-06-02,1,8,13144.0,31,4,2,1.053,1.211,1.8,0.069,5,7656.32,concept_drift,2024-06,7242.288586643948
ID0002412,2024-04-17,3,8,14873.0,19,2,1,1.069,1.122,1.2,0.067,2,6286.03,concept_drift,2024-04,6058.641813488969
ID0002413,2024-11-14,4,8,25186.0,59,3,1,1.047,0.952,0.4,0.397,0,4257.35,concept_drift,2024-11,3917.854571594162
ID0002414,2024-05-11,0,5,12936.0,40,2,2,1.238,1.334,1.2,0.441,1,6633.85,concept_drift,2024-05,5948.788116844954
ID0002415,2024-05-14,2,8,19450.0,51,2,2,1.085,1.206,1.2,0.453,14,6439.26,concept_drift,2024-05,5864.079184095179
ID0002416,2024-06-14,2,10,18164.0,47,0,1,1.056,1.101,1.2,0.638,30,5911.37,concept_drift,2024-06,5187.122500489046
ID0002417,2024-12-18,2,6,19257.0,51,1,2,1.089,1.297,1.2,0.135,14,6090.74,concept_drift,2024-12,5315.714815419978
ID0002418,2024-07-01,3,7,25906.0,31,4,2,1.235,1.341,1.8,0.346,7,8619.55,concept_drift,2024-07,7709.744734059646
ID0002419,2024-09-20,1,7,11007.0,65,0,1,1.027,0.97,1.2,0.12,1,4807.04,concept_drift,2024-09,4167.18597920888
ID0002420,2024-12-06,2,11,19201.0,61,3,2,1.225,1.284,1.8,0.356,30,8067.25,concept_drift,2024-12,7431.430166716422
ID0002421,2024-01-28,2,8,13506.0,47,2,2,1.156,1.133,1.2,0.603,21,6594.91,concept_drift,2024-01,6085.15979715451
ID0002422,2024-12-17,3,15,6596.0,19,0,2,1.082,1.268,1.4,0.144,2,7034.14,concept_drift,2024-12,6485.982715383264
ID0002423,2024-10-26,1,2,15288.0,23,1,1,1.107,1.0,1.4,0.054,6,6211.96,concept_drift,2024-10,5858.030961159629
ID0002424,2024-10-20,3,20,8576.0,19,2,2,1.325,1.316,1.2,0.04,3,7254.76,concept_drift,2024-10,6989.496216886952
ID0002425,2024-10-19,2,8,23626.0,79,3,0,0.916,0.864,1.8,0.23,14,6647.96,concept_drift,2024-10,6109.849476300912
ID0002426,2024-09-12,0,8,14885.0,42,0,1,1.044,0.969,1.8,0.258,2,6417.37,concept_drift,2024-09,5575.417710225998
ID0002427,2024-03-09,1,4,13405.0,37,1,2,1.245,1.16,1.1,0.205,0,5562.1,concept_drift,2024-03,5063.516075822137
ID0002428,2024-04-19,2,20,8035.0,18,3,2,1.147,1.175,1.4,0.109,0,7899.25,concept_drift,2024-04,7423.9062324364595
ID0002429,2024-03-02,1,13,9050.0,44,0,2,1.134,1.133,1.8,0.3,0,7057.25,concept_drift,2024-03,6239.255239262195
ID0002430,2024-10-23,4,11,15433.0,18,3,2,1.147,1.234,1.0,0.113,1,6764.97,concept_drift,2024-10,6455.7270063835285
ID0002431,2024-02-05,1,5,19780.0,46,1,1,1.055,0.927,1.4,0.381,21,6141.75,concept_drift,2024-02,5277.18539836871
ID0002432,2024-06-09,1,9,10377.0,29,1,0,0.75,1.0,1.4,0.202,4,5719.92,concept_drift,2024-06,5170.995316220091
ID0002433,2024-08-19,2,7,16266.0,70,1,1,1.02,0.988,1.4,0.154,1,5462.44,concept_drift,2024-08,4963.6938477272115
ID0002434,2024-05-05,2,9,17857.0,36,0,0,0.911,1.0,1.2,0.179,10,4863.14,concept_drift,2024-05,4259.295489162672
ID0002435,2024-09-20,2,6,26726.0,22,0,2,1.237,1.342,1.8,0.165,3,7673.1,concept_drift,2024-09,7031.842512252763
ID0002436,2024-12-07,1,10,8659.0,23,1,2,1.119,1.302,1.2,0.232,1,6893.25,concept_drift,2024-12,6350.966779414735
ID0002437,2024-02-09,1,11,6551.0,29,0,2,1.117,1.209,1.0,0.145,6,5433.53,concept_drift,2024-02,4768.280263255024
ID0002438,2024-08-28,2,7,16598.0,57,1,2,1.118,1.04,1.8,0.081,4,6556.79,concept_drift,2024-08,6114.696776910768
ID0002439,2024-06-18,2,7,19056.0,39,4,0,0.94,0.944,1.2,0.555,14,6268.93,concept_drift,2024-06,5891.868931591039
ID0002440,2024-11-11,3,3,34632.0,75,3,1,0.75,0.898,1.0,0.126,7,4795.12,concept_drift,2024-11,4701.040950391388
ID0002441,2024-10-18,1,9,11790.0,58,2,2,1.141,1.249,1.4,0.154,4,6637.81,concept_drift,2024-10,6035.5566999585935
ID0002442,2024-08-22,2,8,17894.0,24,3,1,0.942,1.164,1.8,0.266,30,8462.57,concept_drift,2024-08,7890.028134269754
ID0002443,2024-10-06,1,5,18675.0,25,3,1,0.838,1.18,1.2,0.182,1,6110.47,concept_drift,2024-10,5803.952877473335
ID0002444,2024-08-11,2,15,8621.0,75,0,2,1.18,1.339,1.0,0.302,0,5349.46,concept_drift,2024-08,4735.429289732415
ID0002445,2024-10-20,2,5,36968.0,27,1,2,1.162,1.21,1.1,0.272,1,5765.53,concept_drift,2024-10,5246.89972641438
ID0002446,2024-08-12,1,6,18541.0,30,2,1,1.063,1.046,1.8,0.478,3,7316.27,concept_drift,2024-08,6531.614667948702
ID0002447,2024-07-24,3,0,31620.0,78,2,2,1.157,1.188,0.4,0.106,1,4056.14,concept_drift,2024-07,3773.102895323018
ID0002448,2024-03-12,1,16,5133.0,29,1,1,0.987,0.896,1.2,0.266,0,5396.3,concept_drift,2024-03,5009.596834838887
ID0002449,2024-08-24,2,12,15389.0,38,2,2,0.978,1.255,1.2,0.122,2,6225.45,concept_drift,2024-08,5731.019098451885
ID0002450,2024-06-26,2,11,13707.0,20,0,2,1.251,1.436,1.4,0.146,21,7470.12,concept_drift,2024-06,6660.905240295605
ID0002451,2024-10-07,1,11,11836.0,57,3,2,1.152,1.136,1.2,0.446,6,6579.13,concept_drift,2024-10,6217.530269965583
ID0002452,2024-07-15,1,4,16752.0,45,2,2,1.125,1.225,1.4,0.331,0,6550.46,concept_drift,2024-07,6084.877913340807
ID0002453,2024-07-14,3,8,15418.0,44,2,2,1.252,1.38,1.2,0.317,0,6515.3,concept_drift,2024-07,5935.6363113744965
ID0002454,2024-06-26,3,10,20185.0,63,1,2,1.037,1.262,1.0,0.105,3,5376.92,concept_drift,2024-06,4875.90528932914
ID0002455,2024-02-12,2,2,34717.0,78,1,0,0.783,1.002,1.4,0.347,2,5280.76,concept_drift,2024-02,4670.187376383826
ID0002456,2024-10-06,3,5,22474.0,29,2,1,0.75,1.033,1.2,0.354,2,5820.28,concept_drift,2024-10,5395.43296489042
ID0002457,2024-05-11,3,9,24227.0,48,1,2,1.196,1.3,1.0,0.574,4,5950.6,concept_drift,2024-05,5434.547255916859
ID0002458,2024-01-24,0,8,8970.0,39,2,2,1.184,1.463,1.8,0.311,0,7877.45,concept_drift,2024-01,7284.99316015054
ID0002459,2024-06-04,0,14,5897.0,65,1,1,1.27,0.958,1.2,0.405,0,5617.89,concept_drift,2024-06,4725.300346772722
ID0002460,2024-11-02,1,6,11629.0,39,0,0,0.944,0.939,1.8,0.136,2,5757.0,concept_drift,2024-11,5206.32704471236
ID0002461,2024-11-11,3,7,27096.0,67,1,2,1.191,1.301,1.2,0.149,1,5901.91,concept_drift,2024-11,5211.560067337466
ID0002462,2024-03-15,2,7,17662.0,79,2,0,0.97,0.936,1.8,0.227,6,6372.91,concept_drift,2024-03,5749.006066145805
ID0002463,2024-03-04,1,8,12514.0,40,3,2,1.357,1.31,1.2,0.184,2,6635.75,concept_drift,2024-03,6229.643113495525
ID0002464,2024-02-20,0,6,10226.0,23,3,2,1.249,1.437,1.1,0.465,1,7591.36,concept_drift,2024-02,6996.309341769938
ID0002465,2024-07-06,1,3,21753.0,75,1,2,1.291,1.437,1.0,0.106,3,5242.26,concept_drift,2024-07,4852.865404229721
ID0002466,2024-12-28,3,8,13397.0,76,0,2,1.277,1.218,1.8,0.584,4,7144.56,concept_drift,2024-12,6044.366672984921
ID0002467,2024-01-19,2,3,22894.0,69,4,2,1.216,1.075,1.2,0.272,0,6255.85,concept_drift,2024-01,6128.8256691454335
ID0002468,2024-12-08,2,15,12344.0,64,0,2,1.106,1.355,1.8,0.216,0,7247.34,concept_drift,2024-12,6284.7650485633585
ID0002469,2024-02-15,1,14,7379.0,48,3,1,1.041,1.062,1.4,0.207,0,6221.73,concept_drift,2024-02,5931.012226773973
ID0002470,2024-02-27,0,11,6026.0,55,2,1,1.104,1.066,1.4,0.349,1,6460.09,concept_drift,2024-02,5650.218247750423
ID0002471,2024-06-11,1,0,25679.0,63,3,0,0.896,0.827,1.4,0.059,0,5199.32,concept_drift,2024-06,4999.027447268566
ID0002472,2024-12-05,0,8,6760.0,40,3,2,1.227,1.202,1.0,0.679,1,6343.21,concept_drift,2024-12,6054.406506287484
ID0002473,2024-03-25,1,10,6581.0,60,1,1,0.877,1.103,1.2,0.178,0,5321.21,concept_drift,2024-03,4781.1474439981475
ID0002474,2024-03-01,4,3,34540.0,64,4,2,1.307,1.129,1.4,0.318,0,6890.0,concept_drift,2024-03,6358.888966712666
ID0002475,2024-02-27,1,20,5000.0,31,2,1,1.017,0.834,1.2,0.327,3,5932.56,concept_drift,2024-02,5383.103190735631
ID0002476,2024-07-05,3,20,8341.0,72,0,2,0.972,1.368,0.4,0.211,2,4348.2,concept_drift,2024-07,4034.75068281295
ID0002477,2024-03-23,0,13,5438.0,39,0,1,0.865,1.034,1.8,0.125,5,6481.94,concept_drift,2024-03,5737.905669498924
ID0002478,2024-08-17,1,8,12795.0,18,2,0,0.949,0.824,1.4,0.182,2,6413.01,concept_drift,2024-08,6116.841495201718
ID0002479,2024-07-05,1,7,8708.0,54,0,1,1.005,1.099,3.2,0.156,30,9438.75,concept_drift,2024-07,8311.133053364676
ID0002480,2024-01-15,1,2,20585.0,25,0,1,1.064,1.13,1.8,0.351,3,6794.32,concept_drift,2024-01,5889.7453560428485
ID0002481,2024-01-08,1,2,17099.0,30,0,2,1.311,1.165,1.4,0.251,0,5940.27,concept_drift,2024-01,5325.509318725085
ID0002482,2024-03-19,0,6,12991.0,57,1,1,0.781,0.998,1.2,0.416,14,5395.52,concept_drift,2024-03,4909.225477989743
ID0002483,2024-02-06,1,0,24735.0,56,1,1,0.941,1.04,3.2,0.212,10,9267.91,concept_drift,2024-02,8634.17175651781
ID0002484,2024-03-02,1,6,10930.0,20,0,2,1.277,1.274,1.2,0.573,0,7030.0,concept_drift,2024-03,6133.617382294461
ID0002485,2024-04-25,0,9,11193.0,35,1,1,1.044,1.185,1.0,0.316,1,5241.44,concept_drift,2024-04,4863.343263423752
ID0002486,2024-02-15,3,3,23072.0,50,0,2,1.047,1.194,1.8,0.045,1,6461.71,concept_drift,2024-02,5922.175655334867
ID0002487,2024-11-07,0,3,13159.0,24,1,1,1.133,1.02,1.2,0.238,7,6042.8,concept_drift,2024-11,5717.234791702785
ID0002488,2024-02-22,3,3,19749.0,25,2,1,0.916,1.07,1.0,0.139,2,5305.9,concept_drift,2024-02,4921.111648570099
ID0002489,2024-04-18,2,5,17457.0,34,0,2,1.063,1.409,1.2,0.216,14,5946.79,concept_drift,2024-04,5292.040553783437
ID0002490,2024-03-06,2,14,15048.0,41,2,2,1.204,1.261,1.2,0.093,14,6379.43,concept_drift,2024-03,5903.381559705247
ID0002491,2024-04-11,2,9,12076.0,78,0,2,1.074,1.22,1.8,0.298,21,6992.96,concept_drift,2024-04,6047.732579260443
ID0002492,2024-01-23,1,12,8554.0,43,3,1,1.115,0.827,1.0,0.093,0,5238.86,concept_drift,2024-01,5053.623267672279
ID0002493,2024-02-24,4,15,17236.0,50,1,2,1.257,1.55,1.8,0.076,0,7478.58,concept_drift,2024-02,6537.093257186867
ID0002494,2024-08-15,4,0,36420.0,55,2,1,1.001,0.874,1.8,0.5,5,6683.31,concept_drift,2024-08,6010.654632849326
ID0002495,2024-05-18,2,11,12142.0,27,1,0,0.879,0.861,1.8,0.102,1,6306.18,concept_drift,2024-05,5634.60416816124
ID0002496,2024-05-11,1,9,7075.0,34,2,1,1.036,1.152,1.0,0.366,14,5649.36,concept_drift,2024-05,5234.135584351214
ID0002497,2024-11-10,2,7,22320.0,37,1,1,0.872,1.021,1.2,0.2,4,5416.5,concept_drift,2024-11,4854.714338419629
ID0002498,2024-09-17,1,12,9570.0,34,1,2,1.222,1.37,1.4,0.511,10,7087.17,concept_drift,2024-09,6442.409068342179
ID0002499,2024-11-17,3,9,20055.0,60,2,1,0.978,0.964,1.2,0.176,21,5632.49,concept_drift,2024-11,5138.50878711444
ID0002500,2024-05-02,4,8,33933.0,47,1,2,1.16,1.142,1.8,0.18,0,6898.09,concept_drift,2024-05,6255.609619035998
ID0002501,2024-10-14,0,6,10622.0,19,2,1,0.989,1.012,1.8,0.629,1,8321.75,concept_drift,2024-10,7438.658501524851
ID0002502,2024-12-18,3,0,45618.0,33,1,1,1.038,0.866,1.4,0.138,3,5279.43,concept_drift,2024-12,4921.4300516404855
ID0002503,2024-03-24,0,4,11090.0,69,2,2,1.139,1.159,1.2,0.092,0,5679.38,concept_drift,2024-03,5283.861465546974
ID0002504,2024-09-18,2,20,5804.0,26,2,1,1.013,1.288,1.2,0.05,2,6109.4,concept_drift,2024-09,5785.594567881194
ID0002505,2024-05-15,2,11,14735.0,61,0,1,1.024,1.026,1.8,0.157,0,6541.94,concept_drift,2024-05,5521.950325549955
ID0002506,2024-11-02,2,11,12730.0,36,1,2,1.315,1.141,1.2,0.386,0,6058.73,concept_drift,2024-11,5450.550591960937
ID0002507,2024-07-27,3,9,12029.0,61,1,0,0.97,0.906,1.4,0.064,7,5252.57,concept_drift,2024-07,4622.8197866657765
ID0002508,2024-02-01,3,0,36534.0,51,1,2,1.257,1.219,3.2,0.162,0,9605.06,concept_drift,2024-02,8842.771619254332
ID0002509,2024-11-12,0,1,16682.0,44,2,1,1.022,0.918,3.2,0.322,0,9527.55,concept_drift,2024-11,8410.543825498904
ID0002510,2024-12-15,2,13,10540.0,78,0,2,1.271,1.261,1.4,0.323,2,5933.22,concept_drift,2024-12,5410.680804360467
ID0002511,2024-09-23,1,16,6050.0,64,0,2,0.994,1.349,1.8,0.226,14,7164.11,concept_drift,2024-09,6407.558688216079
ID0002512,2024-04-20,1,12,11376.0,52,0,2,1.212,1.246,1.0,0.384,14,5724.94,concept_drift,2024-04,4921.752072384603
ID0002513,2024-04-25,3,11,12322.0,40,2,2,1.115,1.243,3.2,0.294,2,10668.4,concept_drift,2024-04,9442.901933726074
ID0002514,2024-11-13,2,12,15321.0,21,1,2,1.0,1.256,1.8,0.088,7,8013.36,concept_drift,2024-11,7306.886176916168
ID0002515,2024-07-17,3,6,14622.0,51,2,1,1.142,0.937,1.0,0.392,0,5132.59,concept_drift,2024-07,4724.74513488029
ID0002516,2024-05-22,1,7,16051.0,35,2,1,1.097,1.085,1.2,0.227,30,6077.11,concept_drift,2024-05,5501.266653474738
ID0002517,2024-02-15,1,9,9817.0,67,3,2,1.286,1.228,1.2,0.532,1,6703.65,concept_drift,2024-02,6185.252197661669
ID0002518,2024-12-01,3,12,11755.0,65,2,2,1.201,1.21,1.0,0.079,1,5507.33,concept_drift,2024-12,5125.394190191763
ID0002519,2024-01-26,3,4,22021.0,43,1,1,0.998,0.864,1.2,0.389,4,5362.99,concept_drift,2024-01,4719.155390104377
ID0002520,2024-12-02,1,7,13438.0,26,2,2,1.223,1.161,1.8,0.095,0,7282.59,concept_drift,2024-12,6773.015305144653
ID0002521,2024-05-22,4,0,66560.0,31,1,2,1.116,1.217,1.2,0.376,1,5931.12,concept_drift,2024-05,5281.033767464958
ID0002522,2024-08-07,0,10,8431.0,54,2,0,0.875,0.75,1.2,0.104,10,5003.11,concept_drift,2024-08,4539.728928303503
ID0002523,2024-05-25,3,6,20648.0,48,4,2,1.213,1.045,1.8,0.101,30,7796.39,concept_drift,2024-05,7223.845796107648
ID0002524,2024-10-22,0,16,5000.0,77,1,2,1.253,1.243,0.4,0.125,5,4064.46,concept_drift,2024-10,3907.73287494533
ID0002525,2024-07-09,1,8,10065.0,34,2,1,0.989,0.909,1.8,0.181,14,6761.38,concept_drift,2024-07,6365.428085591834
ID0002526,2024-10-12,1,3,17472.0,18,2,1,0.986,1.071,1.0,0.371,2,6243.18,concept_drift,2024-10,5593.606117426403
ID0002527,2024-04-17,4,8,45055.0,76,2,0,0.905,0.967,1.2,0.375,21,5667.85,concept_drift,2024-04,4900.727963857702
ID0002528,2024-05-23,0,3,12538.0,46,1,2,1.051,1.177,1.0,0.044,1,5079.82,concept_drift,2024-05,4623.737598277091
ID0002529,2024-08-14,2,0,35297.0,57,1,2,1.206,1.278,1.4,0.444,1,6539.13,concept_drift,2024-08,5610.8801434269935
ID0002530,2024-07-24,2,4,21770.0,38,3,2,1.239,1.182,1.0,0.24,4,5888.41,concept_drift,2024-07,5661.997569781501
ID0002531,2024-08-10,4,6,34924.0,50,2,2,1.068,1.231,1.2,0.758,3,6636.95,concept_drift,2024-08,5946.769611459423
ID0002532,2024-08-14,2,10,12354.0,32,0,2,1.165,1.194,1.4,0.266,2,6288.07,concept_drift,2024-08,5557.635420342127
ID0002533,2024-12-13,3,9,18080.0,48,0,2,1.052,1.168,1.4,0.054,1,5747.63,concept_drift,2024-12,5130.359294178321
ID0002534,2024-07-19,2,19,6787.0,64,0,1,1.058,0.978,1.2,0.51,21,5625.0,concept_drift,2024-07,5070.392456377589
ID0002535,2024-08-28,1,4,18481.0,39,2,2,1.089,1.033,1.4,0.113,1,6164.75,concept_drift,2024-08,5811.092768041104
ID0002536,2024-06-23,3,20,7004.0,20,2,2,1.216,1.239,1.0,0.72,0,7359.98,concept_drift,2024-06,6926.457124559809
ID0002537,2024-10-20,3,3,30588.0,66,2,1,0.936,1.163,1.8,0.741,0,7442.27,concept_drift,2024-10,6268.614234090248
ID0002538,2024-06-10,0,5,14434.0,33,1,1,1.013,0.893,1.8,0.487,0,6772.55,concept_drift,2024-06,5991.475135774522
ID0002539,2024-06-15,2,7,17741.0,23,1,0,0.959,0.903,1.4,0.437,10,6658.18,concept_drift,2024-06,5756.39661095582
ID0002540,2024-04-17,0,5,8095.0,50,2,2,1.181,1.137,1.2,0.375,4,6008.18,concept_drift,2024-04,5733.639759384182
ID0002541,2024-02-18,2,11,10059.0,18,0,0,0.917,0.925,1.0,0.194,21,5571.9,concept_drift,2024-02,4829.5119907072485
ID0002542,2024-03-18,3,17,9894.0,67,3,2,1.198,1.238,1.4,0.278,0,6763.2,concept_drift,2024-03,6565.976394215339
ID0002543,2024-12-12,2,9,19923.0,32,3,2,1.115,0.941,1.8,0.529,3,7758.67,concept_drift,2024-12,7121.160825719325
ID0002544,2024-07-01,1,7,21866.0,19,0,1,1.165,1.179,1.8,0.089,1,7233.73,concept_drift,2024-07,6632.593514146243
ID0002545,2024-03-14,3,9,20648.0,23,3,2,1.133,1.263,1.8,0.138,0,8542.63,concept_drift,2024-03,8011.134084358456
ID0002546,2024-11-16,4,7,30631.0,26,2,2,1.268,1.499,1.8,0.281,1,8144.73,concept_drift,2024-11,7140.625612937319
ID0002547,2024-08-22,2,4,31693.0,18,2,1,0.972,1.132,1.2,0.128,10,6697.12,concept_drift,2024-08,6049.657175392955
ID0002548,2024-04-24,3,5,29851.0,53,1,1,1.101,1.029,1.0,0.235,1,4885.69,concept_drift,2024-04,4359.738556748319
ID0002549,2024-01-28,2,9,10015.0,66,1,1,1.08,1.149,1.2,0.246,21,5700.33,concept_drift,2024-01,5134.335529051556
ID0002550,2024-10-27,2,9,11554.0,40,2,1,1.019,1.076,0.4,0.226,6,4251.29,concept_drift,2024-10,3931.4954695228025
ID0002551,2024-10-01,2,2,20067.0,62,1,2,0.991,1.36,1.2,0.42,21,6188.51,concept_drift,2024-10,5572.283405597349
ID0002552,2024-07-22,1,20,5000.0,71,4,1,1.014,0.871,1.4,0.042,7,6172.21,concept_drift,2024-07,6052.392759566255
ID0002553,2024-08-17,4,3,42919.0,45,2,1,0.981,0.85,1.2,0.097,7,5166.74,concept_drift,2024-08,4900.668099171901
ID0002554,2024-09-11,2,9,11779.0,32,3,2,1.168,1.03,1.0,0.385,5,5867.19,concept_drift,2024-09,5766.311095964112
ID0002555,2024-12-25,2,9,18598.0,39,2,1,0.924,1.175,1.8,0.642,5,7808.27,concept_drift,2024-12,6744.106719681186
ID0002556,2024-09-27,1,4,21295.0,33,2,2,1.325,1.319,1.2,0.099,7,6443.04,concept_drift,2024-09,5796.904138610458
ID0002557,2024-07-07,3,11,14299.0,22,1,2,1.059,1.206,1.8,0.056,5,7873.99,concept_drift,2024-07,7146.9189713777005
ID0002558,2024-12-26,1,7,13966.0,19,2,1,1.126,0.871,1.4,0.165,3,6536.37,concept_drift,2024-12,6378.538085938453
ID0002559,2024-02-12,4,9,30067.0,63,3,2,1.132,1.241,1.8,0.115,0,7391.96,concept_drift,2024-02,6957.948088855229
ID0002560,2024-12-20,2,9,12926.0,48,2,1,0.906,1.013,1.8,0.381,1,6864.85,concept_drift,2024-12,6413.691299870101
ID0002561,2024-01-16,0,12,5000.0,63,1,2,1.145,1.005,1.2,0.298,1,5530.0,concept_drift,2024-01,5012.311029871781
ID0002562,2024-05-09,2,12,17002.0,22,0,2,1.14,1.231,1.4,0.338,0,7240.45,concept_drift,2024-05,6436.09411485958
ID0002563,2024-10-24,1,6,12493.0,28,0,1,1.038,1.032,1.0,0.093,0,4728.35,concept_drift,2024-10,4117.860937319303
ID0002564,2024-06-09,2,7,18170.0,27,2,0,0.893,0.943,1.8,0.356,21,7107.88,concept_drift,2024-06,6265.5936637932855
ID0002565,2024-03-15,3,8,20770.0,27,2,2,1.322,1.208,1.2,0.221,10,6433.51,concept_drift,2024-03,5813.730048904198
ID0002566,2024-04-19,1,3,20808.0,23,1,1,0.966,1.183,1.2,0.182,30,6534.0,concept_drift,2024-04,6057.420134761774
ID0002567,2024-09-07,2,13,12608.0,63,2,1,1.135,1.065,1.4,0.216,6,6083.52,concept_drift,2024-09,5575.176702042011
ID0002568,2024-09-17,1,2,15800.0,25,4,1,0.857,1.001,1.2,0.404,7,6519.57,concept_drift,2024-09,6181.685693580097
ID0002569,2024-10-12,3,17,6656.0,73,4,2,1.135,1.246,1.0,0.256,1,6390.92,concept_drift,2024-10,6297.588961955832
ID0002570,2024-08-24,1,20,5000.0,25,3,2,1.164,1.209,1.8,0.396,3,8326.13,concept_drift,2024-08,7473.847925550207
ID0002571,2024-03-13,3,13,14605.0,45,1,1,0.925,1.05,1.2,0.208,4,5487.34,concept_drift,2024-03,4926.707441904191
ID0002572,2024-10-21,1,11,15284.0,19,1,2,1.041,1.231,1.2,0.181,4,6692.27,concept_drift,2024-10,6279.4601183444065
ID0002573,2024-11-01,2,19,5611.0,57,2,2,1.134,1.39,1.8,0.074,10,7833.97,concept_drift,2024-11,7337.058860714731
ID0002574,2024-09-22,3,13,14630.0,51,1,2,1.313,1.383,1.4,0.304,0,6647.14,concept_drift,2024-09,6018.652875665311
ID0002575,2024-12-26,2,12,16340.0,30,2,1,0.965,1.209,1.4,0.439,21,6850.89,concept_drift,2024-12,6144.5215649425445
ID0002576,2024-04-12,2,13,10833.0,44,4,2,1.181,1.178,0.4,0.274,3,5309.0,concept_drift,2024-04,5121.098698840149
ID0002577,2024-02-11,1,13,5009.0,31,1,1,1.149,0.866,1.8,0.509,21,7060.03,concept_drift,2024-02,6352.70685214039
ID0002578,2024-08-08,0,9,9116.0,49,3,1,0.992,1.035,1.4,0.423,30,6865.59,concept_drift,2024-08,6294.430214219177
ID0002579,2024-11-06,2,10,13777.0,39,4,1,0.969,1.078,3.2,0.39,4,11002.93,concept_drift,2024-11,9846.339820522786
ID0002580,2024-12-11,1,9,10197.0,75,2,2,1.209,1.346,1.2,0.395,4,6433.34,concept_drift,2024-12,5814.381059379655
ID0002581,2024-05-23,2,7,17921.0,41,3,2,1.235,1.16,1.2,0.056,0,6096.88,concept_drift,2024-05,5813.159336185136
ID0002582,2024-10-28,3,7,19197.0,30,3,0,0.75,0.904,1.2,0.179,0,5527.55,concept_drift,2024-10,5389.93067090189
ID0002583,2024-07-01,1,12,8987.0,36,0,2,1.08,1.085,1.2,0.136,1,5360.47,concept_drift,2024-07,4915.532868603049
ID0002584,2024-07-22,2,14,9423.0,63,0,1,1.054,0.861,1.4,0.228,30,5577.73,concept_drift,2024-07,4951.778144363148
ID0002585,2024-04-19,3,20,6332.0,18,1,2,1.248,1.456,1.2,0.115,6,7386.98,concept_drift,2024-04,6787.666276570425
ID0002586,2024-05-08,3,4,23501.0,40,1,1,0.882,1.171,1.4,0.111,2,5558.75,concept_drift,2024-05,5208.432653234835
ID0002587,2024-08-17,2,5,19619.0,37,2,2,1.339,1.209,1.4,0.49,1,6746.2,concept_drift,2024-08,6305.9615291327655
ID0002588,2024-07-12,4,10,23446.0,75,0,1,1.131,1.14,1.0,0.203,6,4798.45,concept_drift,2024-07,4116.753065651449
ID0002589,2024-06-05,2,11,13970.0,18,2,0,0.869,0.932,1.2,0.627,5,6481.29,concept_drift,2024-06,6149.071902853602
ID0002590,2024-11-06,3,8,17160.0,54,2,2,1.265,1.0,1.4,0.288,30,6552.83,concept_drift,2024-11,6170.075021637932
ID0002591,2024-10-18,1,15,8657.0,21,1,2,1.157,1.244,1.4,0.608,0,7927.55,concept_drift,2024-10,7043.315705513925
ID0002592,2024-05-23,2,0,27947.0,50,1,1,0.977,1.173,1.0,0.512,3,5495.28,concept_drift,2024-05,4629.195489195132
ID0002593,2024-04-11,3,12,14019.0,52,4,1,0.953,0.953,1.2,0.367,3,6218.45,concept_drift,2024-04,6007.55992764076
ID0002594,2024-04-07,1,7,16610.0,22,1,0,0.878,0.865,1.4,0.363,4,6327.46,concept_drift,2024-04,5673.070806717016
ID0002595,2024-03-14,2,1,40130.0,52,0,1,1.03,0.909,1.2,0.437,2,5032.14,concept_drift,2024-03,4317.72380482872
ID0002596,2024-04-28,1,6,16447.0,77,0,2,1.313,1.019,1.2,0.074,3,4753.43,concept_drift,2024-04,4221.069996275103
ID0002597,2024-08-10,1,9,9085.0,64,2,1,1.083,0.882,1.2,0.197,0,5141.84,concept_drift,2024-08,4841.698680790346
ID0002598,2024-03-01,2,0,40175.0,33,2,2,1.247,1.329,1.8,0.126,3,7226.51,concept_drift,2024-03,6718.013648916033
ID0002599,2024-05-27,1,15,5854.0,38,3,1,0.915,0.916,1.8,0.323,21,7550.32,concept_drift,2024-05,6907.745490854273
ID0002600,2024-03-26,1,6,13660.0,72,0,1,0.998,0.951,1.2,0.434,4,4878.72,concept_drift,2024-03,4381.479706966422
ID0002601,2024-04-10,4,10,20061.0,65,3,1,0.908,0.935,1.0,0.152,30,5647.57,concept_drift,2024-04,5079.523265129474
ID0002602,2024-09-14,2,6,22307.0,78,4,1,1.043,0.983,1.2,0.161,1,5725.89,concept_drift,2024-09,5545.035625526399
ID0002603,2024-09-24,2,6,19335.0,42,1,1,1.083,1.06,1.8,0.19,7,6583.26,concept_drift,2024-09,5972.074750741362
ID0002604,2024-07-19,3,8,17368.0,56,0,1,0.983,1.011,1.2,0.421,1,5248.59,concept_drift,2024-07,4650.019817426586
ID0002605,2024-02-06,1,3,14648.0,75,1,2,1.2,1.305,1.8,0.273,0,6845.81,concept_drift,2024-02,6232.584410462964
ID0002606,2024-08-06,1,9,11628.0,37,4,1,1.022,1.003,1.2,0.104,2,6062.28,concept_drift,2024-08,5839.338017250111
ID0002607,2024-12-13,0,15,5000.0,30,2,2,1.149,1.36,1.2,0.442,2,6807.5,concept_drift,2024-12,6250.14669392937
ID0002608,2024-03-09,3,18,8600.0,78,3,1,1.123,1.117,1.8,0.307,21,7579.3,concept_drift,2024-03,6777.222765503187
ID0002609,2024-11-19,1,8,12032.0,65,2,2,1.177,1.329,1.8,0.03,21,7584.45,concept_drift,2024-11,6843.685469277597
ID0002610,2024-03-27,2,9,14441.0,55,2,2,1.254,1.359,1.8,0.285,4,7742.52,concept_drift,2024-03,6939.205010516755
ID0002611,2024-06-07,0,9,7353.0,45,0,2,1.143,1.251,1.4,0.349,2,6367.97,concept_drift,2024-06,5533.947029346286
ID0002612,2024-07-07,1,1,10162.0,58,2,0,0.779,0.906,1.4,0.239,2,5441.53,concept_drift,2024-07,5047.165416004578
ID0002613,2024-10-10,0,5,16554.0,22,2,2,1.148,1.119,1.8,0.191,4,7865.56,concept_drift,2024-10,7401.569301826221
ID0002614,2024-04-04,1,8,13490.0,45,1,2,0.973,1.276,1.2,0.711,1,6407.49,concept_drift,2024-04,5705.551004336534
ID0002615,2024-07-04,3,5,24665.0,22,1,2,1.016,1.201,1.2,0.03,6,6571.72,concept_drift,2024-07,6121.488754516079
ID0002616,2024-05-01,2,13,11004.0,61,2,1,1.02,0.931,1.8,0.201,0,6820.45,concept_drift,2024-05,6035.9779559175395
ID0002617,2024-09-12,0,6,11511.0,19,2,2,1.052,1.223,1.4,0.381,14,7680.82,concept_drift,2024-09,7186.433052069887
ID0002618,2024-10-11,2,14,15195.0,60,2,1,0.935,1.007,1.8,0.113,3,6648.67,concept_drift,2024-10,6185.531687758289
ID0002619,2024-02-12,4,13,19054.0,77,3,2,1.298,0.992,1.8,0.098,1,7009.8,concept_drift,2024-02,6607.513436745076
ID0002620,2024-06-02,2,2,27248.0,58,1,1,0.971,0.945,1.4,0.294,7,5425.07,concept_drift,2024-06,4993.72867056473
ID0002621,2024-06-26,0,8,10243.0,39,2,1,1.059,0.959,0.4,0.061,0,3735.78,concept_drift,2024-06,3689.2996862660752
ID0002622,2024-04-08,1,11,6662.0,65,2,1,0.982,1.162,1.8,0.294,21,7206.63,concept_drift,2024-04,6543.847105958172
ID0002623,2024-06-28,3,10,20512.0,67,2,1,1.166,1.13,1.4,0.537,4,6297.53,concept_drift,2024-06,5787.6847513454895
ID0002624,2024-12-26,2,8,17007.0,24,1,2,1.319,1.323,1.4,0.217,2,7072.26,concept_drift,2024-12,6638.482845712997
ID0002625,2024-04-15,3,8,23475.0,56,0,2,1.285,1.087,1.4,0.268,1,5908.22,concept_drift,2024-04,5236.637571884692
ID0002626,2024-06-06,3,5,18164.0,45,3,1,0.942,1.203,1.2,0.091,0,5875.94,concept_drift,2024-06,5557.476848998427
ID0002627,2024-02-03,1,1,14475.0,39,3,2,1.079,1.244,1.4,0.418,5,7068.36,concept_drift,2024-02,6471.338516380251
ID0002628,2024-12-27,2,16,7168.0,41,3,1,1.239,0.951,1.8,0.214,10,7376.5,concept_drift,2024-12,6746.228393058357
ID0002629,2024-10-23,4,1,45667.0,25,1,1,0.988,0.956,1.2,0.307,0,5368.46,concept_drift,2024-10,4886.933400919875
ID0002630,2024-07-03,3,12,12477.0,35,2,2,1.12,1.145,1.2,0.348,10,6390.98,concept_drift,2024-07,5925.857446859102
ID0002631,2024-01-07,2,3,26468.0,49,1,1,0.888,0.985,3.2,0.376,0,9332.83,concept_drift,2024-01,8549.18664003109
ID0002632,2024-06-28,3,5,35488.0,40,0,2,1.453,1.167,1.8,0.121,21,6717.9,concept_drift,2024-06,6259.283311490543
ID0002633,2024-10-01,2,14,11449.0,60,0,1,0.916,1.079,0.4,0.13,2,3297.69,concept_drift,2024-10,2999.297875100589
ID0002634,2024-01-25,0,3,9442.0,66,2,1,1.16,1.145,1.4,0.221,2,6080.84,concept_drift,2024-01,5406.559779936983
ID0002635,2024-04-07,2,7,9858.0,48,4,2,1.181,1.046,1.2,0.602,2,6867.45,concept_drift,2024-04,6593.0980539797765
ID0002636,2024-10-15,2,9,22706.0,21,2,2,1.252,1.286,3.2,0.682,21,12341.22,concept_drift,2024-10,10656.912917535145
ID0002637,2024-05-28,1,2,20831.0,27,1,2,1.211,1.21,1.4,0.311,14,6469.34,concept_drift,2024-05,5797.742566552906
ID0002638,2024-11-14,1,6,12612.0,50,4,0,0.92,0.932,1.8,0.33,21,7462.52,concept_drift,2024-11,6748.748720489193
ID0002639,2024-02-12,3,14,10407.0,27,4,2,1.301,1.174,1.8,0.23,14,8297.51,concept_drift,2024-02,7587.30368573489
ID0002640,2024-08-09,1,10,8346.0,78,0,0,0.917,0.877,1.4,0.261,7,5083.25,concept_drift,2024-08,4235.540453749135
ID0002641,2024-08-09,2,9,19055.0,58,4,2,1.298,1.095,1.8,0.429,6,7944.85,concept_drift,2024-08,7331.944439308056
ID0002642,2024-05-10,3,8,19070.0,44,2,1,0.857,1.099,1.8,0.256,4,7028.17,concept_drift,2024-05,6388.61114150859
ID0002643,2024-06-20,3,14,10110.0,78,2,1,1.065,1.018,1.4,0.513,0,6173.21,concept_drift,2024-06,5665.2924435657205
ID0002644,2024-01-13,1,19,5912.0,32,2,1,0.952,0.878,1.0,0.071,10,5184.83,concept_drift,2024-01,4984.565320250655
ID0002645,2024-12-27,1,13,10319.0,34,0,1,0.974,1.037,1.0,0.324,0,4801.57,concept_drift,2024-12,4464.112330363011
ID0002646,2024-11-17,1,10,10473.0,76,4,2,1.251,1.231,3.2,0.318,3,10810.88,concept_drift,2024-11,10131.119239583453
ID0002647,2024-03-05,3,13,11616.0,44,3,2,1.186,1.199,1.4,0.292,1,6862.68,concept_drift,2024-03,6455.934840705106
ID0002648,2024-04-14,2,15,11015.0,18,0,2,1.304,1.377,0.4,0.258,0,5335.09,concept_drift,2024-04,4909.895273029719
ID0002649,2024-01-21,0,3,10912.0,45,0,0,0.919,0.911,1.4,0.3,3,5224.9,concept_drift,2024-01,4427.903515587855
ID0002650,2024-01-28,2,6,23913.0,34,1,1,1.013,1.006,3.2,0.17,4,9588.06,concept_drift,2024-01,8856.993703232238
ID0002651,2024-09-27,2,11,13073.0,24,2,2,1.199,1.304,3.2,0.125,0,11075.09,concept_drift,2024-09,10153.74892594086
ID0002652,2024-12-09,2,6,16944.0,49,0,2,1.105,1.318,1.4,0.264,0,6081.86,concept_drift,2024-12,5434.973997594602
ID0002653,2024-11-15,1,5,19125.0,27,2,2,1.306,1.27,1.0,0.313,3,6045.5,concept_drift,2024-11,5530.404721295332
ID0002654,2024-09-14,2,8,24671.0,69,2,1,0.996,0.847,1.8,0.04,0,6223.48,concept_drift,2024-09,5796.662286019926
ID0002655,2024-07-24,0,13,5095.0,69,2,2,1.228,1.326,1.2,0.215,14,6279.65,concept_drift,2024-07,5813.21285091966
ID0002656,2024-05-04,1,10,8341.0,31,3,1,0.993,0.988,1.2,0.243,2,6041.91,concept_drift,2024-05,5755.879853869592
ID0002657,2024-04-16,2,4,27086.0,46,0,1,1.122,0.905,3.2,0.442,1,9421.99,concept_drift,2024-04,8013.977422956365
ID0002658,2024-12-06,4,17,11743.0,68,1,1,1.035,1.029,1.8,0.563,10,7282.64,concept_drift,2024-12,6385.584221124178
ID0002659,2024-01-20,1,4,11912.0,54,2,2,1.241,1.201,1.2,0.171,1,5979.26,concept_drift,2024-01,5439.740668006764
ID0002660,2024-03-26,1,12,9291.0,49,0,2,1.128,1.257,1.8,0.424,0,7107.34,concept_drift,2024-03,6390.943108187539
ID0002661,2024-11-09,1,6,14835.0,21,2,2,1.17,1.139,1.8,0.113,0,8006.3,concept_drift,2024-11,7357.68419015925
ID0002662,2024-11-22,3,9,11880.0,69,3,1,1.055,1.066,1.8,0.151,0,7021.03,concept_drift,2024-11,6445.46138043714
ID0002663,2024-12-01,1,8,10286.0,76,1,1,1.009,1.261,1.0,0.491,0,5120.21,concept_drift,2024-12,4704.513111694129
ID0002664,2024-06-19,3,14,13202.0,64,3,0,0.93,0.882,1.8,0.198,1,6807.04,concept_drift,2024-06,6156.11164675999
ID0002665,2024-09-01,2,14,8894.0,49,2,0,0.831,0.965,1.0,0.335,2,5193.08,concept_drift,2024-09,4768.0358678399825
ID0002666,2024-01-23,3,7,15783.0,59,2,2,1.17,1.327,1.8,0.177,2,7416.95,concept_drift,2024-01,6770.403429292888
ID0002667,2024-05-05,1,4,15699.0,43,3,2,1.244,1.036,1.4,0.142,0,6569.33,concept_drift,2024-05,6079.284577796069
ID0002668,2024-01-06,2,7,14607.0,56,1,2,1.16,1.058,1.4,0.194,0,5964.19,concept_drift,2024-01,5443.882448538488
ID0002669,2024-11-19,2,16,8607.0,32,1,2,1.096,1.143,1.2,0.047,2,5931.6,concept_drift,2024-11,5372.02740942774
ID0002670,2024-05-14,2,13,7666.0,39,2,2,1.413,1.167,1.4,0.582,0,7068.94,concept_drift,2024-05,6297.883169848174
ID0002671,2024-01-21,3,3,28621.0,57,1,2,1.307,1.212,1.4,0.237,2,6027.41,concept_drift,2024-01,5513.000697878199
ID0002672,2024-01-21,2,8,17161.0,56,4,1,0.882,0.812,1.2,0.123,0,5660.67,concept_drift,2024-01,5420.0455521195745
ID0002673,2024-02-02,0,13,8027.0,63,2,1,0.914,0.993,1.2,0.075,1,5417.4,concept_drift,2024-02,4956.896044772418
ID0002674,2024-04-04,1,8,10348.0,71,2,0,0.895,0.98,1.2,0.43,2,5397.29,concept_drift,2024-04,4858.094844354737
ID0002675,2024-10-13,0,8,9926.0,77,3,1,0.988,1.062,1.8,0.338,1,7277.83,concept_drift,2024-10,6487.0580992984005
ID0002676,2024-04-02,2,15,6042.0,33,2,2,1.084,1.232,1.4,0.269,2,6673.95,concept_drift,2024-04,6416.294272098401
ID0002677,2024-09-27,1,7,9461.0,51,1,1,0.996,0.956,1.1,0.173,10,5056.93,concept_drift,2024-09,4657.649491829851
ID0002678,2024-11-25,1,12,11976.0,73,2,2,1.049,1.075,1.2,0.334,1,5778.26,concept_drift,2024-11,5458.886183830215
ID0002679,2024-01-25,0,10,6266.0,70,0,1,1.025,1.21,1.4,0.06,10,5755.09,concept_drift,2024-01,4823.35191685363
ID0002680,2024-05-27,1,12,7979.0,37,1,1,1.052,1.014,1.8,0.541,1,7170.31,concept_drift,2024-05,6351.92252895828
ID0002681,2024-05-03,3,4,36363.0,52,0,2,1.262,1.128,1.4,0.227,10,5961.1,concept_drift,2024-05,5134.626481491781
ID0002682,2024-09-28,3,13,11396.0,27,0,2,1.156,1.145,1.8,0.22,1,6770.53,concept_drift,2024-09,6263.024506132261
ID0002683,2024-01-07,1,10,9771.0,30,0,0,0.816,1.015,1.0,0.552,2,4931.2,concept_drift,2024-01,4341.368787115971
ID0002684,2024-05-13,1,9,6293.0,73,1,2,1.183,1.182,0.4,0.134,3,3959.06,concept_drift,2024-05,3700.328522446651
ID0002685,2024-09-02,3,15,8798.0,22,2,1,0.993,1.017,1.4,0.217,3,6878.27,concept_drift,2024-09,6696.300050588188
ID0002686,2024-04-12,1,15,5557.0,48,1,1,1.073,0.924,1.8,0.405,3,6951.31,concept_drift,2024-04,6043.715993480694
ID0002687,2024-07-21,2,14,11575.0,47,3,1,1.028,0.9,0.4,0.311,2,4498.26,concept_drift,2024-07,4134.692081401019
ID0002688,2024-07-16,2,18,9906.0,59,1,2,1.398,1.445,0.4,0.453,2,4807.54,concept_drift,2024-07,4687.306998343444
ID0002689,2024-03-20,1,13,10457.0,53,2,0,0.915,0.977,1.4,0.348,1,5977.18,concept_drift,2024-03,5437.012508303083
ID0002690,2024-02-12,1,13,6637.0,54,1,2,1.294,1.342,1.0,0.284,0,5562.14,concept_drift,2024-02,5196.901909889725
ID0002691,2024-02-14,1,12,7945.0,77,0,2,1.212,1.132,1.0,0.223,5,4914.42,concept_drift,2024-02,4344.955131133393
ID0002692,2024-09-10,1,3,24740.0,22,1,1,0.884,1.143,1.4,0.156,0,6691.21,concept_drift,2024-09,6043.288422331213
ID0002693,2024-08-11,0,9,12003.0,31,0,2,1.053,1.354,1.2,0.372,3,6083.18,concept_drift,2024-08,5456.472023051699
ID0002694,2024-01-21,1,8,12019.0,52,1,1,1.034,1.057,1.4,0.45,6,6181.24,concept_drift,2024-01,5427.906822283239
ID0002695,2024-09-21,2,8,14610.0,46,1,2,1.168,1.267,1.8,0.155,3,7067.58,concept_drift,2024-09,6425.275076727479
ID0002696,2024-07-22,1,4,11785.0,62,4,0,0.977,1.007,1.0,0.282,21,5692.84,concept_drift,2024-07,5415.544563572109
ID0002697,2024-05-02,1,6,14395.0,69,1,1,0.919,0.928,1.8,0.516,0,6336.45,concept_drift,2024-05,5738.326608483451
ID0002698,2024-11-15,1,15,6255.0,41,2,2,1.281,1.406,1.0,0.453,5,6278.67,concept_drift,2024-11,6128.814779763568
ID0002699,2024-11-02,1,9,15182.0,43,3,1,1.164,0.98,1.8,0.095,1,6912.26,concept_drift,2024-11,6489.312153749353
ID0002700,2024-04-09,2,16,12605.0,49,0,1,0.992,1.151,1.2,0.389,0,5499.12,concept_drift,2024-04,5029.052731879083
ID0002701,2024-10-26,3,2,19438.0,79,4,2,1.31,1.198,1.8,0.084,4,7584.01,concept_drift,2024-10,6963.755995494314
ID0002702,2024-11-01,0,12,5112.0,44,1,1,0.915,1.089,1.2,0.231,21,5885.11,concept_drift,2024-11,5181.906429412999
ID0002703,2024-08-16,1,13,7848.0,53,3,1,1.056,1.008,1.8,0.183,5,7138.47,concept_drift,2024-08,6640.359419664992
ID0002704,2024-05-28,3,10,12208.0,68,2,2,1.25,1.067,1.8,0.321,2,7078.59,concept_drift,2024-05,6566.8768091174825
ID0002705,2024-08-20,2,12,12218.0,61,0,2,1.154,1.212,0.4,0.072,21,3887.31,concept_drift,2024-08,3559.9873494708854
ID0002706,2024-05-25,0,7,10696.0,32,2,1,0.976,1.005,1.0,0.319,30,5637.28,concept_drift,2024-05,5226.322772280678
ID0002707,2024-08-18,1,6,14165.0,55,0,0,0.866,1.059,1.2,0.63,0,5183.33,concept_drift,2024-08,4464.084778554671
ID0002708,2024-08-25,1,12,6683.0,45,2,1,0.892,1.005,1.8,0.212,21,7174.36,concept_drift,2024-08,6586.493420391828
ID0002709,2024-10-12,3,10,14159.0,50,3,2,1.247,1.23,1.8,0.087,0,7437.8,concept_drift,2024-10,7001.408036623988
ID0002710,2024-10-24,1,6,10009.0,33,2,2,1.414,1.278,1.0,0.467,0,5948.47,concept_drift,2024-10,5497.434193969707
ID0002711,2024-08-17,1,10,8268.0,70,4,1,1.089,0.883,0.4,0.124,0,4059.29,concept_drift,2024-08,4103.887377115764
ID0002712,2024-01-19,3,9,20099.0,24,1,1,0.95,0.978,1.2,0.074,0,6036.94,concept_drift,2024-01,5583.032425810298
ID0002713,2024-09-15,3,4,28274.0,31,2,1,0.973,1.212,1.4,0.175,3,6289.19,concept_drift,2024-09,5695.603030234271
ID0002714,2024-11-24,3,13,16505.0,63,2,1,1.017,1.229,1.4,0.373,30,6867.45,concept_drift,2024-11,6048.7406095751185
ID0002715,2024-04-23,1,12,6290.0,61,2,2,1.256,1.234,1.0,0.283,21,5918.76,concept_drift,2024-04,5609.795956360145
ID0002716,2024-01-27,0,4,13045.0,72,2,1,0.92,1.072,1.4,0.399,30,6489.61,concept_drift,2024-01,5599.044518793134
ID0002717,2024-12-27,1,10,15292.0,23,1,2,1.013,1.047,1.4,0.445,2,7197.51,concept_drift,2024-12,6515.0548515963255
ID0002718,2024-11-04,1,5,13741.0,42,0,1,1.003,1.197,1.4,0.231,1,5910.08,concept_drift,2024-11,5069.754644798912
ID0002719,2024-11-04,2,11,9157.0,52,2,2,1.22,1.244,1.4,0.492,3,6912.49,concept_drift,2024-11,6372.394777445371
ID0002720,2024-05-28,0,10,6151.0,33,1,1,1.14,0.831,1.8,0.468,1,6845.16,concept_drift,2024-05,6044.894755534856
ID0002721,2024-07-06,2,9,14416.0,73,3,1,1.001,0.984,1.0,0.46,14,5600.5,concept_drift,2024-07,5219.6728477064935
ID0002722,2024-07-18,0,8,9348.0,29,1,0,0.893,0.834,1.0,0.4,1,4790.8,concept_drift,2024-07,4269.554354544316
ID0002723,2024-05-03,3,9,18291.0,29,2,2,1.218,1.196,1.8,0.628,5,7938.35,concept_drift,2024-05,7203.714585969445
ID0002724,2024-10-20,2,10,13376.0,43,2,2,1.247,1.218,1.1,0.216,3,5847.99,concept_drift,2024-10,5554.800617884518
ID0002725,2024-07-09,4,4,44772.0,76,2,0,0.849,0.94,1.8,0.391,5,6447.76,concept_drift,2024-07,5801.7417262140925
ID0002726,2024-09-06,2,11,13356.0,46,2,2,1.303,1.215,1.2,0.113,0,5965.75,concept_drift,2024-09,5520.245249252953
ID0002727,2024-05-26,1,0,24662.0,69,2,1,1.035,0.976,1.0,0.458,2,5095.07,concept_drift,2024-05,4526.973930533491
ID0002728,2024-08-06,3,12,9538.0,39,0,1,0.989,0.855,1.2,0.624,2,5397.62,concept_drift,2024-08,4822.619691061236
ID0002729,2024-05-04,4,4,49476.0,59,3,1,0.935,1.013,1.2,0.33,0,5774.13,concept_drift,2024-05,5485.138018472913
ID0002730,2024-01-07,3,10,18731.0,77,2,2,1.089,1.037,1.2,0.688,3,6018.53,concept_drift,2024-01,5641.378134018246
ID0002731,2024-08-14,1,1,26143.0,58,3,1,0.896,0.961,0.4,0.119,4,3937.76,concept_drift,2024-08,3582.946018118931
ID0002732,2024-08-20,2,9,13785.0,74,1,2,1.209,1.168,1.8,0.498,4,7299.16,concept_drift,2024-08,6341.998347687055
ID0002733,2024-09-17,1,9,6964.0,62,2,2,1.202,1.232,1.2,0.018,0,5695.57,concept_drift,2024-09,5456.796539453947
ID0002734,2024-06-05,2,3,23781.0,20,4,1,1.0,1.033,1.1,0.404,0,6870.47,concept_drift,2024-06,6546.885603517483
ID0002735,2024-04-01,1,10,8942.0,76,1,1,1.025,1.11,1.2,0.835,0,6068.7,concept_drift,2024-04,5106.009103412513
ID0002736,2024-02-14,1,14,7129.0,42,1,2,1.161,1.072,1.1,0.167,5,5550.85,concept_drift,2024-02,5192.207222691873
ID0002737,2024-02-20,3,9,21596.0,32,2,2,1.14,1.209,3.2,0.416,0,10661.76,concept_drift,2024-02,9550.879249849084
ID0002738,2024-01-07,0,7,11957.0,30,2,2,1.214,1.126,0.4,0.284,1,4635.94,concept_drift,2024-01,4394.513783537728
ID0002739,2024-09-28,1,3,12187.0,73,1,1,1.031,0.878,1.8,0.408,21,6557.67,concept_drift,2024-09,5669.754056403362
ID0002740,2024-01-11,1,0,18904.0,29,4,1,1.06,1.037,1.4,0.464,30,7238.25,concept_drift,2024-01,6401.94450615853
ID0002741,2024-04-28,1,0,23760.0,69,0,1,1.063,0.934,1.0,0.226,3,4304.81,concept_drift,2024-04,3709.8569911904574
ID0002742,2024-06-13,0,0,19933.0,69,0,1,1.008,0.902,1.2,0.335,0,4693.1,concept_drift,2024-06,4129.741965855025
ID0002743,2024-04-17,2,3,27482.0,27,0,2,1.194,1.209,1.2,0.444,2,5790.86,concept_drift,2024-04,5219.987405388523
ID0002744,2024-02-08,1,17,7961.0,69,1,0,0.933,0.803,1.8,0.184,0,5948.2,concept_drift,2024-02,5431.672194600396
ID0002745,2024-02-05,3,4,20131.0,65,2,1,1.145,0.997,1.8,0.187,0,6620.11,concept_drift,2024-02,5934.967375658433
ID0002746,2024-03-27,1,0,33236.0,62,3,1,0.918,1.197,1.2,0.1,5,5811.63,concept_drift,2024-03,5367.115661362035
ID0002747,2024-12-05,0,2,11246.0,49,2,0,0.937,0.899,1.8,0.085,1,6183.74,concept_drift,2024-12,5609.036051671458
ID0002748,2024-01-20,3,6,23100.0,56,3,1,0.999,1.094,1.1,0.143,10,5540.45,concept_drift,2024-01,5338.674914437583
ID0002749,2024-06-20,1,8,13445.0,70,1,1,1.068,0.947,1.2,0.071,0,4852.2,concept_drift,2024-06,4442.358742250926
ID0002750,2024-09-05,3,5,28454.0,35,1,1,1.237,1.081,1.4,0.471,3,6024.31,concept_drift,2024-09,5517.154262512029
ID0002751,2024-06-16,1,9,10466.0,36,4,1,0.866,1.148,1.4,0.291,0,6961.09,concept_drift,2024-06,6353.139235563752
ID0002752,2024-11-15,2,14,9544.0,70,2,1,0.939,1.047,1.8,0.073,1,6585.04,concept_drift,2024-11,6132.291481181881
ID0002753,2024-08-02,1,13,7223.0,75,2,2,1.274,1.27,1.2,0.332,7,6175.89,concept_drift,2024-08,5749.621860790882
ID0002754,2024-01-02,3,20,7157.0,56,0,2,1.157,1.203,1.8,0.137,3,6795.51,concept_drift,2024-01,6338.717295381758
ID0002755,2024-08-18,1,12,7573.0,68,0,1,0.977,0.811,1.2,0.226,2,4787.35,concept_drift,2024-08,4131.212783942948
ID0002756,2024-07-10,2,9,16931.0,34,1,1,1.007,0.981,1.8,0.383,4,6903.55,concept_drift,2024-07,6083.292910785069
ID0002757,2024-07-27,4,2,49144.0,59,2,1,0.883,0.878,1.2,0.624,0,5630.38,concept_drift,2024-07,5084.339398355168
ID0002758,2024-11-17,2,14,8645.0,50,2,1,1.055,0.954,1.0,0.172,14,5311.73,concept_drift,2024-11,4895.601915286325
ID0002759,2024-10-22,3,4,30592.0,67,4,1,0.934,1.017,1.2,0.059,2,5720.56,concept_drift,2024-10,5521.732752324207
ID0002760,2024-01-13,2,9,15526.0,29,2,2,1.199,1.099,1.8,0.244,21,7505.45,concept_drift,2024-01,6985.204830272652
ID0002761,2024-06-08,1,0,15887.0,21,2,1,1.029,0.917,1.2,0.192,4,6145.3,concept_drift,2024-06,5801.372679860348
ID0002762,2024-05-04,3,4,32874.0,66,1,1,0.949,1.039,1.8,0.633,2,6880.29,concept_drift,2024-05,5871.859829654548
ID0002763,2024-12-26,4,18,14168.0,66,1,2,1.238,1.334,1.2,0.23,7,6124.76,concept_drift,2024-12,5644.7226036842585
ID0002764,2024-04-18,3,7,17987.0,42,1,0,0.884,0.881,1.2,0.11,4,5028.61,concept_drift,2024-04,4349.894604189256
ID0002765,2024-01-26,2,8,17855.0,78,0,1,0.875,1.082,1.4,0.36,0,5591.92,concept_drift,2024-01,4782.732179837418
ID0002766,2024-07-22,1,6,16179.0,26,1,2,1.115,1.539,1.8,0.346,0,7928.75,concept_drift,2024-07,6797.966680286017
ID0002767,2024-02-14,2,2,34571.0,51,4,1,1.01,0.968,1.4,0.546,4,6764.67,concept_drift,2024-02,6179.586810070412
ID0002768,2024-03-15,3,4,20040.0,46,2,2,1.247,1.219,1.8,0.082,30,7468.24,concept_drift,2024-03,6768.008659084245
ID0002769,2024-07-20,1,4,12441.0,56,0,1,0.96,0.889,1.2,0.512,30,5225.44,concept_drift,2024-07,4546.082175487837
ID0002770,2024-01-05,4,13,17909.0,73,0,1,1.014,0.985,1.4,0.338,10,5498.16,concept_drift,2024-01,4967.898352763675
ID0002771,2024-04-06,1,8,11768.0,25,0,1,1.091,1.073,1.4,0.217,0,5750.96,concept_drift,2024-04,5126.46747759576
ID0002772,2024-12-25,0,11,8278.0,65,0,2,1.286,1.216,1.8,0.356,14,7144.02,concept_drift,2024-12,6208.9503405089345
ID0002773,2024-02-05,1,12,11059.0,26,2,2,1.076,1.497,1.0,0.427,6,6654.91,concept_drift,2024-02,6167.686722258393
ID0002774,2024-12-10,3,8,15683.0,62,1,2,1.02,1.252,1.4,0.437,4,6500.56,concept_drift,2024-12,5837.126320950574
ID0002775,2024-04-21,1,3,22545.0,71,2,0,0.861,1.011,1.2,0.176,0,5306.02,concept_drift,2024-04,4628.671202580995
ID0002776,2024-02-02,1,5,16642.0,27,1,2,1.369,1.05,1.2,0.658,0,6131.56,concept_drift,2024-02,5419.830142804911
ID0002777,2024-01-09,0,2,16860.0,67,2,2,1.123,1.02,1.4,0.272,1,6095.43,concept_drift,2024-01,5701.386500041569
ID0002778,2024-12-21,3,5,19390.0,55,0,1,1.046,0.886,1.8,0.063,2,6131.04,concept_drift,2024-12,5204.926416969779
ID0002779,2024-05-06,1,15,8230.0,39,1,0,0.904,0.757,1.2,0.643,0,5258.55,concept_drift,2024-05,4977.113909008533
ID0002780,2024-01-24,1,12,9219.0,32,1,0,0.887,1.001,1.2,0.418,1,5362.98,concept_drift,2024-01,4856.831176306118
ID0002781,2024-10-20,0,5,11038.0,37,2,2,1.117,1.042,1.4,0.148,0,6220.13,concept_drift,2024-10,5926.06178630815
ID0002782,2024-02-13,3,2,22233.0,59,2,1,1.09,0.975,1.8,0.104,5,6602.21,concept_drift,2024-02,5866.919871558957
ID0002783,2024-06-22,3,5,15468.0,33,3,0,0.878,0.811,1.0,0.108,2,4679.35,concept_drift,2024-06,4604.733738626835
ID0002784,2024-05-01,0,9,7315.0,50,0,1,0.969,0.993,1.2,0.324,0,5198.41,concept_drift,2024-05,4543.3803985557515
ID0002785,2024-08-11,1,12,9350.0,29,2,1,1.078,1.11,1.8,0.429,0,7497.02,concept_drift,2024-08,6663.266895387838
ID0002786,2024-10-11,4,2,43369.0,42,1,1,0.988,0.878,1.2,0.035,0,4997.64,concept_drift,2024-10,4511.537700534742
ID0002787,2024-08-01,3,4,32406.0,49,0,1,1.073,1.093,1.2,0.238,4,5312.75,concept_drift,2024-08,4549.169997020999
ID0002788,2024-11-01,1,6,19329.0,49,0,1,1.115,0.917,1.4,0.334,1,5252.21,concept_drift,2024-11,4804.628631859594
ID0002789,2024-01-03,2,0,31598.0,35,3,1,0.953,0.978,1.0,0.308,6,5368.85,concept_drift,2024-01,5107.8208522437935
ID0002790,2024-06-19,2,11,17895.0,69,1,1,0.936,0.993,1.4,0.25,4,5538.69,concept_drift,2024-06,5064.595154712937
ID0002791,2024-07-28,3,11,18975.0,76,2,0,0.982,0.899,1.2,0.55,1,5475.97,concept_drift,2024-07,4815.867672884736
ID0002792,2024-03-28,3,5,20874.0,77,2,2,1.189,1.566,1.2,0.166,4,6119.84,concept_drift,2024-03,5846.667145507918
ID0002793,2024-10-13,2,7,28221.0,45,0,1,1.02,0.935,1.2,0.556,1,5351.69,concept_drift,2024-10,4662.285028712681
ID0002794,2024-11-04,1,5,11413.0,76,0,2,0.971,1.232,1.4,0.114,0,5691.42,concept_drift,2024-11,4949.558015998206
ID0002795,2024-05-27,2,9,15430.0,47,1,2,1.21,1.173,1.4,0.442,0,6362.44,concept_drift,2024-05,5787.07266432487
ID0002796,2024-08-08,0,9,7289.0,20,2,2,1.227,1.004,1.4,0.382,5,7293.58,concept_drift,2024-08,6951.181341201143
ID0002797,2024-06-19,1,13,6302.0,30,1,1,1.049,0.926,1.4,0.511,2,6031.09,concept_drift,2024-06,5472.747093036066
ID0002798,2024-09-05,1,10,7559.0,57,4,2,1.391,1.192,1.2,0.408,1,6679.86,concept_drift,2024-09,6524.162251614679
ID0002799,2024-06-23,3,10,14217.0,57,3,2,1.153,1.231,3.2,0.285,1,10660.86,concept_drift,2024-06,9525.545799656453
ID0002800,2024-06-28,2,10,16828.0,70,3,2,1.115,1.067,1.8,0.288,2,7476.74,concept_drift,2024-06,6858.283651820065
ID0002801,2024-02-08,0,5,11712.0,74,2,1,1.056,0.993,1.2,0.048,0,5283.62,concept_drift,2024-02,4762.167392005634
ID0002802,2024-04-19,2,12,8921.0,28,2,1,0.962,0.904,1.4,0.155,1,6115.43,concept_drift,2024-04,5604.303696615248
ID0002803,2024-02-26,2,7,16026.0,69,0,2,1.117,1.113,1.4,0.464,3,5837.37,concept_drift,2024-02,5269.642004634405
ID0002804,2024-01-24,2,14,12301.0,42,1,1,1.029,0.92,1.0,0.357,2,4851.87,concept_drift,2024-01,4717.63399227641
ID0002805,2024-07-05,2,16,11599.0,65,1,0,0.901,0.929,1.2,0.341,14,5328.45,concept_drift,2024-07,4675.055625981224
ID0002806,2024-11-12,0,7,12119.0,59,1,0,1.003,0.877,1.2,0.455,0,5086.76,concept_drift,2024-11,4382.330443063985
ID0002807,2024-03-28,0,19,5000.0,65,1,1,0.992,1.116,1.4,0.029,1,5693.46,concept_drift,2024-03,5223.949428407109
ID0002808,2024-06-03,0,16,5000.0,79,1,2,1.116,1.227,1.1,0.278,3,5790.03,concept_drift,2024-06,5136.454502037507
ID0002809,2024-06-18,2,12,12156.0,48,0,1,0.95,1.137,1.0,0.112,0,4982.63,concept_drift,2024-06,4251.785836453018
ID0002810,2024-03-16,3,18,12803.0,72,0,1,0.979,1.085,1.4,0.593,1,5901.82,concept_drift,2024-03,5317.831714230264
ID0002811,2024-06-03,1,8,13918.0,78,2,2,1.309,1.273,1.0,0.426,0,5723.12,concept_drift,2024-06,5296.00506083963
ID0002812,2024-10-28,2,10,10015.0,39,3,1,0.88,1.11,1.4,0.509,4,6835.39,concept_drift,2024-10,6239.4585691070715
ID0002813,2024-12-21,3,6,26589.0,57,2,2,1.171,1.246,1.0,0.344,0,5622.73,concept_drift,2024-12,5317.755282404554
ID0002814,2024-03-09,3,6,21104.0,39,1,1,0.948,1.101,1.8,0.072,6,6683.88,concept_drift,2024-03,5919.222694115986
ID0002815,2024-03-10,2,13,11825.0,33,1,1,1.058,0.911,1.4,0.175,21,5908.31,concept_drift,2024-03,5402.879091044606
ID0002816,2024-02-10,1,17,6297.0,37,1,2,1.116,1.08,1.8,0.326,0,7436.04,concept_drift,2024-02,6634.530405070992
ID0002817,2024-09-24,2,8,12851.0,59,0,2,1.222,1.117,1.4,0.245,2,5993.41,concept_drift,2024-09,5217.944173172569
ID0002818,2024-12-21,3,2,44661.0,69,4,2,1.172,1.395,1.2,0.188,2,6544.59,concept_drift,2024-12,6344.693073730072
ID0002819,2024-06-21,2,7,15176.0,48,4,0,0.901,0.933,0.4,0.72,1,4495.35,concept_drift,2024-06,4404.658216641832
ID0002820,2024-05-22,4,9,31938.0,25,4,2,1.115,1.162,1.2,0.271,1,6790.65,concept_drift,2024-05,6541.100019054945
ID0002821,2024-09-24,2,9,17610.0,28,0,2,1.17,1.259,1.2,0.539,1,6338.28,concept_drift,2024-09,5391.274943141222
ID0002822,2024-10-22,3,5,24253.0,41,0,0,0.978,0.973,1.2,0.358,2,4907.98,concept_drift,2024-10,4324.432484248844
ID0002823,2024-03-24,3,10,19596.0,38,2,0,0.958,1.111,1.8,0.388,6,7258.76,concept_drift,2024-03,6422.104267579197
ID0002824,2024-09-05,3,6,17686.0,74,3,2,1.111,1.144,1.4,0.619,0,6972.94,concept_drift,2024-09,6320.986925982457
ID0002825,2024-08-01,3,11,19643.0,54,2,1,1.265,0.998,1.0,0.619,7,5671.85,concept_drift,2024-08,5234.303967689672
ID0002826,2024-11-18,3,7,23020.0,79,1,1,0.984,0.988,0.4,0.23,1,3538.45,concept_drift,2024-11,3132.706478322281
ID0002827,2024-06-10,1,17,5000.0,23,1,1,0.817,1.031,1.2,0.245,0,6529.52,concept_drift,2024-06,5882.50127402847
ID0002828,2024-09-04,0,14,5379.0,79,2,1,0.917,0.952,1.2,0.373,1,5531.88,concept_drift,2024-09,4954.961008648413
ID0002829,2024-07-15,0,6,10012.0,70,3,2,1.004,1.366,1.4,0.064,1,6718.07,concept_drift,2024-07,6296.252224309436
ID0002830,2024-12-17,2,7,19142.0,49,0,1,0.977,0.858,1.4,0.355,10,5432.23,concept_drift,2024-12,4804.045416866513
ID0002831,2024-10-17,2,6,15971.0,20,4,2,1.076,1.144,1.0,0.11,0,6744.85,concept_drift,2024-10,6618.042992836678
ID0002832,2024-09-06,1,5,12728.0,67,0,0,0.888,0.985,0.4,0.117,0,2983.38,concept_drift,2024-09,2266.141788818434
ID0002833,2024-06-15,2,4,29586.0,19,3,1,1.013,1.051,1.8,0.125,0,7726.15,concept_drift,2024-06,7467.450662613775
ID0002834,2024-04-04,0,3,15587.0,72,3,0,0.968,0.926,1.8,0.374,21,6917.91,concept_drift,2024-04,6323.1882592981265
ID0002835,2024-04-05,1,15,6115.0,73,3,1,0.958,0.917,1.0,0.18,0,5391.27,concept_drift,2024-04,4969.271930298801
ID0002836,2024-08-01,1,15,6498.0,24,2,1,1.12,0.976,1.0,0.253,2,6352.84,concept_drift,2024-08,5796.108053523722
ID0002837,2024-11-25,4,5,35747.0,71,1,2,1.297,1.25,1.8,0.443,2,7162.49,concept_drift,2024-11,6334.776805717933
ID0002838,2024-04-05,3,7,22941.0,64,2,2,1.243,1.206,1.2,0.074,1,5859.8,concept_drift,2024-04,5360.710042596424
ID0002839,2024-02-10,0,10,5996.0,26,0,1,0.926,0.971,1.0,0.305,1,4778.87,concept_drift,2024-02,4260.426336233206
ID0002840,2024-03-10,2,15,5992.0,37,1,2,1.16,1.336,1.0,0.278,21,5970.53,concept_drift,2024-03,5665.1662839055
ID0002841,2024-10-26,3,13,9518.0,63,2,2,1.167,1.072,1.8,0.223,30,7439.89,concept_drift,2024-10,6871.0785488821275
ID0002842,2024-02-26,0,13,7938.0,41,1,2,1.14,1.296,1.1,0.653,0,6281.82,concept_drift,2024-02,5747.550283333504
ID0002843,2024-05-22,3,10,16953.0,78,0,0,0.891,0.818,1.2,0.447,2,4781.14,concept_drift,2024-05,3799.0732597475508
ID0002844,2024-11-12,2,5,15096.0,45,4,2,1.138,1.057,1.2,0.34,0,6553.4,concept_drift,2024-11,6338.53285742851
ID0002845,2024-11-16,4,17,17756.0,45,2,2,1.317,1.354,1.4,0.191,7,6915.42,concept_drift,2024-11,6452.074460874794
ID0002846,2024-05-20,0,13,6569.0,46,1,1,0.997,1.141,1.1,0.211,1,5445.98,concept_drift,2024-05,4890.758806404208
ID0002847,2024-06-21,2,2,17116.0,49,2,0,1.017,0.893,1.2,0.284,2,5218.32,concept_drift,2024-06,4715.731506648496
ID0002848,2024-03-28,1,3,23467.0,59,2,1,0.981,1.198,1.8,0.103,4,6985.05,concept_drift,2024-03,6211.5970339687565
ID0002849,2024-05-11,1,11,8845.0,18,3,2,1.326,1.458,1.4,0.206,2,8092.67,concept_drift,2024-05,7789.820869877896
ID0002850,2024-06-13,1,8,9773.0,27,4,2,1.253,1.456,1.4,0.139,0,7527.74,concept_drift,2024-06,6985.652813433754
ID0002851,2024-04-12,2,3,19228.0,46,3,0,0.95,0.866,1.4,0.07,4,5833.81,concept_drift,2024-04,5253.096569424379
ID0002852,2024-07-04,3,6,26870.0,57,1,0,0.895,1.061,0.4,0.3,30,3968.51,concept_drift,2024-07,3251.793148132349
ID0002853,2024-05-15,2,3,23336.0,70,2,0,0.859,0.915,1.2,0.271,30,5465.25,concept_drift,2024-05,4714.61712618775
ID0002854,2024-11-24,1,10,7569.0,69,1,2,1.228,1.201,1.4,0.306,0,6122.94,concept_drift,2024-11,5625.226282467024
ID0002855,2024-04-23,1,12,8696.0,22,0,0,0.864,0.874,1.4,0.3,3,6191.48,concept_drift,2024-04,5264.71670988368
ID0002856,2024-08-28,0,11,11211.0,61,2,2,1.34,1.145,1.0,0.34,2,5597.48,concept_drift,2024-08,5452.287242473942
ID0002857,2024-12-14,2,10,18527.0,34,1,0,1.044,0.934,1.2,0.139,0,4876.81,concept_drift,2024-12,4482.387967795093
ID0002858,2024-01-14,1,10,8649.0,32,1,2,1.228,1.444,1.2,0.223,21,6581.16,concept_drift,2024-01,6149.809517761381
ID0002859,2024-10-07,1,15,5686.0,60,0,2,1.181,1.232,1.2,0.184,3,5669.43,concept_drift,2024-10,5119.957652665796
ID0002860,2024-09-20,4,4,36110.0,69,4,1,1.012,0.949,1.2,0.316,1,5963.92,concept_drift,2024-09,5740.854772372333
ID0002861,2024-05-05,1,13,7582.0,30,0,2,1.338,1.387,1.2,0.336,2,6142.58,concept_drift,2024-05,5645.741374207996
ID0002862,2024-01-17,2,7,19697.0,24,2,2,1.381,1.219,1.2,0.5,0,7115.27,concept_drift,2024-01,6724.718887829329
ID0002863,2024-07-04,1,10,14482.0,38,1,2,1.148,1.244,1.8,0.317,1,7353.17,concept_drift,2024-07,6605.767659309935
ID0002864,2024-09-07,0,12,8197.0,63,2,1,0.927,0.922,1.2,0.574,0,5915.03,concept_drift,2024-09,5206.759469609626
ID0002865,2024-01-23,2,4,28455.0,56,1,0,0.866,0.874,1.0,0.125,4,4441.43,concept_drift,2024-01,3790.3545208233063
ID0002866,2024-12-10,1,2,17834.0,29,1,1,0.961,0.92,1.2,0.26,1,5433.21,concept_drift,2024-12,4759.914480260546
ID0002867,2024-08-08,2,6,17071.0,65,0,1,0.963,1.194,1.0,0.546,1,5039.32,concept_drift,2024-08,4277.27157891866
ID0002868,2024-09-18,1,14,7774.0,43,1,1,1.013,1.036,1.8,0.496,0,7032.78,concept_drift,2024-09,6353.043654713085
ID0002869,2024-06-14,2,6,21974.0,43,1,2,1.227,1.303,1.2,0.336,6,5968.91,concept_drift,2024-06,5531.910805053849
ID0002870,2024-11-22,2,19,8293.0,57,2,2,1.039,1.155,1.0,0.269,10,6040.99,concept_drift,2024-11,5571.748891284799
ID0002871,2024-07-13,3,17,10701.0,21,1,1,0.982,1.063,0.4,0.431,0,4983.8,concept_drift,2024-07,4540.825683401608
ID0002872,2024-12-17,3,3,18968.0,46,1,2,1.154,1.171,1.4,0.288,4,6360.66,concept_drift,2024-12,5633.746609345298
ID0002873,2024-08-19,2,5,21318.0,19,0,2,1.338,1.245,1.8,0.358,0,7835.11,concept_drift,2024-08,7048.870390259601
ID0002874,2024-02-05,0,10,9466.0,73,0,1,0.97,0.984,0.4,0.226,0,3206.73,concept_drift,2024-02,2766.646342185896
ID0002875,2024-03-23,2,0,24909.0,20,3,1,0.934,0.984,0.4,0.471,1,5247.09,concept_drift,2024-03,4670.262652048936
ID0002876,2024-10-16,3,10,11442.0,43,3,2,1.239,1.133,1.8,0.087,2,7464.0,concept_drift,2024-10,6913.185570542286
ID0002877,2024-11-25,1,11,10864.0,79,2,1,1.012,1.018,1.4,0.166,0,5668.23,concept_drift,2024-11,5388.747842750828
ID0002878,2024-12-23,3,5,23805.0,74,2,1,0.921,1.047,1.2,0.289,3,5660.61,concept_drift,2024-12,4927.944632527546
ID0002879,2024-07-20,2,3,20821.0,22,1,1,0.937,1.0,1.4,0.29,14,6971.43,concept_drift,2024-07,6057.856396901356
ID0002880,2024-05-16,2,7,21073.0,74,0,1,1.007,0.893,1.2,0.179,2,4634.1,concept_drift,2024-05,4106.000745501993
ID0002881,2024-04-03,3,11,19224.0,63,1,2,1.327,1.209,1.4,0.28,0,6108.46,concept_drift,2024-04,5604.2591777997295
ID0002882,2024-10-09,1,3,21026.0,55,0,1,1.061,1.325,0.4,0.337,1,3905.93,concept_drift,2024-10,3406.829583064746
ID0002883,2024-06-24,1,14,6395.0,30,3,0,0.853,1.083,1.8,0.135,0,7073.18,concept_drift,2024-06,6673.379112542969
ID0002884,2024-08-22,3,5,20674.0,69,0,2,1.181,1.209,1.2,0.114,14,5469.76,concept_drift,2024-08,4749.980508186354
ID0002885,2024-06-07,0,7,8865.0,28,1,0,0.832,0.817,1.8,0.352,1,6278.94,concept_drift,2024-06,5655.245573077081
ID0002886,2024-08-04,2,2,25406.0,62,0,0,0.945,1.013,1.2,0.244,0,4613.09,concept_drift,2024-08,4021.100902655794
ID0002887,2024-07-09,2,12,12300.0,67,2,0,0.923,0.922,1.0,0.365,0,4843.15,concept_drift,2024-07,4444.631431190358
ID0002888,2024-03-21,2,7,16284.0,69,3,1,0.984,1.099,1.2,0.071,3,5658.91,concept_drift,2024-03,5274.133403205183
ID0002889,2024-04-15,1,6,13051.0,56,3,2,1.23,1.483,1.2,0.374,0,6719.2,concept_drift,2024-04,6357.7994668251185
ID0002890,2024-10-28,1,3,16184.0,37,0,0,0.96,0.834,1.2,0.387,21,4938.87,concept_drift,2024-10,4178.3673876681205
ID0002891,2024-08-02,1,5,15805.0,45,0,2,1.299,1.189,1.0,0.523,0,5222.98,concept_drift,2024-08,4771.208914499085
ID0002892,2024-12-15,2,11,11257.0,63,2,1,1.104,1.094,1.2,0.076,3,5586.25,concept_drift,2024-12,5004.0303132995095
ID0002893,2024-09-16,1,13,10512.0,64,0,2,1.175,1.179,3.2,0.678,30,10902.39,concept_drift,2024-09,8868.00570143103
ID0002894,2024-05-05,1,15,7641.0,43,3,1,0.935,0.959,1.8,0.476,14,7635.54,concept_drift,2024-05,6960.660497162601
ID0002895,2024-11-20,3,11,13646.0,57,1,1,1.028,1.118,1.2,0.267,3,5470.67,concept_drift,2024-11,4974.044285289285
ID0002896,2024-06-01,0,3,16309.0,72,0,1,1.057,1.192,1.8,0.235,4,6163.2,concept_drift,2024-06,5540.823740876893
ID0002897,2024-12-23,1,11,10256.0,37,2,1,0.981,1.093,0.4,0.522,1,4486.41,concept_drift,2024-12,4196.645922293244
ID0002898,2024-06-09,2,4,35751.0,25,2,1,1.041,1.061,0.4,0.198,1,4158.68,concept_drift,2024-06,3890.1069629711465
ID0002899,2024-04-04,0,4,8825.0,65,1,2,1.03,1.083,1.0,0.353,0,5041.95,concept_drift,2024-04,4711.9187018851835
ID0002900,2024-05-10,1,3,18058.0,63,0,1,0.946,0.86,1.8,0.215,30,6349.33,concept_drift,2024-05,5244.915627279305
ID0002901,2024-03-22,2,12,14133.0,31,0,1,0.888,1.144,1.2,0.724,2,5896.95,concept_drift,2024-03,5114.115833413863
ID0002902,2024-10-28,2,5,29152.0,46,0,1,0.93,0.957,1.0,0.333,1,4713.89,concept_drift,2024-10,4139.2682655613735
ID0002903,2024-06-06,2,8,15368.0,65,2,1,0.919,1.042,1.0,0.226,2,5005.23,concept_drift,2024-06,4636.522930918464
ID0002904,2024-12-17,0,0,13392.0,67,4,1,1.1,0.961,1.8,0.386,0,7224.1,concept_drift,2024-12,6670.485376559776
ID0002905,2024-01-27,2,3,23224.0,58,2,2,1.316,1.27,1.4,0.267,10,6722.35,concept_drift,2024-01,6017.708476244408
ID0002906,2024-09-18,4,14,15890.0,61,3,1,0.8,1.156,1.4,0.191,0,6454.5,concept_drift,2024-09,5825.8600527064045
ID0002907,2024-12-27,1,11,11020.0,25,3,1,0.945,1.259,1.4,0.358,3,6986.77,concept_drift,2024-12,6452.752775715598
ID0002908,2024-06-10,1,15,5988.0,48,1,1,0.95,1.096,1.8,0.327,0,6860.42,concept_drift,2024-06,6257.515153908576
ID0002909,2024-02-16,1,0,20782.0,58,2,2,1.036,1.075,1.4,0.451,4,6417.48,concept_drift,2024-02,5878.17762790311
ID0002910,2024-06-07,2,19,5636.0,43,1,2,1.272,1.114,1.8,0.186,0,6965.36,concept_drift,2024-06,6510.212698970459
ID0002911,2024-09-10,1,8,11458.0,49,0,2,1.175,1.128,0.4,0.053,3,3563.3,concept_drift,2024-09,3424.9557929967477
ID0002912,2024-01-12,3,10,14874.0,34,4,2,1.183,1.131,1.2,0.156,3,6496.39,concept_drift,2024-01,6331.807908464058
ID0002913,2024-03-04,3,16,12109.0,73,2,1,0.948,0.817,1.2,0.215,21,5475.81,concept_drift,2024-03,5098.515454267384
ID0002914,2024-02-14,0,6,15539.0,71,3,2,1.388,1.129,1.4,0.217,1,6564.24,concept_drift,2024-02,6003.502786066978
ID0002915,2024-07-27,2,3,23060.0,32,3,1,0.839,0.824,1.8,0.195,2,6700.76,concept_drift,2024-07,6309.408872581943
ID0002916,2024-11-15,1,10,14396.0,22,3,1,1.042,1.023,0.4,0.158,3,4951.95,concept_drift,2024-11,4808.301837278014
ID0002917,2024-02-23,2,8,17455.0,27,1,2,1.26,1.171,0.4,0.059,5,4149.52,concept_drift,2024-02,4038.3454479958946
ID0002918,2024-04-12,1,6,9583.0,28,0,2,1.212,1.414,1.2,0.306,1,5989.39,concept_drift,2024-04,5369.021605129699
ID0002919,2024-08-12,3,10,21110.0,56,0,2,1.153,1.167,1.2,0.21,30,5697.56,concept_drift,2024-08,5117.805810597365
ID0002920,2024-06-24,3,6,19823.0,28,3,1,1.054,0.948,1.2,0.136,14,5909.72,concept_drift,2024-06,5586.108253617244
ID0002921,2024-02-08,2,6,28255.0,78,4,2,1.166,1.381,1.8,0.459,5,7973.08,concept_drift,2024-02,7703.288304521064
ID0002922,2024-06-12,1,3,27462.0,72,2,1,1.043,1.194,1.0,0.045,2,4998.79,concept_drift,2024-06,4700.009887218209
ID0002923,2024-12-21,1,4,12587.0,41,3,1,0.957,1.227,1.2,0.312,3,6331.99,concept_drift,2024-12,5817.48620421784
ID0002924,2024-10-22,1,12,7606.0,20,0,0,0.783,1.018,0.4,0.28,3,4254.21,concept_drift,2024-10,3692.2672581037928
ID0002925,2024-09-13,2,13,18510.0,46,0,1,0.957,0.901,1.2,0.189,3,5036.27,concept_drift,2024-09,4373.199470189924
ID0002926,2024-08-27,1,9,9754.0,66,2,2,1.137,1.241,1.2,0.651,4,6522.21,concept_drift,2024-08,5921.381582507449
ID0002927,2024-05-26,2,18,7220.0,40,0,1,1.042,1.047,1.8,0.369,7,6805.96,concept_drift,2024-05,6176.8374996098155
ID0002928,2024-03-09,2,12,15800.0,62,1,1,0.985,0.907,0.4,0.497,0,3765.67,concept_drift,2024-03,3350.674992569297
ID0002929,2024-09-17,1,11,7648.0,30,2,2,1.347,1.26,1.2,0.658,1,6692.69,concept_drift,2024-09,6191.531818634601
ID0002930,2024-08-09,3,8,15537.0,27,2,2,1.025,1.197,1.4,0.565,21,7257.07,concept_drift,2024-08,6589.647437085259
ID0002931,2024-06-20,2,9,14249.0,18,0,0,0.824,0.926,0.4,0.039,6,3750.63,concept_drift,2024-06,3450.069416527089
ID0002932,2024-03-21,1,17,6626.0,54,0,1,0.918,0.85,1.2,0.158,4,4938.02,concept_drift,2024-03,4407.763239282492
ID0002933,2024-01-11,3,14,9740.0,38,1,1,0.94,0.974,1.2,0.16,5,5399.98,concept_drift,2024-01,4956.868044785772
ID0002934,2024-11-13,2,6,20178.0,51,1,1,0.904,0.877,1.8,0.41,0,6530.72,concept_drift,2024-11,5735.791448725029
ID0002935,2024-05-26,1,9,9681.0,43,2,2,1.266,1.301,1.2,0.402,3,6411.56,concept_drift,2024-05,5955.922973945373
ID0002936,2024-05-17,1,11,8602.0,23,1,2,1.289,1.104,1.2,0.336,4,6641.52,concept_drift,2024-05,6190.022357367267
ID0002937,2024-09-05,1,11,8942.0,74,0,0,1.01,0.91,1.8,0.16,14,5994.91,concept_drift,2024-09,5118.817525218057
ID0002938,2024-04-21,2,8,15441.0,42,1,2,1.35,1.083,1.8,0.12,0,6936.32,concept_drift,2024-04,6262.533543492926
ID0002939,2024-04-12,0,6,9125.0,44,1,1,0.918,1.015,1.8,0.221,0,6471.34,concept_drift,2024-04,5965.2248725532245
ID0002940,2024-09-05,1,9,8869.0,34,2,2,1.147,1.147,1.8,0.158,7,7293.9,concept_drift,2024-09,6828.070049970157
ID0002941,2024-11-03,0,3,17585.0,45,2,2,1.026,1.239,1.1,0.197,4,5900.66,concept_drift,2024-11,5431.125590779811
ID0002942,2024-12-20,1,15,8137.0,59,2,2,1.223,1.323,1.4,0.165,1,6726.65,concept_drift,2024-12,6269.23605723866
ID0002943,2024-04-12,3,8,19064.0,69,2,1,1.016,0.955,1.1,0.043,3,5162.08,concept_drift,2024-04,4649.476010799705
ID0002944,2024-12-02,1,8,13552.0,75,0,1,0.93,1.2,0.4,0.077,5,3395.74,concept_drift,2024-12,2858.7330871599243
ID0002945,2024-12-20,4,4,36991.0,61,0,2,1.283,1.161,1.0,0.075,4,4900.45,concept_drift,2024-12,4227.360131874374
ID0002946,2024-09-01,0,11,9279.0,34,3,2,1.307,1.145,1.8,0.336,5,7780.49,concept_drift,2024-09,7201.724330260914
ID0002947,2024-11-22,0,0,15722.0,30,3,1,1.135,0.944,0.4,0.352,30,4352.7,concept_drift,2024-11,4218.982324582527
ID0002948,2024-12-11,2,10,15310.0,56,0,2,1.304,1.229,1.2,0.084,14,5610.96,concept_drift,2024-12,4961.263752205442
ID0002949,2024-04-11,2,11,15894.0,22,4,2,1.167,1.128,1.8,0.131,14,8632.33,concept_drift,2024-04,8127.703451330416
ID0002950,2024-10-18,1,7,15357.0,18,3,2,1.159,1.223,1.8,0.211,3,8605.15,concept_drift,2024-10,7932.6827119175605
ID0002951,2024-12-25,2,7,18263.0,32,1,0,0.886,0.91,1.8,0.147,3,6368.33,concept_drift,2024-12,5628.739231769667
ID0002952,2024-02-10,2,7,17622.0,71,2,1,1.133,0.905,1.0,0.285,10,4863.91,concept_drift,2024-02,4586.361785929646
ID0002953,2024-12-03,2,15,13253.0,20,0,0,0.969,0.993,1.2,0.648,4,6296.29,concept_drift,2024-12,5594.754873374818
ID0002954,2024-09-24,0,3,14256.0,41,2,2,1.147,1.418,1.0,0.235,3,6080.58,concept_drift,2024-09,5517.16553421117
ID0002955,2024-06-12,3,13,12038.0,29,1,2,1.188,1.141,1.4,0.258,0,6305.98,concept_drift,2024-06,5871.9290002892
ID0002956,2024-02-13,2,11,11243.0,58,4,1,1.168,1.023,1.2,0.519,3,6603.79,concept_drift,2024-02,6261.670353198821
ID0002957,2024-11-04,4,5,39881.0,46,2,1,1.011,1.01,0.4,0.258,2,3928.18,concept_drift,2024-11,3749.0287872010495
ID0002958,2024-03-05,2,1,34094.0,40,3,1,0.979,0.899,1.4,0.294,3,6147.67,concept_drift,2024-03,5669.167667569043
ID0002959,2024-04-26,1,12,6687.0,27,4,1,0.972,1.018,1.4,0.436,1,6905.92,concept_drift,2024-04,6507.999650199567
ID0002960,2024-04-02,2,11,14513.0,70,0,2,1.2,1.332,1.4,0.212,6,6040.82,concept_drift,2024-04,5416.412357946297
ID0002961,2024-07-09,3,8,12823.0,29,2,2,1.218,1.306,1.8,0.448,4,7963.18,concept_drift,2024-07,7116.27172267065
ID0002962,2024-09-17,1,5,14526.0,23,0,1,0.984,1.112,1.4,0.239,0,6505.78,concept_drift,2024-09,5797.192662986335
ID0002963,2024-11-13,2,10,18866.0,19,2,1,1.111,0.838,1.4,0.026,6,6611.08,concept_drift,2024-11,6504.978406173066
ID0002964,2024-05-25,3,11,13660.0,41,3,1,0.987,1.162,1.4,0.495,4,6952.95,concept_drift,2024-05,6226.7006288113025
ID0002965,2024-06-08,3,13,11911.0,29,1,1,0.981,0.92,1.0,0.339,1,5004.48,concept_drift,2024-06,4709.366842535318
ID0002966,2024-07-18,3,10,13802.0,68,1,2,1.272,1.189,1.8,0.352,10,7276.91,concept_drift,2024-07,6506.575275769645
ID0002967,2024-11-25,0,10,7436.0,26,2,0,0.997,0.864,1.8,0.172,0,6853.67,concept_drift,2024-11,6147.568473542716
ID0002968,2024-12-07,3,5,18965.0,67,0,1,0.982,1.181,1.4,0.245,0,5550.79,concept_drift,2024-12,4839.2022657307125
ID0002969,2024-12-22,4,1,47235.0,36,1,2,1.203,1.319,1.4,0.34,10,6628.33,concept_drift,2024-12,5935.673894766604
ID0002970,2024-07-03,3,6,19555.0,58,3,2,1.22,1.242,1.0,0.271,7,6120.34,concept_drift,2024-07,5751.216617623763
ID0002971,2024-01-01,4,12,21706.0,44,4,1,1.064,1.028,1.2,0.391,10,6456.52,concept_drift,2024-01,6187.528984736509
ID0002972,2024-02-20,2,9,25663.0,72,1,1,1.156,1.016,1.1,0.229,0,4872.88,concept_drift,2024-02,4555.527406973804
ID0002973,2024-09-22,2,1,31391.0,56,2,1,0.909,1.023,3.2,0.138,5,9571.67,concept_drift,2024-09,8753.160561766003
ID0002974,2024-04-26,1,3,23733.0,51,0,0,0.835,0.875,1.4,0.243,4,4825.29,concept_drift,2024-04,4295.473385988111
ID0002975,2024-07-06,0,13,7546.0,43,1,2,1.053,1.241,1.0,0.061,1,5488.68,concept_drift,2024-07,4961.894047474861
ID0002976,2024-06-17,1,13,6586.0,40,2,0,0.878,0.922,1.2,0.098,3,5485.56,concept_drift,2024-06,4847.750954948552
ID0002977,2024-11-16,3,10,18649.0,78,1,2,1.255,1.281,1.4,0.451,5,6575.16,concept_drift,2024-11,5856.5965820683705
ID0002978,2024-05-26,2,4,23728.0,50,2,1,0.927,1.093,1.1,0.129,1,5288.94,concept_drift,2024-05,4826.500875469676
ID0002979,2024-12-01,2,13,11601.0,20,4,1,0.993,0.921,1.8,0.133,14,8261.27,concept_drift,2024-12,7793.064127428803
ID0002980,2024-02-17,2,17,5609.0,45,1,1,1.035,1.143,1.8,0.202,1,6929.73,concept_drift,2024-02,6149.023174594025
ID0002981,2024-11-15,2,2,22430.0,45,0,1,0.917,0.919,1.2,0.099,10,4745.37,concept_drift,2024-11,4220.878912362685
ID0002982,2024-10-26,3,4,25552.0,77,1,0,0.75,0.876,0.4,0.32,10,3124.15,concept_drift,2024-10,2768.48450132366
ID0002983,2024-11-28,3,5,18399.0,79,2,0,0.985,0.942,1.2,0.136,0,4981.84,concept_drift,2024-11,4423.928754382463
ID0002984,2024-03-21,3,0,37392.0,27,2,2,1.168,1.171,1.8,0.008,0,7062.07,concept_drift,2024-03,6474.858819995232
ID0002985,2024-12-26,2,16,10974.0,50,1,2,1.385,1.265,1.4,0.49,10,6841.84,concept_drift,2024-12,6398.258492510426
ID0002986,2024-07-23,1,5,17868.0,72,0,2,1.208,1.442,1.4,0.111,2,6119.29,concept_drift,2024-07,5293.3107225886815
ID0002987,2024-05-24,3,9,14997.0,76,3,1,0.885,0.927,1.8,0.162,0,6647.25,concept_drift,2024-05,6236.716214007322
ID0002988,2024-03-13,4,6,35600.0,52,1,0,0.838,0.885,0.4,0.186,4,3186.23,concept_drift,2024-03,2907.049139947661
ID0002989,2024-02-03,4,9,20409.0,24,1,2,1.115,1.21,1.8,0.372,2,8094.78,concept_drift,2024-02,7317.26682847276
ID0002990,2024-03-20,2,14,14854.0,26,2,1,1.075,0.97,1.2,0.323,3,5902.97,concept_drift,2024-03,5451.3385783967005
ID0002991,2024-11-14,2,2,22500.0,22,2,1,0.977,0.864,1.4,0.288,10,6680.34,concept_drift,2024-11,6248.112494831163
ID0002992,2024-06-22,3,6,15546.0,39,1,2,1.238,1.265,1.2,0.247,21,6212.14,concept_drift,2024-06,5546.922678497871
ID0002993,2024-11-23,2,3,25486.0,29,0,0,0.843,0.947,1.8,0.148,0,5928.55,concept_drift,2024-11,5208.172121081543
ID0002994,2024-07-22,2,12,14716.0,56,2,2,1.183,1.18,1.0,0.185,30,5863.88,concept_drift,2024-07,5529.635415762138
ID0002995,2024-07-05,2,10,15496.0,31,0,2,1.187,1.43,1.4,0.023,0,6264.35,concept_drift,2024-07,5516.4129745872915
ID0002996,2024-02-01,2,2,19716.0,63,2,1,0.858,0.967,1.4,0.334,2,5849.41,concept_drift,2024-02,5263.548507505881
ID0002997,2024-05-27,3,4,26578.0,49,0,2,1.2,1.228,1.0,0.289,0,5070.83,concept_drift,2024-05,4535.871311166747
ID0002998,2024-11-09,2,6,21062.0,66,0,1,0.812,1.063,1.2,0.233,2,5047.32,concept_drift,2024-11,4378.156039959511
ID0002999,2024-10-11,1,8,14011.0,23,1,1,0.919,1.105,1.0,0.085,14,5967.85,concept_drift,2024-10,5359.655700051921
ID0003000,2024-11-05,3,3,25338.0,53,3,0,1.008,0.893,1.2,0.126,1,5370.66,concept_drift,2024-11,4917.385586060201
ID0003001,2024-11-24,2,15,10705.0,27,3,2,1.176,1.182,1.8,0.316,30,8049.92,concept_drift,2024-11,7539.84118859741
ID0003002,2024-01-27,2,10,20708.0,27,1,1,0.951,1.052,1.0,0.165,10,5182.75,concept_drift,2024-01,4733.257900705028
ID0003003,2024-12-07,2,0,34741.0,50,3,1,0.863,0.895,1.8,0.274,1,6810.27,concept_drift,2024-12,6278.477673000477
ID0003004,2024-07-19,0,15,5000.0,50,0,0,0.789,0.888,1.8,0.415,30,6469.13,concept_drift,2024-07,5506.207102133071
ID0003005,2024-05-01,0,2,16122.0,34,2,2,1.434,1.117,1.2,0.674,1,6251.81,concept_drift,2024-05,5739.136285832602
ID0003006,2024-03-09,1,11,11126.0,21,3,2,1.038,1.097,1.8,0.459,3,8484.47,concept_drift,2024-03,7883.147776956242
ID0003007,2024-11-21,2,14,8882.0,68,0,1,1.08,0.814,0.4,0.327,14,3424.78,concept_drift,2024-11,2974.5450619277467
ID0003008,2024-06-07,4,15,19664.0,35,0,0,0.75,0.884,1.8,0.251,6,6127.49,concept_drift,2024-06,5518.0076001940215
ID0003009,2024-11-18,3,5,22669.0,63,2,0,0.893,0.82,1.4,0.484,14,5909.38,concept_drift,2024-11,5133.152067263024
ID0003010,2024-03-04,3,8,16201.0,30,2,2,1.143,1.375,1.4,0.119,14,6909.11,concept_drift,2024-03,6431.576453427276
ID0003011,2024-11-26,1,0,29851.0,20,0,1,0.886,1.02,1.0,0.394,10,5769.13,concept_drift,2024-11,4965.483699511509
ID0003012,2024-04-21,1,8,9742.0,47,2,2,1.159,1.28,1.8,0.218,4,7475.3,concept_drift,2024-04,6878.933887535394
ID0003013,2024-04-23,2,7,25662.0,61,3,1,1.129,1.063,1.8,0.206,2,7133.75,concept_drift,2024-04,6482.932537431656
ID0003014,2024-08-10,2,0,38579.0,53,1,0,0.84,0.839,1.4,0.227,4,5090.74,concept_drift,2024-08,4460.144156494744
ID0003015,2024-12-22,1,6,18157.0,51,2,0,0.854,0.918,1.8,0.128,2,6242.72,concept_drift,2024-12,5774.740703484699
ID0003016,2024-06-23,3,13,16173.0,37,1,2,1.204,1.337,1.2,0.718,3,6703.3,concept_drift,2024-06,6015.164586671532
ID0003017,2024-12-13,1,0,13765.0,74,0,2,1.093,1.249,1.4,0.101,1,5569.73,concept_drift,2024-12,4900.0285997790415
ID0003018,2024-03-17,2,3,27048.0,58,2,0,0.925,0.923,1.4,0.593,2,5933.08,concept_drift,2024-03,5321.4290251464145
ID0003019,2024-03-20,3,4,28343.0,53,1,2,1.1,1.359,1.8,0.181,21,7527.24,concept_drift,2024-03,6541.808073434745
ID0003020,2024-10-27,0,7,8928.0,39,1,2,1.167,1.166,1.2,0.071,1,5696.66,concept_drift,2024-10,5138.541656414909
ID0003021,2024-04-14,2,8,14939.0,64,4,1,0.938,1.126,1.0,0.515,4,6225.95,concept_drift,2024-04,5713.056063826595
ID0003022,2024-05-02,0,7,14199.0,31,0,2,1.299,1.249,1.2,0.288,3,5848.27,concept_drift,2024-05,5136.553851325585
ID0003023,2024-04-27,1,7,12800.0,59,2,0,1.004,0.994,0.4,0.139,2,3479.89,concept_drift,2024-04,3267.5742261292053
ID0003024,2024-03-23,2,13,8068.0,53,0,0,0.86,0.933,1.0,0.185,1,4456.19,concept_drift,2024-03,3707.7228883447106
ID0003025,2024-05-21,2,8,12264.0,51,2,0,0.986,0.815,1.2,0.292,2,5129.75,concept_drift,2024-05,4713.957120511342
ID0003026,2024-02-08,2,5,21364.0,62,0,2,1.034,1.247,1.2,0.486,30,6276.82,concept_drift,2024-02,5227.421021217882
ID0003027,2024-09-01,2,9,13356.0,46,2,2,1.245,1.46,1.8,0.123,1,7624.95,concept_drift,2024-09,6862.670756131694
ID0003028,2024-12-28,2,15,9817.0,71,2,2,1.23,1.15,1.0,0.288,0,5823.19,concept_drift,2024-12,5341.93923358766
ID0003029,2024-01-18,4,9,30198.0,59,2,1,0.988,1.067,1.0,0.101,14,5150.58,concept_drift,2024-01,4719.900292724336
ID0003030,2024-06-23,3,13,15713.0,31,2,2,1.203,1.328,1.0,0.431,0,6333.6,concept_drift,2024-06,5806.054951464557
ID0003031,2024-12-23,2,9,17559.0,78,1,2,1.175,1.218,1.2,0.286,21,5967.65,concept_drift,2024-12,5378.195042247333
ID0003032,2024-01-12,3,7,27123.0,66,1,2,1.283,1.065,1.8,0.326,3,6834.37,concept_drift,2024-01,6217.462559677944
ID0003033,2024-04-08,0,5,13971.0,41,3,0,0.804,0.92,1.4,0.17,0,5815.41,concept_drift,2024-04,5502.379270551782
ID0003034,2024-06-23,0,10,6743.0,42,3,2,1.327,1.273,1.0,0.058,0,5927.78,concept_drift,2024-06,5678.668813022194
ID0003035,2024-02-22,3,4,24182.0,77,1,1,1.097,1.029,1.4,0.255,4,5598.2,concept_drift,2024-02,4998.32328293785
ID0003036,2024-06-10,1,1,27110.0,58,0,1,0.998,0.946,1.4,0.366,10,5397.83,concept_drift,2024-06,4749.039030105336
ID0003037,2024-09-05,3,16,10472.0,20,1,2,1.16,1.257,1.4,0.22,7,7352.38,concept_drift,2024-09,6807.42222289766
ID0003038,2024-08-10,1,4,20651.0,30,2,0,0.862,0.913,1.0,0.09,0,4575.04,concept_drift,2024-08,4382.5206269358505
ID0003039,2024-03-28,3,14,11532.0,60,1,1,0.95,1.117,1.8,0.021,0,6362.86,concept_drift,2024-03,5886.456078821003
ID0003040,2024-11-18,1,20,5000.0,53,1,0,0.891,1.037,1.8,0.434,6,6905.82,concept_drift,2024-11,6065.206140625403
ID0003041,2024-08-16,3,15,10373.0,55,3,0,0.867,0.983,1.2,0.121,7,5690.24,concept_drift,2024-08,5338.817501152864
ID0003042,2024-03-14,2,10,16748.0,78,0,2,1.176,1.137,3.2,0.691,30,10580.4,concept_drift,2024-03,8727.921687527067
ID0003043,2024-10-26,4,6,26069.0,22,2,2,1.233,1.095,1.8,0.13,2,7805.98,concept_drift,2024-10,7317.936036003851
ID0003044,2024-04-14,1,20,5000.0,67,0,1,1.098,1.104,1.8,0.18,0,6572.32,concept_drift,2024-04,5828.923528156918
ID0003045,2024-02-08,1,4,21453.0,53,4,1,1.017,0.98,1.4,0.179,2,6366.55,concept_drift,2024-02,5949.669167689135
ID0003046,2024-05-08,0,14,5652.0,21,3,1,0.999,1.019,3.2,0.168,1,11189.0,concept_drift,2024-05,10029.27076881891
ID0003047,2024-04-06,1,8,8413.0,60,1,2,1.288,1.141,1.8,0.267,1,7008.48,concept_drift,2024-04,6278.465267909561
ID0003048,2024-01-14,2,15,7429.0,47,3,2,1.219,1.154,1.4,0.241,0,6836.54,concept_drift,2024-01,6396.184667246592
ID0003049,2024-11-08,2,10,12171.0,62,0,1,0.963,0.75,1.2,0.122,1,4561.32,concept_drift,2024-11,3769.1876239615895
ID0003050,2024-06-04,2,2,30012.0,26,0,0,0.995,0.801,1.4,0.204,5,4877.27,concept_drift,2024-06,4227.9642334593755
ID0003051,2024-10-03,2,16,12945.0,65,1,0,0.904,0.893,1.4,0.333,1,5403.74,concept_drift,2024-10,4915.203283882423
ID0003052,2024-02-01,1,7,11926.0,78,2,1,1.11,0.958,1.0,0.51,3,5182.28,concept_drift,2024-02,4688.193932972991
ID0003053,2024-11-16,1,7,11219.0,66,1,1,0.984,0.964,1.2,0.231,4,5135.16,concept_drift,2024-11,4633.094853373721
ID0003054,2024-07-23,0,3,14033.0,39,2,1,1.112,0.853,1.4,0.21,30,6018.85,concept_drift,2024-07,5545.444400660248
ID0003055,2024-07-07,2,5,23189.0,27,3,2,1.303,1.336,1.2,0.137,30,6875.33,concept_drift,2024-07,6385.635163219856
ID0003056,2024-01-14,2,13,9348.0,44,0,1,0.95,0.964,1.0,0.477,6,5092.44,concept_drift,2024-01,4523.560057651024
ID0003057,2024-04-18,4,13,17982.0,21,2,0,0.921,0.789,1.8,0.138,21,7505.9,concept_drift,2024-04,6776.912414209396
ID0003058,2024-02-05,1,9,9937.0,49,2,2,1.164,1.3,1.0,0.342,30,6468.47,concept_drift,2024-02,5886.101417010403
ID0003059,2024-08-11,3,18,6456.0,58,1,2,1.122,1.103,1.2,0.311,1,5821.29,concept_drift,2024-08,5381.806428660894
ID0003060,2024-04-06,1,10,8811.0,62,0,2,1.159,1.187,1.2,0.26,1,5501.61,concept_drift,2024-04,4934.580065848773
ID0003061,2024-07-24,2,2,25607.0,64,0,2,1.103,1.119,1.1,0.286,1,5061.87,concept_drift,2024-07,4387.005129383545
ID0003062,2024-08-03,2,10,21914.0,37,1,2,1.297,1.216,1.0,0.371,2,5770.54,concept_drift,2024-08,5277.362398322572
ID0003063,2024-09-01,1,6,13311.0,51,2,0,1.019,0.979,1.2,0.198,4,5461.38,concept_drift,2024-09,4754.690065433087
ID0003064,2024-11-05,2,0,24650.0,60,0,2,1.135,1.156,1.2,0.258,14,5403.07,concept_drift,2024-11,4775.978764706089
ID0003065,2024-10-11,1,10,12965.0,39,1,2,1.233,1.183,1.0,0.122,2,5363.32,concept_drift,2024-10,4900.304453525904
ID0003066,2024-06-12,2,9,13420.0,57,0,0,0.948,1.049,1.8,0.212,1,5963.91,concept_drift,2024-06,5347.388054169997
ID0003067,2024-12-04,2,18,5000.0,61,2,2,1.339,1.315,1.4,0.05,1,6593.03,concept_drift,2024-12,6300.695549026959
ID0003068,2024-07-23,2,11,14087.0,32,0,1,0.851,0.963,1.2,0.137,1,4980.9,concept_drift,2024-07,4477.516385212522
ID0003069,2024-12-12,2,0,31673.0,39,4,2,1.084,1.23,1.8,0.174,21,7854.15,concept_drift,2024-12,7262.810438795383
ID0003070,2024-08-24,2,8,22614.0,50,0,1,1.006,1.07,1.2,0.152,7,5164.96,concept_drift,2024-08,4638.082585848174
ID0003071,2024-03-24,3,13,14268.0,76,2,2,1.273,1.141,0.4,0.386,4,4394.44,concept_drift,2024-03,4208.511956628777
ID0003072,2024-05-22,1,10,7221.0,31,2,1,0.934,0.976,1.4,0.298,1,6267.1,concept_drift,2024-05,5697.142375848309
ID0003073,2024-04-15,1,9,8257.0,23,2,1,1.032,0.944,1.2,0.285,4,6449.49,concept_drift,2024-04,6236.504608870231
ID0003074,2024-06-17,4,2,53970.0,62,1,2,1.322,1.238,1.4,0.113,2,5904.7,concept_drift,2024-06,5406.682180142106
ID0003075,2024-06-14,3,15,8504.0,21,1,1,0.993,1.01,0.4,0.67,3,5043.94,concept_drift,2024-06,4865.3617490870065
ID0003076,2024-09-18,3,7,18856.0,28,0,1,1.045,0.846,1.2,0.421,6,5121.74,concept_drift,2024-09,4615.443411661234
ID0003077,2024-06-12,1,10,12184.0,78,3,2,1.028,1.167,1.2,0.168,21,6261.59,concept_drift,2024-06,5941.908880434045
ID0003078,2024-05-01,0,9,7791.0,44,2,0,0.967,1.021,1.2,0.132,4,5180.11,concept_drift,2024-05,4900.719880291875
ID0003079,2024-08-03,4,10,35616.0,71,0,2,1.14,1.329,1.4,0.519,5,6379.37,concept_drift,2024-08,5603.68421546846
ID0003080,2024-02-20,2,5,31717.0,65,0,2,1.104,1.115,1.8,0.325,21,6909.88,concept_drift,2024-02,5947.204753268659
ID0003081,2024-11-02,0,11,8330.0,71,1,2,1.154,1.101,1.1,0.255,10,5770.03,concept_drift,2024-11,5062.727039503446
ID0003082,2024-03-13,2,17,7062.0,52,0,1,0.955,0.939,1.2,0.375,0,5382.5,concept_drift,2024-03,4690.393354689203
ID0003083,2024-07-01,2,12,15643.0,19,1,2,1.235,1.469,1.2,0.315,2,7407.88,concept_drift,2024-07,6594.662059323159
ID0003084,2024-09-27,2,9,15914.0,68,0,1,0.981,1.16,1.4,0.247,6,5674.49,concept_drift,2024-09,4940.078061562772
ID0003085,2024-09-21,1,13,8545.0,37,0,0,0.935,0.958,1.8,0.091,2,5924.88,concept_drift,2024-09,5374.353506060554
ID0003086,2024-10-28,2,1,23075.0,74,4,2,1.145,1.345,1.2,0.507,3,6921.87,concept_drift,2024-10,6500.991082835915
ID0003087,2024-01-26,1,16,6754.0,47,4,2,1.136,1.453,1.2,0.179,0,7027.39,concept_drift,2024-01,6828.147622616354
ID0003088,2024-10-21,1,7,13815.0,23,3,0,0.877,0.947,1.2,0.309,21,6625.29,concept_drift,2024-10,6371.260518045098
ID0003089,2024-03-01,3,10,13067.0,40,1,2,1.311,1.108,1.4,0.461,21,6735.57,concept_drift,2024-03,6024.307455255638
ID0003090,2024-08-14,0,11,7441.0,35,0,2,1.184,1.226,1.4,0.098,30,6340.95,concept_drift,2024-08,5662.485848928702
ID0003091,2024-05-20,4,7,37304.0,67,0,2,1.145,1.082,1.4,0.437,0,5703.14,concept_drift,2024-05,5216.158505677232
ID0003092,2024-10-20,0,9,8650.0,30,0,1,1.241,1.062,1.8,0.397,6,6660.02,concept_drift,2024-10,5948.438225179593
ID0003093,2024-01-26,2,16,8994.0,56,1,1,0.945,1.118,1.8,0.105,0,6506.92,concept_drift,2024-01,6043.048864624068
ID0003094,2024-08-09,0,12,9782.0,77,1,1,1.011,0.829,1.2,0.432,6,5239.71,concept_drift,2024-08,4666.513662004947
ID0003095,2024-03-28,1,2,19003.0,50,2,1,0.965,0.954,1.4,0.092,0,5527.85,concept_drift,2024-03,5259.748541538734
ID0003096,2024-06-14,1,10,10170.0,27,2,2,1.078,1.133,1.8,0.044,0,7109.0,concept_drift,2024-06,6685.917235735355
ID0003097,2024-06-16,1,7,13067.0,18,1,1,1.027,1.033,1.2,0.415,0,6174.28,concept_drift,2024-06,5685.02904360073
ID0003098,2024-11-23,2,4,32734.0,60,0,0,0.86,0.911,1.8,0.503,10,6284.97,concept_drift,2024-11,5181.190016955497
ID0003099,2024-06-26,3,13,9861.0,35,2,1,1.022,0.989,1.4,0.247,10,6113.5,concept_drift,2024-06,5856.92480846977
ID0003100,2024-12-13,1,11,8978.0,31,1,1,1.055,0.949,1.1,0.185,14,5250.98,concept_drift,2024-12,4915.965433553788
ID0003101,2024-10-25,2,6,20313.0,51,2,0,0.828,0.983,1.8,0.256,3,6662.67,concept_drift,2024-10,5993.179896150284
ID0003102,2024-02-24,0,13,8101.0,36,3,0,0.784,0.797,1.2,0.154,0,5516.12,concept_drift,2024-02,5258.86354200575
ID0003103,2024-05-07,1,14,6356.0,27,2,1,0.948,1.026,1.1,0.509,21,6318.73,concept_drift,2024-05,5664.98888074061
ID0003104,2024-04-19,2,5,30012.0,68,3,1,0.908,1.061,1.4,0.18,0,6227.95,concept_drift,2024-04,5647.671286786211
ID0003105,2024-10-08,3,9,14339.0,25,2,2,1.237,1.119,1.4,0.407,1,6746.16,concept_drift,2024-10,6265.015242435955
ID0003106,2024-12-05,2,4,26843.0,75,0,2,1.187,1.166,1.4,0.538,3,5873.06,concept_drift,2024-12,5223.153177003723
ID0003107,2024-08-15,1,5,12454.0,27,2,1,1.069,0.872,1.2,0.291,3,5645.6,concept_drift,2024-08,5130.485296659862
ID0003108,2024-10-20,1,8,10178.0,48,3,2,1.127,1.052,1.2,0.315,0,6461.02,concept_drift,2024-10,5990.474507762138
ID0003109,2024-11-28,2,11,22311.0,35,3,0,0.912,0.9,1.8,0.46,1,7003.43,concept_drift,2024-11,6581.85645385752
ID0003110,2024-10-17,1,4,11051.0,71,4,1,0.959,1.115,1.2,0.18,0,5949.4,concept_drift,2024-10,5728.7099104569725
ID0003111,2024-10-20,1,16,8603.0,21,3,2,1.182,1.255,1.8,0.435,1,9045.95,concept_drift,2024-10,8334.183749544822
ID0003112,2024-11-14,1,6,14624.0,70,0,1,0.89,1.025,1.4,0.048,3,5155.56,concept_drift,2024-11,4520.249806091446
ID0003113,2024-10-16,1,8,13417.0,45,1,1,0.936,1.119,1.2,0.098,10,5629.26,concept_drift,2024-10,4961.130385307455
ID0003114,2024-10-10,0,9,10904.0,22,2,2,1.13,1.198,1.2,0.39,5,7177.1,concept_drift,2024-10,6768.218028033011
ID0003115,2024-07-19,3,14,6805.0,62,1,2,1.113,1.066,1.0,0.182,4,5162.14,concept_drift,2024-07,4802.861204957602
ID0003116,2024-08-19,1,8,11662.0,30,3,1,1.063,1.169,1.4,0.464,0,6888.77,concept_drift,2024-08,6154.985484929978
ID0003117,2024-07-14,1,8,14304.0,26,4,1,1.015,1.03,1.8,0.268,10,7580.28,concept_drift,2024-07,7279.896488420812
ID0003118,2024-03-04,3,13,14880.0,64,0,1,1.043,0.931,1.2,0.355,0,4954.23,concept_drift,2024-03,4407.255805463079
ID0003119,2024-07-01,0,14,5524.0,27,2,1,0.931,1.133,1.4,0.233,6,6620.87,concept_drift,2024-07,5890.4507311436655
ID0003120,2024-09-10,3,16,9320.0,58,1,1,0.871,1.008,1.8,0.286,1,6666.15,concept_drift,2024-09,6131.61209298972
ID0003121,2024-12-10,2,14,10721.0,71,2,1,0.966,1.069,1.2,0.412,2,6059.99,concept_drift,2024-12,5205.459345602373
ID0003122,2024-08-18,4,12,21984.0,31,0,2,1.106,1.162,1.4,0.052,0,5985.04,concept_drift,2024-08,5349.291330219778
ID0003123,2024-02-19,2,9,17071.0,26,0,2,1.14,1.335,1.0,0.17,1,5297.98,concept_drift,2024-02,4806.287751034262
ID0003124,2024-03-24,1,6,15828.0,34,0,2,1.153,1.263,1.0,0.185,21,5580.26,concept_drift,2024-03,4815.96540836218
ID0003125,2024-05-26,1,10,9351.0,56,2,1,1.093,0.982,1.2,0.519,1,5869.29,concept_drift,2024-05,5308.802242683131
ID0003126,2024-07-22,3,9,15489.0,63,2,2,1.417,1.363,1.1,0.062,14,5959.04,concept_drift,2024-07,5634.425950133853
ID0003127,2024-07-13,1,7,8808.0,27,2,2,1.166,1.087,0.4,0.305,2,4742.08,concept_drift,2024-07,4269.471183262503
ID0003128,2024-05-27,3,19,8046.0,62,2,2,1.269,1.224,1.2,0.505,7,6704.79,concept_drift,2024-05,6164.880818631022
ID0003129,2024-07-11,0,4,12490.0,77,3,1,1.079,0.963,1.2,0.094,21,5508.66,concept_drift,2024-07,5265.335918604764
ID0003130,2024-09-13,2,12,16172.0,35,2,2,1.226,1.044,1.4,0.307,0,6544.37,concept_drift,2024-09,6167.056383263595
ID0003131,2024-05-10,2,14,11278.0,72,3,2,1.113,1.269,1.4,0.371,4,7049.51,concept_drift,2024-05,6605.494837751384
ID0003132,2024-08-22,3,2,34825.0,49,0,2,1.142,1.046,1.8,0.166,10,6592.71,concept_drift,2024-08,5831.039004080014
ID0003133,2024-03-07,2,9,21334.0,50,0,2,1.034,1.349,1.0,0.45,6,5596.15,concept_drift,2024-03,4950.93987295407
ID0003134,2024-06-26,0,6,14909.0,66,0,2,1.11,1.257,1.2,0.073,0,5176.19,concept_drift,2024-06,4625.4111424254015
ID0003135,2024-07-03,1,7,14876.0,44,3,2,1.244,1.21,1.4,0.298,0,6922.82,concept_drift,2024-07,6316.86801909816
ID0003136,2024-06-06,2,9,18283.0,46,1,2,1.331,1.288,1.2,0.155,0,6021.18,concept_drift,2024-06,5342.216204586761
ID0003137,2024-09-19,1,11,11303.0,23,2,1,0.929,1.036,1.0,0.174,3,5978.33,concept_drift,2024-09,5710.362153393758
ID0003138,2024-12-07,2,9,24052.0,49,0,2,1.405,1.374,1.2,0.23,1,5852.77,concept_drift,2024-12,5059.972341867791
ID0003139,2024-06-19,2,14,12508.0,21,0,2,1.216,1.105,1.8,0.383,1,7893.84,concept_drift,2024-06,6943.162175855725
ID0003140,2024-12-21,3,4,31673.0,25,1,1,0.887,1.084,1.8,0.247,1,6857.84,concept_drift,2024-12,6142.519237339505
ID0003141,2024-08-28,2,5,18902.0,56,1,2,1.09,1.129,1.2,0.134,21,5613.86,concept_drift,2024-08,5234.804326123941
ID0003142,2024-05-27,1,10,12659.0,38,0,1,1.053,0.785,1.2,0.328,3,4847.58,concept_drift,2024-05,4448.666772180075
ID0003143,2024-09-05,2,8,16293.0,26,3,2,1.125,1.205,1.2,0.362,21,6946.16,concept_drift,2024-09,6448.1247381368285
ID0003144,2024-12-23,2,4,32128.0,73,1,2,1.159,1.289,1.2,0.251,14,5889.18,concept_drift,2024-12,5201.258573239165
ID0003145,2024-01-19,2,20,5226.0,75,2,0,0.876,0.832,1.8,0.184,1,6443.81,concept_drift,2024-01,6059.914292148668
ID0003146,2024-10-21,1,3,16553.0,72,1,2,1.233,1.089,1.2,0.169,1,5345.65,concept_drift,2024-10,4855.902218001049
ID0003147,2024-02-02,1,13,8854.0,21,1,2,1.092,1.183,1.4,0.473,2,7570.32,concept_drift,2024-02,6710.442196292231
ID0003148,2024-03-02,1,2,21084.0,60,4,1,0.98,0.882,1.2,0.515,0,5935.58,concept_drift,2024-03,5728.619924889163
ID0003149,2024-02-03,0,8,9682.0,50,1,1,0.951,0.888,1.0,0.094,3,4497.46,concept_drift,2024-02,4326.530259769201
ID0003150,2024-12-18,0,7,13773.0,32,1,0,0.86,0.782,1.2,0.094,2,4594.04,concept_drift,2024-12,4291.348938569567
ID0003151,2024-11-19,0,8,9516.0,41,0,2,1.149,0.834,1.2,0.04,2,4853.36,concept_drift,2024-11,4472.990521189375
ID0003152,2024-10-10,0,12,5878.0,71,2,1,0.96,1.079,3.2,0.116,4,9797.19,concept_drift,2024-10,8748.63547242836
ID0003153,2024-04-20,1,12,10645.0,49,0,1,0.962,1.012,1.4,0.266,2,5641.22,concept_drift,2024-04,5021.721356321659
ID0003154,2024-12-10,1,4,17264.0,60,1,2,1.222,1.258,1.2,0.485,1,6086.59,concept_drift,2024-12,5366.659234083438
ID0003155,2024-10-25,2,2,22425.0,22,0,2,1.19,1.223,1.8,0.119,21,7628.98,concept_drift,2024-10,6888.953215741965
ID0003156,2024-04-02,0,5,10419.0,78,3,1,0.922,1.024,1.8,0.156,7,6995.21,concept_drift,2024-04,6244.121737327179
ID0003157,2024-05-14,2,3,34072.0,25,1,1,1.011,1.136,1.2,0.113,21,5792.33,concept_drift,2024-05,5236.102221437698
ID0003158,2024-04-22,0,4,12143.0,79,0,2,1.284,1.227,1.4,0.27,10,5913.56,concept_drift,2024-04,5154.874134028189
ID0003159,2024-01-20,1,6,15755.0,60,2,1,0.971,0.955,1.0,0.219,1,5084.99,concept_drift,2024-01,4522.083130634015
ID0003160,2024-09-21,4,13,15497.0,37,0,2,1.147,1.317,1.2,0.402,3,5952.31,concept_drift,2024-09,5480.141494022973
ID0003161,2024-06-13,4,13,22289.0,41,2,2,1.126,1.089,1.4,0.423,6,6543.74,concept_drift,2024-06,6332.151421597873
ID0003162,2024-05-03,2,18,9288.0,24,2,1,0.925,0.945,1.8,0.286,0,7708.34,concept_drift,2024-05,7277.042682746151
ID0003163,2024-05-22,3,12,12868.0,35,0,2,1.101,1.225,1.2,0.465,0,5798.65,concept_drift,2024-05,5350.832555783191
ID0003164,2024-08-20,3,6,28197.0,73,2,1,1.037,0.989,1.2,0.299,14,5534.26,concept_drift,2024-08,5030.159610120645
ID0003165,2024-04-15,1,6,10972.0,53,1,2,1.293,1.057,1.8,0.571,1,7333.38,concept_drift,2024-04,6399.575139133843
ID0003166,2024-10-18,4,10,32372.0,71,2,1,0.857,1.049,1.2,0.063,4,5298.55,concept_drift,2024-10,4940.5643335716395
ID0003167,2024-08-10,1,13,16599.0,52,4,2,1.078,1.277,1.2,0.122,6,6813.01,concept_drift,2024-08,6330.5627424274435
ID0003168,2024-03-25,2,4,27154.0,64,1,0,0.901,0.987,1.4,0.064,14,5106.87,concept_drift,2024-03,4608.010028794656
ID0003169,2024-03-20,0,15,6223.0,47,1,1,1.043,1.095,1.2,0.252,5,5405.22,concept_drift,2024-03,5106.154425846275
ID0003170,2024-05-18,1,0,25928.0,49,1,1,1.02,0.858,1.4,0.18,3,5383.75,concept_drift,2024-05,4838.282498762087
ID0003171,2024-06-09,2,10,11755.0,51,0,1,0.962,0.964,1.4,0.476,21,5902.38,concept_drift,2024-06,5137.403847620491
ID0003172,2024-02-06,3,9,17637.0,28,2,2,1.241,1.112,1.0,0.473,0,5820.98,concept_drift,2024-02,5436.317408557729
ID0003173,2024-08-01,0,5,7348.0,48,4,0,0.912,0.781,1.2,0.197,0,5624.99,concept_drift,2024-08,5370.180739317884
ID0003174,2024-06-27,0,6,12166.0,60,2,2,1.362,1.213,1.2,0.491,0,6170.16,concept_drift,2024-06,5681.841076832382
ID0003175,2024-05-08,3,3,36126.0,38,2,1,0.877,1.139,1.4,0.335,7,6365.42,concept_drift,2024-05,5680.448051411913
ID0003176,2024-07-12,3,17,6517.0,61,4,2,1.158,1.257,1.4,0.497,30,7875.41,concept_drift,2024-07,7419.469237044861
ID0003177,2024-04-19,3,12,10391.0,41,0,2,1.309,1.292,1.4,0.199,1,6258.93,concept_drift,2024-04,5493.939824022338
ID0003178,2024-05-27,2,15,11842.0,66,1,1,0.997,0.972,1.8,0.096,1,6380.79,concept_drift,2024-05,5809.4941221915615
ID0003179,2024-03-25,1,6,15125.0,51,2,2,1.044,1.208,0.4,0.603,7,4881.38,concept_drift,2024-03,4612.258386954786
ID0003180,2024-03-03,2,14,11524.0,61,0,1,1.224,0.79,1.2,0.251,0,4825.19,concept_drift,2024-03,4346.798970667537
ID0003181,2024-01-25,2,8,20668.0,60,2,1,0.914,0.889,0.4,0.191,10,3788.73,concept_drift,2024-01,3486.8639597286165
ID0003182,2024-12-18,1,6,12150.0,49,2,1,1.005,1.08,1.4,0.71,21,6861.88,concept_drift,2024-12,6205.365534448294
ID0003183,2024-09-21,1,11,8835.0,30,1,2,1.108,1.26,1.8,0.151,4,7429.39,concept_drift,2024-09,6661.554870081002
ID0003184,2024-06-28,4,10,29499.0,34,2,1,1.044,0.825,1.4,0.204,30,6346.54,concept_drift,2024-06,5629.279953304203
ID0003185,2024-01-16,4,4,31928.0,53,1,2,1.208,1.285,0.4,0.293,10,4153.13,concept_drift,2024-01,3998.954929839429
ID0003186,2024-06-19,4,10,20088.0,55,0,2,1.132,1.321,1.8,0.202,0,6851.65,concept_drift,2024-06,6153.39550826826
ID0003187,2024-12-08,0,9,9968.0,72,1,0,0.88,0.949,1.4,0.628,0,5710.66,concept_drift,2024-12,4973.740836159496
ID0003188,2024-03-06,2,7,19760.0,37,3,1,1.042,0.984,1.4,0.225,7,6319.75,concept_drift,2024-03,5930.2460136957525
ID0003189,2024-03-27,4,5,26701.0,62,4,1,0.846,0.987,1.4,0.093,0,6163.76,concept_drift,2024-03,5825.124363842677
ID0003190,2024-08-02,4,14,14378.0,63,2,0,0.773,0.924,1.1,0.38,5,5386.76,concept_drift,2024-08,4830.713609035326
ID0003191,2024-08-18,2,2,34900.0,38,3,2,1.26,1.165,1.4,0.273,0,6905.99,concept_drift,2024-08,6143.539272405868
ID0003192,2024-08-14,3,0,53394.0,79,3,0,0.951,0.825,1.4,0.298,5,5678.53,concept_drift,2024-08,5182.621185179282
ID0003193,2024-09-27,2,7,11143.0,54,1,0,0.883,0.836,1.2,0.173,0,4706.35,concept_drift,2024-09,4206.161029162433
ID0003194,2024-12-02,2,18,9232.0,59,1,2,1.253,1.464,1.0,0.351,0,5945.21,concept_drift,2024-12,5590.819288383012
ID0003195,2024-02-03,3,17,6527.0,74,2,1,1.059,0.942,1.8,0.393,1,6722.92,concept_drift,2024-02,6252.380825486281
ID0003196,2024-04-14,3,0,31739.0,63,3,2,1.247,1.06,1.0,0.227,1,5226.14,concept_drift,2024-04,5107.028646379543
ID0003197,2024-10-16,2,7,30186.0,20,2,2,1.173,1.199,1.0,0.145,14,6713.11,concept_drift,2024-10,6119.156471284607
ID0003198,2024-02-08,3,12,12489.0,37,0,2,1.325,1.249,1.0,0.283,4,5401.43,concept_drift,2024-02,4862.031140904243
ID0003199,2024-05-07,1,19,5000.0,64,0,1,0.863,0.932,1.4,0.33,6,5466.15,concept_drift,2024-05,5087.469937153515
ID0003200,2024-06-20,1,10,13251.0,72,1,1,0.965,0.985,1.8,0.465,0,6539.49,concept_drift,2024-06,5876.878873898249
ID0003201,2024-09-13,0,8,7706.0,70,1,1,0.98,0.92,1.8,0.269,7,6313.94,concept_drift,2024-09,5788.303127705033
ID0003202,2024-03-28,2,13,7631.0,43,2,2,1.083,1.218,1.8,0.202,14,7786.75,concept_drift,2024-03,6929.6564851532485
ID0003203,2024-06-19,4,5,37279.0,26,0,1,1.031,0.993,1.0,0.394,0,4828.92,concept_drift,2024-06,4336.8018499728105
ID0003204,2024-12-28,1,13,7330.0,37,2,1,0.88,0.994,1.1,0.121,1,5419.29,concept_drift,2024-12,5053.049215848446
ID0003205,2024-05-27,3,10,14533.0,60,0,1,1.076,0.906,1.8,0.502,3,6527.34,concept_drift,2024-05,5578.531200990215
ID0003206,2024-04-12,2,1,34982.0,49,1,1,1.003,1.11,1.1,0.156,1,4908.0,concept_drift,2024-04,4514.106181878813
ID0003207,2024-06-14,0,4,12751.0,76,2,0,0.917,0.895,1.8,0.042,7,6128.5,concept_drift,2024-06,5319.297177415963
ID0003208,2024-09-23,3,4,21817.0,30,1,2,1.084,1.194,1.0,0.146,6,5557.16,concept_drift,2024-09,4959.908116595562
ID0003209,2024-07-27,1,7,11193.0,74,3,1,1.067,0.943,1.1,0.089,2,5230.86,concept_drift,2024-07,5011.27736959093
ID0003210,2024-05-26,2,12,12319.0,61,1,2,1.224,1.245,1.4,0.404,0,6432.43,concept_drift,2024-05,5804.466117885785
ID0003211,2024-11-17,4,4,48938.0,58,2,0,0.895,0.991,1.8,0.239,0,6593.36,concept_drift,2024-11,5863.063275993156
ID0003212,2024-03-13,1,14,9522.0,68,0,2,1.066,1.282,1.2,0.199,2,5635.65,concept_drift,2024-03,5054.690017754853
ID0003213,2024-08-16,0,12,7105.0,53,1,1,0.811,0.946,1.2,0.405,14,5654.92,concept_drift,2024-08,4884.61308571706
ID0003214,2024-07-01,0,12,7373.0,76,3,2,1.173,1.191,1.2,0.383,0,6360.29,concept_drift,2024-07,6025.993958895637
ID0003215,2024-03-01,1,2,17799.0,61,0,2,1.291,1.239,1.4,0.189,5,5745.38,concept_drift,2024-03,5150.099571002139
ID0003216,2024-04-02,1,5,21470.0,24,0,1,1.043,1.063,1.4,0.439,10,6703.3,concept_drift,2024-04,5891.8749495109
ID0003217,2024-05-03,2,12,10614.0,38,1,0,0.792,0.95,1.0,0.587,0,5320.43,concept_drift,2024-05,4604.106904138392
ID0003218,2024-07-05,4,6,26949.0,66,2,1,0.948,0.75,1.8,0.492,3,6583.55,concept_drift,2024-07,5837.37853432447
ID0003219,2024-09-21,0,7,9069.0,24,2,0,0.939,0.866,0.4,0.083,3,4077.78,concept_drift,2024-09,4186.939833207874
ID0003220,2024-03-09,3,0,41709.0,24,0,1,0.87,0.856,1.8,0.321,21,7067.42,concept_drift,2024-03,6204.181270071565
ID0003221,2024-07-05,2,9,13149.0,58,4,2,1.064,1.371,1.0,0.081,21,6499.02,concept_drift,2024-07,6088.408585132841
ID0003222,2024-04-24,2,6,19996.0,47,1,2,1.155,1.082,1.4,0.213,0,6065.69,concept_drift,2024-04,5546.950799699379
ID0003223,2024-05-13,1,12,9597.0,18,0,0,0.802,0.86,0.4,0.305,0,3932.07,concept_drift,2024-05,3617.844438610063
ID0003224,2024-10-18,1,9,10988.0,32,2,2,1.126,1.44,1.0,0.172,21,6320.2,concept_drift,2024-10,6013.467020683471
ID0003225,2024-12-28,1,6,11837.0,72,2,2,1.148,1.29,1.2,0.347,0,6276.9,concept_drift,2024-12,5667.939764299186
ID0003226,2024-10-04,0,14,6065.0,37,0,1,0.92,0.869,1.4,0.095,2,5420.42,concept_drift,2024-10,4789.485679066892
ID0003227,2024-04-20,0,8,9255.0,64,2,2,1.061,1.188,1.2,0.323,1,5809.93,concept_drift,2024-04,5621.452069581696
ID0003228,2024-04-14,0,10,8381.0,75,1,1,1.014,0.843,1.1,0.164,21,4882.57,concept_drift,2024-04,4626.135529679724
ID0003229,2024-07-26,0,12,6299.0,51,1,1,0.935,1.041,1.4,0.264,5,5758.55,concept_drift,2024-07,5325.516431354498
ID0003230,2024-06-18,2,8,14425.0,38,2,2,1.278,1.24,1.4,0.321,4,6608.75,concept_drift,2024-06,6260.260078807011
ID0003231,2024-03-14,3,8,24553.0,19,2,2,1.115,1.313,1.0,0.288,0,6899.51,concept_drift,2024-03,6435.295110548886
ID0003232,2024-04-13,3,18,7405.0,71,1,1,1.021,1.059,1.1,0.283,4,5109.62,concept_drift,2024-04,4857.792690437324
ID0003233,2024-05-09,0,20,5000.0,30,3,2,1.072,1.337,1.4,0.287,0,7306.17,concept_drift,2024-05,6934.2505898328245
ID0003234,2024-07-20,2,2,32560.0,63,2,2,1.117,1.356,1.8,0.307,1,7643.02,concept_drift,2024-07,6692.044488640243
ID0003235,2024-04-21,2,7,15215.0,46,0,1,1.095,1.011,1.2,0.28,4,4937.76,concept_drift,2024-04,4568.67290705932
ID0003236,2024-02-02,2,9,22601.0,53,1,1,1.024,1.064,1.4,0.362,5,5984.55,concept_drift,2024-02,5357.377839828048
ID0003237,2024-01-09,3,4,25811.0,46,0,2,1.144,1.298,1.4,0.47,5,6178.56,concept_drift,2024-01,5582.551555767891
ID0003238,2024-06-05,1,8,13484.0,24,1,1,1.038,0.912,1.4,0.509,3,6671.77,concept_drift,2024-06,6046.207700255176
ID0003239,2024-02-10,1,4,10559.0,79,0,1,1.126,1.06,1.4,0.243,1,5296.39,concept_drift,2024-02,4638.427519714717
ID0003240,2024-08-22,2,8,21357.0,62,2,2,1.047,1.057,1.8,0.275,3,7014.1,concept_drift,2024-08,6515.7482262967915
ID0003241,2024-01-16,1,0,20759.0,44,4,2,1.154,1.362,1.8,0.121,0,7903.63,concept_drift,2024-01,7265.873427585573
ID0003242,2024-01-14,0,10,10198.0,63,1,2,1.403,1.168,1.2,0.365,4,5659.51,concept_drift,2024-01,5273.906642722488
ID0003243,2024-08-08,2,6,26425.0,59,1,1,0.945,1.05,1.2,0.242,21,5382.49,concept_drift,2024-08,4852.29832891506
ID0003244,2024-10-25,1,9,9284.0,51,3,1,1.026,1.18,1.2,0.358,4,6329.79,concept_drift,2024-10,5825.766424544279
ID0003245,2024-07-27,0,5,12060.0,67,0,0,0.872,0.883,1.0,0.494,1,4359.48,concept_drift,2024-07,3629.3509596133076
ID0003246,2024-03-14,3,9,25743.0,74,1,1,1.024,1.068,1.8,0.313,14,6916.94,concept_drift,2024-03,5938.964519151764
ID0003247,2024-01-06,3,10,14886.0,77,0,2,1.16,1.214,1.4,0.697,5,6374.47,concept_drift,2024-01,5437.29274044485
ID0003248,2024-07-07,1,5,12793.0,71,4,1,0.998,1.095,1.4,0.196,0,6258.03,concept_drift,2024-07,5958.128683721168
ID0003249,2024-06-11,4,13,15106.0,73,3,2,1.259,1.307,1.2,0.054,0,6201.72,concept_drift,2024-06,5949.481331789804
ID0003250,2024-07-13,2,7,19301.0,29,1,2,1.439,1.085,1.8,0.163,6,6897.15,concept_drift,2024-07,6477.150362990842
ID0003251,2024-03-03,1,9,11762.0,79,2,2,1.252,1.356,1.2,0.378,1,6261.87,concept_drift,2024-03,5795.211541415069
ID0003252,2024-02-09,2,8,23431.0,60,2,2,0.976,1.319,1.2,0.296,4,6445.38,concept_drift,2024-02,5780.764582214157
ID0003253,2024-02-05,2,1,38743.0,29,3,2,1.221,1.517,1.4,0.168,3,7249.76,concept_drift,2024-02,6530.35340290011
ID0003254,2024-02-03,2,2,48096.0,78,1,2,1.082,1.166,0.4,0.064,0,3601.59,concept_drift,2024-02,3315.154984705472
ID0003255,2024-08-12,2,2,34265.0,48,3,2,1.27,1.237,1.2,0.414,2,6495.32,concept_drift,2024-08,6018.452995778396
ID0003256,2024-09-16,2,11,9660.0,38,0,0,0.906,0.951,1.2,0.394,7,5158.4,concept_drift,2024-09,4406.969481737257
ID0003257,2024-01-08,2,20,6640.0,49,0,1,0.873,1.13,1.8,0.51,4,7143.94,concept_drift,2024-01,6245.009422895908
ID0003258,2024-04-07,2,13,10492.0,72,3,2,1.189,1.21,1.8,0.162,0,7445.49,concept_drift,2024-04,6939.421795338255
ID0003259,2024-07-26,1,14,9249.0,47,1,1,0.911,0.972,1.0,0.549,4,5312.69,concept_drift,2024-07,4927.198854281007
ID0003260,2024-06-03,4,0,50907.0,51,3,2,1.111,1.088,3.2,0.197,2,10330.15,concept_drift,2024-06,9036.85357744612
ID0003261,2024-07-27,2,7,13872.0,65,0,2,1.186,1.284,1.4,0.124,0,5984.95,concept_drift,2024-07,5159.073748525787
ID0003262,2024-05-22,1,0,28719.0,69,0,1,0.944,0.947,1.2,0.213,1,4567.13,concept_drift,2024-05,4048.890201365041
ID0003263,2024-08-23,2,1,27692.0,60,0,1,0.99,0.915,1.2,0.091,1,4562.22,concept_drift,2024-08,4048.156812116847
ID0003264,2024-11-06,2,8,16516.0,21,0,2,1.274,1.195,1.8,0.191,21,7834.08,concept_drift,2024-11,7079.228041920194
ID0003265,2024-10-10,1,2,19973.0,40,0,1,1.152,1.011,1.4,0.297,3,5552.12,concept_drift,2024-10,4902.390180887593
ID0003266,2024-07-13,0,1,17868.0,59,0,0,0.943,0.869,1.0,0.213,21,4100.88,concept_drift,2024-07,3484.5996523844265
ID0003267,2024-07-20,0,6,11583.0,26,3,0,0.917,0.894,1.2,0.542,2,5903.52,concept_drift,2024-07,5564.706537364778
ID0003268,2024-08-22,2,11,12669.0,39,2,1,0.856,0.99,1.2,0.338,5,5806.62,concept_drift,2024-08,5361.126367568394
ID0003269,2024-01-08,2,14,10018.0,50,4,1,0.965,0.951,1.2,0.298,7,6383.22,concept_drift,2024-01,6102.199894042677
ID0003270,2024-02-21,1,5,22555.0,50,2,1,0.963,1.11,1.8,0.128,2,6786.37,concept_drift,2024-02,6190.767869997257
ID0003271,2024-10-20,1,7,17429.0,22,3,2,1.116,1.108,1.4,0.379,1,7736.32,concept_drift,2024-10,7163.941503742358
ID0003272,2024-10-08,1,17,7673.0,36,1,1,1.088,0.962,0.4,0.267,1,3882.4,concept_drift,2024-10,3732.3645018841294
ID0003273,2024-07-05,2,16,10336.0,30,3,2,1.05,1.017,1.2,0.099,30,6650.62,concept_drift,2024-07,6348.449273422489
ID0003274,2024-03-24,2,12,13545.0,23,2,0,0.849,0.92,1.2,0.164,6,6186.42,concept_drift,2024-03,5829.5207116036845
ID0003275,2024-01-02,0,4,10878.0,54,2,1,1.062,1.099,1.4,0.234,1,6023.64,concept_drift,2024-01,5481.804066629869
ID0003276,2024-06-21,0,10,7689.0,77,2,1,1.018,0.906,1.4,0.188,4,5775.88,concept_drift,2024-06,5201.072603766707
ID0003277,2024-01-16,2,0,36242.0,45,2,1,0.884,0.999,1.4,0.178,6,5989.83,concept_drift,2024-01,5388.125904868105
ID0003278,2024-06-19,2,4,24533.0,69,3,1,0.991,0.977,1.4,0.469,2,6263.93,concept_drift,2024-06,5737.217817667504
ID0003279,2024-01-05,4,8,26475.0,50,1,1,1.03,1.051,1.4,0.229,2,5593.63,concept_drift,2024-01,5274.36119161206
ID0003280,2024-12-10,3,6,24188.0,18,1,0,0.915,0.895,1.2,0.71,21,6564.42,concept_drift,2024-12,5763.619962089127
ID0003281,2024-09-17,3,2,25638.0,33,1,1,0.877,1.038,1.0,0.301,0,5021.03,concept_drift,2024-09,4510.941873462218
ID0003282,2024-12-28,2,2,28228.0,19,0,1,0.982,1.01,1.2,0.16,0,5694.02,concept_drift,2024-12,5361.007759373465
ID0003283,2024-02-19,2,4,26602.0,34,1,1,0.865,1.016,1.4,0.247,10,5756.94,concept_drift,2024-02,5303.494880907608
ID0003284,2024-06-28,1,7,15597.0,77,1,1,0.993,1.069,1.8,0.56,4,6757.29,concept_drift,2024-06,5952.762567604038
ID0003285,2024-12-28,1,5,16336.0,66,0,0,0.795,0.904,1.8,0.368,4,5946.88,concept_drift,2024-12,5059.575432344816
ID0003286,2024-07-06,1,7,17163.0,50,0,0,0.974,0.903,1.8,0.316,0,6048.56,concept_drift,2024-07,5246.6578903425525
ID0003287,2024-03-19,2,10,15035.0,37,0,1,1.072,0.988,1.8,0.517,0,6802.7,concept_drift,2024-03,5908.359961611427
ID0003288,2024-02-09,0,8,8040.0,40,3,1,0.894,1.052,0.4,0.33,3,4432.74,concept_drift,2024-02,4214.747587478015
ID0003289,2024-09-10,0,13,5570.0,76,1,2,1.165,1.44,1.0,0.333,0,5871.74,concept_drift,2024-09,5185.782297633887
ID0003290,2024-04-12,1,3,20203.0,49,3,0,0.852,0.75,1.8,0.402,0,6690.14,concept_drift,2024-04,6000.503222505611
ID0003291,2024-09-05,1,8,20106.0,59,2,1,1.025,0.948,1.4,0.173,14,6013.38,concept_drift,2024-09,5432.092341919444
ID0003292,2024-06-23,4,7,30647.0,44,1,2,1.252,1.252,1.8,0.01,5,7016.27,concept_drift,2024-06,6422.980227512951
ID0003293,2024-10-24,0,6,9783.0,48,1,1,1.021,0.992,1.8,0.539,14,7017.4,concept_drift,2024-10,6124.187692104313
ID0003294,2024-06-02,2,14,10442.0,37,0,2,1.425,1.304,1.2,0.156,2,5891.55,concept_drift,2024-06,5410.723496147523
ID0003295,2024-11-11,2,4,17451.0,53,3,2,1.152,1.309,1.8,0.259,2,7760.2,concept_drift,2024-11,7172.883657360906
ID0003296,2024-04-25,0,12,11790.0,65,1,1,0.948,1.019,1.2,0.099,5,5244.11,concept_drift,2024-04,4747.977247482512
ID0003297,2024-09-22,1,8,8445.0,21,0,1,1.091,1.057,1.2,0.281,2,6302.5,concept_drift,2024-09,5579.235269866571
ID0003298,2024-07-25,4,0,81361.0,36,1,2,1.188,1.272,1.8,0.429,2,7337.76,concept_drift,2024-07,6290.484238746327
ID0003299,2024-04-14,3,6,26827.0,72,4,2,1.154,1.292,1.0,0.083,4,6193.74,concept_drift,2024-04,5864.290869663237
ID0003300,2024-11-02,3,5,28288.0,66,0,2,1.14,1.301,0.4,0.097,0,3549.63,concept_drift,2024-11,3313.381642232237
ID0003301,2024-07-16,2,11,14043.0,60,1,2,1.259,1.128,1.8,0.238,21,7334.38,concept_drift,2024-07,6411.069572128031
ID0003302,2024-04-06,1,8,18953.0,47,2,1,1.138,1.007,1.4,0.386,14,6423.11,concept_drift,2024-04,5782.724243198115
ID0003303,2024-04-04,3,7,24729.0,76,0,1,0.837,1.09,1.2,0.546,21,5505.33,concept_drift,2024-04,4604.042507003068
ID0003304,2024-05-15,1,11,8809.0,77,2,1,1.099,0.863,1.1,0.214,3,5039.76,concept_drift,2024-05,4690.64966235744
ID0003305,2024-04-12,0,15,10327.0,34,1,2,1.001,1.15,1.4,0.138,4,6466.26,concept_drift,2024-04,5851.127875137576
ID0003306,2024-09-27,2,7,15030.0,18,0,2,1.196,1.417,1.8,0.154,4,8013.5,concept_drift,2024-09,7008.932423872078
ID0003307,2024-10-26,1,12,9185.0,64,1,1,1.059,0.994,1.0,0.123,4,4788.16,concept_drift,2024-10,4365.2616008812665
ID0003308,2024-07-10,3,14,12866.0,62,2,2,1.202,1.258,1.4,0.221,0,6582.81,concept_drift,2024-07,6101.485781388051
ID0003309,2024-10-16,2,4,22154.0,59,0,2,1.089,1.15,1.4,0.075,0,5578.06,concept_drift,2024-10,4986.577747835651
ID0003310,2024-03-24,2,0,32587.0,37,2,2,1.347,1.46,1.4,0.142,2,6787.54,concept_drift,2024-03,6148.141751834902
ID0003311,2024-10-08,1,14,5647.0,74,2,2,1.241,1.264,1.4,0.035,2,6531.33,concept_drift,2024-10,5913.969962701717
ID0003312,2024-02-10,0,0,16211.0,32,2,1,1.14,1.037,1.2,0.145,1,5422.44,concept_drift,2024-02,5025.297747946679
ID0003313,2024-10-16,0,14,5000.0,55,4,1,1.035,1.038,1.2,0.244,0,6263.48,concept_drift,2024-10,6021.807217345228
ID0003314,2024-08-18,0,0,19442.0,71,0,2,1.119,1.385,1.4,0.126,4,5952.6,concept_drift,2024-08,5126.090218571044
ID0003315,2024-09-26,1,3,18685.0,76,1,2,1.407,1.254,1.4,0.037,1,5911.34,concept_drift,2024-09,5156.717700272291
ID0003316,2024-10-19,1,0,18640.0,44,1,2,1.253,1.262,3.2,0.133,0,9758.43,concept_drift,2024-10,8908.042900332048
ID0003317,2024-02-03,2,4,29753.0,19,1,0,0.848,0.841,1.4,0.421,0,6338.61,concept_drift,2024-02,5619.702197603027
ID0003318,2024-02-12,1,13,6786.0,61,3,2,1.13,1.17,1.4,0.242,0,6528.63,concept_drift,2024-02,6240.066118863706
ID0003319,2024-01-19,1,3,20168.0,74,0,1,1.006,0.995,1.4,0.326,2,5355.13,concept_drift,2024-01,4674.085647179104
ID0003320,2024-10-23,0,15,5914.0,60,4,1,1.109,1.091,1.8,0.394,10,7863.15,concept_drift,2024-10,7186.603099113899
ID0003321,2024-12-27,2,7,13106.0,76,3,1,1.054,1.22,1.2,0.543,0,6200.19,concept_drift,2024-12,5704.753504056274
ID0003322,2024-01-26,2,9,19246.0,24,3,2,1.184,1.087,1.8,0.101,21,8385.48,concept_drift,2024-01,7845.422707887224
ID0003323,2024-03-17,2,2,29653.0,56,1,2,1.246,1.067,1.8,0.174,2,6538.05,concept_drift,2024-03,6029.675517059538
ID0003324,2024-05-15,0,5,13561.0,44,1,1,1.032,0.802,1.8,0.104,0,6137.79,concept_drift,2024-05,5514.18051279011
ID0003325,2024-10-25,3,13,12150.0,38,2,2,1.036,1.233,1.8,0.382,0,7722.08,concept_drift,2024-10,7061.399578273099
ID0003326,2024-09-01,1,15,9287.0,23,3,0,0.871,0.996,1.4,0.444,10,7376.98,concept_drift,2024-09,7014.15718662425
ID0003327,2024-04-25,1,10,8742.0,78,4,2,1.056,1.238,1.2,0.289,2,6737.3,concept_drift,2024-04,6397.638137370897
ID0003328,2024-05-06,1,9,13415.0,49,1,2,1.339,1.309,1.4,0.54,3,6670.62,concept_drift,2024-05,6164.98615314636
ID0003329,2024-04-07,2,15,9820.0,54,2,0,0.911,0.847,1.4,0.059,0,5415.69,concept_drift,2024-04,5103.4226212164285
ID0003330,2024-10-28,1,13,9083.0,63,1,2,1.099,1.129,1.4,0.248,1,6215.76,concept_drift,2024-10,5615.117346389188
ID0003331,2024-01-26,1,9,12296.0,30,2,0,0.812,1.062,1.8,0.212,1,6920.88,concept_drift,2024-01,6281.668052365563
ID0003332,2024-11-06,2,15,7883.0,36,1,1,0.888,1.099,1.0,0.293,1,5468.54,concept_drift,2024-11,4815.7525593387345
ID0003333,2024-08-23,0,11,7772.0,76,3,2,1.126,1.335,1.0,0.388,5,6084.5,concept_drift,2024-08,5954.377085700031
ID0003334,2024-10-23,1,9,8765.0,24,2,1,1.016,1.05,1.2,0.078,0,6406.97,concept_drift,2024-10,6067.84157662911
ID0003335,2024-12-04,0,8,8572.0,49,2,0,0.757,0.981,1.2,0.326,1,5450.78,concept_drift,2024-12,5032.988941932437
ID0003336,2024-04-08,2,10,12564.0,21,2,2,1.068,0.95,1.8,0.421,6,8264.06,concept_drift,2024-04,7523.105371184527
ID0003337,2024-08-11,1,8,12601.0,20,3,2,1.241,1.198,1.0,0.242,0,6814.78,concept_drift,2024-08,6483.286198999045
ID0003338,2024-10-19,3,1,25879.0,78,1,2,1.172,1.235,1.4,0.519,4,6180.69,concept_drift,2024-10,5622.937214912208
ID0003339,2024-05-10,2,9,18246.0,55,1,2,1.368,1.253,1.2,0.592,0,6259.48,concept_drift,2024-05,5587.329220225009
ID0003340,2024-10-28,2,10,14020.0,26,2,2,1.249,1.114,1.2,0.592,2,6400.81,concept_drift,2024-10,6056.696270635146
ID0003341,2024-11-22,3,13,11004.0,70,2,2,0.961,1.107,1.4,0.526,4,6500.64,concept_drift,2024-11,6145.427417499986
ID0003342,2024-09-21,2,14,12569.0,38,0,2,1.054,1.202,1.8,0.417,10,7284.87,concept_drift,2024-09,6542.320848847739
ID0003343,2024-01-11,1,14,8167.0,45,2,1,0.991,0.841,1.2,0.185,3,5551.26,concept_drift,2024-01,5122.175964434806
ID0003344,2024-04-22,2,5,23741.0,54,0,0,0.897,0.887,1.2,0.166,3,4747.45,concept_drift,2024-04,3794.6829314500246
ID0003345,2024-08-06,1,11,10517.0,40,2,0,0.86,0.868,1.4,0.323,3,5761.34,concept_drift,2024-08,5425.7284689603775
ID0003346,2024-08-18,3,2,29014.0,77,2,0,0.87,0.834,1.2,0.425,1,5002.2,concept_drift,2024-08,4377.569931590227
ID0003347,2024-11-11,2,8,15040.0,63,1,2,1.214,1.213,1.1,0.28,30,5950.42,concept_drift,2024-11,5370.950587098518
ID0003348,2024-04-24,3,0,38446.0,26,2,2,1.315,1.431,1.0,0.181,30,6364.8,concept_drift,2024-04,5672.401451575653
ID0003349,2024-05-13,1,10,10148.0,72,1,2,1.303,1.298,1.4,0.363,1,6572.04,concept_drift,2024-05,5818.392652243772
ID0003350,2024-01-18,4,13,26848.0,51,2,0,0.908,0.956,1.2,0.208,0,5434.85,concept_drift,2024-01,4816.147133247505
ID0003351,2024-12-02,0,10,10591.0,42,2,0,0.907,0.991,1.8,0.444,1,6945.28,concept_drift,2024-12,6282.400898021593
ID0003352,2024-01-13,3,12,15487.0,61,4,1,0.944,0.926,1.8,0.266,2,7357.64,concept_drift,2024-01,6766.1170734791
ID0003353,2024-02-17,2,11,9799.0,24,1,1,0.961,0.984,1.8,0.091,0,7288.18,concept_drift,2024-02,6780.666999871426
ID0003354,2024-11-21,2,10,20091.0,34,1,0,0.854,0.977,1.2,0.327,14,5398.02,concept_drift,2024-11,4743.106762026549
ID0003355,2024-02-15,3,9,14851.0,66,1,0,0.948,0.917,1.4,0.424,4,5532.13,concept_drift,2024-02,4836.902142168562
ID0003356,2024-04-21,0,10,8408.0,37,1,0,0.776,0.923,1.0,0.48,10,4876.27,concept_drift,2024-04,4603.083132557229
ID0003357,2024-04-09,2,0,22234.0,44,1,2,1.348,1.241,0.4,0.349,4,4514.52,concept_drift,2024-04,4001.1844809550093
ID0003358,2024-11-21,1,5,18255.0,67,0,1,0.984,1.029,1.8,0.266,0,6270.42,concept_drift,2024-11,5477.123728204258
ID0003359,2024-10-11,3,16,12321.0,55,4,2,1.085,1.063,1.8,0.15,0,7767.85,concept_drift,2024-10,7206.029078068359
ID0003360,2024-01-18,4,8,30574.0,31,1,1,1.093,1.168,1.4,0.302,1,6278.72,concept_drift,2024-01,5453.596598215823
ID0003361,2024-04-18,0,2,15044.0,59,1,0,0.978,0.787,1.4,0.034,21,5013.36,concept_drift,2024-04,4443.4066777774015
ID0003362,2024-09-17,0,6,9037.0,49,1,2,1.067,1.223,1.4,0.361,0,6376.95,concept_drift,2024-09,5806.3904025863685
ID0003363,2024-01-26,0,11,6263.0,49,3,1,0.954,0.925,1.2,0.528,3,6201.45,concept_drift,2024-01,5752.883782438895
ID0003364,2024-09-19,0,6,8903.0,71,0,1,1.086,0.943,1.2,0.186,3,4927.83,concept_drift,2024-09,4154.635241149013
ID0003365,2024-01-08,2,9,14232.0,47,2,2,1.178,1.354,1.2,0.227,5,6508.92,concept_drift,2024-01,5874.692772780692
ID0003366,2024-09-03,0,15,5000.0,73,1,2,0.969,1.349,0.4,0.271,7,4357.17,concept_drift,2024-09,4180.901993391303
ID0003367,2024-12-21,3,7,15174.0,26,1,2,1.122,1.205,1.2,0.38,1,6086.41,concept_drift,2024-12,5524.860439206849
ID0003368,2024-05-15,2,8,15170.0,34,0,2,1.204,1.141,1.8,0.551,10,7269.85,concept_drift,2024-05,6452.6002433865915
ID0003369,2024-05-10,1,13,8174.0,47,3,1,1.084,1.264,1.2,0.308,4,6455.19,concept_drift,2024-05,6003.100531907711
ID0003370,2024-11-03,1,11,12141.0,61,3,1,1.05,0.854,1.4,0.388,2,6346.68,concept_drift,2024-11,5742.588172826627
ID0003371,2024-06-19,4,9,34771.0,74,0,2,1.229,1.211,0.4,0.312,30,4181.61,concept_drift,2024-06,3534.2703616919025
ID0003372,2024-06-11,1,5,10978.0,43,0,1,1.033,1.134,1.8,0.081,14,6368.76,concept_drift,2024-06,5689.2404390266565
ID0003373,2024-07-14,2,5,21915.0,73,1,1,1.075,1.142,0.4,0.37,2,3792.56,concept_drift,2024-07,3535.648796134949
ID0003374,2024-02-24,3,11,18860.0,32,1,2,1.111,1.235,1.1,0.325,0,5990.15,concept_drift,2024-02,5463.073209968746
ID0003375,2024-01-01,4,0,44791.0,21,1,1,1.147,0.982,1.2,0.315,6,6136.2,concept_drift,2024-01,5620.036987384009
ID0003376,2024-09-10,1,15,5470.0,70,2,2,1.195,1.025,1.1,0.35,0,5754.32,concept_drift,2024-09,5448.635858561675
ID0003377,2024-06-09,2,6,16943.0,75,0,2,1.273,1.055,1.2,0.205,0,5083.08,concept_drift,2024-06,4482.731506324342
ID0003378,2024-10-07,4,15,24914.0,32,4,2,1.109,1.286,1.4,0.75,21,8398.47,concept_drift,2024-10,7760.256483871544
ID0003379,2024-04-28,2,8,19133.0,38,1,2,1.277,1.113,1.4,0.648,7,6751.0,concept_drift,2024-04,6084.913357237957
ID0003380,2024-07-04,2,15,15524.0,67,0,1,0.949,1.077,1.0,0.237,21,5127.83,concept_drift,2024-07,4417.098431495934
ID0003381,2024-05-17,2,10,12657.0,75,0,2,1.278,1.442,1.4,0.255,10,6260.26,concept_drift,2024-05,5579.368193808935
ID0003382,2024-11-13,3,17,7194.0,19,3,1,0.897,0.94,1.2,0.172,0,6665.54,concept_drift,2024-11,6563.184415750452
ID0003383,2024-08-13,2,1,24244.0,46,2,2,1.157,1.195,1.0,0.309,14,5799.24,concept_drift,2024-08,5369.941608671186
ID0003384,2024-12-20,3,11,14520.0,56,1,1,1.085,0.945,0.4,0.391,14,3848.31,concept_drift,2024-12,3543.3970661501285
ID0003385,2024-01-23,1,9,12243.0,56,4,2,1.223,1.256,1.8,0.232,5,7983.44,concept_drift,2024-01,7477.682276565203
ID0003386,2024-07-05,1,14,5683.0,18,3,2,1.222,1.185,1.2,0.311,4,7436.61,concept_drift,2024-07,7121.6342485465175
ID0003387,2024-01-04,2,7,18187.0,65,2,2,1.196,1.132,1.2,0.353,4,6055.97,concept_drift,2024-01,5529.813773119611
ID0003388,2024-09-03,3,7,24022.0,59,2,2,1.192,1.093,1.0,0.291,10,5606.37,concept_drift,2024-09,5165.734414244275
ID0003389,2024-12-24,1,9,9931.0,47,3,0,0.83,0.948,1.8,0.042,0,6481.63,concept_drift,2024-12,6187.2975382598715
ID0003390,2024-10-16,3,8,21711.0,59,3,2,1.358,1.057,1.2,0.471,7,6437.76,concept_drift,2024-10,6042.523685882253
ID0003391,2024-10-15,2,8,19438.0,54,2,1,0.782,1.008,1.2,0.232,0,5444.85,concept_drift,2024-10,5154.0963345890605
ID0003392,2024-05-02,2,12,20618.0,54,1,2,1.242,1.232,1.0,0.173,6,5546.82,concept_drift,2024-05,5028.252498444837
ID0003393,2024-11-02,1,14,5670.0,64,1,2,1.125,1.286,1.4,0.296,0,6596.9,concept_drift,2024-11,5797.574381251742
ID0003394,2024-11-09,3,16,9487.0,73,3,0,0.963,0.839,1.2,0.194,0,5463.85,concept_drift,2024-11,5185.900490158327
ID0003395,2024-07-08,3,9,18892.0,48,0,1,1.009,1.03,1.8,0.227,6,6364.6,concept_drift,2024-07,5759.80386106819
ID0003396,2024-03-23,3,6,22430.0,37,2,2,1.149,1.061,0.4,0.426,3,4286.15,concept_drift,2024-03,4180.888810771454
ID0003397,2024-12-17,1,8,12035.0,77,3,2,1.167,1.212,1.4,0.492,3,7142.59,concept_drift,2024-12,6345.273067007985
ID0003398,2024-04-21,3,11,10394.0,32,2,1,0.982,0.947,1.0,0.228,2,5316.12,concept_drift,2024-04,4983.601558077063
ID0003399,2024-09-10,3,5,21382.0,29,2,2,1.06,1.317,1.2,0.37,0,6394.83,concept_drift,2024-09,5969.555915939642
ID0003400,2024-06-02,2,15,10471.0,68,2,1,1.063,0.921,1.0,0.358,2,5022.42,concept_drift,2024-06,4826.263011703782
ID0003401,2024-12-11,1,6,12337.0,62,3,2,1.008,1.155,1.0,0.41,4,5969.26,concept_drift,2024-12,5612.428487937739
ID0003402,2024-01-07,1,2,15987.0,38,3,0,1.01,0.821,1.4,0.136,0,5709.29,concept_drift,2024-01,5245.942121081158
ID0003403,2024-08-26,4,3,28307.0,68,2,2,1.141,1.341,1.2,0.37,0,6247.45,concept_drift,2024-08,5704.7038251019385
ID0003404,2024-07-20,2,10,17738.0,44,2,0,0.833,0.86,1.2,0.052,5,5156.39,concept_drift,2024-07,4673.562445327321
ID0003405,2024-07-03,2,10,16967.0,73,2,2,1.414,1.265,0.4,0.465,14,4947.12,concept_drift,2024-07,4453.824310628725
ID0003406,2024-06-16,2,10,16047.0,35,1,2,1.186,1.197,1.2,0.531,5,6197.3,concept_drift,2024-06,5754.748070022137
ID0003407,2024-02-23,1,4,15129.0,55,4,0,0.892,0.979,1.0,0.136,4,5226.46,concept_drift,2024-02,4954.601509349622
ID0003408,2024-11-12,1,4,13227.0,64,1,2,1.154,1.386,1.8,0.489,2,7486.88,concept_drift,2024-11,6562.682789067385
ID0003409,2024-04-25,0,15,6759.0,68,1,2,1.206,1.346,1.2,0.164,0,6013.08,concept_drift,2024-04,5534.02916781392
ID0003410,2024-03-16,1,9,14483.0,62,2,2,1.239,1.202,1.0,0.369,3,5768.05,concept_drift,2024-03,5368.441968922692
ID0003411,2024-04-08,1,14,7194.0,51,3,1,0.943,0.903,1.2,0.08,0,5668.72,concept_drift,2024-04,5368.693449988243
ID0003412,2024-12-25,0,7,7368.0,28,0,0,0.931,0.9,1.2,0.416,1,5015.28,concept_drift,2024-12,4210.4412429545055
ID0003413,2024-09-16,3,9,17461.0,36,3,1,0.991,1.159,1.8,0.495,14,7981.92,concept_drift,2024-09,7005.093713290046
ID0003414,2024-01-23,3,9,17214.0,35,1,2,1.335,1.179,1.2,0.16,0,5705.37,concept_drift,2024-01,5257.206272656598
ID0003415,2024-08-20,1,0,23761.0,23,2,1,0.987,1.088,1.2,0.614,14,6894.64,concept_drift,2024-08,6285.688208176061
ID0003416,2024-10-21,1,6,16034.0,53,1,1,0.947,1.038,1.8,0.28,6,6587.68,concept_drift,2024-10,5968.093289972533
ID0003417,2024-11-17,1,3,18610.0,38,1,1,0.912,0.952,1.2,0.057,2,4964.75,concept_drift,2024-11,4618.401514078418
ID0003418,2024-04-13,1,11,10942.0,34,1,0,0.977,0.978,1.2,0.455,10,5750.93,concept_drift,2024-04,4869.38000279458
ID0003419,2024-07-16,1,12,9042.0,33,1,0,0.898,0.925,1.2,0.284,1,5181.54,concept_drift,2024-07,4688.344152670599
ID0003420,2024-02-27,3,7,25742.0,61,2,0,0.853,0.887,1.2,0.23,1,5153.31,concept_drift,2024-02,4576.189926475649
ID0003421,2024-09-23,2,13,11368.0,61,2,2,1.032,1.233,1.4,0.183,10,6595.78,concept_drift,2024-09,6106.485723461019
ID0003422,2024-10-25,1,9,9984.0,24,3,0,0.94,0.866,1.4,0.269,14,6914.53,concept_drift,2024-10,6616.534479327521
ID0003423,2024-08-17,3,9,16335.0,75,0,1,1.042,1.08,1.2,0.038,21,5088.2,concept_drift,2024-08,4340.734463008096
ID0003424,2024-10-12,2,12,9241.0,63,1,0,0.933,0.96,1.8,0.295,21,6714.68,concept_drift,2024-10,5828.990213920053
ID0003425,2024-05-10,3,7,19022.0,44,0,1,0.94,0.979,1.2,0.271,2,5125.57,concept_drift,2024-05,4471.193454458807
ID0003426,2024-12-05,2,15,10079.0,46,2,2,1.176,1.188,1.8,0.333,3,7549.04,concept_drift,2024-12,7084.207187163961
ID0003427,2024-09-25,2,19,10281.0,41,0,1,1.071,1.013,1.8,0.218,0,6365.29,concept_drift,2024-09,5936.702926424314
ID0003428,2024-08-01,2,4,32797.0,54,2,1,1.005,1.032,1.2,0.49,0,5785.2,concept_drift,2024-08,5166.372218350628
ID0003429,2024-03-06,0,6,12795.0,48,2,2,1.099,1.135,1.4,0.153,5,6262.91,concept_drift,2024-03,5892.124122637143
ID0003430,2024-09-13,0,8,11242.0,19,1,1,0.952,1.189,1.2,0.561,7,6849.09,concept_drift,2024-09,6396.120187872062
ID0003431,2024-11-22,4,15,14690.0,29,2,1,0.967,1.007,1.4,0.189,21,6436.06,concept_drift,2024-11,5982.3575684535
ID0003432,2024-06-15,3,13,15410.0,50,1,2,1.022,1.138,1.2,0.279,10,5914.52,concept_drift,2024-06,5475.838762031982
ID0003433,2024-11-13,2,0,29122.0,24,1,2,1.292,1.259,1.4,0.648,1,7462.16,concept_drift,2024-11,6634.731728571098
ID0003434,2024-04-25,1,17,5000.0,30,2,1,1.082,0.788,1.8,0.117,7,6690.86,concept_drift,2024-04,6315.6628735460645
ID0003435,2024-06-12,3,8,13026.0,37,1,2,1.157,1.206,1.2,0.157,0,5792.8,concept_drift,2024-06,5290.63778279822
ID0003436,2024-07-28,4,9,26638.0,72,0,2,1.181,1.02,1.4,0.1,2,5469.99,concept_drift,2024-07,4900.926748175685
ID0003437,2024-12-19,0,5,10101.0,77,0,1,0.944,1.242,1.2,0.724,0,5467.16,concept_drift,2024-12,4541.1997398077465
ID0003438,2024-08-27,2,1,61628.0,23,0,2,1.168,1.215,1.2,0.172,3,6090.45,concept_drift,2024-08,5891.478601545387
ID0003439,2024-07-08,2,14,10805.0,63,4,1,1.188,0.941,1.2,0.584,4,6598.64,concept_drift,2024-07,6195.790210727371
ID0003440,2024-04-19,3,5,40356.0,24,0,1,0.931,1.006,1.0,0.421,30,6093.35,concept_drift,2024-04,5141.447803752071
ID0003441,2024-02-14,1,6,14479.0,46,3,0,0.901,0.984,1.4,0.534,4,6355.55,concept_drift,2024-02,5842.126831896808
ID0003442,2024-09-12,2,0,38788.0,66,0,1,0.928,0.948,1.2,0.215,3,4848.11,concept_drift,2024-09,4008.6231284114633
ID0003443,2024-07-06,2,13,17126.0,73,0,2,1.174,1.103,1.8,0.232,14,6863.87,concept_drift,2024-07,5989.810166984337
ID0003444,2024-08-28,1,15,9027.0,55,2,2,1.206,1.126,1.0,0.319,14,5967.38,concept_drift,2024-08,5625.75109786762
ID0003445,2024-09-14,1,14,5948.0,20,0,1,1.036,1.036,1.4,0.204,0,6599.03,concept_drift,2024-09,5733.228418014665
ID0003446,2024-08-06,2,0,45241.0,66,3,1,1.054,0.997,1.0,0.254,2,5080.96,concept_drift,2024-08,4864.359194961535
ID0003447,2024-06-16,1,7,15550.0,41,2,1,0.977,0.923,1.8,0.246,4,6765.06,concept_drift,2024-06,6228.077851500998
ID0003448,2024-05-16,3,8,19735.0,51,3,2,1.212,1.236,1.2,0.098,3,6115.61,concept_drift,2024-05,5975.580358775892
ID0003449,2024-06-04,2,0,26463.0,51,1,2,1.099,1.118,1.2,0.519,7,5874.13,concept_drift,2024-06,5296.08581337565
ID0003450,2024-11-08,3,11,15004.0,21,2,2,1.292,1.032,1.8,0.163,7,8014.61,concept_drift,2024-11,7503.783204670904
ID0003451,2024-01-13,3,12,13148.0,75,0,1,1.043,1.045,1.2,0.294,0,5135.27,concept_drift,2024-01,4422.636896564489
ID0003452,2024-09-14,2,18,6657.0,18,3,0,0.75,0.948,0.4,0.711,30,5829.62,concept_drift,2024-09,5928.8674724146185
ID0003453,2024-09-15,2,4,17727.0,59,2,1,1.016,1.066,1.1,0.351,2,5432.25,concept_drift,2024-09,4928.44348835626
ID0003454,2024-10-05,2,11,12191.0,74,1,2,1.196,1.06,1.2,0.127,1,5491.55,concept_drift,2024-10,4900.429448292367
ID0003455,2024-06-18,1,16,8043.0,64,1,1,0.925,0.97,1.2,0.019,5,5059.09,concept_drift,2024-06,4693.854717824859
ID0003456,2024-11-16,3,0,34294.0,39,0,0,0.858,0.889,1.4,0.133,0,4765.03,concept_drift,2024-11,4140.206920035211
ID0003457,2024-12-14,2,11,11415.0,36,0,2,1.112,1.273,1.0,0.493,7,5756.86,concept_drift,2024-12,5106.076646157464
ID0003458,2024-11-13,0,4,10739.0,49,3,2,1.164,1.313,1.2,0.344,0,6619.58,concept_drift,2024-11,6241.509045601467
ID0003459,2024-08-28,1,8,14523.0,64,4,2,1.124,1.448,1.4,0.652,1,7728.35,concept_drift,2024-08,7057.736954879844
ID0003460,2024-05-28,3,5,25753.0,30,1,1,1.032,1.135,1.2,0.196,3,5546.61,concept_drift,2024-05,5047.321580308363
ID0003461,2024-03-15,2,2,22500.0,38,3,1,0.944,0.839,0.4,0.357,3,4136.71,concept_drift,2024-03,3876.6956028609325
ID0003462,2024-05-11,1,13,7853.0,47,2,1,0.972,1.012,1.4,0.288,21,6479.82,concept_drift,2024-05,5966.481692463453
ID0003463,2024-10-23,2,9,15714.0,32,4,2,1.242,1.157,1.8,0.068,30,7941.75,concept_drift,2024-10,7383.060567363151
ID0003464,2024-07-27,1,9,9908.0,29,2,2,1.155,1.146,1.2,0.272,1,6157.63,concept_drift,2024-07,5775.785153610475
ID0003465,2024-10-15,1,18,8578.0,43,0,1,0.956,0.75,1.2,0.197,4,4765.95,concept_drift,2024-10,4295.678987995058
ID0003466,2024-08-11,2,3,29403.0,65,3,0,0.835,0.969,1.4,0.412,2,5964.46,concept_drift,2024-08,5475.233593318636
ID0003467,2024-06-07,2,10,16429.0,51,0,1,0.968,1.096,1.2,0.142,1,5087.22,concept_drift,2024-06,4550.294964123623
ID0003468,2024-12-23,0,10,6096.0,78,2,1,1.058,0.928,1.8,0.583,0,6987.98,concept_drift,2024-12,6149.755154517922
ID0003469,2024-05-08,2,3,20823.0,65,0,2,1.269,1.299,1.2,0.107,30,5926.97,concept_drift,2024-05,4968.4822753814215
ID0003470,2024-08-17,1,6,18298.0,60,2,0,0.793,0.966,1.0,0.044,1,4428.24,concept_drift,2024-08,4091.54618692756
ID0003471,2024-03-06,0,8,7024.0,51,2,2,1.376,1.317,1.4,0.214,0,6440.28,concept_drift,2024-03,6179.492079813017
ID0003472,2024-10-26,2,10,21924.0,34,1,1,0.965,0.987,1.2,0.4,1,5454.45,concept_drift,2024-10,5011.189820013012
ID0003473,2024-02-19,1,0,16275.0,32,1,2,1.175,1.53,1.8,0.347,0,7684.19,concept_drift,2024-02,6710.262859888319
ID0003474,2024-07-14,0,3,13459.0,33,3,0,0.993,0.96,1.2,0.4,1,5746.7,concept_drift,2024-07,5366.441949549652
ID0003475,2024-03-15,0,6,9742.0,60,4,2,1.132,1.419,1.4,0.082,30,7448.17,concept_drift,2024-03,6983.93418198357
ID0003476,2024-10-08,2,8,20158.0,40,0,2,1.267,1.281,1.8,0.274,0,7131.77,concept_drift,2024-10,6214.789320318981
ID0003477,2024-06-21,2,16,7635.0,31,0,1,1.07,0.848,3.2,0.633,30,10225.58,concept_drift,2024-06,8707.696138269128
ID0003478,2024-09-12,0,4,17953.0,18,0,1,1.005,0.859,1.4,0.293,5,6033.05,concept_drift,2024-09,5438.580541363935
ID0003479,2024-02-27,1,7,12481.0,66,1,1,1.182,1.046,1.4,0.2,1,5548.61,concept_drift,2024-02,5046.9783609687665
ID0003480,2024-09-22,3,14,9900.0,76,1,2,1.215,1.216,1.2,0.572,1,6076.59,concept_drift,2024-09,5554.487615108652
ID0003481,2024-02-12,1,6,12604.0,53,3,1,1.003,0.924,1.4,0.145,4,6020.86,concept_drift,2024-02,5621.820060488682
ID0003482,2024-02-09,1,15,5695.0,75,2,2,1.128,1.324,1.4,0.065,2,6401.2,concept_drift,2024-02,5993.954140497416
ID0003483,2024-02-27,2,10,14965.0,61,1,1,0.959,0.987,1.8,0.148,0,6250.4,concept_drift,2024-02,5701.275158699097
ID0003484,2024-09-27,3,4,39479.0,41,2,1,1.109,1.136,1.4,0.171,1,5951.02,concept_drift,2024-09,5458.334810673272
ID0003485,2024-12-24,2,0,30439.0,63,0,1,0.95,0.75,1.4,0.521,6,5086.69,concept_drift,2024-12,4426.794908098248
ID0003486,2024-07-19,1,10,13318.0,39,2,1,1.096,1.125,1.2,0.067,10,5834.51,concept_drift,2024-07,5315.207931084431
ID0003487,2024-07-22,1,4,14105.0,50,2,2,1.081,1.257,1.2,0.641,1,6412.95,concept_drift,2024-07,5905.474749906316
ID0003488,2024-11-09,4,11,33311.0,33,1,2,1.282,1.261,1.4,0.336,6,6511.36,concept_drift,2024-11,6027.332696391478
ID0003489,2024-11-26,2,9,15156.0,23,1,0,0.889,1.029,1.2,0.192,0,6130.35,concept_drift,2024-11,5456.792294171372
ID0003490,2024-07-02,2,11,14526.0,36,4,1,1.008,1.048,1.4,0.476,0,6981.49,concept_drift,2024-07,6461.169073942293
ID0003491,2024-08-24,2,2,20671.0,71,0,1,1.077,0.842,1.4,0.362,0,5033.0,concept_drift,2024-08,4447.382885461213
ID0003492,2024-06-24,1,6,16090.0,53,4,2,1.168,1.151,1.1,0.279,1,6417.84,concept_drift,2024-06,6180.876841173362
ID0003493,2024-03-10,2,6,24194.0,49,3,2,1.078,1.176,1.2,0.446,2,6742.76,concept_drift,2024-03,6085.865196771372
ID0003494,2024-01-02,2,19,5000.0,69,1,2,1.241,1.433,1.8,0.339,10,7581.78,concept_drift,2024-01,7265.058434037403
ID0003495,2024-06-12,4,14,14437.0,51,2,2,1.196,1.302,1.8,0.058,1,7515.53,concept_drift,2024-06,6827.917308575501
ID0003496,2024-03-20,2,8,22574.0,79,0,1,1.032,1.045,1.2,0.302,1,4980.98,concept_drift,2024-03,4362.03176121973
ID0003497,2024-01-26,2,4,22137.0,76,2,2,1.238,1.196,1.8,0.138,4,6925.12,concept_drift,2024-01,6448.521196491204
ID0003498,2024-09-15,4,9,32275.0,51,1,1,1.052,0.872,1.4,0.387,0,5715.64,concept_drift,2024-09,5077.377279451719
ID0003499,2024-09-26,0,16,5000.0,69,1,0,0.857,0.882,1.2,0.394,0,4993.56,concept_drift,2024-09,4457.2943394550775
ID0003500,2024-08-15,3,8,26082.0,39,1,0,0.917,0.884,1.8,0.294,2,6159.53,concept_drift,2024-08,5602.978172068742
ID0003501,2024-03-23,3,10,12605.0,43,3,1,0.984,1.012,1.2,0.027,3,5742.83,concept_drift,2024-03,5495.71112268715
ID0003502,2024-04-28,0,10,8770.0,54,1,1,1.016,0.75,1.4,0.395,14,5827.65,concept_drift,2024-04,5086.523646580465
ID0003503,2024-09-07,0,6,13677.0,78,2,1,1.149,1.017,0.4,0.178,7,3664.83,concept_drift,2024-09,3475.833666312763
ID0003504,2024-10-05,2,13,12179.0,29,1,2,1.211,0.985,1.4,0.202,0,5948.89,concept_drift,2024-10,5634.569416761577
ID0003505,2024-03-04,3,0,26565.0,27,3,2,1.278,1.04,1.8,0.204,5,7264.22,concept_drift,2024-03,6728.133617704043
ID0003506,2024-01-06,4,6,49112.0,25,0,0,0.954,0.949,1.2,0.247,7,5065.89,concept_drift,2024-01,4375.6507581360875
ID0003507,2024-08-15,1,8,9385.0,38,2,2,0.977,1.324,1.4,0.39,1,6940.36,concept_drift,2024-08,6442.496129697407
ID0003508,2024-06-21,0,14,5000.0,18,3,2,1.156,1.101,1.2,0.058,10,7322.81,concept_drift,2024-06,6693.251145830714
ID0003509,2024-02-26,4,3,51741.0,47,2,2,1.122,1.206,0.4,0.13,30,4560.57,concept_drift,2024-02,4581.200728525953
ID0003510,2024-03-27,3,4,19013.0,42,1,2,1.211,1.126,1.2,0.167,21,5828.79,concept_drift,2024-03,5279.055874779418
ID0003511,2024-07-27,2,4,27238.0,49,3,2,1.174,1.282,1.4,0.651,0,7125.11,concept_drift,2024-07,6642.043929776327
ID0003512,2024-07-28,1,15,7215.0,44,3,1,0.77,1.036,1.4,0.427,0,6772.12,concept_drift,2024-07,6306.134997260675
ID0003513,2024-01-23,1,10,13939.0,28,1,2,1.219,1.241,1.4,0.201,14,6652.62,concept_drift,2024-01,5969.70179655144
ID0003514,2024-10-23,2,7,21878.0,55,4,2,1.066,1.141,1.1,0.649,2,6893.22,concept_drift,2024-10,6429.291528717112
ID0003515,2024-11-16,2,7,18722.0,31,2,2,1.198,1.249,1.2,0.115,1,6185.27,concept_drift,2024-11,5700.35766239992
ID0003516,2024-10-15,2,1,35063.0,35,2,2,1.034,0.972,1.2,0.022,1,5437.54,concept_drift,2024-10,5173.6216470293275
ID0003517,2024-02-08,0,6,13272.0,46,3,2,1.274,1.25,1.2,0.408,0,6442.92,concept_drift,2024-02,6128.202130319785
ID0003518,2024-11-22,3,10,21199.0,30,3,2,1.258,1.116,1.8,0.111,1,7506.99,concept_drift,2024-11,6965.491899937619
ID0003519,2024-10-23,2,15,7621.0,52,0,2,1.122,1.214,1.4,0.176,1,5998.71,concept_drift,2024-10,5429.858237895854
ID0003520,2024-02-25,0,17,5046.0,60,4,1,0.982,0.942,1.0,0.405,2,5728.64,concept_drift,2024-02,5703.897539170601
ID0003521,2024-08-16,2,10,10657.0,30,3,1,1.056,1.115,1.4,0.517,10,6873.19,concept_drift,2024-08,6348.560805620942
ID0003522,2024-06-03,4,2,52521.0,31,2,1,0.977,0.977,1.8,0.139,7,6701.0,concept_drift,2024-06,6278.115956803026
ID0003523,2024-01-19,0,3,10443.0,26,0,2,1.178,1.281,1.1,0.064,6,5358.0,concept_drift,2024-01,4761.309712035824
ID0003524,2024-03-12,1,7,17018.0,35,3,1,1.105,1.156,1.2,0.628,0,6538.16,concept_drift,2024-03,5998.643426715142
ID0003525,2024-03-02,2,8,16557.0,77,3,2,1.167,1.188,1.8,0.336,1,7737.63,concept_drift,2024-03,6929.212187035902
ID0003526,2024-08-05,0,16,6090.0,72,3,2,1.129,1.074,1.2,0.401,1,6153.22,concept_drift,2024-08,5985.119550712024
ID0003527,2024-12-19,1,9,12473.0,59,3,0,0.847,0.939,1.8,0.472,5,7062.91,concept_drift,2024-12,6490.868686747232
ID0003528,2024-02-15,1,12,7835.0,77,1,2,1.134,1.224,1.2,0.194,4,5638.16,concept_drift,2024-02,5181.296894673759
ID0003529,2024-06-03,1,7,20116.0,22,2,1,0.97,0.909,1.8,0.081,3,7511.25,concept_drift,2024-06,6904.101350761273
ID0003530,2024-06-22,0,19,5000.0,46,0,1,0.919,1.021,1.0,0.25,21,5286.08,concept_drift,2024-06,4606.848087646789
ID0003531,2024-06-19,2,6,19560.0,58,1,2,1.197,1.161,1.0,0.114,1,5064.48,concept_drift,2024-06,4694.383259544841
ID0003532,2024-09-26,2,12,11848.0,61,1,2,1.253,1.254,1.4,0.655,4,6851.71,concept_drift,2024-09,6063.09848887524
ID0003533,2024-05-03,3,5,23598.0,61,2,1,1.083,1.042,1.8,0.343,1,7004.08,concept_drift,2024-05,6155.7533187370545
ID0003534,2024-11-21,3,10,18633.0,37,0,1,1.059,0.993,1.2,0.068,2,4925.79,concept_drift,2024-11,4464.016336254856
ID0003535,2024-07-17,3,9,17030.0,44,0,0,0.858,1.022,3.2,0.275,3,9280.21,concept_drift,2024-07,8067.769799033294
ID0003536,2024-06-19,1,12,8100.0,24,0,2,1.166,1.28,1.8,0.273,10,8005.8,concept_drift,2024-06,7188.65634713651
ID0003537,2024-10-06,2,6,18051.0,35,1,1,0.874,0.948,1.4,0.111,4,5567.79,concept_drift,2024-10,5155.6564155251235
ID0003538,2024-07-13,2,9,11595.0,44,3,0,0.929,1.011,1.0,0.278,1,5241.06,concept_drift,2024-07,5072.480226394986
ID0003539,2024-05-09,3,10,25646.0,61,1,1,0.919,1.067,1.4,0.194,2,5678.28,concept_drift,2024-05,5124.583868213474
ID0003540,2024-08-27,2,9,18967.0,68,3,2,1.169,1.203,1.8,0.342,2,7601.61,concept_drift,2024-08,7005.657061802695
ID0003541,2024-01-02,1,13,11045.0,79,2,2,1.125,1.19,1.8,0.334,30,7772.17,concept_drift,2024-01,6968.609004399265
ID0003542,2024-07-15,1,6,13523.0,75,2,2,1.281,1.011,1.2,0.368,0,5593.54,concept_drift,2024-07,5319.678893494032
ID0003543,2024-05-17,0,8,7176.0,36,0,2,1.249,1.157,1.2,0.623,0,5886.12,concept_drift,2024-05,5269.404436997792
ID0003544,2024-04-07,1,10,10223.0,63,2,1,0.933,0.992,1.4,0.383,1,6158.16,concept_drift,2024-04,5550.0278117782855
ID0003545,2024-02-01,0,8,8976.0,40,3,1,1.039,1.17,1.4,0.077,2,6267.09,concept_drift,2024-02,5819.698293016518
ID0003546,2024-11-26,2,9,12334.0,38,2,1,1.052,1.109,1.4,0.342,3,6557.71,concept_drift,2024-11,5800.138579169085
ID0003547,2024-12-20,1,4,21118.0,74,1,1,1.106,0.942,1.2,0.303,0,5135.78,concept_drift,2024-12,4470.558626253097
ID0003548,2024-08-18,1,10,9022.0,65,1,2,1.176,1.167,0.4,0.55,1,4387.02,concept_drift,2024-08,4084.2117816982786
ID0003549,2024-04-07,2,7,13875.0,40,4,2,1.136,1.317,1.2,0.223,0,6671.92,concept_drift,2024-04,6474.820756626551
ID0003550,2024-07-10,1,10,10913.0,37,3,1,0.945,0.961,1.8,0.5,1,7369.63,concept_drift,2024-07,6826.249496182601
ID0003551,2024-03-17,2,14,7373.0,79,2,1,1.033,1.08,1.4,0.384,14,6438.4,concept_drift,2024-03,5669.763929738993
ID0003552,2024-05-06,2,11,14302.0,26,2,1,0.948,0.944,1.2,0.225,30,6120.02,concept_drift,2024-05,5610.900406864215
ID0003553,2024-10-20,3,6,20283.0,29,4,1,1.101,0.933,1.2,0.38,30,6648.02,concept_drift,2024-10,6112.699552631854
ID0003554,2024-11-22,3,5,20150.0,45,0,2,1.151,1.327,1.0,0.685,0,5761.95,concept_drift,2024-11,4867.02373402514
ID0003555,2024-09-02,0,5,13134.0,55,1,1,1.005,1.045,1.8,0.197,2,6414.5,concept_drift,2024-09,5813.627320387324
ID0003556,2024-03-06,2,0,29790.0,47,1,2,1.19,1.153,1.2,0.17,5,5470.22,concept_drift,2024-03,5050.9487634898915
ID0003557,2024-09-05,1,0,14920.0,59,2,2,1.133,1.201,1.2,0.11,2,5604.39,concept_drift,2024-09,5344.28374425795
ID0003558,2024-06-04,0,7,6239.0,69,1,2,1.253,1.399,1.2,0.254,3,6026.59,concept_drift,2024-06,5341.278615180973
ID0003559,2024-01-21,1,16,5585.0,43,2,1,1.005,0.901,1.2,0.427,0,6013.12,concept_drift,2024-01,5275.703875900965
ID0003560,2024-02-07,3,10,15563.0,28,3,2,1.167,1.13,1.0,0.539,0,6389.39,concept_drift,2024-02,5986.804978754192
ID0003561,2024-05-19,3,13,18298.0,70,2,1,1.106,0.974,1.4,0.284,2,6127.66,concept_drift,2024-05,5443.470488770947
ID0003562,2024-12-02,3,14,19464.0,59,0,2,1.145,1.156,3.2,0.3,1,10001.25,concept_drift,2024-12,8674.542835851456
ID0003563,2024-03-07,1,8,11175.0,71,3,2,1.169,1.229,1.8,0.472,2,7797.5,concept_drift,2024-03,7190.58373216542
ID0003564,2024-07-28,2,6,26084.0,30,1,1,0.929,1.052,1.2,0.256,10,5538.81,concept_drift,2024-07,5005.046777587794
ID0003565,2024-09-19,3,3,45155.0,66,3,1,1.042,1.069,1.2,0.183,3,5768.75,concept_drift,2024-09,5321.955818061562
ID0003566,2024-05-11,3,13,12750.0,47,1,1,1.008,0.86,1.8,0.191,0,6361.34,concept_drift,2024-05,5800.803498089766
ID0003567,2024-04-20,1,7,10511.0,18,3,1,1.005,0.987,1.2,0.35,21,6993.78,concept_drift,2024-04,6676.804624317957
ID0003568,2024-11-20,3,15,10106.0,28,1,1,1.075,1.168,1.4,0.494,1,6558.34,concept_drift,2024-11,5812.404229603745
ID0003569,2024-10-06,2,12,14983.0,34,1,1,0.94,1.159,1.2,0.348,2,5793.63,concept_drift,2024-10,5251.766053937947
ID0003570,2024-12-02,0,8,10506.0,64,1,2,1.413,1.265,1.4,0.236,21,6489.47,concept_drift,2024-12,5900.163067772954
ID0003571,2024-08-09,3,9,11677.0,77,2,2,1.213,1.2,1.2,0.307,0,5929.42,concept_drift,2024-08,5524.827577371019
ID0003572,2024-01-09,1,6,9452.0,23,2,1,1.064,1.06,1.2,0.078,5,6253.61,concept_drift,2024-01,6044.126417520729
ID0003573,2024-12-25,4,11,24937.0,56,1,0,0.943,0.997,1.2,0.245,30,5310.26,concept_drift,2024-12,4729.099807174328
ID0003574,2024-08-07,2,14,10689.0,24,1,1,1.108,1.176,1.8,0.137,6,7718.97,concept_drift,2024-08,7076.3639005010655
ID0003575,2024-03-08,1,8,11621.0,60,3,0,0.802,0.781,1.2,0.417,14,5630.81,concept_drift,2024-03,5238.420398885135
ID0003576,2024-07-12,1,9,14758.0,46,0,2,0.96,1.109,1.8,0.186,10,6837.54,concept_drift,2024-07,6025.749705756135
ID0003577,2024-03-21,3,9,18193.0,67,2,2,1.353,1.139,1.2,0.037,2,5805.62,concept_drift,2024-03,5340.11117926421
ID0003578,2024-12-11,1,10,10664.0,34,1,2,1.389,1.358,1.8,0.185,2,7432.89,concept_drift,2024-12,6848.985248591482
ID0003579,2024-04-05,3,2,36623.0,34,4,1,1.084,1.067,1.2,0.599,1,6495.03,concept_drift,2024-04,6016.589252363382
ID0003580,2024-06-25,1,8,12423.0,47,3,2,1.151,1.125,1.8,0.15,4,7541.21,concept_drift,2024-06,6855.3259906227095
ID0003581,2024-10-09,0,11,7096.0,55,1,1,0.958,0.968,1.4,0.285,3,5812.5,concept_drift,2024-10,5123.964428399439
ID0003582,2024-05-13,2,6,25630.0,18,0,1,0.984,1.08,1.8,0.238,7,7325.42,concept_drift,2024-05,6478.79483860522
ID0003583,2024-03-26,2,4,30003.0,66,0,1,0.913,1.12,1.2,0.343,2,5103.68,concept_drift,2024-03,4472.154464101383
ID0003584,2024-05-03,2,6,23620.0,43,1,2,1.096,1.395,1.2,0.516,14,6606.52,concept_drift,2024-05,5814.600164778029
ID0003585,2024-11-27,1,9,12553.0,67,3,2,1.048,1.027,1.8,0.097,2,7238.36,concept_drift,2024-11,6685.650779020433
ID0003586,2024-08-27,4,13,25976.0,36,4,0,1.044,0.847,1.0,0.341,0,5664.68,concept_drift,2024-08,5406.761774851032
ID0003587,2024-08-02,2,2,20165.0,38,2,2,1.087,1.266,1.8,0.135,1,7388.27,concept_drift,2024-08,6640.35637236499
ID0003588,2024-10-02,1,15,7300.0,23,2,1,0.97,0.959,1.0,0.24,10,6086.8,concept_drift,2024-10,5849.647519833779
ID0003589,2024-10-23,1,6,10076.0,45,1,1,1.002,1.042,1.4,0.363,1,5967.19,concept_drift,2024-10,5341.765214156042
ID0003590,2024-09-28,2,15,9290.0,60,3,1,0.911,1.187,1.8,0.264,4,7470.2,concept_drift,2024-09,6904.131199187897
ID0003591,2024-05-10,4,1,69345.0,32,2,2,1.241,1.544,1.4,0.556,5,7445.64,concept_drift,2024-05,6717.167020043231
ID0003592,2024-10-23,3,14,14334.0,40,2,2,1.194,1.084,0.4,0.398,10,4619.38,concept_drift,2024-10,4358.558211186325
ID0003593,2024-06-12,2,10,18669.0,58,1,1,1.029,1.033,1.8,0.24,6,6783.22,concept_drift,2024-06,5999.1003596716255
ID0003594,2024-11-21,3,5,23080.0,37,1,2,1.117,1.136,1.8,0.196,10,7027.2,concept_drift,2024-11,6351.681838290301
ID0003595,2024-04-20,3,7,17066.0,70,1,0,0.898,0.968,1.2,0.104,1,4620.21,concept_drift,2024-04,4177.4437148926845
ID0003596,2024-02-10,2,5,28620.0,45,3,2,1.139,1.199,0.4,0.294,2,4773.0,concept_drift,2024-02,4661.168743045933
ID0003597,2024-05-23,1,6,13710.0,68,1,2,1.348,1.163,1.8,0.438,30,7462.43,concept_drift,2024-05,6465.416152602362
ID0003598,2024-06-27,1,12,8107.0,43,1,1,0.986,1.054,1.2,0.284,21,5834.08,concept_drift,2024-06,5312.007193524822
ID0003599,2024-02-12,2,14,9569.0,61,2,2,1.258,1.048,1.2,0.756,2,6520.36,concept_drift,2024-02,6028.499879059284
ID0003600,2024-08-02,2,8,21498.0,56,1,1,1.042,0.979,0.4,0.492,30,4345.44,concept_drift,2024-08,3716.6711102522518
ID0003601,2024-08-14,0,9,8859.0,55,2,2,1.336,1.135,1.2,0.116,5,5950.0,concept_drift,2024-08,5535.788813105907
ID0003602,2024-03-07,3,10,20881.0,26,3,2,1.232,1.33,1.2,0.046,1,6461.49,concept_drift,2024-03,6222.302764851901
ID0003603,2024-07-20,2,5,19027.0,33,2,2,1.142,1.281,1.2,0.25,2,6391.66,concept_drift,2024-07,5828.680378457367
ID0003604,2024-11-22,1,9,15831.0,33,3,2,1.125,1.319,3.2,0.406,6,11135.44,concept_drift,2024-11,9865.203493166311
ID0003605,2024-03-05,1,4,10388.0,27,1,2,1.273,1.265,1.4,0.373,0,6527.03,concept_drift,2024-03,5950.172644825695
ID0003606,2024-08-13,1,17,5632.0,28,1,0,0.813,0.897,1.4,0.029,2,5468.35,concept_drift,2024-08,4936.187710969095
ID0003607,2024-09-18,1,6,15753.0,66,0,2,1.247,1.055,1.0,0.514,1,4891.44,concept_drift,2024-09,4440.023885910837
ID0003608,2024-04-12,2,9,13960.0,39,1,2,1.208,1.209,1.8,0.155,2,7212.39,concept_drift,2024-04,6394.7752340674715
ID0003609,2024-07-18,1,5,12648.0,67,1,1,1.137,0.95,1.0,0.167,2,4504.13,concept_drift,2024-07,4116.916671106712
ID0003610,2024-07-20,1,8,16254.0,26,1,1,1.079,0.984,1.8,0.493,3,6990.9,concept_drift,2024-07,6245.31394834719
ID0003611,2024-01-27,1,16,7905.0,77,1,1,0.945,0.808,1.4,0.645,2,5986.73,concept_drift,2024-01,5255.645965421428
ID0003612,2024-08-23,1,1,16944.0,64,1,2,1.153,1.263,1.2,0.331,21,6170.01,concept_drift,2024-08,5350.051751244125
ID0003613,2024-05-08,1,10,13126.0,35,0,0,0.839,0.911,1.0,0.068,4,4192.95,concept_drift,2024-05,3716.1087275560735
ID0003614,2024-02-11,1,17,5000.0,32,0,2,1.216,1.122,1.4,0.149,0,6092.03,concept_drift,2024-02,5529.2824568030965
ID0003615,2024-05-03,1,6,11889.0,55,1,1,0.958,0.964,1.0,0.171,0,4645.53,concept_drift,2024-05,4238.507055963227
ID0003616,2024-08-21,1,8,9922.0,48,1,2,1.186,1.331,1.8,0.099,14,7223.93,concept_drift,2024-08,6678.164832967621
ID0003617,2024-09-11,2,11,15607.0,43,0,2,1.058,1.298,1.4,0.817,0,6796.97,concept_drift,2024-09,5954.078616299335
ID0003618,2024-12-18,2,14,12587.0,19,1,0,0.856,0.873,1.2,0.245,3,6047.91,concept_drift,2024-12,5505.416175103915
ID0003619,2024-06-07,1,11,10858.0,79,2,2,1.01,1.158,1.2,0.13,1,5932.78,concept_drift,2024-06,5325.537462993324
ID0003620,2024-04-01,1,4,15073.0,19,4,0,0.963,0.93,1.8,0.159,0,7525.93,concept_drift,2024-04,7551.1290281676
ID0003621,2024-01-23,2,4,25462.0,46,2,0,0.947,0.848,1.2,0.472,21,5549.4,concept_drift,2024-01,4888.543297004486
ID0003622,2024-10-28,3,8,12151.0,64,2,0,0.873,0.926,1.8,0.151,2,6412.61,concept_drift,2024-10,5748.041312119126
ID0003623,2024-05-26,1,13,7294.0,67,2,0,0.81,0.984,1.4,0.148,0,5595.16,concept_drift,2024-05,5162.3184326223145
ID0003624,2024-12-24,3,0,33634.0,36,4,1,0.902,1.086,1.1,0.534,14,6415.39,concept_drift,2024-12,5755.8545189022025
ID0003625,2024-10-21,1,15,10208.0,58,0,1,1.034,1.205,1.8,0.165,0,6669.96,concept_drift,2024-10,5911.871404880106
ID0003626,2024-05-25,2,6,17410.0,28,3,2,1.062,1.131,1.4,0.393,0,7139.17,concept_drift,2024-05,6376.991763318938
ID0003627,2024-02-26,2,20,6572.0,69,0,2,1.292,1.103,1.4,0.39,0,6000.89,concept_drift,2024-02,5605.006034864903
ID0003628,2024-05-25,2,14,11093.0,18,1,0,0.885,1.034,1.2,0.238,14,6339.23,concept_drift,2024-05,5781.46537834268
ID0003629,2024-11-19,1,6,10301.0,71,0,1,1.143,0.982,1.8,0.321,4,6197.91,concept_drift,2024-11,5421.134480936948
ID0003630,2024-09-24,1,6,16394.0,63,0,2,1.033,1.208,1.4,0.312,6,5885.98,concept_drift,2024-09,5256.627788412397
ID0003631,2024-10-04,3,8,23396.0,37,2,1,1.134,1.001,1.8,0.084,1,6681.8,concept_drift,2024-10,6294.849458533483
ID0003632,2024-12-19,2,10,18331.0,64,1,2,1.137,1.151,1.4,0.382,0,6267.18,concept_drift,2024-12,5651.468375889267
ID0003633,2024-06-14,2,9,16250.0,22,2,2,1.343,1.165,1.8,0.106,3,8057.64,concept_drift,2024-06,7607.609457848102
ID0003634,2024-09-09,2,9,17671.0,36,0,1,1.02,1.108,1.8,0.409,0,6790.5,concept_drift,2024-09,5958.173131287138
ID0003635,2024-07-09,1,8,11667.0,28,0,1,0.933,0.993,1.8,0.191,4,6441.32,concept_drift,2024-07,5706.459435855771
ID0003636,2024-06-02,2,1,42532.0,73,3,2,1.245,1.419,1.4,0.196,0,6664.04,concept_drift,2024-06,6153.811743367488
ID0003637,2024-12-01,3,8,19838.0,31,3,1,0.942,0.959,1.2,0.231,1,5877.02,concept_drift,2024-12,5636.597632626106
ID0003638,2024-02-08,4,9,26580.0,58,4,1,0.867,1.049,1.8,0.254,1,7276.63,concept_drift,2024-02,6804.228729131967
ID0003639,2024-10-16,3,8,16385.0,44,0,2,1.116,1.263,1.8,0.222,3,6944.51,concept_drift,2024-10,6128.2901700770635
ID0003640,2024-07-18,1,11,12842.0,56,1,1,0.977,1.0,3.2,0.338,7,9725.1,concept_drift,2024-07,8859.168345463122
ID0003641,2024-01-06,3,2,23320.0,29,0,1,1.007,0.968,1.2,0.302,2,5272.04,concept_drift,2024-01,4536.981918008942
ID0003642,2024-10-20,0,18,5361.0,60,3,2,1.169,1.133,1.1,0.174,0,6156.31,concept_drift,2024-10,5881.234761256226
ID0003643,2024-07-04,2,9,19445.0,55,2,2,1.408,1.431,1.2,0.571,14,7028.7,concept_drift,2024-07,6326.106353362361
ID0003644,2024-08-24,3,14,13532.0,41,1,1,1.049,0.936,1.4,0.172,0,5661.02,concept_drift,2024-08,5219.518210830096
ID0003645,2024-02-01,1,6,13584.0,19,3,2,1.19,1.224,0.4,0.209,3,5597.06,concept_drift,2024-02,5510.818010036241
ID0003646,2024-12-26,4,13,20510.0,79,2,2,1.28,1.349,1.4,0.339,2,6690.76,concept_drift,2024-12,6227.246743748896
ID0003647,2024-11-24,2,8,15840.0,27,1,2,1.118,1.445,1.4,0.304,2,7061.22,concept_drift,2024-11,6208.894690242999
ID0003648,2024-03-25,1,16,6864.0,78,1,1,1.027,0.87,1.1,0.254,2,4943.23,concept_drift,2024-03,4406.107042972315
ID0003649,2024-02-11,2,10,22024.0,41,3,1,1.017,1.032,1.4,0.154,21,6629.47,concept_drift,2024-02,6104.046696511278
ID0003650,2024-01-04,3,6,20008.0,21,3,2,1.05,1.136,1.2,0.109,2,6932.36,concept_drift,2024-01,6591.440037071929
ID0003651,2024-09-19,4,13,20801.0,35,1,2,1.048,1.326,1.2,0.155,3,6102.39,concept_drift,2024-09,5606.617223082755
ID0003652,2024-12-22,2,3,24683.0,74,1,1,0.956,1.036,3.2,0.073,7,9098.6,concept_drift,2024-12,8537.269580287679
ID0003653,2024-04-27,4,5,39086.0,56,0,2,1.198,1.306,1.2,0.391,1,5663.2,concept_drift,2024-04,5037.306573032815
ID0003654,2024-05-24,1,13,6396.0,79,2,2,1.085,1.033,1.4,0.356,30,6558.06,concept_drift,2024-05,6169.39637654685
ID0003655,2024-07-08,2,5,18406.0,40,0,1,0.968,0.919,0.4,0.598,21,3951.12,concept_drift,2024-07,3453.0709264985285
ID0003656,2024-10-19,2,13,7410.0,77,1,0,0.937,0.904,0.4,0.522,0,3597.7,concept_drift,2024-10,2987.905236407329
ID0003657,2024-07-10,2,15,7246.0,49,1,1,1.048,0.957,1.4,0.405,2,5964.47,concept_drift,2024-07,5384.464591021447
ID0003658,2024-07-12,2,2,26288.0,54,1,1,1.109,1.136,1.4,0.467,3,5840.08,concept_drift,2024-07,5259.803119984943
ID0003659,2024-05-15,2,13,9013.0,18,4,2,1.172,1.116,1.8,0.334,4,8947.76,concept_drift,2024-05,8393.336146940548
ID0003660,2024-05-09,2,4,25623.0,76,2,1,1.067,1.014,1.2,0.618,3,5822.64,concept_drift,2024-05,5139.3638775401
ID0003661,2024-09-21,0,10,10268.0,55,1,1,0.974,1.014,1.4,0.189,2,5833.75,concept_drift,2024-09,5192.89597029748
ID0003662,2024-06-03,1,5,13150.0,77,3,0,0.924,0.864,0.4,0.05,2,3322.91,concept_drift,2024-06,2913.551063392671
ID0003663,2024-05-11,1,11,9934.0,18,1,0,0.948,0.842,1.8,0.614,0,7490.57,concept_drift,2024-05,6666.687919938898
ID0003664,2024-04-28,4,0,60757.0,39,2,2,1.161,1.391,1.2,0.056,4,6136.54,concept_drift,2024-04,5663.536244911871
ID0003665,2024-01-04,1,12,7445.0,79,4,1,1.045,0.996,1.2,0.215,7,6018.21,concept_drift,2024-01,5840.971504400462
ID0003666,2024-09-27,0,4,13226.0,31,2,1,1.001,1.132,1.0,0.465,0,5549.34,concept_drift,2024-09,5058.9587848021365
ID0003667,2024-08-01,3,3,29631.0,46,1,1,1.002,1.134,1.0,0.24,21,5239.43,concept_drift,2024-08,4725.543244167021
ID0003668,2024-12-02,2,3,26971.0,66,4,2,1.162,1.268,1.8,0.381,3,7953.85,concept_drift,2024-12,7450.051169595664
ID0003669,2024-10-23,3,10,19078.0,79,0,2,1.283,1.199,1.4,0.324,14,5956.09,concept_drift,2024-10,5340.256850521597
ID0003670,2024-06-19,1,11,7480.0,65,2,2,1.156,1.031,1.8,0.365,3,7076.85,concept_drift,2024-06,6613.275594262187
ID0003671,2024-06-18,1,11,8172.0,73,2,2,1.25,1.155,1.8,0.114,2,7056.35,concept_drift,2024-06,6478.3415054328825
ID0003672,2024-07-20,2,6,18562.0,29,2,0,0.893,0.926,1.1,0.247,3,5256.92,concept_drift,2024-07,4840.75102201075
ID0003673,2024-04-13,2,6,20427.0,62,1,2,1.134,1.087,1.4,0.422,1,5904.91,concept_drift,2024-04,5605.866006783417
ID0003674,2024-04-24,3,8,24880.0,39,4,1,1.047,1.031,1.4,0.475,0,6674.64,concept_drift,2024-04,6322.355489771695
ID0003675,2024-05-12,2,10,9897.0,57,2,0,0.964,1.001,1.2,0.495,7,5614.36,concept_drift,2024-05,5159.298460823139
ID0003676,2024-07-10,1,2,16731.0,48,2,0,0.912,0.888,1.8,0.258,30,6569.1,concept_drift,2024-07,5875.2421476835725
ID0003677,2024-06-10,1,10,8592.0,70,2,1,0.823,0.95,1.2,0.21,10,5402.11,concept_drift,2024-06,5010.846563051429
ID0003678,2024-09-24,0,8,7567.0,72,2,1,1.03,1.135,1.2,0.432,2,5950.89,concept_drift,2024-09,5265.644406106869
ID0003679,2024-08-01,1,6,20457.0,31,3,1,0.954,1.185,1.8,0.069,30,7515.27,concept_drift,2024-08,6920.55362891855
ID0003680,2024-04-23,1,4,17429.0,50,2,1,0.954,0.873,1.2,0.213,0,5342.27,concept_drift,2024-04,4898.476897261213
ID0003681,2024-08-25,4,10,25883.0,79,3,0,0.883,0.966,1.2,0.177,5,5327.63,concept_drift,2024-08,5038.078830072027
ID0003682,2024-05-07,3,2,32486.0,51,4,2,1.408,1.189,1.4,0.021,6,6848.62,concept_drift,2024-05,6439.037174633297
ID0003683,2024-05-27,2,0,19345.0,49,1,1,0.872,1.047,1.2,0.167,3,5226.53,concept_drift,2024-05,4646.3160181344565
ID0003684,2024-11-23,1,7,15615.0,45,2,1,1.044,1.041,0.4,0.535,0,4366.24,concept_drift,2024-11,3987.4128131124357
ID0003685,2024-09-05,2,5,23110.0,45,1,1,1.07,1.04,1.4,0.176,1,5575.55,concept_drift,2024-09,5143.048203551134
ID0003686,2024-02-20,3,8,20576.0,52,2,0,0.922,1.03,1.0,0.086,0,4928.76,concept_drift,2024-02,4356.0096057882965
ID0003687,2024-09-25,0,12,7691.0,54,0,2,1.078,1.295,1.1,0.193,4,5531.55,concept_drift,2024-09,4799.68666277383
ID0003688,2024-11-17,2,1,28290.0,65,3,2,1.042,1.186,1.4,0.233,0,6462.34,concept_drift,2024-11,6037.977072603716
ID0003689,2024-05-13,0,7,8542.0,32,1,2,1.095,1.256,1.8,0.115,2,7076.97,concept_drift,2024-05,6497.519800044789
ID0003690,2024-04-26,1,9,12086.0,75,1,2,1.069,1.124,1.4,0.229,4,6035.15,concept_drift,2024-04,5414.717551263919
ID0003691,2024-11-19,4,3,38223.0,64,2,1,1.121,1.042,1.4,0.3,2,5932.58,concept_drift,2024-11,5412.435463789517
ID0003692,2024-01-11,1,9,8496.0,31,1,2,1.365,1.371,1.2,0.238,10,6331.1,concept_drift,2024-01,5835.525685180218
ID0003693,2024-01-04,2,2,22461.0,36,3,1,1.05,1.072,0.4,0.212,2,4266.8,concept_drift,2024-01,4023.5638801230925
ID0003694,2024-07-23,0,6,8274.0,36,1,1,0.841,0.912,1.2,0.176,21,5269.96,concept_drift,2024-07,4974.736325383715
ID0003695,2024-05-04,4,7,39697.0,32,2,1,1.048,0.851,1.4,0.138,0,5788.89,concept_drift,2024-05,5390.913877064435
ID0003696,2024-05-16,0,16,5705.0,26,2,1,1.018,0.915,1.4,0.226,2,6198.25,concept_drift,2024-05,5789.8248714334795
ID0003697,2024-01-14,4,14,17453.0,48,0,0,0.91,0.904,3.2,0.137,7,8972.83,concept_drift,2024-01,7812.428974075744
ID0003698,2024-09-28,2,15,8875.0,44,2,2,1.191,1.134,1.2,0.509,6,6556.06,concept_drift,2024-09,6164.2837315559345
ID0003699,2024-10-20,3,13,21070.0,74,2,1,1.01,0.858,1.2,0.371,6,5557.25,concept_drift,2024-10,4977.741564145968
ID0003700,2024-07-02,1,6,10547.0,49,1,2,1.13,1.126,1.2,0.164,2,5539.95,concept_drift,2024-07,5159.271058758944
ID0003701,2024-08-16,1,13,9893.0,34,1,1,1.004,0.978,1.4,0.278,10,6072.97,concept_drift,2024-08,5495.597577737021
ID0003702,2024-08-13,3,17,8103.0,53,2,2,1.105,1.149,1.8,0.429,21,7796.79,concept_drift,2024-08,7137.249240323504
ID0003703,2024-02-22,2,2,31689.0,61,3,1,0.927,0.986,1.1,0.415,4,5589.78,concept_drift,2024-02,5165.572933535668
ID0003704,2024-07-28,4,5,49534.0,62,0,2,1.139,1.286,1.4,0.167,6,5979.58,concept_drift,2024-07,5313.332699849247
ID0003705,2024-09-03,2,3,29087.0,38,1,1,0.979,0.86,1.2,0.467,7,5474.96,concept_drift,2024-09,4819.227673750193
ID0003706,2024-05-16,1,8,16919.0,62,1,1,0.948,0.933,1.8,0.095,2,6274.75,concept_drift,2024-05,5649.714554674144
ID0003707,2024-01-11,1,10,11194.0,29,2,0,0.927,0.902,1.2,0.307,3,5686.45,concept_drift,2024-01,5004.939695458917
ID0003708,2024-08-04,1,3,18485.0,26,2,1,0.977,0.916,3.2,0.428,3,10126.88,concept_drift,2024-08,8898.1485472378
ID0003709,2024-10-15,0,14,7862.0,38,1,0,0.973,0.86,1.0,0.235,1,4763.43,concept_drift,2024-10,4354.538065398337
ID0003710,2024-09-25,2,16,9191.0,35,4,2,1.309,1.193,1.4,0.204,0,7247.84,concept_drift,2024-09,6844.342758886047
ID0003711,2024-07-26,1,11,11445.0,22,4,0,1.116,0.922,1.2,0.28,1,6679.71,concept_drift,2024-07,6727.843408373829
ID0003712,2024-09-21,1,11,10647.0,66,1,2,1.364,1.138,1.2,0.104,14,5763.85,concept_drift,2024-09,5250.867964978976
ID0003713,2024-05-20,0,17,5667.0,78,1,2,1.284,1.385,1.2,0.34,21,6297.43,concept_drift,2024-05,5894.238998997126
ID0003714,2024-09-27,4,13,22491.0,73,2,1,1.113,0.901,1.2,0.175,2,5404.99,concept_drift,2024-09,4878.806573207975
ID0003715,2024-10-08,0,5,12105.0,57,1,2,1.084,1.257,1.4,0.309,6,6266.3,concept_drift,2024-10,5696.838354509417
ID0003716,2024-10-11,1,4,19699.0,73,0,1,1.007,1.018,1.2,0.152,4,4863.8,concept_drift,2024-10,4241.107128004884
ID0003717,2024-02-24,0,11,5706.0,61,2,2,1.19,1.214,1.2,0.235,30,6490.05,concept_drift,2024-02,5894.000628410465
ID0003718,2024-05-17,4,13,23414.0,59,1,0,0.906,1.02,1.1,0.254,10,5103.51,concept_drift,2024-05,4536.309446771588
ID0003719,2024-08-07,1,7,10169.0,46,1,1,0.989,0.807,0.4,0.234,6,3516.69,concept_drift,2024-08,3400.8929183395994
ID0003720,2024-10-12,2,14,8346.0,62,0,1,1.154,1.029,1.0,0.145,3,4714.56,concept_drift,2024-10,4132.813766899397
ID0003721,2024-06-09,0,5,10019.0,48,1,2,1.302,1.216,1.4,0.219,7,6184.83,concept_drift,2024-06,5655.49701225624
ID0003722,2024-11-14,0,0,11569.0,56,2,2,1.205,1.035,1.1,0.161,5,5517.57,concept_drift,2024-11,5058.7896120951455
ID0003723,2024-02-22,2,13,16048.0,19,3,1,1.114,1.052,1.8,0.282,5,8331.27,concept_drift,2024-02,7692.332716871346
ID0003724,2024-04-07,2,7,20417.0,25,2,1,0.915,1.081,1.2,0.249,0,5847.92,concept_drift,2024-04,5396.871881588811
ID0003725,2024-12-21,1,4,16094.0,24,4,2,1.235,1.057,1.2,0.458,0,7513.72,concept_drift,2024-12,7271.310109933966
ID0003726,2024-07-21,1,13,8825.0,34,0,2,1.197,0.982,1.8,0.269,7,6769.05,concept_drift,2024-07,6132.3808859212595
ID0003727,2024-03-22,3,14,11008.0,21,2,1,1.101,0.918,1.4,0.522,1,7323.39,concept_drift,2024-03,6626.972460899407
ID0003728,2024-01-15,0,16,5000.0,27,1,2,1.132,1.315,1.4,0.183,0,6746.09,concept_drift,2024-01,6098.922749760593
ID0003729,2024-09-05,1,10,12175.0,41,0,0,0.914,0.909,1.4,0.143,3,5148.54,concept_drift,2024-09,4421.144880462215
ID0003730,2024-11-26,3,19,6465.0,47,0,1,1.025,0.95,1.8,0.136,14,6364.46,concept_drift,2024-11,5863.871164288449
ID0003731,2024-05-07,0,2,19914.0,74,1,2,1.241,0.931,1.1,0.108,0,4802.68,concept_drift,2024-05,4438.256725750464
ID0003732,2024-10-08,0,5,11936.0,32,1,0,0.865,0.807,1.2,0.073,7,4776.68,concept_drift,2024-10,4239.033693346596
ID0003733,2024-10-04,2,10,15722.0,55,1,1,0.987,0.931,1.2,0.468,1,5495.92,concept_drift,2024-10,4822.976304000827
ID0003734,2024-01-11,2,3,21528.0,52,2,1,0.977,0.858,1.4,0.317,0,5831.62,concept_drift,2024-01,5262.667546395933
ID0003735,2024-07-23,0,13,7684.0,66,0,1,1.072,0.885,1.0,0.481,1,4717.77,concept_drift,2024-07,4082.0404770195596
ID0003736,2024-06-07,3,5,26751.0,36,2,2,1.142,1.3,1.2,0.501,4,6772.97,concept_drift,2024-06,6003.225244141558
ID0003737,2024-03-15,1,6,12049.0,79,0,1,1.069,0.976,3.2,0.315,0,9181.58,concept_drift,2024-03,7649.562323127587
ID0003738,2024-07-23,1,7,15487.0,69,1,1,1.116,0.897,1.0,0.309,7,4600.92,concept_drift,2024-07,4292.382175069246
ID0003739,2024-05-03,1,1,19753.0,71,3,1,0.961,0.75,1.0,0.448,10,5095.64,concept_drift,2024-05,4727.231725031052
ID0003740,2024-11-17,1,7,11369.0,25,2,1,0.978,0.893,0.4,0.289,2,4121.84,concept_drift,2024-11,3924.963984084582
ID0003741,2024-06-06,0,10,8815.0,50,0,1,1.102,1.011,1.2,0.252,21,5414.14,concept_drift,2024-06,4813.018003428635
ID0003742,2024-10-14,3,7,21292.0,41,2,0,0.808,1.023,1.4,0.124,1,5786.88,concept_drift,2024-10,5352.500190334458
ID0003743,2024-01-18,3,15,8003.0,66,2,2,1.131,1.086,1.2,0.059,2,5711.99,concept_drift,2024-01,5457.455973174559
ID0003744,2024-12-26,0,8,9201.0,22,3,2,1.173,1.118,1.1,0.077,2,6714.54,concept_drift,2024-12,6329.300402231463
ID0003745,2024-08-18,2,8,14711.0,30,4,2,1.273,1.113,3.2,0.396,0,11126.55,concept_drift,2024-08,9967.182005354964
ID0003746,2024-11-07,3,10,12593.0,74,0,1,1.011,0.917,1.2,0.085,3,4700.33,concept_drift,2024-11,4072.3014051523423
ID0003747,2024-10-21,2,8,14005.0,49,4,1,0.924,0.837,1.8,0.382,6,7157.88,concept_drift,2024-10,6754.00906701926
ID0003748,2024-12-21,3,6,25642.0,52,1,1,0.987,1.169,1.4,0.157,1,5928.77,concept_drift,2024-12,5165.304715835355
ID0003749,2024-01-03,3,4,27286.0,22,3,2,1.06,1.043,1.0,0.196,3,6615.52,concept_drift,2024-01,6127.696135217131
ID0003750,2024-07-12,0,15,8018.0,42,0,1,1.112,1.092,1.8,0.466,5,6957.57,concept_drift,2024-07,6159.293647037815
ID0003751,2024-09-07,1,8,8697.0,28,2,1,0.963,0.956,3.2,0.591,0,10256.26,concept_drift,2024-09,8922.684384894366
ID0003752,2024-04-19,1,5,15170.0,53,2,2,1.124,1.158,0.4,0.537,14,4775.19,concept_drift,2024-04,4534.599188845594
ID0003753,2024-07-28,1,7,9748.0,68,0,2,1.195,0.914,1.8,0.095,3,6128.27,concept_drift,2024-07,5517.470069917294
ID0003754,2024-02-24,0,9,11169.0,18,2,2,1.352,1.088,1.8,0.16,14,8082.61,concept_drift,2024-02,7660.044729676505
ID0003755,2024-03-11,4,11,24939.0,22,2,0,0.91,0.937,1.2,0.112,2,6124.94,concept_drift,2024-03,5766.661216895825
ID0003756,2024-11-23,2,5,27044.0,75,0,0,0.818,0.931,1.8,0.027,0,5188.83,concept_drift,2024-11,4714.177138860533
ID0003757,2024-06-26,1,14,9648.0,74,0,2,1.359,1.153,1.8,0.163,1,6675.57,concept_drift,2024-06,5944.909584693495
ID0003758,2024-04-06,2,12,7621.0,23,3,1,0.993,1.137,1.2,0.199,10,7121.89,concept_drift,2024-04,6619.90524532405
ID0003759,2024-12-09,1,14,7982.0,63,1,2,1.068,1.286,1.4,0.203,0,6275.88,concept_drift,2024-12,5775.8825109984155
ID0003760,2024-10-26,2,12,10415.0,40,1,1,0.994,0.791,1.8,0.286,1,6460.93,concept_drift,2024-10,5875.52029123719
ID0003761,2024-04-23,2,10,19857.0,48,2,2,1.148,1.201,1.4,0.472,2,6846.03,concept_drift,2024-04,6329.8299186655095
ID0003762,2024-05-18,3,0,33625.0,30,1,2,1.302,1.279,1.0,0.561,2,5810.39,concept_drift,2024-05,5151.830725261864
ID0003763,2024-08-14,3,3,19046.0,39,2,2,1.109,1.184,1.0,0.109,1,5657.45,concept_drift,2024-08,5151.679549900099
ID0003764,2024-03-28,1,6,18435.0,57,0,0,0.851,1.097,1.8,0.204,0,6242.67,concept_drift,2024-03,5308.144020679812
ID0003765,2024-01-01,1,13,5561.0,31,3,1,0.916,1.098,1.2,0.459,1,6384.3,concept_drift,2024-01,5807.407877766805
ID0003766,2024-08-04,1,6,13391.0,61,0,2,1.362,1.413,1.4,0.246,1,6250.81,concept_drift,2024-08,5464.070239841974
ID0003767,2024-12-28,3,19,5577.0,31,1,1,0.892,1.256,1.0,0.102,7,5680.82,concept_drift,2024-12,5185.084044188126
ID0003768,2024-06-09,0,12,8599.0,27,2,1,0.962,0.946,1.2,0.53,0,6220.59,concept_drift,2024-06,5483.615254607232
ID0003769,2024-11-23,2,14,16870.0,67,3,1,0.916,0.898,1.2,0.045,7,5659.66,concept_drift,2024-11,5259.1013895233045
ID0003770,2024-03-27,1,1,24195.0,35,1,2,1.094,1.234,1.8,0.193,0,7123.07,concept_drift,2024-03,6332.703692669709
ID0003771,2024-09-24,2,14,8829.0,49,2,2,1.258,1.215,1.8,0.442,4,7944.8,concept_drift,2024-09,7108.098854803719
ID0003772,2024-04-15,3,8,24686.0,36,0,2,1.2,1.155,1.2,0.352,2,5944.33,concept_drift,2024-04,5161.437512168253
ID0003773,2024-04-14,4,20,14388.0,22,0,2,1.191,1.129,1.4,0.293,5,7160.05,concept_drift,2024-04,6426.237361107226
ID0003774,2024-07-03,1,0,34888.0,61,4,1,0.943,1.046,3.2,0.106,0,9853.59,concept_drift,2024-07,9177.124853698078
ID0003775,2024-04-22,0,7,8640.0,31,3,0,0.96,0.877,1.2,0.197,14,5644.32,concept_drift,2024-04,5363.545352814173
ID0003776,2024-05-01,2,8,14643.0,20,1,1,0.966,1.026,1.4,0.145,1,6661.73,concept_drift,2024-05,6023.037557486051
ID0003777,2024-03-13,2,14,14897.0,44,1,1,1.08,0.962,1.8,0.049,3,6512.05,concept_drift,2024-03,5848.891972426551
ID0003778,2024-10-18,1,9,12145.0,50,2,1,1.051,1.059,3.2,0.513,4,10211.28,concept_drift,2024-10,9186.195190082473
ID0003779,2024-02-22,2,10,12758.0,77,0,2,1.133,1.16,1.2,0.436,4,5567.29,concept_drift,2024-02,4896.577168941616
ID0003780,2024-11-03,3,6,17583.0,55,1,2,1.173,1.112,1.4,0.085,4,6060.66,concept_drift,2024-11,5479.850477019355
ID0003781,2024-12-20,1,9,11650.0,34,0,1,1.074,0.949,1.2,0.495,5,5409.92,concept_drift,2024-12,4760.910897933277
ID0003782,2024-11-06,3,17,10243.0,38,4,2,1.16,1.267,1.2,0.547,2,7237.89,concept_drift,2024-11,7013.644660183418
ID0003783,2024-09-26,1,6,13677.0,71,2,1,0.988,0.97,1.8,0.369,7,6962.15,concept_drift,2024-09,6092.836009232615
ID0003784,2024-06-14,0,7,12118.0,60,2,2,1.118,1.209,1.8,0.264,3,7302.27,concept_drift,2024-06,6700.158402063299
ID0003785,2024-01-09,1,8,11103.0,52,3,2,0.998,1.202,1.2,0.606,0,6624.69,concept_drift,2024-01,6334.43415200781
ID0003786,2024-07-28,3,6,22560.0,77,2,0,0.869,0.868,1.4,0.205,10,5405.29,concept_drift,2024-07,4913.326499605767
ID0003787,2024-10-28,3,8,17396.0,68,4,2,1.161,1.265,1.8,0.203,1,7894.41,concept_drift,2024-10,7332.261743164042
ID0003788,2024-02-10,4,0,62927.0,60,1,1,1.132,1.142,1.4,0.582,2,6053.99,concept_drift,2024-02,5290.537951966645
ID0003789,2024-09-12,1,0,16448.0,21,2,1,0.963,0.941,1.0,0.367,5,5935.45,concept_drift,2024-09,5523.919015809597
ID0003790,2024-10-17,1,6,12733.0,35,3,2,1.128,1.322,1.8,0.333,0,7968.74,concept_drift,2024-10,7334.735913495941
ID0003791,2024-04-09,2,5,24735.0,59,2,2,1.096,1.469,1.0,0.19,30,6369.53,concept_drift,2024-04,5614.942238724934
ID0003792,2024-11-05,1,10,10214.0,32,1,2,1.238,1.149,1.2,0.108,4,5809.6,concept_drift,2024-11,5317.441203099216
ID0003793,2024-06-07,2,2,28446.0,38,1,1,0.948,0.838,1.0,0.557,0,5008.22,concept_drift,2024-06,4524.23468709334
ID0003794,2024-07-09,0,9,8410.0,65,0,1,0.946,0.894,1.4,0.468,14,5577.74,concept_drift,2024-07,4852.393580351032
ID0003795,2024-07-07,2,6,22736.0,35,0,2,1.178,1.292,1.2,0.234,1,5625.92,concept_drift,2024-07,5157.507288763469
ID0003796,2024-07-12,3,0,45578.0,79,1,0,0.827,1.02,0.4,0.355,21,3564.73,concept_drift,2024-07,2851.1645730996374
ID0003797,2024-01-15,1,11,8891.0,26,1,2,1.285,1.273,1.2,0.125,14,6185.74,concept_drift,2024-01,5665.412194251528
ID0003798,2024-12-17,0,2,10880.0,22,0,1,1.01,1.101,1.8,0.288,1,7195.24,concept_drift,2024-12,6442.800787720531
ID0003799,2024-06-01,0,10,7112.0,22,0,1,1.048,0.961,1.8,0.498,0,7349.31,concept_drift,2024-06,6473.151475759191
ID0003800,2024-01-22,1,0,24823.0,61,4,2,1.256,1.281,1.8,0.276,0,7957.66,concept_drift,2024-01,7291.51779360829
ID0003801,2024-04-22,0,16,5103.0,57,4,2,0.979,1.312,0.4,0.054,2,5027.38,concept_drift,2024-04,5098.876314711364
ID0003802,2024-11-10,3,5,33663.0,46,2,0,0.813,0.819,1.0,0.1,3,4496.47,concept_drift,2024-11,4062.0859083181977
ID0003803,2024-04-20,0,6,11707.0,74,1,1,0.875,1.118,1.2,0.181,21,5557.26,concept_drift,2024-04,4877.739608084794
ID0003804,2024-12-03,1,4,26655.0,47,2,2,1.053,1.176,1.8,0.323,0,7237.61,concept_drift,2024-12,6631.893257771113
ID0003805,2024-01-10,2,16,9605.0,48,2,2,1.268,1.124,1.1,0.172,21,6242.74,concept_drift,2024-01,5821.302092161954
ID0003806,2024-11-11,2,8,22278.0,75,1,2,1.191,1.239,1.0,0.123,3,5115.74,concept_drift,2024-11,4769.957319916737
ID0003807,2024-09-15,1,9,10761.0,25,1,1,0.994,1.08,1.4,0.148,0,5972.98,concept_drift,2024-09,5529.028413126578
ID0003808,2024-02-28,0,10,6014.0,54,1,0,0.904,0.865,1.2,0.491,14,5343.45,concept_drift,2024-02,4566.455567278943
ID0003809,2024-08-09,2,10,19426.0,35,3,2,1.305,1.217,1.4,0.133,10,6841.56,concept_drift,2024-08,6408.13584014425
ID0003810,2024-10-02,0,13,5205.0,62,2,0,0.75,0.837,1.2,0.468,5,5452.79,concept_drift,2024-10,4836.0428886836635
ID0003811,2024-12-06,2,7,17516.0,28,2,1,1.003,0.94,1.8,0.194,1,6760.62,concept_drift,2024-12,6285.686862587883
ID0003812,2024-08-14,1,0,25297.0,33,1,1,1.032,1.021,1.4,0.46,2,6002.1,concept_drift,2024-08,5302.3291273137975
ID0003813,2024-09-26,3,14,8776.0,79,2,1,0.999,0.867,1.0,0.394,21,5338.79,concept_drift,2024-09,4814.070381457407
ID0003814,2024-11-18,3,10,14741.0,64,2,1,1.104,0.974,1.4,0.339,2,5923.0,concept_drift,2024-11,5453.384995834162
ID0003815,2024-05-13,4,11,18294.0,21,2,1,0.989,0.845,1.0,0.189,30,6217.63,concept_drift,2024-05,5734.568553903851
ID0003816,2024-07-13,4,9,27163.0,24,0,1,0.75,1.047,1.2,0.386,21,6456.33,concept_drift,2024-07,5826.982851836448
ID0003817,2024-11-26,2,4,24607.0,67,3,1,1.117,1.118,1.2,0.206,2,5893.35,concept_drift,2024-11,5368.10328634393
ID0003818,2024-01-20,2,9,13911.0,37,2,2,1.432,1.239,1.8,0.315,30,7959.44,concept_drift,2024-01,7254.37646932837
ID0003819,2024-05-24,4,6,31402.0,32,1,1,0.941,0.978,1.0,0.171,1,4800.25,concept_drift,2024-05,4405.290972943971
ID0003820,2024-09-17,0,7,9589.0,48,1,0,0.89,0.963,1.2,0.095,10,4916.72,concept_drift,2024-09,4449.454108430228
ID0003821,2024-03-20,2,12,10311.0,22,1,2,1.029,1.322,1.4,0.129,14,7546.33,concept_drift,2024-03,6758.17838043763
ID0003822,2024-03-06,3,7,26954.0,27,3,2,1.119,1.281,1.8,0.32,0,8038.87,concept_drift,2024-03,7298.430394339557
ID0003823,2024-08-08,2,0,23099.0,22,4,1,1.006,0.92,1.2,0.129,0,6525.07,concept_drift,2024-08,6402.311933248394
ID0003824,2024-08-14,0,10,8884.0,78,3,2,0.949,1.376,0.4,0.11,0,4702.5,concept_drift,2024-08,4620.002267541675
ID0003825,2024-03-17,2,8,13455.0,75,2,2,1.343,1.179,1.0,0.16,1,5296.99,concept_drift,2024-03,5072.808211011797
ID0003826,2024-02-19,1,11,9302.0,41,0,0,0.972,1.075,1.2,0.274,1,5147.03,concept_drift,2024-02,4494.792464275689
ID0003827,2024-09-20,0,12,7674.0,79,2,1,1.046,1.016,1.2,0.21,30,5694.81,concept_drift,2024-09,5303.849010670814
ID0003828,2024-01-17,4,7,26343.0,61,0,2,1.194,1.359,1.0,0.209,3,5156.17,concept_drift,2024-01,4612.168713512811
ID0003829,2024-03-09,3,1,25368.0,48,2,0,1.037,0.953,1.2,0.038,2,5183.73,concept_drift,2024-03,4558.508469283446
ID0003830,2024-07-22,1,7,17066.0,18,1,0,0.905,0.937,0.4,0.241,21,4329.58,concept_drift,2024-07,4181.606348074008
ID0003831,2024-03-22,0,17,5000.0,45,0,2,1.158,1.051,1.0,0.465,2,5174.2,concept_drift,2024-03,4728.166558650416
ID0003832,2024-10-12,1,2,15562.0,24,1,1,1.086,0.903,1.4,0.281,30,6699.24,concept_drift,2024-10,5954.890334406077
ID0003833,2024-04-12,3,7,22032.0,54,1,2,1.127,1.235,1.4,0.265,7,6309.4,concept_drift,2024-04,5751.217282314257
ID0003834,2024-01-26,0,9,11161.0,50,2,1,0.994,0.943,1.2,0.286,7,5602.17,concept_drift,2024-01,5203.167308732129
ID0003835,2024-11-16,0,6,12263.0,54,4,0,1.018,0.862,1.2,0.118,2,5647.46,concept_drift,2024-11,5323.200870769454
ID0003836,2024-02-07,3,9,17451.0,50,1,1,1.058,0.955,1.4,0.365,7,6001.11,concept_drift,2024-02,5292.619768499847
ID0003837,2024-03-27,3,6,21773.0,23,1,2,1.238,1.097,1.4,0.201,3,6967.63,concept_drift,2024-03,6334.810015412277
ID0003838,2024-06-28,1,8,12857.0,71,2,1,1.061,1.096,0.4,0.335,1,3989.45,concept_drift,2024-06,3614.8666194916286
ID0003839,2024-04-02,1,13,8801.0,22,1,2,1.216,1.151,1.0,0.08,21,6198.92,concept_drift,2024-04,5955.725400115289
ID0003840,2024-07-17,2,13,15586.0,61,2,1,0.789,1.074,1.0,0.311,2,5458.3,concept_drift,2024-07,4814.124805493948
ID0003841,2024-03-11,2,9,18411.0,71,2,2,1.331,0.949,0.4,0.338,0,4057.21,concept_drift,2024-03,3835.47596717924
ID0003842,2024-04-14,1,12,7856.0,37,1,2,1.33,1.174,1.4,0.255,1,6386.44,concept_drift,2024-04,5811.565825064361
ID0003843,2024-10-10,1,7,11264.0,59,2,0,0.968,0.904,1.2,0.248,10,5138.5,concept_drift,2024-10,4770.204423643181
ID0003844,2024-09-14,2,5,32357.0,63,0,2,1.268,1.238,1.4,0.483,0,6120.02,concept_drift,2024-09,5380.547203514899
ID0003845,2024-08-08,2,9,11244.0,50,3,2,1.176,1.148,1.2,0.185,1,6381.72,concept_drift,2024-08,5894.306494940566
ID0003846,2024-07-10,2,7,16965.0,54,3,0,0.867,0.807,1.8,0.048,2,6568.79,concept_drift,2024-07,5914.520888466865
ID0003847,2024-08-19,4,8,34240.0,20,2,2,1.276,1.303,1.2,0.211,4,7115.85,concept_drift,2024-08,6620.21240075362
ID0003848,2024-09-07,0,17,5048.0,22,2,0,0.956,0.874,1.4,0.736,21,7486.83,concept_drift,2024-09,7184.153506447964
ID0003849,2024-07-11,1,3,14112.0,48,1,0,0.966,0.911,1.2,0.117,1,4822.9,concept_drift,2024-07,4177.020027828866
ID0003850,2024-08-22,2,18,6181.0,77,1,2,1.256,1.38,1.4,0.136,1,6359.9,concept_drift,2024-08,5934.428148114596
ID0003851,2024-04-21,2,0,40547.0,27,2,0,0.898,1.0,1.4,0.28,3,5958.21,concept_drift,2024-04,5347.0029914358465
ID0003852,2024-02-25,1,3,19235.0,40,3,0,0.792,1.026,1.4,0.482,0,6461.49,concept_drift,2024-02,5858.197406150916
ID0003853,2024-05-27,2,18,5938.0,79,0,2,1.229,1.029,1.8,0.264,6,6541.3,concept_drift,2024-05,5954.0194587551905
ID0003854,2024-05-04,4,2,53321.0,78,1,2,1.158,1.347,0.4,0.051,0,4130.99,concept_drift,2024-05,3618.5087477638235
ID0003855,2024-07-20,2,9,14550.0,34,0,1,0.934,1.168,1.0,0.117,0,4922.97,concept_drift,2024-07,4288.660858296452
ID0003856,2024-07-22,2,8,12960.0,75,2,1,0.95,1.077,0.4,0.219,1,4045.85,concept_drift,2024-07,3499.426499835711
ID0003857,2024-08-16,3,2,31129.0,45,0,1,1.127,1.152,1.2,0.37,10,5615.75,concept_drift,2024-08,4777.504907968557
ID0003858,2024-03-13,2,13,14732.0,21,3,2,1.041,0.974,1.0,0.303,0,6737.19,concept_drift,2024-03,6276.16577865778
ID0003859,2024-11-26,2,9,18515.0,30,1,2,1.108,1.325,0.4,0.198,10,4543.04,concept_drift,2024-11,4350.747562458458
ID0003860,2024-11-13,0,3,13163.0,29,1,2,1.299,1.217,1.2,0.198,4,5891.92,concept_drift,2024-11,5312.304915288676
ID0003861,2024-01-27,1,17,5000.0,65,1,2,1.197,1.323,0.4,0.493,0,4691.18,concept_drift,2024-01,4197.481939655056
ID0003862,2024-03-24,2,5,28411.0,77,3,1,1.046,1.1,1.2,0.314,14,6133.35,concept_drift,2024-03,5417.431650720639
ID0003863,2024-12-03,1,5,19573.0,59,2,1,1.02,1.101,1.4,0.224,21,6197.33,concept_drift,2024-12,5616.141334386122
ID0003864,2024-04-13,2,1,22218.0,64,1,2,1.106,1.285,1.8,0.143,0,6893.49,concept_drift,2024-04,6144.672853173351
ID0003865,2024-07-07,3,5,30039.0,51,1,1,1.005,1.071,1.2,0.24,10,5590.82,concept_drift,2024-07,4941.575111591985
ID0003866,2024-06-23,1,10,7920.0,19,3,2,1.259,1.263,1.1,0.435,0,7252.61,concept_drift,2024-06,6994.865676981116
ID0003867,2024-02-04,0,16,6035.0,34,2,0,0.859,0.922,0.4,0.445,21,4382.4,concept_drift,2024-02,4041.4032337664376
ID0003868,2024-09-19,3,7,17445.0,35,2,0,0.955,0.827,1.1,0.298,5,5078.92,concept_drift,2024-09,4722.839681223637
ID0003869,2024-04-05,1,9,9815.0,72,3,0,0.948,1.105,1.0,0.359,30,5637.32,concept_drift,2024-04,5247.659215753448
ID0003870,2024-01-15,1,10,12724.0,56,0,1,1.044,0.803,1.8,0.074,2,5820.36,concept_drift,2024-01,5121.473168839167
ID0003871,2024-07-28,2,4,25781.0,65,0,2,1.132,1.21,1.8,0.255,3,6548.46,concept_drift,2024-07,5823.844200961586
ID0003872,2024-12-09,2,9,13109.0,47,3,2,1.038,1.21,1.8,0.131,1,7705.06,concept_drift,2024-12,6894.1876185666415
ID0003873,2024-04-10,0,14,5000.0,69,1,2,1.193,1.232,1.8,0.153,0,6924.88,concept_drift,2024-04,6370.455981465419
ID0003874,2024-06-22,0,11,8187.0,38,2,0,0.893,0.959,1.8,0.114,6,6491.0,concept_drift,2024-06,6106.627969520271
ID0003875,2024-05-17,3,9,22550.0,70,2,1,1.117,1.075,1.8,0.289,6,6916.43,concept_drift,2024-05,6263.56025964637
ID0003876,2024-09-20,1,5,12505.0,34,4,1,1.101,0.873,1.2,0.15,1,5891.08,concept_drift,2024-09,5691.665465014962
ID0003877,2024-01-25,2,13,12143.0,67,0,1,0.995,0.891,1.4,0.309,0,5276.53,concept_drift,2024-01,4679.229890309784
ID0003878,2024-12-22,4,10,17995.0,26,2,1,1.129,0.932,1.4,0.232,3,6260.78,concept_drift,2024-12,5786.308334417059
ID0003879,2024-08-25,1,2,19069.0,46,4,2,1.101,1.209,1.8,0.265,2,7973.46,concept_drift,2024-08,7310.233861021443
ID0003880,2024-05-23,1,14,6010.0,55,3,1,1.006,1.136,1.2,0.062,3,5885.9,concept_drift,2024-05,5576.046638694265
ID0003881,2024-04-11,4,8,28780.0,58,0,0,0.889,0.818,1.8,0.222,30,5865.63,concept_drift,2024-04,4960.511141153348
ID0003882,2024-11-21,3,8,18057.0,33,3,1,1.043,1.128,0.4,0.352,7,4835.92,concept_drift,2024-11,4476.8260341951855
ID0003883,2024-04-24,2,14,10281.0,23,1,1,0.96,0.882,1.2,0.473,0,6321.22,concept_drift,2024-04,5757.159169659423
ID0003884,2024-01-08,2,12,17148.0,28,0,2,1.104,1.086,1.8,0.01,14,6648.18,concept_drift,2024-01,6161.847199051594
ID0003885,2024-04-01,0,7,8589.0,39,2,2,1.405,1.309,1.2,0.15,21,6634.29,concept_drift,2024-04,6119.777755844224
ID0003886,2024-10-12,1,16,5972.0,61,2,2,1.184,1.285,1.0,0.075,1,5726.43,concept_drift,2024-10,5367.2619705102115
ID0003887,2024-02-09,1,4,19885.0,21,4,2,1.251,1.017,1.0,0.348,30,7123.96,concept_drift,2024-02,6941.345066050623
ID0003888,2024-11-18,2,7,14155.0,70,2,1,0.95,0.987,1.4,0.11,0,5592.22,concept_drift,2024-11,5288.124554722524
ID0003889,2024-02-27,4,15,14210.0,70,2,0,0.885,0.888,1.2,0.212,3,5392.48,concept_drift,2024-02,4734.167386867526
ID0003890,2024-04-05,3,8,21702.0,75,0,2,1.141,1.112,1.1,0.316,2,5279.81,concept_drift,2024-04,4497.595971796274
ID0003891,2024-04-23,1,10,8636.0,62,1,1,1.114,0.995,1.1,0.495,0,5311.71,concept_drift,2024-04,4830.647131471289
ID0003892,2024-05-26,2,7,15750.0,32,1,1,0.825,1.177,1.2,0.32,3,5861.7,concept_drift,2024-05,5139.053727770959
ID0003893,2024-05-09,3,3,27044.0,19,0,2,1.193,1.298,1.2,0.659,7,7014.45,concept_drift,2024-05,6297.588467405151
ID0003894,2024-05-08,1,7,11379.0,34,1,1,0.988,1.054,1.4,0.401,21,6287.34,concept_drift,2024-05,5606.180847355362
ID0003895,2024-12-25,2,14,10440.0,41,1,2,1.143,1.138,0.4,0.396,1,4467.87,concept_drift,2024-12,4269.202308880694
ID0003896,2024-10-22,1,7,9845.0,54,3,1,1.158,0.899,1.2,0.238,30,6026.4,concept_drift,2024-10,5736.3613930381225
ID0003897,2024-08-23,3,12,10829.0,18,1,2,1.148,1.199,1.0,0.317,14,6700.47,concept_drift,2024-08,5999.330915477552
ID0003898,2024-09-23,2,10,13312.0,75,2,1,1.038,1.131,1.8,0.125,30,7206.01,concept_drift,2024-09,6315.837612206267
ID0003899,2024-06-19,2,18,11895.0,52,2,2,1.183,1.093,1.8,0.22,0,7451.78,concept_drift,2024-06,6691.393540471375
ID0003900,2024-04-28,2,7,23136.0,70,2,2,1.225,1.059,1.8,0.342,0,6951.72,concept_drift,2024-04,6499.998603757366
ID0003901,2024-07-09,1,10,6459.0,63,3,0,0.906,0.964,1.0,0.161,21,5124.61,concept_drift,2024-07,4875.689741237114
ID0003902,2024-10-06,2,0,27860.0,33,2,2,1.288,1.234,1.4,0.382,1,6656.51,concept_drift,2024-10,6107.868297432659
ID0003903,2024-04-06,2,9,14481.0,55,1,2,1.176,1.385,1.4,0.216,0,6287.08,concept_drift,2024-04,5788.448239741683
ID0003904,2024-05-15,1,13,9140.0,51,1,2,1.039,1.191,1.8,0.23,3,7164.24,concept_drift,2024-05,6551.022255453948
ID0003905,2024-01-08,3,4,20204.0,70,2,2,1.229,1.31,1.8,0.264,0,7344.15,concept_drift,2024-01,6678.058639925409
ID0003906,2024-06-03,2,5,30078.0,48,3,0,0.772,0.863,0.4,0.562,1,4057.62,concept_drift,2024-06,3955.4128613615894
ID0003907,2024-06-24,1,16,7744.0,50,1,2,1.09,1.266,1.4,0.301,1,6692.08,concept_drift,2024-06,5969.844853337566
ID0003908,2024-11-06,2,12,12587.0,79,2,1,1.106,0.921,1.8,0.384,1,6646.17,concept_drift,2024-11,6035.153562364057
ID0003909,2024-10-14,3,5,27538.0,51,0,0,0.953,0.893,1.8,0.439,1,5920.12,concept_drift,2024-10,5249.9461084753975
ID0003910,2024-05-15,3,0,35527.0,73,1,2,1.11,1.305,1.4,0.287,0,6180.91,concept_drift,2024-05,5445.616104035685
ID0003911,2024-07-24,3,2,31953.0,35,1,0,0.815,1.011,0.4,0.246,6,3445.34,concept_drift,2024-07,3267.4497679040196
ID0003912,2024-11-04,2,2,25227.0,22,1,2,1.283,1.19,1.2,0.337,4,6721.61,concept_drift,2024-11,6149.30089612846
ID0003913,2024-05-22,3,11,9695.0,20,3,2,1.135,1.275,1.8,0.291,7,8932.91,concept_drift,2024-05,8254.46158580408
ID0003914,2024-02-11,0,7,11829.0,24,1,2,1.255,1.238,1.4,0.349,21,7579.19,concept_drift,2024-02,6768.873931258054
ID0003915,2024-02-10,1,8,13943.0,21,2,1,1.004,1.089,1.8,0.173,10,7863.96,concept_drift,2024-02,7275.599776478453
ID0003916,2024-02-17,0,4,11826.0,18,1,2,1.186,1.315,1.4,0.259,3,7482.96,concept_drift,2024-02,6657.8375764151015
ID0003917,2024-03-27,0,13,9436.0,45,2,2,1.156,1.05,1.0,0.357,1,5593.66,concept_drift,2024-03,5415.912854032439
ID0003918,2024-02-15,1,9,8535.0,30,2,2,1.236,1.38,1.0,0.438,2,6305.75,concept_drift,2024-02,5904.622432357819
ID0003919,2024-02-21,0,7,7981.0,26,2,2,1.193,1.383,1.2,0.452,30,6954.33,concept_drift,2024-02,6522.637607065368
ID0003920,2024-05-12,2,12,16022.0,28,1,0,0.952,0.98,1.4,0.097,4,5597.05,concept_drift,2024-05,5036.463202016072
ID0003921,2024-02-08,3,6,18990.0,61,0,2,1.176,1.421,1.2,0.276,0,5822.72,concept_drift,2024-02,5003.293202837651
ID0003922,2024-07-13,0,9,11166.0,76,2,2,1.194,1.164,1.2,0.106,4,5694.52,concept_drift,2024-07,5345.207142837761
ID0003923,2024-03-16,1,10,11237.0,51,0,2,1.083,1.299,1.4,0.318,21,6611.82,concept_drift,2024-03,5717.162122654333
ID0003924,2024-03-10,2,20,5000.0,59,4,0,0.993,0.865,1.8,0.546,3,7603.11,concept_drift,2024-03,6912.736920752913
ID0003925,2024-10-01,4,10,22704.0,19,4,1,0.933,1.051,1.2,0.166,4,7165.33,concept_drift,2024-10,6932.810007286661
ID0003926,2024-04-01,1,9,9992.0,58,1,1,1.053,0.971,1.8,0.278,0,6626.38,concept_drift,2024-04,5819.6165501547375
ID0003927,2024-12-04,3,4,19629.0,40,0,2,1.24,1.197,1.4,0.169,5,6109.41,concept_drift,2024-12,5266.2117176783795
ID0003928,2024-10-01,2,6,19186.0,44,1,1,0.994,1.143,1.2,0.2,14,5611.16,concept_drift,2024-10,5031.631142715115
ID0003929,2024-07-22,2,13,8625.0,43,1,1,1.098,0.857,1.0,0.112,1,4567.25,concept_drift,2024-07,4393.917784549347
ID0003930,2024-06-10,0,14,8869.0,77,0,2,1.165,1.257,1.4,0.246,3,5966.66,concept_drift,2024-06,5414.584833457137
ID0003931,2024-02-01,3,1,25678.0,37,2,1,0.926,0.892,1.2,0.023,3,5042.46,concept_drift,2024-02,4864.816117495313
ID0003932,2024-10-03,1,0,22057.0,32,0,1,1.044,1.128,1.8,0.346,21,6901.85,concept_drift,2024-10,5923.947208960417
ID0003933,2024-12-08,1,9,9480.0,31,2,2,1.196,1.107,1.2,0.136,0,5892.07,concept_drift,2024-12,5553.375531234617
ID0003934,2024-07-19,2,11,14632.0,57,1,1,0.934,0.944,1.2,0.562,0,5615.04,concept_drift,2024-07,4966.89261655365
ID0003935,2024-04-21,3,5,22284.0,70,3,0,0.889,0.982,1.2,0.137,0,5210.69,concept_drift,2024-04,4981.581001904311
ID0003936,2024-06-08,1,0,21474.0,45,4,2,1.299,1.251,0.4,0.069,1,4797.74,concept_drift,2024-06,4583.352123992745
ID0003937,2024-11-21,3,8,14924.0,67,0,1,0.869,1.066,1.8,0.303,5,6239.55,concept_drift,2024-11,5565.1982437885945
ID0003938,2024-05-06,3,13,12597.0,48,2,1,1.001,0.954,1.8,0.32,0,6989.66,concept_drift,2024-05,6327.072483070013
ID0003939,2024-10-08,2,0,36964.0,54,2,1,0.862,1.258,1.4,0.339,1,6303.18,concept_drift,2024-10,5587.043240533905
ID0003940,2024-08-24,3,10,19181.0,37,2,2,1.065,1.001,1.8,0.424,1,7331.89,concept_drift,2024-08,6845.178833373814
ID0003941,2024-08-26,1,5,11771.0,43,1,1,1.03,0.905,1.4,0.131,0,5552.34,concept_drift,2024-08,4974.523308204019
ID0003942,2024-12-23,3,12,20637.0,66,2,1,0.973,0.995,3.2,0.469,1,10088.76,concept_drift,2024-12,8996.846937997178
ID0003943,2024-09-20,2,17,8414.0,72,2,2,1.147,1.13,1.2,0.266,2,6025.19,concept_drift,2024-09,5678.359657250413
ID0003944,2024-06-18,0,10,7960.0,23,3,1,0.923,1.144,1.1,0.691,30,7672.53,concept_drift,2024-06,7063.952196957596
ID0003945,2024-09-22,2,0,36103.0,34,1,1,1.075,1.026,1.4,0.373,1,5920.83,concept_drift,2024-09,5242.613715522861
ID0003946,2024-09-13,1,14,11114.0,25,3,0,0.966,0.956,1.2,0.317,3,5943.69,concept_drift,2024-09,5735.322181956782
ID0003947,2024-10-10,4,1,60629.0,27,2,2,1.152,1.198,1.0,0.162,4,5881.64,concept_drift,2024-10,5323.404761933488
ID0003948,2024-01-22,1,11,9780.0,70,0,1,1.088,1.031,0.4,0.032,2,3287.66,concept_drift,2024-01,2716.4919810856654
ID0003949,2024-12-25,3,11,13512.0,61,3,2,1.269,1.474,1.2,0.15,1,6753.95,concept_drift,2024-12,6186.337042652464
ID0003950,2024-10-05,1,8,10323.0,45,1,2,1.265,1.114,1.0,0.116,2,5234.88,concept_drift,2024-10,4788.562467369358
ID0003951,2024-08-16,1,13,8425.0,36,3,2,1.26,1.344,1.2,0.446,21,7156.61,concept_drift,2024-08,6801.306203969015
ID0003952,2024-10-06,2,6,29364.0,65,2,2,1.181,1.153,3.2,0.305,0,10319.99,concept_drift,2024-10,9168.354742866193
ID0003953,2024-05-21,1,4,12851.0,63,3,2,1.114,1.187,1.0,0.145,4,5651.64,concept_drift,2024-05,5446.916214620758
ID0003954,2024-03-05,2,17,8335.0,23,1,2,1.149,1.338,1.8,0.593,0,8815.9,concept_drift,2024-03,7813.590100124556
ID0003955,2024-11-04,0,15,7238.0,53,1,2,1.237,1.248,1.8,0.343,7,7471.3,concept_drift,2024-11,6788.42513728887
ID0003956,2024-03-12,2,6,30324.0,50,0,1,0.75,0.844,1.8,0.081,0,5836.78,concept_drift,2024-03,5262.826888045354
ID0003957,2024-12-17,4,13,21833.0,50,0,1,0.907,0.99,1.4,0.356,6,5614.35,concept_drift,2024-12,5119.3849685334935
ID0003958,2024-02-10,2,1,23233.0,74,2,2,1.147,1.469,1.2,0.387,6,6542.14,concept_drift,2024-02,5788.330199989165
ID0003959,2024-12-07,3,14,11124.0,30,4,2,1.237,1.149,1.0,0.445,1,6798.85,concept_drift,2024-12,6381.68939585216
ID0003960,2024-06-13,0,10,8208.0,58,1,2,1.154,1.313,1.4,0.189,0,6334.22,concept_drift,2024-06,5779.428038799174
ID0003961,2024-12-19,1,13,6497.0,29,1,2,1.127,1.158,1.8,0.17,7,7171.53,concept_drift,2024-12,6598.088932232513
ID0003962,2024-07-18,3,8,12311.0,22,0,0,0.801,0.98,1.4,0.181,21,6252.29,concept_drift,2024-07,5469.615793562667
ID0003963,2024-11-21,2,8,16704.0,67,2,2,1.187,1.161,1.2,0.201,1,5939.97,concept_drift,2024-11,5405.496363949958
ID0003964,2024-03-05,3,11,18896.0,33,2,1,1.069,0.97,1.8,0.519,3,7320.33,concept_drift,2024-03,6557.744076643918
ID0003965,2024-08-19,1,14,8824.0,55,3,0,0.861,0.81,1.8,0.075,30,7023.91,concept_drift,2024-08,6396.193646950828
ID0003966,2024-06-15,2,7,21212.0,56,2,1,1.059,1.065,1.4,0.026,1,5818.91,concept_drift,2024-06,5371.042868744895
ID0003967,2024-12-10,3,1,40405.0,23,2,1,1.03,1.028,1.2,0.132,30,6592.02,concept_drift,2024-12,6135.658860001506
ID0003968,2024-05-22,1,9,11602.0,74,3,2,1.233,1.087,1.8,0.104,0,7267.26,concept_drift,2024-05,6686.864948659555
ID0003969,2024-10-05,2,18,10310.0,34,4,2,1.261,0.997,0.4,0.551,7,5154.23,concept_drift,2024-10,5487.843899298267
ID0003970,2024-04-12,2,10,14537.0,24,0,1,0.959,0.92,1.8,0.053,21,7011.08,concept_drift,2024-04,6324.046803707184
ID0003971,2024-05-19,3,10,20431.0,57,0,2,1.354,1.148,1.8,0.407,21,7035.88,concept_drift,2024-05,6256.0257019319015
ID0003972,2024-04-04,3,6,24063.0,29,1,1,1.083,0.881,1.8,0.284,3,6549.36,concept_drift,2024-04,5913.438919267643
ID0003973,2024-01-09,2,6,22035.0,38,1,2,1.24,1.254,1.4,0.492,10,6647.77,concept_drift,2024-01,5995.188640852649
ID0003974,2024-10-13,2,3,25851.0,77,1,1,0.991,1.081,1.4,0.445,10,5890.87,concept_drift,2024-10,5161.620616612608
ID0003975,2024-09-13,0,0,18057.0,66,3,1,1.109,0.998,1.2,0.278,2,5558.17,concept_drift,2024-09,5279.474555040359
ID0003976,2024-03-24,0,9,7615.0,19,4,2,1.166,1.506,1.8,0.342,6,9666.02,concept_drift,2024-03,9018.374424820273
ID0003977,2024-08-23,1,10,7968.0,48,3,1,1.0,1.103,1.4,0.219,0,6429.18,concept_drift,2024-08,5926.100806066407
ID0003978,2024-04-06,2,16,9043.0,43,4,2,1.104,1.256,1.8,0.441,1,8348.87,concept_drift,2024-04,7852.160208639873
ID0003979,2024-05-12,2,6,19977.0,58,0,1,0.948,1.178,1.8,0.449,3,6706.99,concept_drift,2024-05,5808.155019347727
ID0003980,2024-04-10,3,6,27011.0,47,0,1,1.056,0.882,1.2,0.051,2,4766.91,concept_drift,2024-04,4196.591590061545
ID0003981,2024-10-01,3,2,24215.0,54,1,1,1.092,1.037,1.2,0.413,4,5545.64,concept_drift,2024-10,4793.066340495148
ID0003982,2024-09-03,0,4,12358.0,34,3,1,1.034,0.976,1.8,0.343,2,7142.9,concept_drift,2024-09,6638.348496851627
ID0003983,2024-09-17,3,11,9555.0,66,2,2,1.018,1.292,1.2,0.147,4,6177.58,concept_drift,2024-09,5707.22600507457
ID0003984,2024-03-18,1,4,17629.0,19,3,2,1.11,1.026,1.2,0.234,0,6827.93,concept_drift,2024-03,6740.897129370839
ID0003985,2024-12-16,4,14,17987.0,59,0,1,1.153,1.036,1.8,0.586,0,6833.52,concept_drift,2024-12,6056.5848572953155
ID0003986,2024-02-02,3,0,29925.0,45,2,2,1.301,1.043,1.2,0.559,0,6274.43,concept_drift,2024-02,5473.412135128918
ID0003987,2024-12-02,1,6,13537.0,62,2,1,0.877,1.045,1.4,0.463,0,6178.0,concept_drift,2024-12,5583.878661776748
ID0003988,2024-04-12,3,8,16338.0,72,2,1,0.881,0.982,1.0,0.248,4,5158.64,concept_drift,2024-04,4591.405373677977
ID0003989,2024-05-16,0,8,6571.0,24,3,2,1.283,1.223,1.2,0.26,1,7350.74,concept_drift,2024-05,6990.852220912199
ID0003990,2024-01-03,3,19,6473.0,51,1,1,0.911,0.994,1.4,0.275,5,6021.19,concept_drift,2024-01,5457.542528503953
ID0003991,2024-12-06,1,4,12148.0,52,3,2,1.06,1.195,1.0,0.266,4,5857.37,concept_drift,2024-12,5683.038890259089
ID0003992,2024-06-16,2,7,21976.0,44,4,2,1.165,1.181,1.4,0.369,0,7122.02,concept_drift,2024-06,6768.309255943045
ID0003993,2024-04-17,2,10,13327.0,67,1,2,1.134,1.361,1.2,0.448,14,6404.87,concept_drift,2024-04,5697.556106338718
ID0003994,2024-10-12,1,4,15899.0,73,2,0,0.912,1.011,1.8,0.267,6,6484.56,concept_drift,2024-10,5917.423773846388
ID0003995,2024-08-14,2,9,20070.0,30,4,1,1.016,1.054,1.8,0.031,7,7435.54,concept_drift,2024-08,6917.889620579682
ID0003996,2024-12-28,1,7,15650.0,54,0,0,0.96,0.912,1.4,0.447,3,5354.82,concept_drift,2024-12,4521.046107404876
ID0003997,2024-08-22,2,8,14126.0,57,0,1,0.909,0.885,1.4,0.122,5,4903.43,concept_drift,2024-08,4564.939283519035
ID0003998,2024-07-14,0,20,5000.0,58,1,1,1.023,1.012,1.4,0.36,30,6558.55,concept_drift,2024-07,5703.671594595227
ID0003999,2024-11-06,1,15,7908.0,47,0,2,1.414,1.138,1.2,0.232,21,5712.25,concept_drift,2024-11,5581.566209559953
ID0004000,2024-11-16,2,2,26876.0,49,4,1,0.952,0.789,1.0,0.375,30,5722.81,concept_drift,2024-11,5401.578003216898
ID0004001,2024-04-18,3,0,36302.0,32,0,2,1.167,1.132,1.8,0.286,1,6630.18,concept_drift,2024-04,5968.665448557286
ID0004002,2024-01-26,2,8,10306.0,58,1,2,1.17,1.033,1.2,0.407,30,6057.34,concept_drift,2024-01,5430.0359782138885
ID0004003,2024-09-13,1,7,12301.0,47,1,2,1.294,1.445,1.2,0.165,0,6113.07,concept_drift,2024-09,5425.548922415551
ID0004004,2024-02-06,2,10,16930.0,58,2,2,1.232,1.164,1.2,0.696,2,6612.79,concept_drift,2024-02,5948.586174440791
ID0004005,2024-04-02,2,4,24801.0,75,2,1,0.947,0.977,1.2,0.053,4,5109.7,concept_drift,2024-04,4665.011047651866
ID0004006,2024-01-07,1,3,13692.0,27,1,1,0.966,0.997,1.2,0.27,2,5248.05,concept_drift,2024-01,4894.152885442845
ID0004007,2024-01-25,1,10,12271.0,50,0,1,0.941,0.943,3.2,0.551,7,9723.58,concept_drift,2024-01,8212.839539153794
ID0004008,2024-09-11,1,8,11082.0,54,1,1,1.048,1.06,1.2,0.226,4,5458.69,concept_drift,2024-09,4860.514292602759
ID0004009,2024-09-16,3,9,17180.0,41,1,2,1.223,1.248,1.4,0.213,30,6536.08,concept_drift,2024-09,5982.320455708573
ID0004010,2024-05-27,1,11,7811.0,76,2,2,1.253,1.097,1.2,0.149,3,5796.08,concept_drift,2024-05,5246.201564621744
ID0004011,2024-07-18,2,5,23962.0,66,0,2,1.115,1.131,1.2,0.489,2,5670.64,concept_drift,2024-07,4875.624402934902
ID0004012,2024-06-23,2,10,16703.0,52,1,1,0.847,0.973,1.2,0.272,2,5636.89,concept_drift,2024-06,4755.8507366142
ID0004013,2024-09-18,4,4,30940.0,62,0,2,1.028,1.359,1.8,0.086,10,6811.28,concept_drift,2024-09,6033.248255049225
ID0004014,2024-07-25,3,8,17004.0,65,1,1,0.947,1.115,1.2,0.457,4,5613.13,concept_drift,2024-07,5007.87455745867
ID0004015,2024-08-23,4,11,20261.0,21,3,2,1.347,1.364,1.2,0.097,7,7441.11,concept_drift,2024-08,7145.314714794062
ID0004016,2024-10-05,3,9,22042.0,39,0,2,1.105,1.461,1.8,0.081,1,7072.23,concept_drift,2024-10,6197.84432817281
ID0004017,2024-03-17,1,10,8244.0,44,1,2,1.324,1.105,1.0,0.144,0,5361.39,concept_drift,2024-03,4800.709859418486
ID0004018,2024-01-26,1,7,10639.0,27,2,1,1.021,1.064,1.2,0.056,1,5640.68,concept_drift,2024-01,5140.062023144417
ID0004019,2024-05-24,1,4,9764.0,27,3,0,0.862,1.064,1.8,0.384,6,7291.9,concept_drift,2024-05,6631.847211344365
ID0004020,2024-03-28,2,12,12458.0,40,3,2,1.057,1.119,1.2,0.126,1,6188.53,concept_drift,2024-03,5824.5823783925225
ID0004021,2024-09-13,0,11,6760.0,28,2,2,1.177,1.179,1.0,0.47,0,6095.57,concept_drift,2024-09,5615.46056921078
ID0004022,2024-03-18,2,7,17486.0,61,1,2,0.961,1.249,1.2,0.358,0,5937.08,concept_drift,2024-03,5283.884236071701
ID0004023,2024-04-09,1,2,18553.0,75,1,0,0.835,0.788,1.8,0.575,1,6198.23,concept_drift,2024-04,5239.4281026146855
ID0004024,2024-12-08,2,9,11565.0,29,1,1,1.004,1.005,1.0,0.4,1,5233.95,concept_drift,2024-12,4699.653834577081
ID0004025,2024-02-03,1,11,10747.0,53,0,2,1.21,1.375,1.2,0.378,14,6305.39,concept_drift,2024-02,5427.242488074684
ID0004026,2024-04-01,2,6,14759.0,50,1,0,0.889,0.796,1.8,0.51,2,6191.59,concept_drift,2024-04,5550.892857727371
ID0004027,2024-01-27,2,11,11622.0,62,1,1,1.085,1.119,1.0,0.346,0,5427.82,concept_drift,2024-01,4617.403333808396
ID0004028,2024-05-09,2,11,14586.0,70,0,2,1.228,1.319,1.2,0.127,0,5640.67,concept_drift,2024-05,4876.7375394362325
ID0004029,2024-11-26,0,15,5000.0,51,1,2,1.116,1.271,1.8,0.377,0,7518.33,concept_drift,2024-11,6779.3272994700255
ID0004030,2024-08-10,1,9,11373.0,43,1,0,0.754,0.828,1.4,0.235,14,5509.41,concept_drift,2024-08,4919.081738513836
ID0004031,2024-08-09,3,8,23839.0,63,3,2,1.155,0.914,1.4,0.179,30,6524.9,concept_drift,2024-08,6189.563386572626
ID0004032,2024-03-06,3,9,17589.0,64,1,1,0.977,1.238,1.2,0.744,14,6151.1,concept_drift,2024-03,5391.458000612184
ID0004033,2024-12-11,1,11,10260.0,27,1,0,0.909,1.066,1.8,0.223,1,6712.58,concept_drift,2024-12,6008.2747962360845
ID0004034,2024-10-12,1,14,5639.0,29,0,1,0.938,0.861,1.2,0.19,0,5010.36,concept_drift,2024-10,4525.559254864893
ID0004035,2024-09-18,3,0,28759.0,56,4,1,1.032,0.989,1.8,0.191,30,7620.93,concept_drift,2024-09,6767.335860065317
ID0004036,2024-05-26,2,12,13411.0,20,3,1,1.091,0.916,1.2,0.135,0,6713.38,concept_drift,2024-05,6257.0509896034055
ID0004037,2024-09-20,4,6,25608.0,29,3,2,1.196,1.261,1.8,0.401,1,7946.65,concept_drift,2024-09,7251.524088844811
ID0004038,2024-11-08,2,14,8220.0,76,2,1,0.955,0.992,1.8,0.486,3,6913.58,concept_drift,2024-11,6305.884931895873
ID0004039,2024-12-14,2,9,18538.0,25,1,1,0.965,0.984,1.4,0.203,1,5944.42,concept_drift,2024-12,5402.990815832347
ID0004040,2024-05-15,3,3,25701.0,34,2,1,0.949,1.081,1.2,0.291,1,5695.08,concept_drift,2024-05,5253.706143630884
ID0004041,2024-02-04,3,13,17274.0,47,2,1,1.003,0.919,1.8,0.191,1,6830.16,concept_drift,2024-02,6154.2181055079745
ID0004042,2024-11-14,0,3,14927.0,20,3,2,1.277,1.412,1.8,0.207,0,8658.65,concept_drift,2024-11,8044.04918917276
ID0004043,2024-04-12,2,5,20483.0,45,1,2,1.058,1.208,1.8,0.101,1,7089.26,concept_drift,2024-04,6270.579812159947
ID0004044,2024-07-16,1,12,8708.0,50,3,1,1.104,0.95,1.4,0.269,21,6712.79,concept_drift,2024-07,6148.315057054738
ID0004045,2024-06-17,3,3,29909.0,70,1,2,1.194,1.219,1.0,0.021,7,5183.63,concept_drift,2024-06,4741.632701011255
ID0004046,2024-06-28,2,16,8376.0,77,2,1,1.006,1.084,0.4,0.09,3,3826.73,concept_drift,2024-06,3549.4627625656058
ID0004047,2024-09-10,2,5,17263.0,36,2,1,1.064,1.268,1.4,0.598,10,7085.94,concept_drift,2024-09,6110.387440400694
ID0004048,2024-05-01,1,3,15919.0,58,2,2,1.239,1.071,1.2,0.317,0,5808.03,concept_drift,2024-05,5393.9095815720375
ID0004049,2024-01-15,2,3,30537.0,68,0,1,1.056,0.868,1.2,0.236,3,4639.46,concept_drift,2024-01,4090.158644161013
ID0004050,2024-10-07,2,14,9854.0,31,1,1,0.984,0.981,1.4,0.28,0,6030.45,concept_drift,2024-10,5461.528462265116
ID0004051,2024-12-28,1,2,29252.0,50,1,2,1.261,1.293,1.4,0.139,3,6156.45,concept_drift,2024-12,5605.318644375099
ID0004052,2024-11-23,2,10,12013.0,52,3,1,1.102,0.919,1.8,0.034,3,6614.7,concept_drift,2024-11,6317.977696019933
ID0004053,2024-04-08,2,20,6348.0,40,1,1,1.128,1.092,1.4,0.131,0,6022.44,concept_drift,2024-04,5525.002150603369
ID0004054,2024-08-04,0,9,9767.0,46,2,2,1.192,1.221,1.8,0.216,0,7436.96,concept_drift,2024-08,6790.175066789273
ID0004055,2024-07-26,4,6,30078.0,69,0,2,1.222,1.384,1.4,0.316,3,6111.96,concept_drift,2024-07,5400.0988901992505
ID0004056,2024-09-08,1,9,10362.0,77,4,1,0.877,1.036,3.2,0.559,0,10573.45,concept_drift,2024-09,9565.244526321321
ID0004057,2024-02-23,3,17,11904.0,20,3,2,1.223,1.279,1.0,0.535,0,7386.32,concept_drift,2024-02,6952.436111608215
ID0004058,2024-09-11,0,8,8526.0,58,2,2,1.275,1.292,3.2,0.111,1,10078.33,concept_drift,2024-09,9213.491942200613
ID0004059,2024-07-20,1,0,33468.0,76,1,1,1.031,1.111,1.0,0.615,4,5240.42,concept_drift,2024-07,4397.776606161094
ID0004060,2024-05-22,1,15,6748.0,69,1,2,1.262,1.264,0.4,0.437,10,4545.99,concept_drift,2024-05,4370.97757155656
ID0004061,2024-12-17,1,6,15023.0,32,2,1,0.996,0.868,1.0,0.353,2,5097.77,concept_drift,2024-12,4823.318130024645
ID0004062,2024-08-06,2,8,19437.0,73,2,0,0.948,0.874,1.2,0.211,7,4931.58,concept_drift,2024-08,4608.405798228892
ID0004063,2024-12-16,0,16,5000.0,19,4,2,1.326,1.263,1.2,0.352,1,8066.14,concept_drift,2024-12,7834.059865370898
ID0004064,2024-11-25,0,3,12357.0,79,1,2,1.248,1.091,0.4,0.19,1,3922.79,concept_drift,2024-11,3323.1274718419095
ID0004065,2024-05-05,1,14,7506.0,70,1,1,0.889,0.826,1.0,0.158,21,4905.55,concept_drift,2024-05,4442.967820899523
ID0004066,2024-09-28,4,6,29468.0,40,1,2,1.257,1.151,1.4,0.098,10,6392.14,concept_drift,2024-09,5608.145558539373
ID0004067,2024-07-06,2,7,22779.0,64,2,1,1.031,1.166,1.2,0.23,10,5719.37,concept_drift,2024-07,5214.495339442643
ID0004068,2024-07-05,1,8,11184.0,59,2,1,1.052,0.891,1.0,0.199,5,4871.04,concept_drift,2024-07,4591.487034065733
ID0004069,2024-02-25,3,3,21200.0,52,4,1,0.968,0.803,1.4,0.344,3,6368.54,concept_drift,2024-02,5870.168628229466
ID0004070,2024-06-01,3,7,21956.0,66,1,1,1.012,0.961,1.4,0.163,7,5505.53,concept_drift,2024-06,4995.694477331517
ID0004071,2024-03-17,3,11,12035.0,67,1,2,1.211,0.985,1.2,0.093,2,5248.68,concept_drift,2024-03,4828.13002603982
ID0004072,2024-12-08,3,3,19719.0,43,1,1,0.966,1.044,1.4,0.649,10,6117.33,concept_drift,2024-12,5533.362769845706
ID0004073,2024-09-17,2,7,18040.0,46,3,2,1.217,1.097,3.2,0.236,7,10494.82,concept_drift,2024-09,9430.43609248268
ID0004074,2024-03-19,3,3,24461.0,53,4,1,0.88,0.953,1.0,0.153,2,5585.27,concept_drift,2024-03,5157.999923418019
ID0004075,2024-10-18,1,8,11841.0,39,3,1,0.91,1.014,1.8,0.354,0,7002.03,concept_drift,2024-10,6780.100126401502
ID0004076,2024-06-06,4,1,53153.0,20,3,2,1.204,1.073,1.4,0.117,0,7223.11,concept_drift,2024-06,6976.802177005425
ID0004077,2024-08-13,2,0,39685.0,25,1,0,0.922,0.899,1.8,0.36,2,6374.7,concept_drift,2024-08,5606.2761744985855
ID0004078,2024-01-23,1,10,10118.0,48,3,1,0.853,1.035,1.2,0.273,3,6105.1,concept_drift,2024-01,5702.204150841976
ID0004079,2024-03-01,0,8,7592.0,45,1,1,0.959,1.201,1.8,0.292,6,7149.31,concept_drift,2024-03,6224.955248016104
ID0004080,2024-07-16,1,5,14373.0,63,0,2,1.264,1.141,1.4,0.132,0,5518.09,concept_drift,2024-07,5035.059840235994
ID0004081,2024-07-02,0,11,11823.0,42,1,0,0.979,1.066,1.0,0.134,3,5030.51,concept_drift,2024-07,4298.861465265244
ID0004082,2024-09-24,0,8,12343.0,25,2,1,0.921,1.124,1.8,0.345,10,7391.68,concept_drift,2024-09,6666.152704220481
ID0004083,2024-03-19,2,10,11570.0,22,1,0,0.923,0.931,1.1,0.43,0,5953.92,concept_drift,2024-03,5293.1078575377105
ID0004084,2024-03-28,0,5,13747.0,19,1,1,1.134,0.968,0.4,0.402,2,4777.88,concept_drift,2024-03,4327.958980102892
ID0004085,2024-01-06,2,9,11895.0,49,2,2,1.19,1.043,0.4,0.624,3,4737.23,concept_drift,2024-01,4435.00949844855
ID0004086,2024-02-09,2,9,16420.0,20,1,1,1.093,1.084,1.8,0.267,2,7657.78,concept_drift,2024-02,6840.797147073446
ID0004087,2024-07-05,2,17,7147.0,18,1,2,1.104,1.403,1.0,0.207,21,7082.96,concept_drift,2024-07,6463.700322119559
ID0004088,2024-09-24,1,4,11322.0,31,2,2,1.129,1.064,1.2,0.207,30,6202.8,concept_drift,2024-09,5738.073311747848
ID0004089,2024-09-19,1,0,32194.0,66,3,2,1.175,1.162,1.0,0.117,4,5511.9,concept_drift,2024-09,5154.281936856808
ID0004090,2024-10-19,2,8,16583.0,73,3,2,1.247,1.181,1.2,0.089,1,6075.05,concept_drift,2024-10,5739.238358593043
ID0004091,2024-07-22,1,12,9227.0,27,1,2,1.202,1.295,1.4,0.255,3,6515.47,concept_drift,2024-07,6094.669677874251
ID0004092,2024-10-06,2,9,16669.0,30,4,1,1.039,1.016,1.0,0.295,4,5914.18,concept_drift,2024-10,5728.808096926034
ID0004093,2024-12-09,0,7,10269.0,63,2,2,1.252,1.31,0.4,0.041,2,4371.32,concept_drift,2024-12,4298.6166889888145
ID0004094,2024-10-08,2,11,12893.0,67,1,2,1.213,1.165,0.4,0.559,14,4615.66,concept_drift,2024-10,4167.986452210283
ID0004095,2024-10-03,2,11,11590.0,58,2,2,1.156,0.997,1.2,0.307,1,6106.5,concept_drift,2024-10,5502.6843776026
ID0004096,2024-05-08,1,12,9552.0,33,0,1,1.114,1.037,1.0,0.158,1,4596.93,concept_drift,2024-05,4271.736922217751
ID0004097,2024-10-05,0,7,8717.0,65,4,0,0.963,0.999,1.2,0.429,3,6046.42,concept_drift,2024-10,5826.514111069413
ID0004098,2024-11-20,1,11,12092.0,35,2,2,1.121,1.338,1.8,0.526,10,8096.17,concept_drift,2024-11,7385.784229640187
ID0004099,2024-05-05,0,0,12806.0,62,1,2,1.162,1.031,1.0,0.222,3,4786.8,concept_drift,2024-05,4433.174863495237
ID0004100,2024-05-03,3,6,21096.0,71,2,2,1.116,1.081,1.2,0.179,2,5817.73,concept_drift,2024-05,5281.820752711626
ID0004101,2024-02-24,2,13,9674.0,58,2,0,0.95,0.979,1.8,0.256,0,6587.71,concept_drift,2024-02,6058.671363917319
ID0004102,2024-08-02,1,6,13252.0,75,2,2,1.025,1.106,1.2,0.427,3,6094.49,concept_drift,2024-08,5380.760319573482
ID0004103,2024-03-06,2,0,26100.0,49,2,1,1.028,0.887,1.0,0.31,0,4843.23,concept_drift,2024-03,4534.095310388889
ID0004104,2024-02-15,1,1,20672.0,21,3,1,1.019,1.095,0.4,0.108,1,4912.76,concept_drift,2024-02,4544.451406223428
ID0004105,2024-07-26,1,5,24036.0,73,1,1,1.086,1.041,1.8,0.353,0,6457.39,concept_drift,2024-07,5797.128854153155
ID0004106,2024-01-05,3,4,17208.0,79,3,1,0.974,0.884,1.2,0.615,1,5900.3,concept_drift,2024-01,5298.612196835599
ID0004107,2024-06-24,1,15,5000.0,75,0,1,1.101,1.088,1.0,0.329,0,4831.8,concept_drift,2024-06,4212.692120882124
ID0004108,2024-10-11,1,1,24511.0,41,0,1,1.05,1.159,1.2,0.099,3,5000.62,concept_drift,2024-10,4528.380797885856
ID0004109,2024-09-10,2,7,17416.0,75,0,2,1.131,1.392,1.4,0.263,0,6074.36,concept_drift,2024-09,5310.86457192304
ID0004110,2024-04-28,2,16,6201.0,69,3,1,1.065,0.933,1.8,0.102,0,6717.52,concept_drift,2024-04,6401.6926052644685
ID0004111,2024-01-22,1,11,6840.0,49,1,2,1.241,1.208,1.2,0.319,0,5969.34,concept_drift,2024-01,5397.9996965680475
ID0004112,2024-09-13,3,7,18845.0,44,0,2,1.162,1.233,1.1,0.175,21,5530.9,concept_drift,2024-09,4870.5210967871
ID0004113,2024-05-09,0,15,5202.0,47,3,2,1.079,1.397,1.2,0.305,4,7048.94,concept_drift,2024-05,6720.484806669814
ID0004114,2024-05-11,0,14,5000.0,37,3,2,1.076,1.08,1.8,0.191,0,7530.41,concept_drift,2024-05,7033.564084738958
ID0004115,2024-06-04,1,6,9451.0,67,2,1,0.994,1.039,1.8,0.634,4,7365.15,concept_drift,2024-06,6332.432174413865
ID0004116,2024-10-05,4,6,34058.0,47,0,0,0.899,0.939,1.8,0.141,0,5716.28,concept_drift,2024-10,5123.373879235797
ID0004117,2024-11-05,1,9,8546.0,24,1,1,1.004,1.272,1.2,0.333,1,6616.75,concept_drift,2024-11,6120.995332053602
ID0004118,2024-11-27,4,3,51936.0,25,2,2,1.205,1.256,1.4,0.072,1,6466.41,concept_drift,2024-11,6095.9806292834355
ID0004119,2024-02-13,2,9,17227.0,24,2,2,1.244,1.246,1.2,0.383,5,7324.62,concept_drift,2024-02,6774.357736468336
ID0004120,2024-11-24,4,10,26088.0,50,4,1,0.969,0.981,1.4,0.581,10,7137.7,concept_drift,2024-11,6474.276283372929
ID0004121,2024-05-06,1,11,10043.0,73,2,2,1.289,1.103,1.2,0.318,0,5861.56,concept_drift,2024-05,5461.599072582554
ID0004122,2024-03-08,3,0,34029.0,46,2,2,1.117,1.23,1.4,0.523,30,7191.04,concept_drift,2024-03,6331.830843427371
ID0004123,2024-08-15,2,10,13302.0,22,1,0,0.927,0.946,1.2,0.076,0,5763.79,concept_drift,2024-08,5271.198169387172
ID0004124,2024-01-05,1,2,19978.0,30,1,1,1.002,0.89,1.2,0.053,2,5170.08,concept_drift,2024-01,4589.33996270198
ID0004125,2024-04-09,2,4,27488.0,39,2,1,0.852,1.116,1.4,0.325,14,6568.55,concept_drift,2024-04,5740.904158052811
ID0004126,2024-10-22,2,13,11947.0,77,2,2,1.193,1.081,1.0,0.53,30,6126.59,concept_drift,2024-10,5557.966651000721
ID0004127,2024-10-15,3,4,30703.0,51,3,2,1.175,1.492,1.8,0.158,0,7964.16,concept_drift,2024-10,7167.634662627345
ID0004128,2024-07-11,2,12,11301.0,70,2,2,1.178,1.404,1.2,0.408,0,6500.39,concept_drift,2024-07,6016.080011100026
ID0004129,2024-09-24,1,2,18099.0,52,2,1,0.983,0.889,1.2,0.181,3,5110.28,concept_drift,2024-09,4790.964358059378
ID0004130,2024-06-22,4,7,38317.0,66,1,2,1.273,1.308,1.4,0.059,4,6150.68,concept_drift,2024-06,5573.685453785546
ID0004131,2024-10-02,3,13,14637.0,32,0,2,1.219,1.167,1.4,0.199,5,6013.19,concept_drift,2024-10,5471.647491287096
ID0004132,2024-11-18,1,9,15415.0,70,2,0,0.923,0.902,1.4,0.522,6,5861.43,concept_drift,2024-11,5240.043996305652
ID0004133,2024-12-27,3,4,26924.0,76,1,1,1.088,1.053,1.2,0.111,0,4875.56,concept_drift,2024-12,4499.280664078066
ID0004134,2024-04-12,2,8,20297.0,59,2,2,1.423,1.198,1.8,0.371,6,7578.74,concept_drift,2024-04,6880.638103794035
ID0004135,2024-01-25,3,4,29883.0,30,0,1,0.862,0.908,1.2,0.391,4,5079.85,concept_drift,2024-01,4546.85072366536
ID0004136,2024-09-01,1,10,8951.0,78,2,1,1.113,0.895,1.2,0.133,0,5095.11,concept_drift,2024-09,4776.762156141474
ID0004137,2024-10-27,4,11,37311.0,51,2,2,1.148,1.394,1.8,0.175,3,7454.67,concept_drift,2024-10,7035.969571595733
ID0004138,2024-03-05,2,6,23878.0,70,3,2,1.191,0.997,1.2,0.094,10,5722.96,concept_drift,2024-03,5708.794093354323
ID0004139,2024-12-26,2,17,9521.0,76,3,1,1.097,1.011,1.2,0.351,3,6044.32,concept_drift,2024-12,5697.0152101532585
ID0004140,2024-08-06,1,6,16700.0,62,3,2,1.084,1.333,1.0,0.381,3,6233.7,concept_drift,2024-08,5810.446665637724
ID0004141,2024-05-10,3,0,30230.0,57,4,1,0.821,0.999,1.2,0.236,6,5998.68,concept_drift,2024-05,5693.240393742226
ID0004142,2024-03-22,2,20,7323.0,37,0,1,0.977,0.89,1.2,0.159,10,5238.0,concept_drift,2024-03,4763.176805664505
ID0004143,2024-06-28,2,10,10136.0,25,1,2,1.186,1.01,1.0,0.327,1,5505.37,concept_drift,2024-06,5122.941068160149
ID0004144,2024-04-13,1,12,9280.0,61,1,2,1.185,1.103,1.8,0.156,14,7003.79,concept_drift,2024-04,6330.776009052245
ID0004145,2024-10-26,2,6,18437.0,21,4,2,1.258,1.297,1.8,0.467,2,9078.74,concept_drift,2024-10,8579.23954637244
ID0004146,2024-02-02,3,10,16221.0,49,2,1,0.99,0.816,3.2,0.213,0,9534.76,concept_drift,2024-02,8385.979545222192
ID0004147,2024-03-28,2,4,26547.0,72,1,0,1.017,0.911,1.2,0.077,0,4544.76,concept_drift,2024-03,3993.5687354271713
ID0004148,2024-01-10,1,9,11641.0,38,0,2,1.253,1.057,1.4,0.449,3,6258.83,concept_drift,2024-01,5486.339713165794
ID0004149,2024-12-26,1,14,14624.0,68,4,1,0.957,0.881,1.2,0.141,0,5644.62,concept_drift,2024-12,5603.6493522400815
ID0004150,2024-02-19,2,13,8055.0,25,1,1,0.927,1.06,1.4,0.33,1,6148.16,concept_drift,2024-02,5631.702255203785
ID0004151,2024-02-11,3,4,22628.0,30,1,1,0.937,1.051,1.4,0.277,30,6216.75,concept_drift,2024-02,5519.632738130043
ID0004152,2024-02-21,4,8,34862.0,29,1,1,1.036,1.044,1.8,0.348,30,7451.1,concept_drift,2024-02,6359.40242646078
ID0004153,2024-10-09,3,6,19898.0,45,1,2,1.2,1.063,1.2,0.1,21,5666.35,concept_drift,2024-10,5210.73493881763
ID0004154,2024-11-15,3,8,21512.0,69,0,2,1.119,1.274,1.2,0.176,0,5277.22,concept_drift,2024-11,4830.47756780736
ID0004155,2024-11-19,2,6,27417.0,44,3,0,0.981,0.928,1.2,0.165,0,5452.14,concept_drift,2024-11,5144.568383795151
ID0004156,2024-09-26,3,9,17667.0,45,4,0,0.962,0.832,1.2,0.114,0,5421.53,concept_drift,2024-09,5267.043252927996
ID0004157,2024-06-07,2,12,11370.0,42,2,1,1.01,0.951,1.8,0.367,0,7138.33,concept_drift,2024-06,6443.456929976193
ID0004158,2024-04-07,3,7,18751.0,66,3,2,1.386,1.092,1.0,0.276,0,5740.77,concept_drift,2024-04,5385.683966480935
ID0004159,2024-04-04,0,0,17928.0,23,3,1,1.08,1.236,1.2,0.496,2,7212.51,concept_drift,2024-04,6683.304007797739
ID0004160,2024-07-14,3,16,7268.0,21,4,2,1.174,1.056,1.2,0.318,0,7544.97,concept_drift,2024-07,7487.580429552047
ID0004161,2024-10-01,2,17,9001.0,45,2,2,1.165,1.126,1.8,0.432,21,7894.08,concept_drift,2024-10,7208.0909458488395
ID0004162,2024-11-08,3,15,13172.0,48,2,0,0.919,0.961,0.4,0.379,0,3927.48,concept_drift,2024-11,3714.2443621592033
ID0004163,2024-04-25,2,15,8679.0,65,2,1,0.953,1.113,1.4,0.052,0,5859.61,concept_drift,2024-04,5517.738021271674
ID0004164,2024-09-21,4,17,13318.0,31,0,2,1.178,1.174,1.0,0.2,5,5246.29,concept_drift,2024-09,4854.434402092381
ID0004165,2024-07-04,0,12,7540.0,61,1,2,1.127,1.218,1.2,0.432,30,6407.11,concept_drift,2024-07,5697.073003776235
ID0004166,2024-04-27,3,0,33163.0,64,1,2,1.135,1.214,1.0,0.547,1,5563.77,concept_drift,2024-04,4799.852609420869
ID0004167,2024-12-13,3,9,20201.0,42,2,1,0.97,0.944,1.8,0.407,0,7221.53,concept_drift,2024-12,6314.033158712289
ID0004168,2024-03-22,0,11,5311.0,24,2,2,0.992,1.325,3.2,0.07,21,11439.66,concept_drift,2024-03,10603.415431821002
ID0004169,2024-07-12,2,13,10914.0,74,1,2,1.155,1.116,0.4,0.176,2,3923.02,concept_drift,2024-07,3736.515258090048
ID0004170,2024-02-24,2,10,15045.0,32,2,2,1.124,1.226,1.4,0.279,10,6843.75,concept_drift,2024-02,6342.379598575116
ID0004171,2024-09-25,2,8,9498.0,38,3,2,1.208,1.277,1.8,0.603,1,8316.97,concept_drift,2024-09,7486.035238665074
ID0004172,2024-03-19,2,4,20599.0,20,1,2,1.074,1.378,1.8,0.142,7,8186.71,concept_drift,2024-03,7325.150554984851
ID0004173,2024-03-21,1,0,18739.0,48,3,1,0.89,1.041,1.8,0.534,1,7392.21,concept_drift,2024-03,6619.986672513434
ID0004174,2024-07-19,0,9,6557.0,71,4,1,0.916,0.754,1.2,0.203,0,5751.96,concept_drift,2024-07,5434.602743516861
ID0004175,2024-09-18,2,6,15803.0,46,3,1,0.905,0.843,1.8,0.317,10,7087.85,concept_drift,2024-09,6414.787756997386
ID0004176,2024-09-17,1,15,5000.0,70,3,0,0.955,0.971,1.0,0.234,10,5147.82,concept_drift,2024-09,5006.892701563365
ID0004177,2024-02-04,2,0,33370.0,21,0,1,1.007,1.052,1.2,0.502,6,6162.07,concept_drift,2024-02,5554.866536821203
ID0004178,2024-07-16,2,7,15110.0,50,0,1,1.013,1.129,1.2,0.075,10,5094.91,concept_drift,2024-07,4589.95077780362
ID0004179,2024-03-24,3,7,16294.0,46,2,2,1.126,1.164,1.4,0.085,10,6359.75,concept_drift,2024-03,5967.696676792657
ID0004180,2024-04-10,2,6,24557.0,62,0,2,1.137,1.217,1.8,0.189,21,7127.43,concept_drift,2024-04,5999.021557377039
ID0004181,2024-05-03,1,11,11683.0,73,2,1,0.869,0.95,3.2,0.108,4,9290.9,concept_drift,2024-05,8438.592439162803
ID0004182,2024-10-09,1,0,29884.0,75,3,2,1.155,1.348,1.8,0.028,0,7144.64,concept_drift,2024-10,6822.517123121658
ID0004183,2024-10-16,1,20,5000.0,62,0,1,0.934,0.951,1.0,0.267,10,4919.05,concept_drift,2024-10,4365.218861013531
ID0004184,2024-08-20,3,10,12894.0,75,1,2,1.278,1.33,0.4,0.716,0,4582.04,concept_drift,2024-08,4186.054515182959
ID0004185,2024-04-11,3,8,22372.0,48,1,0,0.849,0.96,1.2,0.035,2,4934.47,concept_drift,2024-04,4305.7696001705735
ID0004186,2024-06-01,1,10,8779.0,56,0,1,0.972,1.084,1.8,0.152,14,6595.19,concept_drift,2024-06,5741.695658638752
ID0004187,2024-06-08,2,14,10691.0,28,0,0,0.878,0.837,1.8,0.047,3,5795.81,concept_drift,2024-06,5174.702019044541
ID0004188,2024-01-18,0,0,22741.0,33,2,1,1.022,1.065,1.4,0.222,30,6387.88,concept_drift,2024-01,5700.526076814971
ID0004189,2024-08-13,1,4,16480.0,71,1,1,1.194,1.07,1.8,0.114,1,6319.99,concept_drift,2024-08,5653.020408466106
ID0004190,2024-06-27,3,12,17765.0,75,1,0,0.878,1.013,1.8,0.312,5,6225.87,concept_drift,2024-06,5733.121636103848
ID0004191,2024-02-16,2,5,23547.0,42,2,1,0.997,0.949,1.4,0.219,3,5916.98,concept_drift,2024-02,5522.243841564989
ID0004192,2024-04-06,2,3,19337.0,71,3,2,1.172,1.343,1.4,0.118,4,6757.81,concept_drift,2024-04,6221.982943550711
ID0004193,2024-06-13,4,13,14651.0,21,1,2,1.17,1.306,1.0,0.155,2,6360.71,concept_drift,2024-06,5845.303939731486
ID0004194,2024-12-11,1,6,11973.0,52,4,2,1.106,1.204,0.4,0.686,0,5495.52,concept_drift,2024-12,5297.010707342395
ID0004195,2024-11-02,1,9,9619.0,45,1,2,1.066,1.18,1.4,0.058,30,6313.55,concept_drift,2024-11,5795.634353833938
ID0004196,2024-03-15,2,3,21532.0,78,2,2,1.247,1.335,0.4,0.648,1,4913.39,concept_drift,2024-03,4454.908370590024
ID0004197,2024-03-27,2,15,9934.0,42,1,2,1.088,1.093,0.4,0.274,0,4154.25,concept_drift,2024-03,4043.600202859933
ID0004198,2024-11-22,2,8,19317.0,56,1,1,0.939,1.037,1.0,0.365,2,5016.6,concept_drift,2024-11,4510.463521981613
ID0004199,2024-01-05,3,7,11942.0,30,2,2,1.221,0.98,1.2,0.477,14,6212.28,concept_drift,2024-01,5713.544557260886
ID0004200,2024-07-17,4,2,56094.0,50,2,1,1.039,0.99,1.8,0.333,2,6953.65,concept_drift,2024-07,6258.031649476973
ID0004201,2024-11-28,3,6,15922.0,59,0,2,1.169,1.394,1.4,0.268,3,6251.04,concept_drift,2024-11,5502.378440773925
ID0004202,2024-01-18,3,4,21751.0,60,3,1,1.04,1.028,1.2,0.034,0,5504.28,concept_drift,2024-01,5294.540472460594
ID0004203,2024-09-03,2,5,13854.0,30,0,1,1.01,1.098,1.2,0.087,1,5150.82,concept_drift,2024-09,4600.587141658495
ID0004204,2024-04-08,1,10,10825.0,46,1,2,1.167,1.338,1.8,0.34,0,7349.98,concept_drift,2024-04,6764.951197596106
ID0004205,2024-01-27,0,18,5746.0,53,2,1,0.977,0.982,1.4,0.058,1,5919.85,concept_drift,2024-01,5417.418011451685
ID0004206,2024-02-16,2,3,25604.0,72,3,1,0.858,1.054,0.4,0.047,4,4026.78,concept_drift,2024-02,3585.50005496929
ID0004207,2024-09-12,4,7,19677.0,27,4,1,0.878,1.138,1.1,0.489,10,6682.6,concept_drift,2024-09,6084.938776997948
ID0004208,2024-03-14,1,3,24555.0,43,3,2,1.172,1.57,1.2,0.241,0,6825.71,concept_drift,2024-03,6407.59840420456
ID0004209,2024-02-24,1,2,19204.0,65,2,2,1.296,1.181,1.0,0.156,1,5327.05,concept_drift,2024-02,4936.782104385741
ID0004210,2024-11-19,1,4,14806.0,73,3,2,0.865,0.842,1.8,0.379,14,7252.94,concept_drift,2024-11,6594.371218128624
ID0004211,2024-04-26,0,4,14438.0,57,2,2,1.217,1.29,1.1,0.327,4,5984.78,concept_drift,2024-04,5530.26123062414
ID0004212,2024-07-27,3,5,28675.0,74,1,2,1.15,1.147,1.4,0.299,3,5972.44,concept_drift,2024-07,5477.068899290411
ID0004213,2024-12-20,1,1,16928.0,64,2,0,0.993,0.79,1.0,0.572,5,4790.58,concept_drift,2024-12,4345.6640939111685
ID0004214,2024-06-24,0,7,10479.0,39,0,2,1.152,1.2,1.2,0.262,4,5776.12,concept_drift,2024-06,5104.383978879889
ID0004215,2024-09-06,4,0,42576.0,56,2,1,1.049,0.883,1.0,0.23,5,4831.16,concept_drift,2024-09,4444.807499672727
ID0004216,2024-10-16,1,8,12542.0,54,2,1,0.972,0.944,1.4,0.389,3,6016.74,concept_drift,2024-10,5516.894985397354
ID0004217,2024-12-16,3,3,30782.0,38,1,1,0.846,1.039,1.4,0.602,21,6387.66,concept_drift,2024-12,5541.046234035138
ID0004218,2024-11-24,0,6,9435.0,44,0,1,1.128,0.811,1.2,0.381,1,5067.32,concept_drift,2024-11,4358.884509315854
ID0004219,2024-01-24,3,9,16402.0,19,4,2,1.176,1.102,1.8,0.119,7,8811.75,concept_drift,2024-01,8144.524428672378
ID0004220,2024-07-13,0,12,5695.0,44,1,2,1.104,1.152,1.8,0.425,0,7309.26,concept_drift,2024-07,6532.777614939672
ID0004221,2024-02-23,0,6,16431.0,19,0,1,1.007,0.865,1.2,0.49,1,6058.86,concept_drift,2024-02,5353.677776516111
ID0004222,2024-09-08,2,8,15726.0,30,1,1,0.97,1.062,1.2,0.161,0,5397.47,concept_drift,2024-09,4932.379635176963
ID0004223,2024-12-03,3,7,14978.0,48,1,2,1.176,1.258,1.2,0.312,0,6136.23,concept_drift,2024-12,5385.678738371162
ID0004224,2024-06-08,1,0,22201.0,62,2,1,0.935,0.986,1.0,0.652,0,5265.68,concept_drift,2024-06,4714.979602615173
ID0004225,2024-12-14,1,13,7109.0,33,2,1,0.882,0.979,1.8,0.405,1,7223.85,concept_drift,2024-12,6435.628328753669
ID0004226,2024-02-23,0,6,12435.0,19,0,2,1.274,1.332,1.8,0.637,21,8509.95,concept_drift,2024-02,7493.634900941195
ID0004227,2024-07-28,2,13,10662.0,44,1,2,1.203,1.182,1.2,0.446,4,6097.96,concept_drift,2024-07,5618.33806577592
ID0004228,2024-08-08,4,13,15565.0,66,3,1,0.975,1.06,1.2,0.267,6,6195.53,concept_drift,2024-08,5608.187151701425
ID0004229,2024-05-08,4,9,34300.0,48,1,2,1.322,1.077,1.2,0.187,3,5716.46,concept_drift,2024-05,5051.3727904302505
ID0004230,2024-11-26,3,10,14940.0,75,0,1,0.915,1.026,1.8,0.483,1,6644.69,concept_drift,2024-11,5667.913803891675
ID0004231,2024-08-09,2,0,29776.0,69,3,0,1.041,0.859,1.8,0.212,4,6382.76,concept_drift,2024-08,5895.211714163973
ID0004232,2024-05-14,1,12,10567.0,70,3,1,1.007,1.057,1.8,0.306,0,7209.79,concept_drift,2024-05,6611.492637668911
ID0004233,2024-04-14,0,1,13748.0,29,1,2,1.13,1.279,1.4,0.355,4,6519.1,concept_drift,2024-04,5854.6946141544695
ID0004234,2024-06-27,2,6,18676.0,59,3,2,1.212,1.155,0.4,0.144,5,4598.75,concept_drift,2024-06,4388.37912451569
ID0004235,2024-04-23,0,1,14376.0,20,0,1,0.867,0.919,1.4,0.105,0,6020.47,concept_drift,2024-04,5282.197282890811
ID0004236,2024-10-17,3,10,11530.0,73,0,0,0.778,0.984,1.4,0.361,0,5274.72,concept_drift,2024-10,4599.19318466518
ID0004237,2024-08-08,1,10,12529.0,49,1,1,0.962,0.922,1.2,0.296,10,5498.92,concept_drift,2024-08,4881.433402375211
ID0004238,2024-09-25,0,10,8065.0,38,2,1,1.105,1.044,1.8,0.454,3,7381.31,concept_drift,2024-09,6619.944683163384
ID0004239,2024-11-18,4,11,20089.0,68,1,2,1.278,1.175,1.2,0.306,2,5973.11,concept_drift,2024-11,5226.594809244018
ID0004240,2024-05-09,1,3,16971.0,56,2,1,0.998,1.15,1.2,0.372,1,5913.13,concept_drift,2024-05,5216.358292262656
ID0004241,2024-07-27,0,0,14728.0,39,1,2,1.179,1.202,1.4,0.684,2,6497.31,concept_drift,2024-07,5842.928478305196
ID0004242,2024-02-12,2,5,22361.0,79,0,0,1.009,0.888,1.8,0.2,5,5584.17,concept_drift,2024-02,4842.784028511674
ID0004243,2024-08-09,2,1,27695.0,35,2,1,0.993,1.066,1.1,0.149,0,5411.75,concept_drift,2024-08,4890.753111360066
ID0004244,2024-06-01,1,4,23548.0,75,2,1,0.949,1.119,1.2,0.462,1,5772.23,concept_drift,2024-06,5087.701390857772
ID0004245,2024-05-26,1,7,14187.0,30,3,2,1.248,1.11,1.4,0.293,5,6878.3,concept_drift,2024-05,6391.924647968543
ID0004246,2024-02-24,2,18,6408.0,46,0,2,1.183,1.271,1.8,0.282,2,7208.99,concept_drift,2024-02,6434.2389592506825
ID0004247,2024-10-20,0,2,13454.0,32,2,0,0.874,0.876,1.8,0.452,0,6660.05,concept_drift,2024-10,5896.782964812095
ID0004248,2024-08-28,2,2,14748.0,35,1,0,0.816,0.931,1.8,0.204,1,6075.66,concept_drift,2024-08,5502.50993824774
ID0004249,2024-12-01,0,7,9687.0,70,0,2,1.247,1.142,1.2,0.179,1,5339.84,concept_drift,2024-12,4653.8181627168415
ID0004250,2024-11-20,1,3,13359.0,21,2,2,1.063,1.122,3.2,0.304,1,10834.94,concept_drift,2024-11,9940.78681837907
ID0004251,2024-10-25,3,7,25689.0,42,1,2,1.238,1.422,1.0,0.471,14,6199.38,concept_drift,2024-10,5364.453265366797
ID0004252,2024-08-26,0,9,6455.0,43,2,1,0.926,1.161,1.2,0.339,3,5956.34,concept_drift,2024-08,5392.233596153322
ID0004253,2024-09-17,4,8,22203.0,62,3,1,0.947,1.102,1.1,0.347,2,5759.96,concept_drift,2024-09,5395.3971795771895
ID0004254,2024-09-12,3,9,18869.0,76,0,2,1.076,1.305,1.2,0.478,0,5685.43,concept_drift,2024-09,4966.031838387233
ID0004255,2024-07-05,4,3,36051.0,75,3,1,0.983,1.039,1.8,0.362,4,7123.14,concept_drift,2024-07,6400.8048806217985
ID0004256,2024-11-15,1,5,17059.0,19,3,1,1.068,1.033,1.8,0.301,1,8179.13,concept_drift,2024-11,7529.735274718675
ID0004257,2024-03-07,1,6,15383.0,72,3,0,0.907,0.969,1.8,0.522,10,7150.86,concept_drift,2024-03,6402.600264686586
ID0004258,2024-10-18,1,11,7248.0,29,4,1,1.016,0.962,1.2,0.27,0,6245.57,concept_drift,2024-10,6073.060089850193
ID0004259,2024-04-02,2,13,9849.0,43,2,1,1.056,0.909,1.2,0.257,2,5559.83,concept_drift,2024-04,5171.716123696004
ID0004260,2024-08-23,1,15,6694.0,57,2,1,0.992,0.889,1.0,0.124,2,4878.01,concept_drift,2024-08,4648.221500176571
ID0004261,2024-10-07,2,2,48971.0,45,2,2,1.096,1.25,3.2,0.123,21,10340.02,concept_drift,2024-10,9444.5353850943
ID0004262,2024-06-28,2,11,13154.0,57,1,2,1.106,1.371,1.0,0.257,3,5622.03,concept_drift,2024-06,5122.3496494780065
ID0004263,2024-03-28,1,5,20617.0,52,1,1,0.862,1.04,1.2,0.464,5,5564.0,concept_drift,2024-03,4931.599429256352
ID0004264,2024-07-03,3,13,11474.0,61,4,0,0.917,1.023,1.2,0.11,3,5798.21,concept_drift,2024-07,5517.522621122139
ID0004265,2024-02-19,1,7,12041.0,59,1,1,1.076,0.99,1.2,0.214,7,5155.34,concept_drift,2024-02,4726.628719008371
ID0004266,2024-10-19,2,1,29007.0,75,2,1,0.871,0.922,1.2,0.081,30,5382.71,concept_drift,2024-10,4742.123535335203
ID0004267,2024-08-27,2,3,19350.0,62,3,2,1.226,1.28,1.8,0.151,30,7863.77,concept_drift,2024-08,7138.33712066763
ID0004268,2024-12-18,0,8,8899.0,26,1,2,1.257,1.303,1.2,0.357,1,6373.18,concept_drift,2024-12,5657.792002619579
ID0004269,2024-06-25,4,7,40433.0,78,4,2,1.183,1.047,1.8,0.334,1,7452.08,concept_drift,2024-06,7195.439595644683
ID0004270,2024-12-21,3,15,10460.0,44,0,1,0.959,1.02,1.0,0.209,6,4798.5,concept_drift,2024-12,4383.801966006602
ID0004271,2024-07-14,1,11,13842.0,43,0,0,0.986,0.75,1.2,0.329,2,4596.99,concept_drift,2024-07,3951.570218551105
ID0004272,2024-05-14,2,20,6491.0,72,0,0,0.833,0.999,1.4,0.462,0,5480.82,concept_drift,2024-05,5070.730164654653
ID0004273,2024-05-05,3,9,20801.0,77,1,2,1.418,1.22,1.2,0.102,30,5656.22,concept_drift,2024-05,5384.319592478177
ID0004274,2024-03-09,2,1,24610.0,37,0,1,0.951,0.987,1.8,0.659,14,6778.49,concept_drift,2024-03,5869.035107721276
ID0004275,2024-07-17,2,12,14613.0,37,3,2,1.187,1.108,1.0,0.447,5,6225.47,concept_drift,2024-07,5883.963217215955
ID0004276,2024-06-15,1,9,12309.0,22,0,1,0.94,1.026,1.8,0.24,2,7275.14,concept_drift,2024-06,6490.979026122329
ID0004277,2024-06-04,2,7,28741.0,24,2,2,1.248,1.053,1.2,0.303,21,7195.43,concept_drift,2024-06,6544.048789012714
ID0004278,2024-08-21,2,9,14090.0,44,2,1,0.918,1.042,1.0,0.155,3,5064.76,concept_drift,2024-08,4802.171820738889
ID0004279,2024-02-07,1,5,16492.0,75,3,0,0.901,0.975,1.1,0.131,7,5075.02,concept_drift,2024-02,4772.531167978566
ID0004280,2024-04-25,1,5,19605.0,53,3,1,1.092,0.893,1.8,0.218,1,6804.55,concept_drift,2024-04,6345.518225960994
ID0004281,2024-03-25,4,6,36646.0,33,0,2,1.216,1.225,1.2,0.075,0,5495.51,concept_drift,2024-03,4907.981965427722
ID0004282,2024-04-24,3,5,21118.0,65,1,1,0.959,0.872,1.8,0.293,5,6232.32,concept_drift,2024-04,5553.816631570161
ID0004283,2024-07-24,3,0,53571.0,51,3,2,1.195,1.281,1.8,0.318,0,7634.14,concept_drift,2024-07,7005.992585123163
ID0004284,2024-10-02,0,14,6953.0,35,3,2,1.364,1.288,1.4,0.234,0,6955.97,concept_drift,2024-10,6693.839717273702
ID0004285,2024-04-26,2,9,13043.0,40,0,0,0.938,0.901,1.2,0.32,1,4727.59,concept_drift,2024-04,4173.205723374832
ID0004286,2024-06-26,1,2,17914.0,46,1,2,1.301,1.194,1.0,0.164,5,5336.69,concept_drift,2024-06,4813.519196954468
ID0004287,2024-06-08,1,9,11659.0,58,1,1,1.076,1.092,1.2,0.047,3,5208.41,concept_drift,2024-06,4730.150333164351
ID0004288,2024-03-01,3,6,24757.0,67,1,1,0.955,0.973,1.8,0.524,6,6664.47,concept_drift,2024-03,5853.173250670498
ID0004289,2024-04-18,0,12,6570.0,60,0,1,0.891,0.936,1.2,0.251,3,4913.75,concept_drift,2024-04,4299.558223770741
ID0004290,2024-07-14,1,20,5000.0,74,4,1,1.041,0.829,1.2,0.342,10,6189.43,concept_drift,2024-07,6234.2990874071875
ID0004291,2024-05-26,1,0,23412.0,19,1,0,1.042,0.752,1.8,0.517,2,6897.76,concept_drift,2024-05,6382.3044316382575
ID0004292,2024-09-04,0,12,7086.0,24,1,1,0.874,0.987,1.4,0.298,4,7078.74,concept_drift,2024-09,6116.435675646684
ID0004293,2024-05-24,1,10,8106.0,30,1,2,1.222,1.053,1.0,0.198,0,5307.24,concept_drift,2024-05,4914.762636059964
ID0004294,2024-09-13,1,16,5000.0,64,1,1,0.989,0.962,1.8,0.278,0,6533.58,concept_drift,2024-09,5870.543368559234
ID0004295,2024-06-03,3,1,31972.0,51,0,0,0.988,0.901,1.2,0.442,1,4602.94,concept_drift,2024-06,4032.5618893682863
ID0004296,2024-03-11,1,0,23453.0,62,3,0,0.886,0.927,1.4,0.37,30,6352.9,concept_drift,2024-03,5549.301154622849
ID0004297,2024-04-08,2,7,16248.0,21,1,0,1.07,0.933,1.0,0.269,21,5740.36,concept_drift,2024-04,5125.17932883199
ID0004298,2024-07-06,2,2,14134.0,27,2,2,1.285,1.173,0.4,0.5,0,4557.44,concept_drift,2024-07,4403.825038466927
ID0004299,2024-06-13,1,9,11958.0,20,3,2,1.261,1.185,1.0,0.659,0,7192.05,concept_drift,2024-06,6793.706191104238
ID0004300,2024-11-03,2,4,22871.0,25,1,2,1.219,1.121,1.2,0.478,30,6278.76,concept_drift,2024-11,5691.047277198178
ID0004301,2024-01-17,2,0,28180.0,73,2,0,0.94,0.837,1.8,0.101,6,5891.04,concept_drift,2024-01,5347.584309091953
ID0004302,2024-02-11,2,11,9604.0,46,1,2,0.905,1.081,1.2,0.125,4,5528.38,concept_drift,2024-02,5144.613250066257
ID0004303,2024-05-28,3,8,17215.0,56,4,2,1.18,1.258,1.4,0.317,10,7396.0,concept_drift,2024-05,6870.466982657749
ID0004304,2024-09-01,0,12,7382.0,38,3,2,1.142,1.281,1.4,0.557,0,7505.83,concept_drift,2024-09,6859.105823538436
ID0004305,2024-08-09,4,7,31682.0,24,0,2,1.255,1.271,1.2,0.248,5,6618.22,concept_drift,2024-08,5926.840160290404
ID0004306,2024-10-22,2,12,16298.0,77,3,1,0.972,0.966,1.2,0.296,2,5598.5,concept_drift,2024-10,5313.999686452075
ID0004307,2024-09-18,3,9,20084.0,60,1,2,1.103,1.242,1.4,0.457,10,6517.62,concept_drift,2024-09,5910.776587594233
ID0004308,2024-02-20,3,5,25895.0,42,1,1,1.017,1.106,1.2,0.164,0,5494.24,concept_drift,2024-02,4837.1380781041835
ID0004309,2024-06-27,1,8,11482.0,46,0,1,1.05,0.916,1.8,0.438,4,6379.56,concept_drift,2024-06,5640.900725979181
ID0004310,2024-11-06,3,18,10155.0,65,3,1,0.898,0.881,1.2,0.076,3,5735.22,concept_drift,2024-11,5356.542044614847
ID0004311,2024-07-22,3,6,27226.0,26,1,1,1.067,0.976,1.4,0.211,0,5778.81,concept_drift,2024-07,5332.315865191432
ID0004312,2024-05-28,4,19,11952.0,59,0,1,0.944,0.849,1.4,0.437,0,5482.47,concept_drift,2024-05,4924.859995084027
ID0004313,2024-07-27,1,14,6921.0,23,4,2,1.31,1.241,1.8,0.26,1,9056.94,concept_drift,2024-07,8550.16400528299
ID0004314,2024-03-11,1,15,8596.0,34,1,1,0.947,1.144,3.2,0.152,0,9845.15,concept_drift,2024-03,9053.696544425507
ID0004315,2024-01-09,1,7,15405.0,32,3,2,1.348,1.285,1.4,0.579,21,7670.43,concept_drift,2024-01,6897.704899890583
ID0004316,2024-03-07,2,4,31184.0,64,4,2,1.271,1.182,1.2,0.331,21,6870.44,concept_drift,2024-03,6421.075597139951
ID0004317,2024-08-22,3,0,29079.0,46,0,2,1.282,1.095,1.8,0.062,2,6438.47,concept_drift,2024-08,5698.334253769728
ID0004318,2024-07-27,2,3,34184.0,41,1,1,1.011,0.976,1.2,0.326,21,5446.09,concept_drift,2024-07,4987.839660974669
ID0004319,2024-10-21,2,6,14367.0,41,1,1,1.055,1.028,1.8,0.424,0,6786.55,concept_drift,2024-10,6068.37625618434
ID0004320,2024-02-07,1,8,8804.0,40,1,2,1.09,1.099,1.2,0.182,10,5706.17,concept_drift,2024-02,5254.5972517350065
ID0004321,2024-09-01,3,9,17968.0,76,3,2,1.291,1.223,1.2,0.463,3,6311.27,concept_drift,2024-09,6093.731498410203
ID0004322,2024-02-25,1,7,19535.0,47,0,2,1.154,1.355,1.8,0.491,10,7425.73,concept_drift,2024-02,6537.662331139539
ID0004323,2024-03-28,4,4,42829.0,66,2,2,1.169,1.22,1.2,0.292,4,6162.13,concept_drift,2024-03,5478.607573718716
ID0004324,2024-01-12,2,7,17011.0,73,1,1,0.949,1.093,1.0,0.388,1,4973.94,concept_drift,2024-01,4410.128321754655
ID0004325,2024-10-20,4,9,26857.0,42,2,2,1.114,1.176,1.8,0.096,1,7403.6,concept_drift,2024-10,6657.077570598039
ID0004326,2024-04-03,1,7,11956.0,25,0,1,0.954,1.014,1.8,0.156,4,6422.75,concept_drift,2024-04,5826.576806127218
ID0004327,2024-01-04,2,8,10992.0,42,0,2,1.31,1.232,1.2,0.015,0,5466.98,concept_drift,2024-01,4785.881473576814
ID0004328,2024-01-10,1,8,11110.0,74,0,2,1.124,1.184,1.0,0.062,0,4817.21,concept_drift,2024-01,4206.3142749850895
ID0004329,2024-05-22,1,11,10710.0,39,1,1,0.934,1.148,1.1,0.37,0,5524.33,concept_drift,2024-05,5095.367154601257
ID0004330,2024-08-02,4,0,42424.0,78,0,2,1.197,1.18,1.8,0.139,4,6472.49,concept_drift,2024-08,5647.85579419498
ID0004331,2024-07-06,2,10,15721.0,35,0,1,0.845,1.035,1.8,0.495,0,6796.82,concept_drift,2024-07,6018.283509270926
ID0004332,2024-11-21,2,18,9579.0,33,2,1,0.927,0.993,1.2,0.465,1,5971.43,concept_drift,2024-11,5546.2552736747375
ID0004333,2024-02-21,3,9,15218.0,73,0,0,0.899,0.861,1.4,0.112,4,4798.71,concept_drift,2024-02,4116.746047064828
ID0004334,2024-05-18,1,4,17274.0,49,1,2,1.309,1.221,1.4,0.404,0,6405.48,concept_drift,2024-05,5734.080354942563
ID0004335,2024-07-14,1,3,16645.0,24,1,2,1.189,1.408,1.0,0.443,30,7090.17,concept_drift,2024-07,6163.27734394586
ID0004336,2024-11-18,1,8,10577.0,29,1,0,0.784,0.913,1.2,0.294,1,5261.07,concept_drift,2024-11,4598.997764866074
ID0004337,2024-04-23,2,7,17046.0,22,3,0,0.94,0.834,1.2,0.388,1,6373.7,concept_drift,2024-04,5965.089476447435
ID0004338,2024-08-28,1,9,11816.0,55,2,1,1.116,0.96,1.4,0.219,1,6021.8,concept_drift,2024-08,5390.604410019711
ID0004339,2024-12-03,4,8,35922.0,65,1,1,0.899,0.915,1.2,0.482,0,5370.75,concept_drift,2024-12,4648.468105114658
ID0004340,2024-11-08,3,14,14817.0,35,0,2,1.146,1.226,1.0,0.231,2,5517.34,concept_drift,2024-11,4974.706662233644
ID0004341,2024-02-19,1,4,16939.0,31,0,0,0.816,0.972,1.0,0.321,7,4480.94,concept_drift,2024-02,3999.7296646096365
ID0004342,2024-05-26,0,6,11351.0,75,3,1,0.976,0.953,1.0,0.692,21,5850.92,concept_drift,2024-05,5402.814710127871
ID0004343,2024-10-12,3,0,39525.0,57,2,0,0.97,0.866,1.2,0.489,2,5016.81,concept_drift,2024-10,4645.089030515376
ID0004344,2024-12-15,2,6,15611.0,30,1,2,1.219,1.256,1.2,0.455,2,6283.04,concept_drift,2024-12,5571.138459683134
ID0004345,2024-06-20,3,13,11298.0,21,0,1,1.075,1.095,1.2,0.275,3,6328.15,concept_drift,2024-06,5628.515247626376
ID0004346,2024-04-22,2,16,9759.0,51,1,2,1.269,1.203,1.8,0.171,14,7103.53,concept_drift,2024-04,6706.581808487263
ID0004347,2024-05-08,3,6,23972.0,31,3,1,0.973,1.114,1.4,0.4,0,6719.7,concept_drift,2024-05,6013.611574334817
ID0004348,2024-10-11,1,2,26297.0,53,0,2,1.037,1.194,1.0,0.399,2,5231.95,concept_drift,2024-10,4598.06075802758
ID0004349,2024-05-20,3,19,8689.0,58,1,0,0.972,0.871,1.8,0.105,14,6356.45,concept_drift,2024-05,5767.905368731091
ID0004350,2024-05-24,2,5,22178.0,40,2,1,0.964,1.144,1.2,0.055,5,5682.4,concept_drift,2024-05,5192.3910966711355
ID0004351,2024-02-19,2,13,15030.0,25,2,2,1.229,1.212,1.4,0.044,10,6611.48,concept_drift,2024-02,6188.120164618428
ID0004352,2024-12-08,2,17,7529.0,48,1,1,0.973,1.137,1.8,0.228,0,6844.29,concept_drift,2024-12,6195.748009939453
ID0004353,2024-02-23,3,6,21822.0,40,3,2,1.317,1.154,1.8,0.284,4,7606.11,concept_drift,2024-02,6971.774760522303
ID0004354,2024-07-15,3,11,10208.0,27,0,1,1.013,0.994,1.8,0.143,2,6458.0,concept_drift,2024-07,5783.447937629603
ID0004355,2024-02-11,0,4,12472.0,78,2,2,1.235,1.112,1.2,0.314,0,5850.82,concept_drift,2024-02,5299.88534353222
ID0004356,2024-01-27,3,10,7006.0,55,2,1,0.865,0.886,1.8,0.352,21,7050.35,concept_drift,2024-01,6365.182812304615
ID0004357,2024-11-10,0,0,16993.0,24,4,2,1.128,1.048,1.1,0.318,7,7192.11,concept_drift,2024-11,6876.007832941232
ID0004358,2024-08-13,1,3,14840.0,49,1,1,1.017,0.904,0.4,0.393,0,3667.49,concept_drift,2024-08,3382.799017994205
ID0004359,2024-06-21,2,9,18565.0,45,1,2,1.3,1.43,1.0,0.215,30,6161.9,concept_drift,2024-06,5512.059598188071
ID0004360,2024-03-06,1,1,20544.0,41,0,1,0.884,0.977,1.8,0.631,21,6939.06,concept_drift,2024-03,5791.643816805551
ID0004361,2024-01-24,2,12,11684.0,19,2,2,1.161,1.215,1.8,0.176,10,8191.48,concept_drift,2024-01,7905.490055585458
ID0004362,2024-07-18,3,8,14149.0,54,4,2,1.072,1.424,1.8,0.125,3,8162.2,concept_drift,2024-07,7412.0029888691215
ID0004363,2024-07-20,2,18,5203.0,52,2,1,1.035,1.1,1.4,0.249,0,6389.98,concept_drift,2024-07,5717.48089544688
ID0004364,2024-07-09,2,7,18047.0,26,1,0,0.826,1.041,1.2,0.478,21,5831.38,concept_drift,2024-07,5032.425517662938
ID0004365,2024-11-02,2,9,14432.0,46,2,1,1.079,0.972,1.2,0.082,2,5525.55,concept_drift,2024-11,4941.084124648086
ID0004366,2024-07-27,0,7,13307.0,19,1,0,0.913,0.784,1.8,0.288,0,6928.58,concept_drift,2024-07,6308.732607742199
ID0004367,2024-09-12,0,11,11798.0,71,0,1,1.14,1.086,1.8,0.442,4,6744.36,concept_drift,2024-09,5733.934188954011
ID0004368,2024-07-12,3,7,15974.0,18,2,2,1.323,1.07,1.8,0.16,0,8049.15,concept_drift,2024-07,7305.59170137105
ID0004369,2024-06-05,4,4,46892.0,22,0,1,1.054,0.998,1.8,0.484,1,7361.13,concept_drift,2024-06,6568.647893983901
ID0004370,2024-08-06,3,11,12192.0,29,1,1,1.004,1.066,1.8,0.12,0,6821.09,concept_drift,2024-08,6130.993981030528
ID0004371,2024-06-01,1,11,10185.0,36,4,2,1.152,1.242,1.1,0.637,14,7227.1,concept_drift,2024-06,6904.183924328795
ID0004372,2024-03-09,2,6,15691.0,60,0,1,0.918,0.987,1.2,0.396,6,5073.39,concept_drift,2024-03,4497.2165239013175
ID0004373,2024-11-14,2,3,23295.0,24,3,0,0.899,0.909,1.4,0.222,6,6749.82,concept_drift,2024-11,6430.403186611644
ID0004374,2024-11-17,0,8,7483.0,37,4,2,1.09,1.134,1.2,0.581,10,7103.19,concept_drift,2024-11,6739.246550981891
ID0004375,2024-08-17,4,4,30364.0,53,3,2,1.138,1.247,1.8,0.359,6,7542.72,concept_drift,2024-08,7115.353108806289
ID0004376,2024-02-23,1,17,5161.0,69,3,2,1.086,1.194,1.2,0.022,4,6155.64,concept_drift,2024-02,5996.709201861509
ID0004377,2024-06-22,3,11,12175.0,61,1,1,1.001,1.152,1.2,0.068,1,5201.55,concept_drift,2024-06,4789.974272642024
ID0004378,2024-10-02,2,6,22150.0,75,4,1,1.024,0.897,1.4,0.197,4,6294.19,concept_drift,2024-10,5787.833905394348
ID0004379,2024-06-14,1,7,9072.0,74,2,1,1.035,0.99,1.2,0.102,21,5428.42,concept_drift,2024-06,5149.9057999203205
ID0004380,2024-12-11,4,16,12616.0,32,2,2,1.301,1.381,1.2,0.197,0,6607.89,concept_drift,2024-12,6052.173036020823
ID0004381,2024-02-05,3,5,21785.0,24,1,2,1.274,1.244,1.8,0.17,30,8390.88,concept_drift,2024-02,7362.532464271413
ID0004382,2024-07-13,3,3,24212.0,26,0,1,1.03,1.073,1.4,0.079,0,5408.38,concept_drift,2024-07,4914.466173501885
ID0004383,2024-11-28,2,7,16443.0,24,1,1,1.107,0.77,1.1,0.566,2,6016.29,concept_drift,2024-11,5588.907679279973
ID0004384,2024-07-03,4,8,21759.0,78,3,2,1.029,1.19,1.8,0.279,4,7494.93,concept_drift,2024-07,6904.2342760671145
ID0004385,2024-10-10,4,9,30629.0,27,4,1,1.106,0.967,1.4,0.137,0,6451.39,concept_drift,2024-10,6081.7395349296
ID0004386,2024-08-02,4,7,25687.0,18,1,2,1.269,1.09,1.4,0.155,3,6871.52,concept_drift,2024-08,6260.122590846936
ID0004387,2024-05-10,0,9,11143.0,65,2,2,1.158,1.217,1.2,0.373,1,6207.66,concept_drift,2024-05,5656.168409383271
ID0004388,2024-05-01,0,7,10580.0,53,2,1,1.122,1.074,1.4,0.163,3,6093.41,concept_drift,2024-05,5521.117598607617
ID0004389,2024-03-16,1,9,10513.0,43,2,1,1.004,1.053,1.8,0.432,10,7303.19,concept_drift,2024-03,6501.729003281782
ID0004390,2024-12-24,3,5,18575.0,53,4,2,0.923,0.892,1.4,0.312,7,6704.32,concept_drift,2024-12,6371.421005507549
ID0004391,2024-12-24,3,4,24883.0,29,2,1,1.074,1.141,1.2,0.175,3,5702.46,concept_drift,2024-12,5283.536876012855
ID0004392,2024-08-15,1,11,14123.0,23,1,2,1.296,1.273,1.8,0.318,0,8094.55,concept_drift,2024-08,7297.463181073629
ID0004393,2024-05-22,2,11,12340.0,70,1,1,1.048,1.036,1.2,0.158,2,5399.05,concept_drift,2024-05,4712.925309702014
ID0004394,2024-06-01,0,10,8292.0,19,1,0,0.843,0.787,1.2,0.165,4,5671.33,concept_drift,2024-06,5442.69801724111
ID0004395,2024-05-15,0,8,9862.0,43,2,2,1.259,1.114,1.2,0.53,30,6692.92,concept_drift,2024-05,6114.2140994234605
ID0004396,2024-07-13,1,15,5256.0,20,2,1,1.033,0.985,1.2,0.105,2,6380.31,concept_drift,2024-07,6145.831009617397
ID0004397,2024-07-27,1,14,6742.0,61,2,1,1.04,1.008,3.2,0.405,0,9890.49,concept_drift,2024-07,8935.397707360313
ID0004398,2024-06-20,1,9,11458.0,62,3,2,1.228,1.06,1.0,0.375,0,5712.86,concept_drift,2024-06,5574.445202234001
ID0004399,2024-02-21,0,2,10255.0,56,2,2,1.376,1.256,3.2,0.176,5,10255.8,concept_drift,2024-02,9285.972710529755
ID0004400,2024-06-07,3,6,17330.0,25,2,2,1.153,1.098,1.2,0.35,2,6117.17,concept_drift,2024-06,5729.243659374174
ID0004401,2024-07-22,3,15,21250.0,21,2,2,1.218,1.188,1.8,0.099,0,8240.69,concept_drift,2024-07,7742.154308319001
ID0004402,2024-07-21,0,12,6431.0,45,1,1,1.196,1.122,3.2,0.344,5,9979.98,concept_drift,2024-07,9018.406645228488
ID0004403,2024-11-20,2,12,16491.0,58,2,1,0.978,1.135,1.2,0.571,4,6231.36,concept_drift,2024-11,5600.269349263814
ID0004404,2024-05-20,0,8,8251.0,35,3,1,1.002,0.9,1.2,0.151,0,5590.78,concept_drift,2024-05,5531.438357280365
ID0004405,2024-06-13,3,8,15117.0,22,1,1,1.202,0.957,1.8,0.303,2,7493.6,concept_drift,2024-06,6741.7940979603445
ID0004406,2024-03-26,1,13,8568.0,34,2,2,1.177,1.245,1.4,0.491,1,6989.19,concept_drift,2024-03,6528.130379806074
ID0004407,2024-12-16,2,16,9524.0,23,2,0,1.056,0.966,1.4,0.602,1,7229.03,concept_drift,2024-12,6679.650421929039
ID0004408,2024-03-08,2,9,15670.0,23,3,2,1.258,1.215,1.2,0.307,2,7237.98,concept_drift,2024-03,6960.155784907636
ID0004409,2024-11-09,1,10,9789.0,67,1,2,1.1,1.491,1.2,0.22,21,6468.04,concept_drift,2024-11,6006.766306303072
ID0004410,2024-09-08,0,10,7877.0,67,3,1,0.94,1.215,1.1,0.399,2,6088.42,concept_drift,2024-09,5547.42586770119
ID0004411,2024-01-13,4,2,31082.0,33,0,1,1.026,0.942,3.2,0.349,14,9262.42,concept_drift,2024-01,8057.6012449968475
ID0004412,2024-03-25,3,5,26828.0,53,0,2,1.161,1.288,1.4,0.198,0,6045.87,concept_drift,2024-03,5281.6986268078945
ID0004413,2024-12-26,1,13,9223.0,59,2,2,1.136,1.241,0.4,0.563,0,4776.36,concept_drift,2024-12,4709.17884864206
ID0004414,2024-05-24,0,0,19633.0,79,1,2,1.204,1.366,1.8,0.038,1,6766.23,concept_drift,2024-05,5957.217266441594
ID0004415,2024-11-08,2,2,21619.0,50,0,0,0.883,0.907,1.2,0.094,4,4329.34,concept_drift,2024-11,3807.5002250946604
ID0004416,2024-10-10,0,8,9597.0,44,2,1,0.854,1.114,1.2,0.21,2,5672.02,concept_drift,2024-10,5288.516858739188
ID0004417,2024-09-27,1,11,9282.0,34,0,2,0.983,1.176,1.8,0.229,1,7100.28,concept_drift,2024-09,6198.285625977646
ID0004418,2024-02-10,1,5,14063.0,18,1,1,1.019,0.994,1.2,0.326,14,6343.59,concept_drift,2024-02,5764.540308197087
ID0004419,2024-12-25,2,0,32246.0,35,3,1,1.051,0.921,1.2,0.2,4,5713.95,concept_drift,2024-12,5318.494952871835
ID0004420,2024-04-17,4,11,29870.0,40,2,1,0.849,1.011,1.2,0.071,2,5731.96,concept_drift,2024-04,5145.454372762276
ID0004421,2024-09-19,0,7,10299.0,61,1,1,0.983,0.943,0.4,0.181,0,3339.95,concept_drift,2024-09,3183.835160584892
ID0004422,2024-06-23,1,7,14046.0,33,3,1,0.955,1.056,1.0,0.271,0,5499.5,concept_drift,2024-06,5299.601970525505
ID0004423,2024-04-13,0,6,13060.0,31,0,1,0.895,0.918,1.8,0.244,10,6486.66,concept_drift,2024-04,5623.097850875726
ID0004424,2024-05-13,4,0,67657.0,71,2,2,1.115,1.176,1.2,0.172,4,5688.34,concept_drift,2024-05,5279.880682409578
ID0004425,2024-01-07,0,8,7089.0,66,1,1,0.952,1.071,1.1,0.041,10,5110.48,concept_drift,2024-01,4541.505312314141
ID0004426,2024-04-14,2,0,33111.0,27,3,0,0.895,0.892,1.4,0.433,0,5927.17,concept_drift,2024-04,5536.916823539619
ID0004427,2024-10-09,0,5,11515.0,44,0,0,0.813,0.892,1.2,0.247,0,4515.1,concept_drift,2024-10,4075.554042925297
ID0004428,2024-12-05,3,6,22486.0,40,0,0,0.835,0.906,1.2,0.298,10,4985.11,concept_drift,2024-12,4148.556785756739
ID0004429,2024-01-15,0,11,11667.0,28,1,1,1.014,1.146,1.0,0.246,10,5374.4,concept_drift,2024-01,4962.17347829553
ID0004430,2024-04-10,1,9,13077.0,58,2,2,1.041,1.161,1.2,0.416,0,6372.0,concept_drift,2024-04,5625.846251362913
ID0004431,2024-05-04,0,10,8963.0,71,2,1,1.165,0.839,1.0,0.205,1,4719.61,concept_drift,2024-05,4536.200994009827
ID0004432,2024-02-28,4,6,35454.0,67,2,2,1.275,1.224,1.2,0.516,0,6277.83,concept_drift,2024-02,5610.758893741199
ID0004433,2024-10-20,0,19,5000.0,46,3,1,1.028,1.072,1.4,0.706,0,7002.4,concept_drift,2024-10,6380.43371406108
ID0004434,2024-08-20,0,18,5000.0,70,3,2,1.217,1.262,1.8,0.187,4,7685.45,concept_drift,2024-08,7254.65095393027
ID0004435,2024-10-15,3,4,20800.0,61,1,1,1.108,1.068,0.4,0.196,0,3516.97,concept_drift,2024-10,3159.1897718379805
ID0004436,2024-02-06,1,12,5771.0,43,1,2,1.242,1.12,1.2,0.381,0,5922.13,concept_drift,2024-02,5350.954309719153
ID0004437,2024-02-26,1,3,17717.0,46,2,2,1.158,1.307,1.2,0.385,1,6213.62,concept_drift,2024-02,5796.889847279163
ID0004438,2024-04-25,2,11,13654.0,52,2,1,0.971,0.9,1.4,0.583,10,6454.95,concept_drift,2024-04,5772.570843385202
ID0004439,2024-06-01,2,12,21472.0,78,1,0,0.92,1.003,0.4,0.198,2,3353.21,concept_drift,2024-06,2874.464588794819
ID0004440,2024-07-23,4,9,29706.0,62,0,1,0.878,1.015,1.1,0.291,3,4903.9,concept_drift,2024-07,4241.675248049835
ID0004441,2024-03-15,4,8,23103.0,67,2,1,1.046,0.964,1.2,0.671,0,5940.23,concept_drift,2024-03,5208.846378843
ID0004442,2024-03-13,2,0,25490.0,59,1,0,0.892,0.801,1.8,0.321,2,6008.79,concept_drift,2024-03,5156.933256631794
ID0004443,2024-04-24,1,0,22601.0,60,1,0,0.939,1.031,3.2,0.6,1,9792.16,concept_drift,2024-04,8423.345530968338
ID0004444,2024-11-21,2,12,11772.0,37,4,1,0.993,1.115,0.4,0.179,1,4702.84,concept_drift,2024-11,4647.724894386325
ID0004445,2024-07-07,1,8,8844.0,58,1,1,0.975,0.896,1.2,0.282,30,5595.12,concept_drift,2024-07,5018.91304917434
ID0004446,2024-06-15,1,4,12761.0,29,1,2,1.048,1.243,1.8,0.409,4,7326.04,concept_drift,2024-06,6595.243865983732
ID0004447,2024-08-21,4,3,35761.0,60,1,1,0.931,0.955,1.2,0.136,0,5047.02,concept_drift,2024-08,4443.886772257397
ID0004448,2024-10-11,1,10,10310.0,24,1,2,1.268,1.021,1.8,0.104,5,7616.18,concept_drift,2024-10,7090.56637108359
ID0004449,2024-12-07,1,15,7527.0,78,0,1,0.902,0.924,1.4,0.587,1,5644.84,concept_drift,2024-12,4775.904118070469
ID0004450,2024-10-26,2,14,13420.0,75,3,1,1.096,0.947,1.2,0.461,14,6141.94,concept_drift,2024-10,5665.401560017325
ID0004451,2024-10-13,1,3,18116.0,58,4,2,1.085,1.404,1.8,0.247,0,8123.35,concept_drift,2024-10,7462.406122003871
ID0004452,2024-02-09,3,20,7438.0,34,2,2,1.291,1.299,1.4,0.254,6,7182.06,concept_drift,2024-02,6624.6363539938975
ID0004453,2024-05-21,2,7,18947.0,60,3,2,1.068,1.02,1.2,0.184,6,5711.43,concept_drift,2024-05,5786.69128676862
ID0004454,2024-07-06,2,3,24829.0,52,1,1,1.014,0.93,1.2,0.266,0,5057.03,concept_drift,2024-07,4614.65870866073
ID0004455,2024-10-05,0,0,18313.0,31,2,2,1.124,1.073,1.2,0.297,21,6161.97,concept_drift,2024-10,5647.504894292275
ID0004456,2024-02-06,0,3,15514.0,55,1,1,1.012,0.858,1.2,0.211,30,5164.73,concept_drift,2024-02,4694.062867144908
ID0004457,2024-07-12,0,8,9329.0,52,2,2,1.097,1.133,1.8,0.185,0,7149.89,concept_drift,2024-07,6550.006556498577
ID0004458,2024-02-27,1,1,23483.0,79,0,0,0.879,0.891,1.4,0.343,10,5266.4,concept_drift,2024-02,4146.118395610992
ID0004459,2024-11-11,2,8,18127.0,22,4,1,0.957,1.113,1.2,0.471,0,7486.31,concept_drift,2024-11,7046.139258097991
ID0004460,2024-05-18,3,0,37352.0,24,1,1,0.979,0.971,1.4,0.286,1,6396.16,concept_drift,2024-05,5855.3131945426085
ID0004461,2024-03-27,1,15,8035.0,46,0,1,1.042,1.117,1.8,0.217,0,6578.43,concept_drift,2024-03,5911.594566291162
ID0004462,2024-05-21,2,6,17486.0,60,2,1,1.01,0.983,1.1,0.26,1,5284.07,concept_drift,2024-05,4822.727124075502
ID0004463,2024-12-28,0,5,7603.0,51,1,1,0.98,0.959,1.2,0.508,0,5509.64,concept_drift,2024-12,4845.040757792247
ID0004464,2024-10-27,1,17,5000.0,27,3,0,0.928,1.013,1.0,0.272,7,5594.28,concept_drift,2024-10,5304.809824299872
ID0004465,2024-10-13,1,2,19874.0,29,1,0,0.75,0.922,0.4,0.287,0,3453.99,concept_drift,2024-10,3302.553752189072
ID0004466,2024-09-03,1,15,5000.0,76,3,1,0.936,0.969,1.2,0.144,3,5568.2,concept_drift,2024-09,5294.1725998072825
ID0004467,2024-06-14,1,9,8081.0,37,1,2,1.362,1.07,1.4,0.593,0,6801.55,concept_drift,2024-06,5960.94082046153
ID0004468,2024-01-28,0,10,6833.0,24,0,0,0.839,0.809,1.2,0.563,0,5928.32,concept_drift,2024-01,5037.829713116644
ID0004469,2024-01-21,2,9,19634.0,68,0,1,1.0,1.159,1.2,0.184,1,5163.85,concept_drift,2024-01,4489.0041780304655
ID0004470,2024-06-02,1,2,16947.0,20,1,0,0.949,0.969,1.4,0.133,0,6211.85,concept_drift,2024-06,5481.782503993005
ID0004471,2024-01-22,3,6,20976.0,79,1,2,1.029,1.201,1.2,0.236,3,5647.09,concept_drift,2024-01,5077.530788477091
ID0004472,2024-03-15,1,13,11624.0,66,0,1,1.122,1.016,1.8,0.435,0,6547.21,concept_drift,2024-03,5794.94504003273
ID0004473,2024-05-27,2,1,24704.0,26,0,2,1.166,1.249,1.2,0.274,3,5645.05,concept_drift,2024-05,5121.996401300764
ID0004474,2024-02-05,0,16,5000.0,21,1,1,1.075,1.126,1.4,0.563,0,7297.35,concept_drift,2024-02,6374.232905755952
ID0004475,2024-06-21,2,10,14901.0,56,1,1,0.901,0.933,0.4,0.144,10,3465.54,concept_drift,2024-06,3346.0239844338084
ID0004476,2024-09-28,3,9,17413.0,70,1,2,1.103,1.142,1.0,0.254,1,5196.59,concept_drift,2024-09,4770.67180956244
ID0004477,2024-03-20,3,11,24775.0,54,0,2,1.308,1.507,1.4,0.266,4,6666.53,concept_drift,2024-03,5639.4734826432905
ID0004478,2024-07-12,2,12,10397.0,75,3,2,1.174,1.394,1.4,0.06,10,6779.07,concept_drift,2024-07,6619.877628899717
ID0004479,2024-04-04,3,13,9271.0,41,0,0,0.91,0.837,1.2,0.264,4,5040.48,concept_drift,2024-04,4206.465370501417
ID0004480,2024-12-23,0,0,20770.0,26,1,1,1.076,1.125,1.2,0.486,6,5742.32,concept_drift,2024-12,5196.658620490495
ID0004481,2024-06-20,3,8,15886.0,34,2,1,1.146,0.915,1.4,0.395,0,6172.45,concept_drift,2024-06,5589.2979870011195
ID0004482,2024-12-03,0,7,8218.0,58,2,1,0.969,0.929,1.2,0.229,10,5418.36,concept_drift,2024-12,5062.715161980686
ID0004483,2024-07-24,1,8,8317.0,23,1,2,1.286,1.039,1.8,0.274,2,7750.11,concept_drift,2024-07,7163.107626823632
ID0004484,2024-10-24,2,12,11954.0,34,0,1,1.068,0.922,0.4,0.331,0,3572.39,concept_drift,2024-10,3213.261111758316
ID0004485,2024-07-25,2,15,9860.0,18,0,1,1.073,0.826,1.0,0.032,6,5118.14,concept_drift,2024-07,5045.430877388652
ID0004486,2024-04-13,1,9,6537.0,26,0,0,0.788,0.804,1.8,0.204,0,5859.92,concept_drift,2024-04,5186.689318147173
ID0004487,2024-03-22,0,0,25645.0,56,1,1,1.008,0.801,1.2,0.291,0,4777.79,concept_drift,2024-03,4379.468632701274
ID0004488,2024-10-20,2,15,9311.0,75,2,0,0.849,0.975,1.8,0.092,21,6576.63,concept_drift,2024-10,6056.058787381345
ID0004489,2024-07-14,3,3,20803.0,47,3,2,1.11,1.126,1.8,0.222,21,7627.25,concept_drift,2024-07,6893.741226470391
ID0004490,2024-06-16,0,12,9837.0,48,0,1,1.071,0.888,1.4,0.199,2,5285.68,concept_drift,2024-06,4761.496333157022
ID0004491,2024-09-07,1,4,13417.0,55,3,1,0.917,0.995,1.8,0.086,3,6730.25,concept_drift,2024-09,6373.216540667613
ID0004492,2024-09-25,1,1,26709.0,55,4,1,1.046,1.148,3.2,0.308,0,10386.7,concept_drift,2024-09,9610.326674902159
ID0004493,2024-08-20,4,15,19941.0,42,0,1,0.952,1.141,1.4,0.18,1,5558.01,concept_drift,2024-08,5225.782608721858
ID0004494,2024-07-16,1,7,15032.0,34,2,1,0.918,1.213,1.2,0.019,3,5876.32,concept_drift,2024-07,5310.206917985448
ID0004495,2024-08-26,1,11,9380.0,25,0,2,1.104,1.152,1.0,0.171,0,5217.39,concept_drift,2024-08,4675.457756180984
ID0004496,2024-12-05,1,3,11714.0,21,1,2,1.264,1.124,1.2,0.066,0,6469.83,concept_drift,2024-12,5815.183068807324
ID0004497,2024-03-01,1,14,6007.0,54,2,1,0.926,1.227,1.4,0.147,5,6479.36,concept_drift,2024-03,5711.075268172585
ID0004498,2024-08-24,0,3,11882.0,44,2,2,1.117,0.982,1.2,0.276,5,5726.73,concept_drift,2024-08,5448.100421409725
ID0004499,2024-12-28,2,12,10142.0,54,2,0,0.814,0.931,1.2,0.388,0,5179.79,concept_drift,2024-12,4952.34699279517
ID0004500,2024-07-23,3,4,31744.0,75,1,1,1.069,0.965,1.8,0.224,4,6395.29,concept_drift,2024-07,5511.213406296496
ID0004501,2024-07-05,2,5,17493.0,45,2,1,1.083,0.998,1.4,0.219,4,6052.78,concept_drift,2024-07,5530.74653559618
ID0004502,2024-03-02,0,5,12079.0,30,2,2,1.191,1.096,1.2,0.474,0,6254.61,concept_drift,2024-03,5664.988196086407
ID0004503,2024-09-10,0,10,9818.0,46,2,1,1.036,1.045,0.4,0.305,2,3997.03,concept_drift,2024-09,3914.4022283862623
ID0004504,2024-04-16,0,5,13216.0,22,0,0,0.814,0.986,1.8,0.397,21,7359.37,concept_drift,2024-04,6254.148407921876
ID0004505,2024-08-28,1,0,20386.0,64,2,2,1.356,1.198,1.2,0.171,0,5718.69,concept_drift,2024-08,5315.294749081605
ID0004506,2024-08-18,0,7,12022.0,43,2,1,0.894,1.138,0.4,0.262,4,4137.04,concept_drift,2024-08,4079.804352396146
ID0004507,2024-07-04,2,0,36306.0,47,2,2,1.12,1.148,1.4,0.548,14,6632.33,concept_drift,2024-07,6126.064017219569
ID0004508,2024-11-23,1,13,5807.0,47,2,1,1.107,0.88,1.0,0.115,1,4961.01,concept_drift,2024-11,4655.574046527172
ID0004509,2024-10-28,0,11,8057.0,54,2,0,0.966,0.886,1.4,0.243,0,5695.27,concept_drift,2024-10,5250.13037180857
ID0004510,2024-03-25,2,19,8801.0,50,2,0,0.888,0.897,1.0,0.119,2,5021.28,concept_drift,2024-03,4629.7891374353585
ID0004511,2024-01-09,2,5,11840.0,42,4,2,0.848,1.241,1.2,0.443,4,6845.89,concept_drift,2024-01,6667.150562692499
ID0004512,2024-03-07,1,9,9992.0,22,2,1,1.104,1.068,1.0,0.521,1,6514.06,concept_drift,2024-03,5848.030248316579
ID0004513,2024-05-16,2,4,21704.0,47,3,2,1.196,1.126,1.8,0.251,3,7443.81,concept_drift,2024-05,6864.801803860039
ID0004514,2024-07-22,2,4,32364.0,48,0,2,1.168,1.247,1.1,0.27,2,5291.01,concept_drift,2024-07,4747.346558397295
ID0004515,2024-09-08,0,12,8908.0,49,1,0,0.904,0.952,1.1,0.25,14,5097.84,concept_drift,2024-09,4594.304034992935
ID0004516,2024-12-22,2,10,13340.0,39,1,1,1.056,0.914,1.2,0.199,1,5369.53,concept_drift,2024-12,4732.324832070471
ID0004517,2024-04-23,3,15,10131.0,34,2,1,0.894,0.944,1.2,0.336,4,5707.4,concept_drift,2024-04,5460.389128315181
ID0004518,2024-02-09,1,7,15993.0,49,2,2,1.192,1.285,1.2,0.153,1,6304.56,concept_drift,2024-02,5618.719238368725
ID0004519,2024-07-14,1,6,13053.0,56,4,2,1.194,1.14,1.4,0.295,0,6862.05,concept_drift,2024-07,6573.887572108087
ID0004520,2024-12-02,4,11,30345.0,71,1,0,0.87,0.927,1.2,0.647,3,5294.72,concept_drift,2024-12,4612.963941979119
ID0004521,2024-01-22,2,13,12740.0,26,1,0,0.89,1.006,1.2,0.443,0,5636.15,concept_drift,2024-01,4988.470220158869
ID0004522,2024-02-12,1,4,15352.0,24,2,1,0.905,1.069,0.4,0.261,14,5248.8,concept_drift,2024-02,4580.543476633036
ID0004523,2024-09-02,0,8,12206.0,52,2,2,1.131,1.432,1.2,0.497,0,6738.02,concept_drift,2024-09,6025.562385652835
ID0004524,2024-12-21,0,8,9443.0,34,0,1,1.016,0.958,1.2,0.246,0,5139.3,concept_drift,2024-12,4586.68494117855
ID0004525,2024-10-16,2,7,16196.0,34,1,2,1.084,1.277,0.4,0.038,10,4254.22,concept_drift,2024-10,4076.732325257467
ID0004526,2024-11-21,2,6,22210.0,62,1,1,0.971,1.149,1.2,0.386,10,5620.18,concept_drift,2024-11,4979.9746030866145
ID0004527,2024-08-05,3,6,32309.0,32,1,2,1.131,1.398,1.2,0.219,2,6358.02,concept_drift,2024-08,5616.66441147666
ID0004528,2024-10-03,1,8,10776.0,49,1,2,1.286,1.106,1.4,0.191,3,6237.56,concept_drift,2024-10,5564.661922061613
ID0004529,2024-01-03,2,15,13148.0,52,2,2,1.305,1.226,1.0,0.266,0,5842.49,concept_drift,2024-01,5443.393140694745
ID0004530,2024-07-26,2,7,16626.0,45,3,1,0.989,1.025,1.2,0.081,0,5691.51,concept_drift,2024-07,5415.733696571806
ID0004531,2024-07-12,3,3,44850.0,40,0,1,0.979,0.9,1.4,0.732,2,5747.49,concept_drift,2024-07,4857.095315225632
ID0004532,2024-12-04,2,15,14695.0,79,0,1,1.006,0.835,1.4,0.22,10,5192.23,concept_drift,2024-12,4643.46149367876
ID0004533,2024-03-28,1,12,12160.0,26,0,1,1.026,0.984,1.4,0.545,2,6072.74,concept_drift,2024-03,5276.377412930558
ID0004534,2024-06-02,1,2,21639.0,46,1,1,0.798,0.88,1.4,0.215,21,5613.3,concept_drift,2024-06,5006.93768461884
ID0004535,2024-02-22,3,8,24991.0,55,2,1,0.947,1.157,1.4,0.43,1,6386.61,concept_drift,2024-02,5719.579721860289
ID0004536,2024-01-22,0,7,7065.0,55,2,2,1.164,1.182,1.4,0.129,0,6217.38,concept_drift,2024-01,5845.536706996293
ID0004537,2024-04-05,1,2,20423.0,31,1,2,1.127,0.996,1.8,0.5,0,7181.04,concept_drift,2024-04,6333.66552834631
ID0004538,2024-08-03,3,17,8283.0,63,3,1,0.952,0.971,1.0,0.42,2,5729.98,concept_drift,2024-08,5354.912673313036
ID0004539,2024-10-02,2,8,9522.0,58,2,1,1.044,1.027,1.4,0.124,0,6007.72,concept_drift,2024-10,5459.581994444938
ID0004540,2024-03-26,2,1,25365.0,36,1,1,1.116,1.066,1.2,0.129,14,5341.97,concept_drift,2024-03,4815.089190022858
ID0004541,2024-08-04,1,7,11363.0,25,3,1,0.895,0.987,1.4,0.599,21,6944.87,concept_drift,2024-08,6457.722481302971
ID0004542,2024-05-03,1,8,14772.0,51,1,1,1.012,0.997,1.2,0.14,1,5208.16,concept_drift,2024-05,4743.105683069144
ID0004543,2024-01-12,2,10,11858.0,69,1,2,1.288,1.108,1.2,0.112,1,5656.08,concept_drift,2024-01,5006.995235444484
ID0004544,2024-09-16,0,0,14277.0,43,1,2,1.156,1.441,1.8,0.136,0,7184.76,concept_drift,2024-09,6395.543110074696
ID0004545,2024-02-10,1,6,13110.0,50,1,2,1.2,1.173,1.2,0.183,3,5770.53,concept_drift,2024-02,5186.515948347374
ID0004546,2024-01-19,0,8,10255.0,77,0,2,1.016,1.114,1.4,0.445,6,5793.09,concept_drift,2024-01,5256.2090680660385
ID0004547,2024-04-12,1,2,15206.0,24,3,1,1.148,0.826,1.4,0.408,14,7026.74,concept_drift,2024-04,6585.594262424813
ID0004548,2024-10-09,4,6,27674.0,33,1,1,0.973,1.118,1.2,0.45,1,5709.0,concept_drift,2024-10,5131.023082944674
ID0004549,2024-05-17,0,11,6492.0,56,2,1,0.984,1.08,1.8,0.139,21,7207.49,concept_drift,2024-05,6478.3847971526675
ID0004550,2024-06-20,1,7,18800.0,65,3,1,0.942,0.963,0.4,0.362,0,3996.52,concept_drift,2024-06,3816.796327233958
ID0004551,2024-04-06,2,6,14730.0,33,2,1,1.149,1.052,1.4,0.095,2,5843.84,concept_drift,2024-04,5630.98825631152
ID0004552,2024-05-23,1,14,6872.0,28,1,1,1.032,0.883,1.2,0.101,5,5319.36,concept_drift,2024-05,4924.467275466838
ID0004553,2024-05-13,1,8,10984.0,53,0,2,1.227,0.989,1.8,0.204,4,6365.06,concept_drift,2024-05,5768.83530645982
ID0004554,2024-02-17,1,15,6262.0,53,1,1,1.072,0.94,1.8,0.548,0,6915.27,concept_drift,2024-02,6179.119251861586
ID0004555,2024-06-07,2,9,11505.0,20,0,2,1.298,1.297,1.2,0.165,0,6539.87,concept_drift,2024-06,5918.936685766449
ID0004556,2024-04-10,0,9,8168.0,72,2,2,1.046,1.387,1.1,0.376,30,6470.19,concept_drift,2024-04,6126.3452986192915
ID0004557,2024-09-18,1,0,18245.0,77,2,0,0.947,0.932,1.4,0.339,1,5536.89,concept_drift,2024-09,4949.615787983573
ID0004558,2024-05-20,3,2,39907.0,42,4,2,1.201,1.321,1.2,0.183,4,6812.7,concept_drift,2024-05,6326.215746836638
ID0004559,2024-04-03,2,2,25782.0,69,0,0,0.904,0.987,1.2,0.284,4,4723.38,concept_drift,2024-04,3905.6571284546167
ID0004560,2024-11-16,1,6,14283.0,50,4,2,1.286,1.235,1.2,0.448,1,7015.11,concept_drift,2024-11,6536.398418037998
ID0004561,2024-05-26,1,12,6913.0,35,2,1,1.041,0.887,0.4,0.21,0,3898.46,concept_drift,2024-05,3819.3531706941703
ID0004562,2024-11-14,2,12,9787.0,67,3,2,1.295,1.234,0.4,0.564,2,5085.04,concept_drift,2024-11,4937.89767500427
ID0004563,2024-02-18,3,7,18902.0,33,1,1,1.091,0.975,1.2,0.134,21,5564.98,concept_drift,2024-02,4971.489285063167
ID0004564,2024-02-10,2,11,13068.0,69,2,1,0.972,0.964,1.2,0.257,4,5558.35,concept_drift,2024-02,4981.110800096725
ID0004565,2024-09-10,4,17,16317.0,67,1,2,1.294,1.284,0.4,0.259,0,4399.16,concept_drift,2024-09,4106.207081646615
ID0004566,2024-10-03,0,11,8758.0,25,0,1,1.057,1.015,1.2,0.208,10,5271.91,concept_drift,2024-10,4792.027509476982
ID0004567,2024-11-11,1,2,23047.0,37,1,1,0.911,1.018,1.4,0.147,14,5918.16,concept_drift,2024-11,5189.096056114393
ID0004568,2024-09-06,1,14,8033.0,48,4,0,0.885,1.025,1.0,0.16,1,5513.91,concept_drift,2024-09,5388.195068713321
ID0004569,2024-08-21,1,4,11334.0,58,1,2,1.07,1.123,0.4,0.076,2,3715.01,concept_drift,2024-08,3670.4049906069963
ID0004570,2024-10-03,1,5,16244.0,21,1,1,1.0,1.067,1.4,0.15,21,6693.29,concept_drift,2024-10,6176.513543551797
ID0004571,2024-02-17,1,11,5643.0,71,1,2,1.294,1.053,3.2,0.17,0,9633.56,concept_drift,2024-02,8701.081697112291
ID0004572,2024-09-25,4,10,35397.0,32,2,2,1.151,1.195,1.4,0.29,7,6720.93,concept_drift,2024-09,6299.529584643478
ID0004573,2024-01-01,2,8,15745.0,65,2,1,0.905,1.016,1.0,0.678,2,5498.21,concept_drift,2024-01,4977.677911482802
ID0004574,2024-09-22,4,6,27751.0,26,4,1,0.955,1.292,1.4,0.172,2,7094.34,concept_drift,2024-09,6500.914411386488
ID0004575,2024-04-18,2,13,7808.0,25,2,1,1.077,0.892,1.4,0.247,7,6036.54,concept_drift,2024-04,5825.887642635586
ID0004576,2024-07-09,2,9,16359.0,23,1,2,1.133,1.29,1.2,0.111,2,6834.77,concept_drift,2024-07,6208.147725598125
ID0004577,2024-07-07,2,5,22428.0,52,1,2,1.2,1.321,1.8,0.158,0,7127.01,concept_drift,2024-07,6402.172552281349
ID0004578,2024-10-09,4,11,21761.0,31,0,0,1.014,0.925,1.2,0.1,0,4564.49,concept_drift,2024-10,4132.601963788311
ID0004579,2024-02-08,0,0,13878.0,79,4,2,1.025,1.274,1.0,0.264,1,6162.73,concept_drift,2024-02,5847.381839037149
ID0004580,2024-08-04,2,11,17675.0,56,2,1,0.943,1.084,1.2,0.299,10,5864.81,concept_drift,2024-08,5290.424108900867
ID0004581,2024-12-10,0,8,8110.0,75,2,1,1.101,0.882,1.2,0.159,7,5291.49,concept_drift,2024-12,4876.52514486863
ID0004582,2024-04-07,4,12,18036.0,56,1,2,1.034,1.432,1.2,0.307,0,6301.3,concept_drift,2024-04,5644.222919740967
ID0004583,2024-10-03,1,5,18828.0,48,0,0,0.813,0.967,1.2,0.043,14,4449.89,concept_drift,2024-10,3918.3867026501352
ID0004584,2024-01-20,0,11,7146.0,61,1,2,1.237,1.274,1.4,0.344,2,6576.69,concept_drift,2024-01,5852.895173466078
ID0004585,2024-06-06,1,5,16885.0,23,3,2,1.291,1.135,1.8,0.445,2,8507.82,concept_drift,2024-06,7806.683658472351
ID0004586,2024-12-15,2,6,31358.0,37,0,1,0.914,0.856,1.2,0.193,2,4833.9,concept_drift,2024-12,4338.45338173926
ID0004587,2024-11-27,1,3,20909.0,57,4,1,0.992,1.059,1.8,0.029,2,7054.83,concept_drift,2024-11,6643.559693352902
ID0004588,2024-04-09,3,9,18605.0,36,0,1,1.109,1.195,1.8,0.325,0,6972.29,concept_drift,2024-04,6001.105058876419
ID0004589,2024-06-12,4,9,24506.0,19,1,1,0.83,1.053,1.1,0.551,21,6825.86,concept_drift,2024-06,5945.320154699974
ID0004590,2024-03-01,2,6,18135.0,24,0,1,0.919,0.843,0.4,0.064,0,3852.01,concept_drift,2024-03,3534.9147628889637
ID0004591,2024-09-26,1,8,10081.0,23,2,2,1.061,1.127,1.8,0.319,0,8246.51,concept_drift,2024-09,7542.549021997887
ID0004592,2024-03-14,0,7,9413.0,36,3,2,1.019,0.969,1.0,0.062,4,5511.5,concept_drift,2024-03,5384.014386470587
ID0004593,2024-12-07,0,16,6799.0,68,1,2,1.1,1.106,1.2,0.319,3,5791.76,concept_drift,2024-12,5301.379759478846
ID0004594,2024-03-11,0,15,5172.0,55,3,1,1.186,0.888,1.2,0.431,0,5863.31,concept_drift,2024-03,5706.4140415295615
ID0004595,2024-08-21,3,12,14185.0,71,2,1,0.957,1.037,1.8,0.101,7,6650.75,concept_drift,2024-08,6189.691998841625
ID0004596,2024-02-26,2,7,16408.0,53,2,1,1.123,1.012,1.2,0.163,10,5551.43,concept_drift,2024-02,5144.700535382181
ID0004597,2024-01-21,2,3,21905.0,49,2,1,0.953,1.239,3.2,0.151,1,9701.33,concept_drift,2024-01,9048.865700643395
ID0004598,2024-05-25,3,12,13719.0,23,1,2,1.102,1.537,1.4,0.707,2,8290.41,concept_drift,2024-05,7012.633648678949
ID0004599,2024-05-03,0,0,21131.0,41,2,2,1.212,1.138,1.2,0.616,0,6099.74,concept_drift,2024-05,5762.047392184306
ID0004600,2024-02-16,4,8,28911.0,53,1,1,1.006,1.029,1.8,0.172,10,6731.17,concept_drift,2024-02,6000.998583254391
ID0004601,2024-12-10,4,1,53753.0,23,2,2,1.247,1.177,1.4,0.09,21,7426.81,concept_drift,2024-12,6951.2779544476925
ID0004602,2024-10-11,1,16,6835.0,75,1,2,1.194,1.231,3.2,0.46,30,10753.37,concept_drift,2024-10,9694.012029635118
ID0004603,2024-10-12,3,14,11403.0,79,1,2,1.123,1.334,1.8,0.141,0,7188.01,concept_drift,2024-10,6464.215434724655
ID0004604,2024-09-02,4,4,38978.0,50,1,2,1.222,1.025,1.8,0.471,2,7152.34,concept_drift,2024-09,6292.5826890000035
ID0004605,2024-11-20,1,4,13815.0,59,2,1,0.972,1.1,1.4,0.853,2,6629.9,concept_drift,2024-11,5665.241186878875
ID0004606,2024-08-18,2,15,10807.0,48,0,0,0.977,0.771,0.4,0.211,0,2978.02,concept_drift,2024-08,2609.259990831427
ID0004607,2024-05-06,1,5,15006.0,30,0,2,1.22,1.224,1.2,0.393,1,5876.45,concept_drift,2024-05,5233.247798249185
ID0004608,2024-07-04,2,5,16114.0,56,1,2,1.155,1.069,1.4,0.246,4,5959.69,concept_drift,2024-07,5536.271543380633
ID0004609,2024-10-04,4,6,26234.0,18,1,2,1.154,1.167,0.4,0.169,21,5006.25,concept_drift,2024-10,4877.091313416835
ID0004610,2024-11-11,2,6,14623.0,52,1,2,1.25,1.173,1.8,0.129,1,6864.76,concept_drift,2024-11,6133.879940297524
ID0004611,2024-03-19,1,4,13693.0,40,2,2,1.207,1.233,1.4,0.18,3,6555.31,concept_drift,2024-03,5984.76563409279
ID0004612,2024-11-10,0,11,9155.0,43,0,1,0.968,0.963,0.4,0.269,6,3546.0,concept_drift,2024-11,3155.0177849855945
ID0004613,2024-06-27,1,8,10101.0,74,1,2,1.224,1.113,1.8,0.514,3,7239.88,concept_drift,2024-06,6294.129939086255
ID0004614,2024-06-04,1,15,5228.0,70,2,2,1.029,1.286,1.4,0.64,6,7205.26,concept_drift,2024-06,6691.5571522591645
ID0004615,2024-09-12,3,5,26574.0,56,2,1,1.068,1.013,1.2,0.299,0,5439.07,concept_drift,2024-09,5108.68548106856
ID0004616,2024-05-04,2,13,13940.0,35,0,2,1.283,1.248,1.2,0.335,21,6086.65,concept_drift,2024-05,5506.7379625427575
ID0004617,2024-11-25,1,5,11580.0,34,2,2,1.299,1.273,0.4,0.103,5,4572.18,concept_drift,2024-11,4406.592923372433
ID0004618,2024-08-07,2,13,11322.0,27,2,2,1.154,1.337,1.4,0.574,21,7704.72,concept_drift,2024-08,6937.296534393361
ID0004619,2024-04-03,2,13,13235.0,22,0,2,1.29,1.258,1.8,0.5,7,8420.99,concept_drift,2024-04,7305.843121015803
ID0004620,2024-10-06,4,4,39739.0,34,0,2,1.281,1.506,1.2,0.35,2,6123.15,concept_drift,2024-10,5396.8669824338685
ID0004621,2024-10-21,3,6,33827.0,39,3,0,0.871,0.906,3.2,0.1,21,10009.91,concept_drift,2024-10,8688.229516061525
ID0004622,2024-08-26,3,10,20591.0,40,4,2,1.404,1.509,1.2,0.55,0,7391.16,concept_drift,2024-08,6753.912919242484
ID0004623,2024-03-18,1,16,5580.0,66,1,2,1.22,1.275,1.8,0.181,5,7176.47,concept_drift,2024-03,6536.274898098182
ID0004624,2024-02-18,2,4,16421.0,19,3,1,0.872,0.885,1.0,0.247,4,5965.32,concept_drift,2024-02,5861.3975594017
ID0004625,2024-09-06,0,9,9856.0,22,1,2,1.054,1.317,1.4,0.132,0,7080.36,concept_drift,2024-09,6621.72945049462
ID0004626,2024-03-13,2,10,8765.0,24,2,1,1.045,0.822,1.2,0.262,14,6622.02,concept_drift,2024-03,6138.366305671962
ID0004627,2024-11-27,1,5,14855.0,59,0,2,1.271,1.182,1.2,0.116,30,5697.05,concept_drift,2024-11,5014.21924056631
ID0004628,2024-09-05,1,8,11057.0,61,0,1,0.961,1.187,1.8,0.085,30,6639.33,concept_drift,2024-09,5872.7164347068565
ID0004629,2024-04-23,3,8,11729.0,27,4,0,0.877,0.877,1.4,0.289,0,6348.64,concept_drift,2024-04,5996.231592833203
ID0004630,2024-09-06,1,11,11345.0,54,1,0,0.916,0.861,1.0,0.115,5,4310.95,concept_drift,2024-09,3985.089467877309
ID0004631,2024-05-18,3,1,35718.0,21,1,1,0.913,0.842,1.2,0.379,0,6071.86,concept_drift,2024-05,5456.711412865851
ID0004632,2024-01-15,1,1,28268.0,73,0,2,1.093,1.36,1.0,0.3,14,5373.54,concept_drift,2024-01,4468.103434523535
ID0004633,2024-12-25,1,11,7371.0,78,1,1,0.981,0.941,1.2,0.634,14,5527.57,concept_drift,2024-12,4834.444185960959
ID0004634,2024-02-07,1,4,18389.0,42,1,2,1.091,1.282,1.4,0.305,4,6399.43,concept_drift,2024-02,5786.587808720652
ID0004635,2024-08-06,4,15,9142.0,49,1,1,1.159,1.009,1.8,0.389,7,7214.36,concept_drift,2024-08,6389.2936128598485
ID0004636,2024-04-26,1,15,7244.0,39,3,1,0.986,1.011,1.0,0.584,1,5805.2,concept_drift,2024-04,5714.904139990927
ID0004637,2024-09-02,2,9,16761.0,72,1,0,0.977,0.912,1.0,0.109,0,4324.99,concept_drift,2024-09,3773.5394340911403
ID0004638,2024-10-09,2,13,12907.0,42,1,0,0.947,0.868,1.4,0.253,30,5711.27,concept_drift,2024-10,5134.127435031236
ID0004639,2024-05-28,1,6,11039.0,43,2,2,1.14,1.387,1.4,0.201,2,6806.67,concept_drift,2024-05,6326.73582888513
ID0004640,2024-03-10,1,12,12941.0,43,2,2,1.093,1.297,1.2,0.545,4,6657.23,concept_drift,2024-03,6126.3029480488885
ID0004641,2024-09-15,2,10,12251.0,60,1,2,1.215,1.247,0.4,0.074,3,4083.8,concept_drift,2024-09,3901.202766612145
ID0004642,2024-02-14,1,12,9893.0,79,2,2,1.191,1.272,1.2,0.188,1,5982.95,concept_drift,2024-02,5566.805644404493
ID0004643,2024-04-10,1,1,19990.0,53,2,1,0.943,0.946,1.1,0.015,3,4813.3,concept_drift,2024-04,4671.379043468043
ID0004644,2024-02-28,2,11,11655.0,62,3,1,0.888,1.094,1.4,0.326,2,6457.45,concept_drift,2024-02,5877.555374231803
ID0004645,2024-11-20,1,4,16861.0,64,4,0,0.914,0.969,1.2,0.25,0,5596.16,concept_drift,2024-11,5510.8086195202395
ID0004646,2024-11-27,3,10,16110.0,21,1,2,1.198,1.022,1.0,0.04,4,5901.05,concept_drift,2024-11,5441.936451416129
ID0004647,2024-04-01,2,2,25837.0,28,0,1,1.115,0.968,1.0,0.409,3,4856.42,concept_drift,2024-04,4314.588256774882
ID0004648,2024-09-18,0,14,5395.0,19,0,0,1.009,0.963,1.2,0.258,0,5693.88,concept_drift,2024-09,5175.918789009168
ID0004649,2024-09-11,2,10,13306.0,29,4,2,1.234,1.402,1.4,0.093,14,7626.8,concept_drift,2024-09,7029.308680006499
ID0004650,2024-01-14,1,10,9316.0,61,0,1,0.961,1.029,1.8,0.55,3,6617.63,concept_drift,2024-01,5831.601607173576
ID0004651,2024-08-28,1,4,14332.0,34,1,0,0.983,0.997,1.4,0.317,0,5590.32,concept_drift,2024-08,4999.481513501403
ID0004652,2024-09-03,0,6,10431.0,67,4,2,1.409,1.206,1.4,0.492,7,7244.36,concept_drift,2024-09,6816.147651041552
ID0004653,2024-08-07,2,2,30707.0,73,0,2,1.178,1.13,1.4,0.343,30,5918.68,concept_drift,2024-08,5221.530182062477
ID0004654,2024-07-12,2,1,30152.0,74,0,2,1.014,1.405,1.2,0.32,0,5430.55,concept_drift,2024-07,4881.672782836927
ID0004655,2024-12-16,3,9,14144.0,41,2,1,1.126,0.908,3.2,0.603,30,10688.78,concept_drift,2024-12,9168.353773155044
ID0004656,2024-04-27,4,10,30398.0,73,0,1,1.021,0.948,1.8,0.078,0,5940.12,concept_drift,2024-04,5269.616690555002
ID0004657,2024-07-25,2,5,13387.0,36,1,2,1.315,1.077,1.0,0.206,4,5339.33,concept_drift,2024-07,4772.176142174885
ID0004658,2024-04-16,1,17,5504.0,69,0,2,1.085,1.058,1.2,0.108,4,5431.34,concept_drift,2024-04,4804.758372690526
ID0004659,2024-01-22,1,7,16576.0,53,1,2,1.221,0.959,1.8,0.447,5,6982.1,concept_drift,2024-01,6254.045096249469
ID0004660,2024-02-07,1,8,8766.0,54,2,2,1.11,1.077,1.4,0.543,2,6456.38,concept_drift,2024-02,6179.055059585353
ID0004661,2024-01-09,2,18,6452.0,74,4,1,0.944,0.979,1.2,0.503,1,6299.86,concept_drift,2024-01,6124.631331326364
ID0004662,2024-02-22,3,12,11556.0,63,2,1,0.958,0.901,1.4,0.312,4,5922.34,concept_drift,2024-02,5410.82868089193
ID0004663,2024-09-09,0,9,13640.0,70,2,0,0.926,0.808,3.2,0.417,5,9293.5,concept_drift,2024-09,8118.018850191932
ID0004664,2024-08-07,3,12,11284.0,50,4,2,1.221,1.413,1.2,0.418,10,7334.71,concept_drift,2024-08,7051.580319193954
ID0004665,2024-09-13,1,0,29481.0,71,2,1,0.921,0.908,1.2,0.192,6,5136.1,concept_drift,2024-09,4618.058172852167
ID0004666,2024-07-11,2,11,12842.0,56,0,0,0.806,0.81,0.4,0.132,14,2881.09,concept_drift,2024-07,2458.8552768035574
ID0004667,2024-02-15,2,8,22263.0,22,2,2,1.319,1.028,1.8,0.098,0,7847.93,concept_drift,2024-02,7336.881240823632
ID0004668,2024-07-03,3,2,42706.0,23,0,1,0.789,1.014,1.2,0.271,2,5714.89,concept_drift,2024-07,5452.02291830614
ID0004669,2024-04-13,0,2,16323.0,71,1,2,1.376,1.297,1.8,0.704,3,7546.83,concept_drift,2024-04,6394.805449219163
ID0004670,2024-11-09,4,12,22012.0,48,0,1,0.932,0.963,1.2,0.394,0,5278.21,concept_drift,2024-11,4607.828619627848
ID0004671,2024-03-13,3,8,16923.0,55,2,1,1.041,0.865,1.8,0.33,2,6566.26,concept_drift,2024-03,6070.231116322262
ID0004672,2024-05-18,2,17,6746.0,21,0,2,1.388,1.245,1.4,0.399,4,7273.88,concept_drift,2024-05,6690.079692382081
ID0004673,2024-09-08,1,15,8656.0,52,0,1,0.985,0.972,1.1,0.107,2,4817.08,concept_drift,2024-09,4309.816188852415
ID0004674,2024-09-19,4,12,18147.0,43,1,2,1.324,1.067,1.0,0.13,2,5322.74,concept_drift,2024-09,4803.652168996575
ID0004675,2024-02-25,3,7,22772.0,78,2,2,1.067,1.141,1.2,0.229,0,5871.16,concept_drift,2024-02,5308.0933324214875
ID0004676,2024-09-17,0,7,9377.0,28,3,2,1.139,1.001,1.8,0.147,1,7184.24,concept_drift,2024-09,6940.294024050613
ID0004677,2024-09-10,1,8,11189.0,54,2,2,1.381,1.241,1.2,0.518,0,6467.27,concept_drift,2024-09,5814.870793425015
ID0004678,2024-07-08,3,12,13421.0,50,1,1,0.906,0.921,1.4,0.156,1,5660.1,concept_drift,2024-07,5080.162023113701
ID0004679,2024-01-24,1,7,15769.0,48,3,2,1.145,1.163,1.2,0.114,14,6244.92,concept_drift,2024-01,5940.599155168133
ID0004680,2024-10-15,0,8,8329.0,59,2,2,1.107,1.016,1.0,0.13,0,5286.64,concept_drift,2024-10,4990.392889606048
ID0004681,2024-06-14,3,6,23840.0,42,1,1,0.921,0.965,1.2,0.171,10,5275.54,concept_drift,2024-06,4730.525327370631
ID0004682,2024-10-03,3,6,20582.0,23,3,1,1.001,0.966,1.2,0.35,0,6765.5,concept_drift,2024-10,6413.352470020012
ID0004683,2024-09-05,2,14,9721.0,56,2,2,1.163,1.098,1.8,0.092,21,7391.66,concept_drift,2024-09,6860.858330924204
ID0004684,2024-04-04,0,6,12065.0,64,1,0,0.968,0.776,1.2,0.042,0,4416.78,concept_drift,2024-04,3871.029649104312
ID0004685,2024-04-21,1,13,6427.0,42,0,2,1.088,1.212,1.2,0.534,5,6161.5,concept_drift,2024-04,5360.2656023655545
ID0004686,2024-03-22,3,0,30554.0,25,1,1,1.126,1.114,1.8,0.405,6,7156.5,concept_drift,2024-03,6167.892135983068
ID0004687,2024-03-05,2,13,9003.0,78,0,2,1.18,1.083,1.8,0.272,3,6726.77,concept_drift,2024-03,5890.421332608623
ID0004688,2024-11-17,1,6,14374.0,73,2,0,0.877,0.872,1.0,0.344,2,4563.75,concept_drift,2024-11,4257.097440538794
ID0004689,2024-04-08,1,14,8530.0,53,1,2,1.229,1.047,1.8,0.306,2,6988.22,concept_drift,2024-04,6429.496639943296
ID0004690,2024-01-04,0,14,7750.0,38,2,2,1.198,1.359,1.4,0.271,0,6923.3,concept_drift,2024-01,6566.553058411377
ID0004691,2024-02-19,2,4,38837.0,29,1,0,0.988,0.896,1.2,0.333,2,5169.42,concept_drift,2024-02,4463.765524709295
ID0004692,2024-02-03,0,10,8516.0,35,2,1,0.96,0.971,1.4,0.077,5,6088.83,concept_drift,2024-02,5614.897804960178
ID0004693,2024-06-14,1,12,7180.0,79,4,1,1.179,0.942,1.2,0.073,1,5688.66,concept_drift,2024-06,5348.051855413788
ID0004694,2024-10-07,4,6,27042.0,68,3,2,1.041,1.241,1.2,0.219,7,6366.39,concept_drift,2024-10,5959.437728904402
ID0004695,2024-07-22,2,6,15943.0,79,1,2,1.329,1.413,1.4,0.112,30,6316.62,concept_drift,2024-07,5870.573596232987
ID0004696,2024-03-11,2,13,8589.0,77,2,0,1.058,0.953,1.0,0.692,3,5250.11,concept_drift,2024-03,4673.662092696675
ID0004697,2024-12-09,0,6,9846.0,76,0,0,0.872,0.879,3.2,0.36,3,8923.94,concept_drift,2024-12,7477.116529438916
ID0004698,2024-06-24,0,16,5458.0,37,4,2,1.185,1.3,1.4,0.361,21,7851.27,concept_drift,2024-06,7408.662434834614
ID0004699,2024-11-19,2,14,8166.0,43,1,2,1.177,1.065,1.4,0.501,0,6472.98,concept_drift,2024-11,6000.412835763935
ID0004700,2024-03-25,1,0,22525.0,41,1,0,0.863,1.024,1.8,0.137,4,6259.96,concept_drift,2024-03,5496.82386569415
ID0004701,2024-02-04,0,5,14698.0,39,1,1,0.927,0.795,1.2,0.198,3,5013.91,concept_drift,2024-02,4567.827994023293
ID0004702,2024-03-08,2,5,15631.0,41,2,1,0.95,0.883,1.4,0.324,21,6218.61,concept_drift,2024-03,5612.121335127227
ID0004703,2024-02-26,2,6,20195.0,41,4,0,0.805,0.84,1.8,0.144,0,6854.81,concept_drift,2024-02,6404.557550835742
ID0004704,2024-09-01,3,13,13877.0,37,3,1,0.976,0.855,1.8,0.022,1,6924.42,concept_drift,2024-09,6424.336638454409
ID0004705,2024-04-11,2,9,13537.0,61,1,2,1.24,1.267,1.4,0.073,0,6239.66,concept_drift,2024-04,5498.904668902303
ID0004706,2024-01-21,1,11,9624.0,67,0,1,1.051,1.037,1.2,0.295,2,5096.74,concept_drift,2024-01,4491.490577320278
ID0004707,2024-03-21,1,3,17753.0,30,0,0,0.889,0.921,1.4,0.612,10,5648.26,concept_drift,2024-03,4781.8419181559275
ID0004708,2024-08-04,1,4,12018.0,26,2,2,1.201,1.296,1.4,0.078,4,6796.77,concept_drift,2024-08,6132.919319475887
ID0004709,2024-12-09,0,10,6598.0,53,1,2,1.066,1.273,1.8,0.324,0,7400.97,concept_drift,2024-12,6492.243950431454
ID0004710,2024-10-08,1,12,7373.0,32,0,2,1.149,1.278,1.2,0.168,4,5798.25,concept_drift,2024-10,5179.178008818802
ID0004711,2024-05-27,2,13,13624.0,26,1,1,1.109,1.11,1.8,0.418,0,7188.35,concept_drift,2024-05,6430.247419091766
ID0004712,2024-04-14,0,10,6693.0,63,1,1,1.204,0.868,0.4,0.628,10,3896.72,concept_drift,2024-04,3580.9055648972244
ID0004713,2024-07-16,0,7,10618.0,36,1,2,1.077,1.349,1.8,0.37,6,7635.84,concept_drift,2024-07,6829.01061700073
ID0004714,2024-11-01,1,13,7800.0,19,1,1,0.984,0.75,1.2,0.398,0,5846.53,concept_drift,2024-11,5577.342512209953
ID0004715,2024-06-04,1,1,14756.0,32,0,2,0.979,1.211,1.2,0.418,3,5748.68,concept_drift,2024-06,5144.364100900163
ID0004716,2024-01-10,1,3,17534.0,46,2,0,0.947,0.951,1.4,0.194,10,5727.67,concept_drift,2024-01,5185.032408858569
ID0004717,2024-08-22,3,8,27655.0,33,0,2,1.2,1.049,1.2,0.543,5,5816.94,concept_drift,2024-08,5208.29502387737
ID0004718,2024-05-28,1,8,9239.0,72,0,1,0.952,0.835,1.2,0.184,2,4640.94,concept_drift,2024-05,4142.9281921866595
ID0004719,2024-08-02,4,13,17751.0,45,3,1,0.879,0.976,1.8,0.121,30,7370.89,concept_drift,2024-08,6722.806799348553
ID0004720,2024-06-18,0,0,17903.0,62,2,2,1.091,1.062,1.8,0.061,0,6732.58,concept_drift,2024-06,6185.263360917507
ID0004721,2024-09-04,1,7,12168.0,54,4,1,1.018,0.86,1.8,0.301,14,7326.51,concept_drift,2024-09,6849.273505314135
ID0004722,2024-02-27,2,1,23960.0,71,1,2,1.093,1.083,1.2,0.452,1,5606.89,concept_drift,2024-02,4990.549031660829
ID0004723,2024-07-19,2,3,25629.0,45,1,2,1.303,1.148,1.0,0.34,3,5189.31,concept_drift,2024-07,4924.610542619651
ID0004724,2024-12-26,4,11,25423.0,45,1,2,1.263,1.196,1.2,0.056,0,5740.62,concept_drift,2024-12,5274.507386685671
ID0004725,2024-10-22,1,5,20212.0,19,3,1,0.923,1.05,1.4,0.463,5,7428.1,concept_drift,2024-10,6930.303615836047
ID0004726,2024-02-16,1,0,20792.0,55,0,1,1.046,1.259,1.2,0.4,0,5532.73,concept_drift,2024-02,4712.908425633787
ID0004727,2024-05-06,2,6,19169.0,68,0,1,0.924,1.045,1.1,0.549,7,5196.57,concept_drift,2024-05,4280.649044603296
ID0004728,2024-11-18,1,10,7949.0,43,0,1,0.934,1.145,1.2,0.198,1,5270.1,concept_drift,2024-11,4676.954868613119
ID0004729,2024-06-09,1,12,10849.0,29,0,2,1.068,1.233,1.0,0.209,5,5308.24,concept_drift,2024-06,4814.67541807918
ID0004730,2024-01-09,1,7,18643.0,53,0,2,1.163,1.249,1.8,0.51,3,7266.45,concept_drift,2024-01,6306.139474925836
ID0004731,2024-09-27,4,12,25032.0,58,0,2,1.253,1.191,1.2,0.654,5,6046.53,concept_drift,2024-09,5317.623123747542
ID0004732,2024-12-10,2,11,7323.0,67,1,1,0.945,0.912,1.4,0.514,0,5767.22,concept_drift,2024-12,5067.962346233212
ID0004733,2024-06-17,3,13,12542.0,48,2,1,1.094,0.896,1.0,0.729,6,5605.93,concept_drift,2024-06,5233.76659361392
ID0004734,2024-03-12,3,10,12816.0,58,2,2,1.254,1.207,3.2,0.289,14,10373.41,concept_drift,2024-03,9406.825678454617
ID0004735,2024-07-17,1,7,13958.0,38,3,1,0.891,1.056,0.4,0.635,4,4472.98,concept_drift,2024-07,4408.313650042268
ID0004736,2024-05-23,0,9,8112.0,51,2,1,1.101,1.186,1.2,0.165,1,5687.88,concept_drift,2024-05,5307.534790670344
ID0004737,2024-02-21,1,4,14272.0,44,2,2,1.373,1.227,1.8,0.575,21,8023.43,concept_drift,2024-02,7162.357372256871
ID0004738,2024-09-21,3,4,25384.0,72,3,0,0.98,0.849,1.0,0.514,1,4896.83,concept_drift,2024-09,4662.195959550184
ID0004739,2024-07-07,1,10,9738.0,75,0,2,1.096,0.886,1.2,0.391,1,5333.98,concept_drift,2024-07,4501.34147451312
ID0004740,2024-08-18,4,10,30302.0,75,3,1,1.004,1.007,1.0,0.155,21,5449.94,concept_drift,2024-08,5146.559465295248
ID0004741,2024-01-04,3,6,26695.0,58,0,1,0.956,1.175,1.2,0.081,2,4972.56,concept_drift,2024-01,4515.825831742791
ID0004742,2024-01-16,2,8,12342.0,19,1,2,1.175,1.135,3.2,0.044,0,10719.97,concept_drift,2024-01,9788.390422116794
ID0004743,2024-02-17,3,17,9238.0,77,1,1,0.914,1.012,1.4,0.205,1,5818.0,concept_drift,2024-02,5138.76257805196
ID0004744,2024-03-28,4,14,12415.0,70,3,1,0.995,0.975,1.8,0.247,0,7072.41,concept_drift,2024-03,6515.164785233725
ID0004745,2024-03-18,1,10,10569.0,38,1,1,0.945,1.001,1.2,0.049,30,5556.74,concept_drift,2024-03,4997.495412923863
ID0004746,2024-05-01,1,11,10810.0,33,1,2,1.116,1.146,1.8,0.516,0,7412.52,concept_drift,2024-05,6721.8527582669485
ID0004747,2024-12-14,0,15,9266.0,35,1,2,1.129,1.495,1.2,0.368,5,6582.9,concept_drift,2024-12,6211.225086287761
ID0004748,2024-07-05,1,5,17837.0,31,2,2,1.336,1.134,0.4,0.106,5,4314.03,concept_drift,2024-07,4271.702353056385
ID0004749,2024-08-28,3,10,17817.0,30,0,2,1.261,1.314,1.4,0.091,4,6180.76,concept_drift,2024-08,5643.8504976805225
ID0004750,2024-03-23,1,1,17706.0,34,1,2,1.156,1.41,1.2,0.224,10,6283.01,concept_drift,2024-03,5554.934999172328
ID0004751,2024-09-14,2,6,20193.0,62,1,2,1.13,1.257,1.2,0.534,21,6313.48,concept_drift,2024-09,5579.544761913304
ID0004752,2024-10-19,2,8,15050.0,68,4,2,1.127,1.331,1.4,0.307,1,7175.67,concept_drift,2024-10,6743.653622111132
ID0004753,2024-03-09,3,6,21874.0,40,2,1,0.829,0.953,1.4,0.303,1,6010.19,concept_drift,2024-03,5591.109257392877
ID0004754,2024-02-15,1,16,5994.0,57,1,2,1.153,1.181,1.2,0.168,0,6019.12,concept_drift,2024-02,5350.3168284981775
ID0004755,2024-02-19,0,5,12934.0,25,1,1,0.967,0.838,1.8,0.278,21,6715.9,concept_drift,2024-02,6109.120036695726
ID0004756,2024-04-26,3,5,22898.0,46,0,1,0.897,1.06,1.8,0.278,21,6700.96,concept_drift,2024-04,5792.089923259931
ID0004757,2024-07-23,3,10,15767.0,25,2,1,1.09,1.002,1.4,0.432,0,6379.14,concept_drift,2024-07,5963.290480100767
ID0004758,2024-01-07,2,12,11216.0,55,2,1,0.929,0.953,1.2,0.151,30,5770.21,concept_drift,2024-01,5227.332340100603
ID0004759,2024-04-22,1,0,20695.0,51,2,1,1.109,0.94,1.4,0.299,30,5984.96,concept_drift,2024-04,5511.958312025398
ID0004760,2024-10-08,1,14,10127.0,56,2,0,0.915,0.933,1.8,0.545,3,6987.59,concept_drift,2024-10,6259.0979356957705
ID0004761,2024-02-09,3,7,30051.0,57,1,2,1.166,1.265,1.8,0.386,10,7389.73,concept_drift,2024-02,6546.256182068422
ID0004762,2024-11-18,3,8,21542.0,70,2,0,0.985,0.876,1.0,0.163,6,4617.4,concept_drift,2024-11,4238.085224557455
ID0004763,2024-07-09,1,6,12947.0,25,2,2,1.212,1.391,0.4,0.161,3,4687.71,concept_drift,2024-07,4639.778913855464
ID0004764,2024-11-03,1,9,10127.0,26,2,0,0.818,0.916,0.4,0.127,0,3617.35,concept_drift,2024-11,3646.82211444804
ID0004765,2024-04-02,0,12,7870.0,28,4,2,1.115,1.248,1.4,0.315,14,7433.29,concept_drift,2024-04,7138.043934510984
ID0004766,2024-07-05,2,13,12157.0,60,0,2,1.184,1.252,1.8,0.229,21,7192.1,concept_drift,2024-07,6297.531501344747
ID0004767,2024-06-19,4,9,21811.0,69,2,2,1.215,1.208,1.8,0.414,0,7439.64,concept_drift,2024-06,6679.47544722999
ID0004768,2024-03-05,4,6,34784.0,28,2,2,1.083,1.105,1.0,0.402,21,6120.49,concept_drift,2024-03,5388.904471821261
ID0004769,2024-07-20,1,17,5964.0,63,1,1,1.049,0.867,1.4,0.159,1,5628.35,concept_drift,2024-07,5018.126923667921
ID0004770,2024-02-28,1,8,9007.0,70,1,1,1.001,0.999,1.8,0.27,0,6500.94,concept_drift,2024-02,5825.864483629467
ID0004771,2024-06-09,3,15,11755.0,60,1,2,1.264,1.168,3.2,0.202,30,10144.42,concept_drift,2024-06,9474.041672575371
ID0004772,2024-02-18,2,6,23759.0,65,3,1,0.982,0.853,1.0,0.037,30,5186.72,concept_drift,2024-02,4908.736106139191
ID0004773,2024-08-22,2,6,19686.0,31,2,1,1.031,1.081,1.4,0.447,6,6381.64,concept_drift,2024-08,5830.799238926386
ID0004774,2024-03-17,1,1,29725.0,79,0,2,1.102,1.31,1.4,0.573,30,6442.93,concept_drift,2024-03,5462.079896567705
ID0004775,2024-06-23,2,20,7764.0,63,1,1,0.969,1.105,1.0,0.29,14,5392.44,concept_drift,2024-06,4826.093788622451
ID0004776,2024-08-20,4,10,27867.0,62,2,1,1.077,0.787,0.4,0.447,0,3889.57,concept_drift,2024-08,3475.2164837151395
ID0004777,2024-09-12,4,10,29666.0,36,2,2,1.232,1.36,1.0,0.45,1,6349.13,concept_drift,2024-09,5819.910167057955
ID0004778,2024-12-10,1,4,12418.0,60,0,1,1.017,0.978,1.2,0.263,21,5046.76,concept_drift,2024-12,4481.64520065404
ID0004779,2024-12-20,2,4,37770.0,70,2,1,1.07,0.956,1.2,0.399,10,5546.37,concept_drift,2024-12,4953.129683030402
ID0004780,2024-09-14,1,10,12973.0,66,3,0,0.929,0.934,1.2,0.382,2,5595.47,concept_drift,2024-09,5204.286329446077
ID0004781,2024-06-08,2,8,15854.0,63,2,1,1.086,0.997,1.0,0.179,1,5055.13,concept_drift,2024-06,4608.330881559899
ID0004782,2024-01-06,2,18,6524.0,30,2,2,1.266,1.148,1.2,0.253,7,6374.95,concept_drift,2024-01,6027.80559913601
ID0004783,2024-06-22,3,9,16246.0,67,1,1,0.969,1.057,1.2,0.227,30,5621.18,concept_drift,2024-06,5007.257557664693
ID0004784,2024-05-17,2,8,18592.0,39,1,2,1.272,1.015,1.2,0.442,21,6014.22,concept_drift,2024-05,5459.173676413244
ID0004785,2024-01-01,2,6,16627.0,34,1,1,1.203,0.936,0.4,0.316,21,4097.4,concept_drift,2024-01,3716.086654668469
ID0004786,2024-03-28,0,10,6206.0,68,1,0,1.021,0.978,1.2,0.187,1,4943.57,concept_drift,2024-03,4244.249707912023
ID0004787,2024-12-10,1,10,8121.0,59,3,0,0.924,0.91,1.2,0.195,2,5538.01,concept_drift,2024-12,5091.4762663325855
ID0004788,2024-12-11,2,4,25386.0,34,4,0,0.854,0.949,1.4,0.455,21,6795.24,concept_drift,2024-12,6087.667176152166
ID0004789,2024-03-17,1,10,11235.0,68,4,1,0.947,1.005,1.8,0.481,4,7436.05,concept_drift,2024-03,7078.76599775142
ID0004790,2024-10-08,4,4,52014.0,77,2,2,1.284,1.07,1.0,0.235,2,5274.73,concept_drift,2024-10,4858.093205287541
ID0004791,2024-04-27,1,7,8523.0,54,2,2,1.159,1.131,1.4,0.185,30,6539.26,concept_drift,2024-04,6141.468731067687
ID0004792,2024-09-08,2,8,14054.0,36,3,2,1.149,1.109,1.8,0.203,0,7459.2,concept_drift,2024-09,6932.076493967056
ID0004793,2024-08-20,2,8,17813.0,33,0,2,1.145,1.269,1.4,0.377,1,6270.92,concept_drift,2024-08,5683.144810939146
ID0004794,2024-06-22,2,11,12130.0,62,3,1,1.073,0.903,1.0,0.281,0,5265.27,concept_drift,2024-06,4997.298692469518
ID0004795,2024-03-26,3,7,18488.0,30,1,0,0.754,0.929,1.2,0.24,2,5194.27,concept_drift,2024-03,4642.458217214374
ID0004796,2024-03-27,1,13,7051.0,70,2,2,1.05,1.238,1.4,0.467,1,6718.46,concept_drift,2024-03,6199.605066612623
ID0004797,2024-09-27,2,8,12951.0,66,0,1,1.109,0.954,1.0,0.429,1,4641.08,concept_drift,2024-09,4049.723448880912
ID0004798,2024-02-15,4,4,35423.0,23,2,0,0.842,0.984,1.4,0.645,1,7043.35,concept_drift,2024-02,6480.933444526192
ID0004799,2024-12-20,4,16,14761.0,39,3,0,0.789,1.014,1.2,0.149,6,5726.06,concept_drift,2024-12,5549.575234128029
ID0004800,2024-07-18,3,10,16442.0,45,0,2,1.13,1.227,1.2,0.347,7,5940.74,concept_drift,2024-07,5259.819253420852
ID0004801,2024-08-13,3,15,12487.0,78,4,0,0.932,0.856,1.2,0.101,14,5593.38,concept_drift,2024-08,5362.86982194606
ID0004802,2024-03-28,1,14,6482.0,63,2,1,0.997,1.018,1.1,0.036,4,5350.9,concept_drift,2024-03,4850.213557552435
ID0004803,2024-09-27,3,4,31707.0,40,2,1,1.019,0.994,0.4,0.197,14,4195.25,concept_drift,2024-09,3791.34493081298
ID0004804,2024-01-23,2,7,10250.0,76,4,2,1.141,1.307,0.4,0.459,5,5118.02,concept_drift,2024-01,5291.725782533718
ID0004805,2024-08-28,1,9,9650.0,31,0,1,0.924,0.899,1.8,0.193,1,6429.56,concept_drift,2024-08,5556.220286764874
ID0004806,2024-04-01,2,5,26360.0,29,0,2,1.236,1.215,1.4,0.177,1,6086.82,concept_drift,2024-04,5380.092225913781
ID0004807,2024-02-01,1,16,5119.0,77,3,1,0.996,1.126,1.2,0.583,2,6550.54,concept_drift,2024-02,5867.385546615443
ID0004808,2024-01-12,0,18,5000.0,39,0,2,1.109,1.274,1.4,0.082,1,6296.37,concept_drift,2024-01,5571.8388710315985
ID0004809,2024-03-19,2,6,15729.0,76,0,1,1.066,1.115,0.4,0.424,14,3407.63,concept_drift,2024-03,3049.0375530546526
ID0004810,2024-05-19,1,7,17605.0,79,3,1,1.007,0.847,1.8,0.515,21,6992.28,concept_drift,2024-05,6459.076871085685
ID0004811,2024-11-01,1,0,18553.0,59,1,2,1.321,1.128,1.8,0.308,2,6798.45,concept_drift,2024-11,6053.871006242657
ID0004812,2024-10-07,4,1,49055.0,18,0,2,1.243,1.212,1.8,0.147,4,7576.13,concept_drift,2024-10,6800.571398208499
ID0004813,2024-05-27,0,8,6565.0,26,2,2,1.152,1.201,1.8,0.062,21,7413.45,concept_drift,2024-05,7129.271833438797
ID0004814,2024-02-14,3,11,11254.0,30,1,2,1.076,1.273,1.0,0.26,0,5749.57,concept_drift,2024-02,5268.6802825711875
ID0004815,2024-09-02,2,12,8562.0,28,0,1,0.929,1.015,1.2,0.199,2,5233.96,concept_drift,2024-09,4670.234065819323
ID0004816,2024-12-13,2,11,11992.0,25,4,1,0.814,1.038,1.2,0.044,0,6203.27,concept_drift,2024-12,6008.17548430283
ID0004817,2024-10-25,2,3,23680.0,26,0,2,1.175,1.329,1.8,0.449,5,7382.8,concept_drift,2024-10,6456.687604172434
ID0004818,2024-05-05,2,4,20236.0,76,1,0,1.026,0.811,0.4,0.363,21,3225.45,concept_drift,2024-05,2757.4836399101937
ID0004819,2024-02-15,1,0,22181.0,76,1,0,0.965,1.0,0.4,0.2,0,3227.54,concept_drift,2024-02,2652.3710153323022
ID0004820,2024-02-09,2,11,19022.0,35,3,1,1.06,1.044,1.2,0.144,0,6087.17,concept_drift,2024-02,5631.863463551471
ID0004821,2024-02-28,2,13,11154.0,38,3,2,1.351,1.422,1.4,0.334,2,7424.44,concept_drift,2024-02,6993.741060368196
ID0004822,2024-09-02,2,10,17431.0,32,2,0,0.853,0.918,1.0,0.191,1,4994.91,concept_drift,2024-09,4585.401958680435
ID0004823,2024-04-21,2,11,16341.0,33,3,0,0.824,1.012,1.8,0.123,2,6810.88,concept_drift,2024-04,6531.666470523276
ID0004824,2024-06-14,1,11,9110.0,60,1,2,1.266,1.485,1.2,0.272,30,6401.01,concept_drift,2024-06,6196.190724056695
ID0004825,2024-10-12,3,12,13296.0,40,1,1,1.004,0.88,1.0,0.558,1,5181.9,concept_drift,2024-10,4769.643583782308
ID0004826,2024-06-07,3,0,30398.0,67,4,1,0.96,1.263,1.2,0.255,3,6181.46,concept_drift,2024-06,5841.701920145487
ID0004827,2024-04-03,3,14,9850.0,33,2,1,1.047,0.948,1.4,0.13,21,6278.66,concept_drift,2024-04,5908.977480646128
ID0004828,2024-09-27,4,11,19807.0,70,0,1,0.957,0.987,1.2,0.157,5,4771.16,concept_drift,2024-09,4307.720751641807
ID0004829,2024-11-21,0,6,12980.0,76,3,1,1.018,0.966,1.0,0.297,0,5132.7,concept_drift,2024-11,4882.711279439356
ID0004830,2024-05-11,4,12,21425.0,30,0,1,0.93,1.121,1.0,0.766,4,5662.81,concept_drift,2024-05,4857.973428086845
ID0004831,2024-05-07,3,4,18881.0,55,2,1,0.979,0.962,1.2,0.229,0,5231.09,concept_drift,2024-05,4931.854996285655
ID0004832,2024-11-08,2,6,14947.0,56,2,1,1.053,1.012,1.4,0.244,30,6368.86,concept_drift,2024-11,5721.236656663358
ID0004833,2024-01-24,1,7,16158.0,37,1,2,1.189,1.148,1.4,0.334,0,6293.07,concept_drift,2024-01,5779.719680424388
ID0004834,2024-08-15,1,5,15747.0,57,2,0,0.831,1.062,1.4,0.263,4,5659.44,concept_drift,2024-08,5302.25315068426
ID0004835,2024-08-06,2,0,33172.0,52,1,2,1.019,1.35,1.8,0.056,3,6803.97,concept_drift,2024-08,6287.4890668884045
ID0004836,2024-07-28,3,0,29073.0,23,0,2,1.128,1.161,1.0,0.47,1,5785.94,concept_drift,2024-07,5390.176555585765
ID0004837,2024-02-26,4,12,21118.0,51,2,1,1.043,0.954,1.2,0.264,30,5834.61,concept_drift,2024-02,5378.6227336877
ID0004838,2024-02-04,0,9,6892.0,72,1,2,1.1,1.337,3.2,0.738,1,10948.31,concept_drift,2024-02,9053.43223116596
ID0004839,2024-02-11,1,3,14090.0,38,0,2,1.383,1.064,1.8,0.402,0,6553.8,concept_drift,2024-02,6025.941506786819
ID0004840,2024-04-27,3,6,25117.0,18,3,2,1.167,1.002,1.4,0.086,0,7167.79,concept_drift,2024-04,7021.198909138461
ID0004841,2024-03-22,3,11,23895.0,28,3,0,0.793,0.905,1.4,0.227,5,6301.88,concept_drift,2024-03,5754.561483792879
ID0004842,2024-11-24,3,9,20113.0,71,3,2,1.055,1.058,1.0,0.26,0,5535.26,concept_drift,2024-11,5393.718889695755
ID0004843,2024-09-22,2,5,18433.0,65,1,1,1.139,1.067,1.0,0.121,1,4862.37,concept_drift,2024-09,4182.960702939029
ID0004844,2024-04-15,0,8,10719.0,37,2,2,1.108,1.159,0.4,0.234,7,4358.47,concept_drift,2024-04,4509.066266076198
ID0004845,2024-05-20,0,13,5000.0,68,3,1,0.977,1.024,1.0,0.083,3,5394.77,concept_drift,2024-05,4936.667792096057
ID0004846,2024-06-15,3,0,28936.0,39,2,1,0.997,1.042,1.8,0.265,4,6852.96,concept_drift,2024-06,6288.644095272483
ID0004847,2024-07-12,1,18,5000.0,76,1,2,1.05,1.361,1.2,0.277,1,6117.07,concept_drift,2024-07,5614.895390872215
ID0004848,2024-11-28,2,7,23549.0,27,1,0,0.948,0.932,1.0,0.621,6,5193.07,concept_drift,2024-11,4555.262689717225
ID0004849,2024-09-07,2,15,6617.0,19,3,1,1.134,1.066,1.4,0.573,0,7692.19,concept_drift,2024-09,7245.887915880416
ID0004850,2024-10-09,1,0,23387.0,38,1,1,0.95,1.023,1.2,0.165,3,5154.79,concept_drift,2024-10,4675.378376703091
ID0004851,2024-11-04,2,8,20579.0,36,2,2,1.159,1.176,1.2,0.518,6,6496.72,concept_drift,2024-11,5986.439511771869
ID0004852,2024-06-22,2,10,17066.0,25,0,0,0.824,1.009,1.2,0.273,5,5306.36,concept_drift,2024-06,4445.617698273263
ID0004853,2024-03-21,3,4,26852.0,79,1,1,1.009,0.931,1.4,0.623,21,6296.08,concept_drift,2024-03,5172.012070083678
ID0004854,2024-12-06,1,9,11683.0,75,2,2,1.308,1.068,1.8,0.08,1,6790.51,concept_drift,2024-12,6270.147064625539
ID0004855,2024-09-16,2,12,16326.0,25,2,2,1.277,1.406,1.2,0.057,0,6451.47,concept_drift,2024-09,5963.801201550259
ID0004856,2024-07-24,1,3,14761.0,71,4,1,0.923,0.992,1.2,0.158,2,5710.39,concept_drift,2024-07,5578.000247340726
ID0004857,2024-08-10,1,10,14981.0,19,4,1,0.912,0.986,3.2,0.33,0,11629.59,concept_drift,2024-08,10687.210728022996
ID0004858,2024-02-18,2,12,16712.0,21,0,2,1.255,1.293,1.4,0.565,3,7440.92,concept_drift,2024-02,6679.896203461313
ID0004859,2024-12-16,4,10,20375.0,63,2,2,0.986,1.298,1.4,0.371,2,6876.91,concept_drift,2024-12,6222.921033189222
ID0004860,2024-11-10,0,5,15746.0,49,3,2,1.3,1.094,1.8,0.288,5,7448.14,concept_drift,2024-11,6863.825030497541
ID0004861,2024-05-24,2,0,28536.0,45,0,1,0.89,1.06,1.4,0.329,30,5820.61,concept_drift,2024-05,4991.281769322927
ID0004862,2024-07-21,1,10,10457.0,69,1,2,1.289,1.044,1.8,0.51,3,7064.2,concept_drift,2024-07,6434.527434236196
ID0004863,2024-02-17,0,3,15090.0,39,1,1,1.091,1.044,1.4,0.291,0,5728.17,concept_drift,2024-02,5241.510048562825
ID0004864,2024-09-02,2,0,29857.0,71,1,1,0.977,0.997,1.0,0.373,0,4778.49,concept_drift,2024-09,4219.949552208228
ID0004865,2024-06-15,2,7,17518.0,20,2,2,1.142,0.917,1.8,0.303,5,8004.32,concept_drift,2024-06,7337.537601305116
ID0004866,2024-09-18,1,8,13142.0,57,0,1,1.098,0.953,1.4,0.322,1,5562.65,concept_drift,2024-09,4755.332343083549
ID0004867,2024-02-01,1,12,8343.0,63,1,0,0.75,1.049,1.2,0.102,6,5004.24,concept_drift,2024-02,4549.198955353163
ID0004868,2024-08-28,1,8,9107.0,68,4,2,1.245,1.234,1.8,0.222,3,7695.72,concept_drift,2024-08,7388.426933222508
ID0004869,2024-10-18,2,8,19297.0,43,4,1,0.987,1.159,1.1,0.556,0,6584.93,concept_drift,2024-10,6096.034382316433
ID0004870,2024-09-09,2,19,5736.0,47,2,2,1.25,1.173,1.2,0.295,2,6359.83,concept_drift,2024-09,5878.066409260388
ID0004871,2024-03-20,2,3,16491.0,73,2,1,1.035,0.904,1.2,0.386,3,5337.53,concept_drift,2024-03,4818.3525173088665
ID0004872,2024-03-18,1,6,14839.0,24,4,1,1.044,0.949,1.8,0.597,5,8694.63,concept_drift,2024-03,7988.246948488142
ID0004873,2024-09-09,1,11,11651.0,25,0,2,1.449,1.254,1.2,0.252,0,5997.05,concept_drift,2024-09,5224.208414944034
ID0004874,2024-06-13,2,5,26067.0,29,2,1,0.937,1.001,1.2,0.246,2,5799.71,concept_drift,2024-06,5242.709634416563
ID0004875,2024-09-24,2,0,31692.0,30,3,1,1.038,0.847,1.0,0.182,3,5078.3,concept_drift,2024-09,4907.072636460739
ID0004876,2024-05-09,2,14,8143.0,23,3,1,1.005,0.922,1.2,0.268,1,6766.57,concept_drift,2024-05,6433.651366647798
ID0004877,2024-08-27,2,9,9680.0,18,0,1,1.071,1.224,1.0,0.102,2,5611.22,concept_drift,2024-08,5229.969642689833
ID0004878,2024-10-20,2,9,19490.0,58,2,0,0.824,0.931,1.2,0.585,2,5530.24,concept_drift,2024-10,5005.796725058913
ID0004879,2024-03-02,2,6,20057.0,32,1,1,0.986,0.813,1.8,0.043,14,6215.08,concept_drift,2024-03,5673.9291488514
ID0004880,2024-05-05,1,6,14598.0,59,0,2,1.144,1.358,1.4,0.221,2,5865.13,concept_drift,2024-05,5379.908746651077
ID0004881,2024-02-17,1,5,16729.0,33,0,2,1.155,1.237,1.4,0.164,7,5994.41,concept_drift,2024-02,5425.228810390905
ID0004882,2024-10-21,3,4,24986.0,35,3,1,1.179,0.998,1.0,0.595,3,5879.51,concept_drift,2024-10,5477.522457323022
ID0004883,2024-09-05,1,6,11721.0,56,4,1,0.976,1.062,1.4,0.295,0,6439.77,concept_drift,2024-09,6176.961165672734
ID0004884,2024-03-13,2,16,9704.0,53,0,2,1.096,1.126,1.2,0.142,0,5563.14,concept_drift,2024-03,5002.828331921654
ID0004885,2024-03-20,1,0,30992.0,56,1,2,1.11,1.31,1.4,0.271,1,6220.44,concept_drift,2024-03,5636.326419881295
ID0004886,2024-01-09,2,5,15179.0,28,0,2,1.089,1.174,1.4,0.369,3,5991.79,concept_drift,2024-01,5550.917392888658
ID0004887,2024-03-26,3,8,15267.0,41,3,1,1.089,0.891,1.2,0.271,0,5768.97,concept_drift,2024-03,5526.445246030945
ID0004888,2024-10-25,1,3,18552.0,47,3,2,1.083,1.009,1.4,0.05,0,6249.68,concept_drift,2024-10,5928.853551213777
ID0004889,2024-10-13,3,12,20092.0,69,4,2,1.157,1.099,1.8,0.115,4,7647.05,concept_drift,2024-10,7063.092372211308
ID0004890,2024-02-17,4,10,28005.0,66,0,2,1.103,1.334,1.2,0.638,2,6167.07,concept_drift,2024-02,5323.047026053966
ID0004891,2024-08-19,3,10,16673.0,64,0,1,1.064,1.126,1.8,0.144,0,6396.47,concept_drift,2024-08,5534.7285272853815
ID0004892,2024-05-26,2,18,8807.0,77,2,1,1.065,1.011,1.8,0.497,7,7268.7,concept_drift,2024-05,6516.595944035254
ID0004893,2024-02-19,1,9,9335.0,79,1,2,1.142,1.33,1.4,0.57,0,6610.7,concept_drift,2024-02,5900.964501863104
ID0004894,2024-03-12,2,14,12555.0,41,2,1,0.901,1.044,1.8,0.658,14,7690.03,concept_drift,2024-03,6877.749389627592
ID0004895,2024-02-10,1,2,22456.0,63,0,1,0.953,0.827,1.8,0.123,2,5583.0,concept_drift,2024-02,4986.919649377914
ID0004896,2024-07-24,1,19,6145.0,63,0,2,1.066,1.08,1.2,0.15,4,5608.34,concept_drift,2024-07,5014.349920494163
ID0004897,2024-11-04,3,6,31416.0,47,1,2,0.957,1.256,1.4,0.078,0,6190.55,concept_drift,2024-11,5555.13889325801
ID0004898,2024-09-01,1,18,5000.0,42,0,1,1.101,0.993,1.4,0.244,2,5713.71,concept_drift,2024-09,5065.3873763234915
ID0004899,2024-09-20,3,13,11329.0,19,3,1,0.911,1.002,1.2,0.051,5,6751.0,concept_drift,2024-09,6509.177001524511
ID0004900,2024-03-03,2,4,16558.0,41,0,2,1.157,1.398,0.4,0.143,5,4160.18,concept_drift,2024-03,3709.0323079140353
ID0004901,2024-01-14,2,0,45117.0,39,3,2,1.111,1.144,1.8,0.374,30,7859.29,concept_drift,2024-01,7131.651920415056
ID0004902,2024-07-20,2,9,19491.0,42,2,2,1.22,1.371,0.4,0.511,21,5103.08,concept_drift,2024-07,4952.029580088823
ID0004903,2024-10-10,4,15,22705.0,75,0,0,1.056,1.061,3.2,0.303,2,9304.74,concept_drift,2024-10,8198.208461695942
ID0004904,2024-04-20,2,9,16503.0,52,3,1,0.945,1.012,1.2,0.392,14,6243.33,concept_drift,2024-04,5728.4000375811165
ID0004905,2024-05-05,3,1,34916.0,40,0,0,0.902,0.902,1.0,0.215,7,4268.74,concept_drift,2024-05,3671.908102088164
ID0004906,2024-05-01,2,5,13084.0,62,0,1,0.922,1.124,1.2,0.181,1,5156.5,concept_drift,2024-05,4396.797983065756
ID0004907,2024-09-16,1,0,20944.0,55,1,2,1.402,1.239,1.8,0.02,0,6748.18,concept_drift,2024-09,6088.048139991116
ID0004908,2024-06-04,4,7,38443.0,75,1,1,1.142,0.996,3.2,0.108,30,9486.28,concept_drift,2024-06,8828.025538736956
ID0004909,2024-09-17,2,6,22629.0,21,2,0,0.891,0.864,1.0,0.38,0,5761.36,concept_drift,2024-09,5280.2265987512765
ID0004910,2024-05-11,3,5,23125.0,71,0,2,1.206,1.289,1.2,0.321,2,5618.23,concept_drift,2024-05,4908.497877753502
ID0004911,2024-03-15,0,5,12782.0,35,1,2,1.207,1.022,1.0,0.517,4,5616.3,concept_drift,2024-03,4998.878067636808
ID0004912,2024-04-04,1,12,7507.0,79,1,0,0.851,1.056,0.4,0.246,4,3581.97,concept_drift,2024-04,2996.7795809230975
ID0004913,2024-11-16,2,8,21542.0,54,0,1,1.077,1.132,1.2,0.254,0,5183.99,concept_drift,2024-11,4621.9921880152315
ID0004914,2024-03-05,2,11,15054.0,34,4,2,1.328,1.422,1.2,0.393,0,7231.96,concept_drift,2024-03,6727.2378719294475
ID0004915,2024-11-12,2,9,18133.0,43,2,1,0.905,1.069,1.8,0.193,4,7002.23,concept_drift,2024-11,6331.346359108862
ID0004916,2024-10-13,0,0,26704.0,60,3,2,1.045,1.376,1.4,0.113,0,6641.68,concept_drift,2024-10,6171.686059456118
ID0004917,2024-11-17,2,4,26148.0,49,2,1,0.958,0.993,1.8,0.227,2,6816.21,concept_drift,2024-11,6125.982349262718
ID0004918,2024-02-18,2,3,29261.0,70,2,1,1.074,1.115,1.0,0.414,10,5276.4,concept_drift,2024-02,4770.504466097678
ID0004919,2024-01-15,1,4,15679.0,76,1,0,0.838,0.827,1.4,0.157,4,4981.33,concept_drift,2024-01,4321.102838566696
ID0004920,2024-09-24,2,17,6215.0,49,2,0,0.824,0.91,1.4,0.444,4,6068.02,concept_drift,2024-09,5540.503569072896
ID0004921,2024-01-13,1,5,11236.0,70,2,2,1.03,1.396,1.8,0.093,1,7262.24,concept_drift,2024-01,6797.115478363076
ID0004922,2024-08-22,3,8,9513.0,37,0,1,1.061,0.798,1.8,0.02,30,6059.66,concept_drift,2024-08,5622.917319245146
ID0004923,2024-06-18,2,9,15296.0,22,1,2,1.03,1.582,1.4,0.214,7,7849.48,concept_drift,2024-06,6915.773381759909
ID0004924,2024-03-17,1,12,7450.0,70,1,1,1.036,0.989,1.2,0.363,6,5443.61,concept_drift,2024-03,4830.286541664265
ID0004925,2024-10-28,1,6,13170.0,48,0,0,0.828,0.965,1.2,0.748,0,5358.78,concept_drift,2024-10,4260.51267017223
ID0004926,2024-09-20,1,10,11494.0,52,0,2,1.314,1.005,1.2,0.296,14,5514.69,concept_drift,2024-09,4872.943267267125
ID0004927,2024-09-06,1,14,6620.0,39,1,1,1.051,0.999,1.2,0.267,30,5826.51,concept_drift,2024-09,5308.912944685625
ID0004928,2024-11-05,2,11,10730.0,30,4,1,1.076,1.086,1.8,0.647,2,8249.99,concept_drift,2024-11,7420.3220418877445
ID0004929,2024-10-07,1,12,8022.0,37,0,1,0.855,1.16,1.8,0.304,0,6848.73,concept_drift,2024-10,5992.160707264681
ID0004930,2024-07-28,3,7,18777.0,21,2,1,1.003,1.165,1.2,0.136,0,6518.76,concept_drift,2024-07,6225.622844162313
ID0004931,2024-08-17,0,9,8907.0,32,3,0,0.923,0.879,1.2,0.257,5,5631.84,concept_drift,2024-08,5358.11899950623
ID0004932,2024-05-25,0,0,11770.0,35,2,1,0.994,1.081,1.4,0.101,4,5871.66,concept_drift,2024-05,5487.813239083312
ID0004933,2024-06-15,3,14,9142.0,19,0,0,0.909,0.996,1.2,0.16,1,5796.98,concept_drift,2024-06,5295.167617060513
ID0004934,2024-04-13,3,5,16168.0,54,0,1,1.03,1.076,1.8,0.243,7,6243.56,concept_drift,2024-04,5623.592258243987
ID0004935,2024-12-07,0,8,6815.0,61,2,1,1.013,1.149,1.0,0.571,1,5738.38,concept_drift,2024-12,5069.934212215957
ID0004936,2024-11-23,1,11,8510.0,27,0,1,1.126,0.946,1.8,0.158,2,6353.2,concept_drift,2024-11,5683.088490533686
ID0004937,2024-01-06,1,10,11718.0,34,1,2,1.254,1.381,1.8,0.268,6,7591.0,concept_drift,2024-01,6916.4222965154895
ID0004938,2024-01-23,0,7,16908.0,34,3,2,1.063,1.319,1.8,0.468,0,8261.72,concept_drift,2024-01,7421.28833121645
ID0004939,2024-08-22,2,3,26180.0,44,0,2,1.203,1.252,1.0,0.322,0,5432.43,concept_drift,2024-08,4663.736154074305
ID0004940,2024-12-12,3,9,13495.0,67,1,2,1.123,0.921,1.8,0.043,0,6377.71,concept_drift,2024-12,5806.499196861107
ID0004941,2024-05-02,2,0,36308.0,42,2,2,1.171,1.293,1.2,0.464,0,6276.89,concept_drift,2024-05,5753.9224251995975
ID0004942,2024-06-20,4,6,35558.0,73,3,1,0.883,0.902,1.0,0.493,21,5562.3,concept_drift,2024-06,5096.439142510575
ID0004943,2024-12-17,2,7,14692.0,36,1,2,1.222,1.216,1.4,0.645,21,7048.91,concept_drift,2024-12,6198.309997999426
ID0004944,2024-06-16,4,9,24068.0,34,4,2,1.232,1.244,1.0,0.288,7,6644.56,concept_drift,2024-06,6275.408504465362
ID0004945,2024-02-13,3,2,47219.0,60,1,2,1.395,1.283,1.2,0.08,30,5886.61,concept_drift,2024-02,5682.411323929052
ID0004946,2024-10-21,3,14,10690.0,38,1,0,0.939,0.882,1.0,0.379,0,4841.16,concept_drift,2024-10,4432.438544929
ID0004947,2024-04-28,2,9,15702.0,34,3,2,1.103,1.079,1.2,0.193,5,6452.93,concept_drift,2024-04,5912.885786835048
ID0004948,2024-03-14,2,8,12450.0,18,0,2,1.298,1.252,1.1,0.241,0,6278.75,concept_drift,2024-03,5744.7707786307465
ID0004949,2024-03-14,2,13,14175.0,20,0,0,0.889,0.865,1.8,0.306,4,7143.67,concept_drift,2024-03,5963.419531990565
ID0004950,2024-10-25,1,5,15120.0,41,2,1,1.089,0.884,1.2,0.573,7,5778.27,concept_drift,2024-10,5315.602899001839
ID0004951,2024-03-22,4,5,31129.0,19,1,2,0.958,1.147,3.2,0.357,1,10952.47,concept_drift,2024-03,9907.585928530902
ID0004952,2024-09-20,0,2,14930.0,41,2,2,1.14,1.153,1.8,0.554,21,7650.35,concept_drift,2024-09,6941.238440087582
ID0004953,2024-05-20,2,3,23978.0,71,0,1,1.056,0.988,1.2,0.549,4,5136.23,concept_drift,2024-05,4438.189963228382
ID0004954,2024-10-15,1,10,10541.0,32,2,2,1.233,1.267,1.0,0.588,14,6381.56,concept_drift,2024-10,6002.935325930988
ID0004955,2024-09-08,4,8,32165.0,36,0,2,1.233,1.123,1.2,0.573,4,6034.62,concept_drift,2024-09,5262.430213306907
ID0004956,2024-08-24,1,11,7528.0,45,0,1,1.04,1.184,1.2,0.207,0,5363.2,concept_drift,2024-08,4690.650129702069
ID0004957,2024-08-11,2,20,6413.0,48,2,2,1.299,1.325,1.2,0.207,4,6442.04,concept_drift,2024-08,6117.029802194369
ID0004958,2024-04-15,1,10,6980.0,25,2,1,1.111,1.015,1.4,0.226,4,6061.29,concept_drift,2024-04,5923.085159437387
ID0004959,2024-12-21,2,2,29884.0,54,2,1,1.085,0.835,1.4,0.331,0,5563.92,concept_drift,2024-12,5151.088239504834
ID0004960,2024-10-15,2,8,15455.0,32,2,2,0.984,1.169,1.2,0.059,0,6139.27,concept_drift,2024-10,5526.602990737494
ID0004961,2024-12-23,3,7,16269.0,36,0,2,1.054,1.157,1.2,0.368,1,5923.25,concept_drift,2024-12,5092.529471039079
ID0004962,2024-11-14,2,9,18833.0,58,2,0,0.878,0.958,1.2,0.179,5,5390.28,concept_drift,2024-11,4741.4490812331405
ID0004963,2024-07-28,3,0,46360.0,32,1,1,0.982,1.015,1.8,0.435,21,6866.84,concept_drift,2024-07,6177.766186050825
ID0004964,2024-08-17,0,5,12842.0,69,0,1,1.006,0.934,1.2,0.243,4,4891.75,concept_drift,2024-08,4169.741848824713
ID0004965,2024-01-27,2,5,17479.0,79,1,2,0.982,1.24,1.0,0.128,1,5119.67,concept_drift,2024-01,4583.290319607539
ID0004966,2024-03-15,1,12,7671.0,43,1,2,1.012,1.285,1.2,0.245,5,6189.87,concept_drift,2024-03,5528.802917958585
ID0004967,2024-04-22,1,10,11107.0,23,2,2,1.161,1.325,1.4,0.252,0,7530.45,concept_drift,2024-04,7244.4636848237515
ID0004968,2024-05-05,0,20,5000.0,71,4,1,1.051,1.071,1.4,0.601,1,7138.04,concept_drift,2024-05,6623.162048332517
ID0004969,2024-12-05,3,15,10115.0,59,1,2,1.127,1.194,1.8,0.176,0,7093.05,concept_drift,2024-12,6496.553310871098
ID0004970,2024-05-25,1,10,10315.0,73,1,1,1.061,1.018,1.2,0.29,0,5172.65,concept_drift,2024-05,4758.251311997267
ID0004971,2024-02-10,4,5,40504.0,27,2,1,1.005,1.015,1.2,0.269,0,5789.95,concept_drift,2024-02,5309.440368212696
ID0004972,2024-05-15,3,6,23435.0,75,1,1,1.037,0.943,1.2,0.293,0,4964.38,concept_drift,2024-05,4482.519785809218
ID0004973,2024-03-20,1,5,15252.0,47,0,2,1.257,1.28,1.8,0.275,4,7008.08,concept_drift,2024-03,6142.678533334597
ID0004974,2024-05-24,2,5,13276.0,41,0,2,1.161,1.117,1.8,0.487,10,7135.79,concept_drift,2024-05,6194.692094383233
ID0004975,2024-04-04,0,3,13434.0,50,1,0,0.849,0.871,1.2,0.376,30,5251.43,concept_drift,2024-04,4520.2363693226325
ID0004976,2024-09-21,3,9,23307.0,56,1,2,1.259,1.346,1.4,0.331,2,6388.57,concept_drift,2024-09,5924.525910545631
ID0004977,2024-05-28,2,2,30365.0,51,0,1,0.885,0.923,1.2,0.198,10,4784.78,concept_drift,2024-05,4209.721108180779
ID0004978,2024-09-11,2,18,8204.0,58,3,1,0.938,1.021,1.4,0.237,5,6521.12,concept_drift,2024-09,6021.363931820345
ID0004979,2024-01-20,2,10,15136.0,21,2,2,1.225,1.172,1.1,0.359,0,6941.52,concept_drift,2024-01,6435.798911458391
ID0004980,2024-08-18,2,10,16483.0,35,0,1,1.035,1.133,1.2,0.254,21,5626.91,concept_drift,2024-08,5004.274950472594
ID0004981,2024-04-27,2,11,15440.0,38,4,2,1.124,1.255,1.2,0.262,4,6956.42,concept_drift,2024-04,6581.810274099924
ID0004982,2024-09-19,1,10,9847.0,56,3,2,1.243,1.393,1.8,0.13,0,7619.53,concept_drift,2024-09,7415.856311896835
ID0004983,2024-10-02,0,17,5000.0,64,3,2,1.257,1.223,1.4,0.307,2,7090.26,concept_drift,2024-10,6442.307963056382
ID0004984,2024-11-22,0,4,16442.0,35,1,2,1.011,1.237,1.2,0.174,1,5671.29,concept_drift,2024-11,5274.168515023421
ID0004985,2024-09-16,3,6,22193.0,73,0,2,1.165,1.263,1.2,0.031,5,5348.47,concept_drift,2024-09,4657.3651098485525
ID0004986,2024-01-10,2,0,28411.0,62,2,1,1.133,1.051,1.0,0.389,21,5368.05,concept_drift,2024-01,4755.274433304066
ID0004987,2024-07-18,1,19,5000.0,49,2,0,0.846,0.957,1.8,0.367,1,6834.73,concept_drift,2024-07,6428.831199710436
ID0004988,2024-09-26,1,4,16006.0,45,3,0,0.924,0.805,1.8,0.211,2,6550.51,concept_drift,2024-09,5981.393873461288
ID0004989,2024-09-27,1,13,6929.0,40,0,1,0.978,0.979,3.2,0.455,14,9759.86,concept_drift,2024-09,8381.312788312445
ID0004990,2024-07-08,0,16,5000.0,49,3,2,1.215,1.086,0.4,0.264,2,4700.23,concept_drift,2024-07,4521.5742838611
ID0004991,2024-06-17,0,11,9715.0,38,1,1,0.911,0.861,1.4,0.366,6,5787.06,concept_drift,2024-06,5370.157968796623
ID0004992,2024-06-13,3,2,34446.0,55,2,2,1.358,1.181,1.4,0.404,0,6638.7,concept_drift,2024-06,5842.423366247566
ID0004993,2024-10-27,2,1,22614.0,22,1,1,0.983,1.06,1.8,0.191,2,7392.55,concept_drift,2024-10,6678.03825292404
ID0004994,2024-11-18,3,9,15873.0,73,1,2,1.245,1.1,1.8,0.535,5,7215.64,concept_drift,2024-11,6319.341007009538
ID0004995,2024-02-24,3,12,11965.0,41,4,2,1.055,1.133,0.4,0.609,14,5593.48,concept_drift,2024-02,5459.413519733256
ID0004996,2024-03-18,1,5,14013.0,21,2,2,1.268,1.277,1.2,0.593,1,7500.1,concept_drift,2024-03,6811.660011694428
ID0004997,2024-07-01,2,6,19845.0,41,1,2,1.073,1.086,1.2,0.298,1,5736.92,concept_drift,2024-07,5175.139274997785
ID0004998,2024-11-26,2,9,12106.0,54,3,1,1.03,1.123,1.2,0.363,1,6051.36,concept_drift,2024-11,5716.302785116935
ID0004999,2024-10-19,1,7,15505.0,20,3,0,0.853,0.996,1.0,0.1,0,5920.56,concept_drift,2024-10,5576.543317464881
ID0005000,2024-06-15,2,4,18606.0,58,2,0,0.776,1.009,1.8,0.098,2,6473.14,concept_drift,2024-06,5822.700945889097
