ID,date_of_loss,vehicle_type_code,vehicle_age_years,vehicle_acv,driver_age,ins_score,urbanicity_code,repair_cost_index,medical_cost_index,collision_sev,weather_cat_risk_index,report_lag_days,loss_amount,scenario,month,pred_model
ID0000001,9/21/2024,3,12,12687,39,3,2,1.194,1.14,1.4,0.019,1,6208.57,performance_drift,2024-09,5753.639017
ID0000002,4/3/2024,2,3,17640,34,1,1,0.907,0.833,1.4,0.605,14,5358.47,performance_drift,2024-04,5041.324948
ID0000003,3/6/2024,4,7,24169,30,2,2,1.235,1.18,1,0.38,0,5248.9,performance_drift,2024-03,5753.639017
ID0000004,12/26/2024,2,6,23179,69,3,2,1.196,1.033,1.2,0.446,2,5855.73,performance_drift,2024-12,5753.639017
ID0000005,3/10/2024,0,3,12783,29,1,2,1.316,1.146,1,0.357,5,5214.5,performance_drift,2024-03,5041.324948
ID0000006,4/13/2024,2,5,12518,46,0,2,1.245,1.217,1.2,0.172,3,4836.5,performance_drift,2024-04,5041.324948
ID0000007,8/20/2024,2,7,15143,43,0,2,1.192,1.291,1.8,0.125,0,6152.47,performance_drift,2024-08,6069.48688
ID0000008,10/10/2024,1,13,8575,26,4,1,1.048,0.931,1.8,0.379,4,7312.97,performance_drift,2024-10,6733.38182
ID0000009,8/10/2024,2,7,14722,60,1,2,1.082,1.187,1.4,0.282,0,5507.96,performance_drift,2024-08,5041.324948
ID0000010,11/22/2024,1,10,9180,35,2,2,0.986,1.198,3.2,0.792,0,9673.02,performance_drift,2024-11,9219.214917
ID0000011,1/28/2024,1,5,15782,73,3,1,1.005,1.031,1.4,0.424,0,5439.8,performance_drift,2024-01,5753.639017
ID0000012,5/8/2024,4,3,53429,69,3,0,0.899,0.897,1.4,0.626,6,5693.37,performance_drift,2024-05,5753.639017
ID0000013,7/15/2024,1,5,13682,61,1,2,1.18,1.311,1.2,0.372,1,5362.22,performance_drift,2024-07,5041.324948
ID0000014,6/3/2024,1,3,15681,39,2,2,1.193,1.142,1.2,0.234,21,6104.36,performance_drift,2024-06,5753.639017
ID0000015,5/24/2024,1,12,6874,73,3,2,1.169,1.054,1.2,0.18,4,5857.4,performance_drift,2024-05,5753.639017
ID0000016,5/26/2024,3,5,29294,55,0,0,0.866,0.898,1.1,0.463,3,3955.3,performance_drift,2024-05,5041.324948
ID0000017,1/6/2024,1,9,11321,61,0,1,1.173,0.836,1.1,0.376,4,4020.36,performance_drift,2024-01,5041.324948
ID0000018,2/3/2024,1,7,13317,49,4,0,1.006,0.928,1.8,0.143,0,6665.74,performance_drift,2024-02,6733.38182
ID0000019,7/11/2024,0,5,13369,36,4,2,1.442,1.172,1.4,0.048,30,6771.56,performance_drift,2024-07,5753.639017
ID0000020,6/16/2024,2,6,17776,24,3,0,0.75,0.859,1.8,0.329,3,7291.78,performance_drift,2024-06,6733.38182
ID0000021,12/11/2024,3,8,17513,44,2,2,1.17,1.178,1.8,0.348,1,6774.73,performance_drift,2024-12,6733.38182
ID0000022,3/27/2024,0,13,5041,68,2,1,0.866,0.871,1.8,0.128,0,5983.42,performance_drift,2024-03,6733.38182
ID0000023,11/25/2024,2,4,16111,21,2,2,1.125,1.24,1.8,0.241,3,7407.35,performance_drift,2024-11,6733.38182
ID0000024,4/19/2024,2,8,17006,23,2,2,1.205,1.183,1.4,0.237,7,7315.85,performance_drift,2024-04,5753.639017
ID0000025,2/14/2024,3,11,12464,77,1,2,1.222,1.04,1,0.157,0,4532.99,performance_drift,2024-02,5041.324948
ID0000026,3/2/2024,0,9,10360,58,2,1,0.985,1.144,1,0.231,1,4846.38,performance_drift,2024-03,5753.639017
ID0000027,5/20/2024,3,1,39324,22,1,1,0.98,1.003,1.8,0.167,0,6680.72,performance_drift,2024-05,6069.48688
ID0000028,3/10/2024,1,0,17542,43,2,0,0.856,0.935,1.2,0.75,0,4848.7,performance_drift,2024-03,5753.639017
ID0000029,11/13/2024,2,3,20727,61,2,2,1.003,1.196,1.2,0.288,30,5849.09,performance_drift,2024-11,5753.639017
ID0000030,10/15/2024,1,0,20946,26,3,2,1.222,1.435,1.4,0.027,0,6306.76,performance_drift,2024-10,5753.639017
ID0000031,10/21/2024,2,0,34036,58,1,2,0.968,1.327,1.4,0.046,0,5492.64,performance_drift,2024-10,5041.324948
ID0000032,6/20/2024,1,5,16537,18,0,2,1.154,1.241,1,0.261,1,5385.73,performance_drift,2024-06,5041.324948
ID0000033,1/12/2024,2,13,10128,79,3,1,1.037,0.957,1.8,0.56,0,6348.14,performance_drift,2024-01,6733.38182
ID0000034,4/15/2024,1,9,6794,21,1,2,1.346,1.254,1.2,0.111,2,6159.07,performance_drift,2024-04,5041.324948
ID0000035,6/14/2024,2,5,25009,19,0,1,0.915,0.75,1.2,0.164,30,4998.56,performance_drift,2024-06,5041.324948
ID0000036,8/23/2024,1,12,6351,27,1,1,0.998,1.003,1.8,0.11,1,6147,performance_drift,2024-08,6069.48688
ID0000037,6/4/2024,0,11,8841,33,1,1,1.033,0.974,1.8,0.143,0,5972.83,performance_drift,2024-06,6069.48688
ID0000038,8/26/2024,1,10,11209,59,2,2,1.262,1.189,1.8,0.264,30,7056.66,performance_drift,2024-08,6733.38182
ID0000039,5/16/2024,2,12,9963,74,1,1,0.949,1.074,1.2,0.154,2,4745.75,performance_drift,2024-05,5041.324948
ID0000040,8/2/2024,2,9,12988,21,2,2,1.086,0.959,1.4,0.215,30,6875.13,performance_drift,2024-08,5753.639017
ID0000041,1/7/2024,2,0,25203,19,0,2,1.284,1.086,1.2,0.42,3,5716.12,performance_drift,2024-01,5041.324948
ID0000042,11/3/2024,0,5,12411,45,3,2,1.237,1.198,1.8,0.346,0,7273.33,performance_drift,2024-11,6733.38182
ID0000043,7/25/2024,2,7,15360,68,1,1,1.037,1.093,1.8,0.427,0,5903.89,performance_drift,2024-07,6069.48688
ID0000044,2/17/2024,0,9,10342,70,4,1,1.005,1.023,1.8,0.26,3,6727.65,performance_drift,2024-02,6733.38182
ID0000045,10/23/2024,0,9,8902,20,1,1,1.02,0.91,1.2,0.083,3,5406.63,performance_drift,2024-10,5041.324948
ID0000046,5/9/2024,2,7,16153,45,3,0,0.989,0.903,1.2,0.18,4,5057.33,performance_drift,2024-05,5753.639017
ID0000047,11/5/2024,2,10,21546,54,0,1,1.054,1.094,1.2,0.029,1,4308.12,performance_drift,2024-11,5041.324948
ID0000048,4/22/2024,3,11,13207,22,1,2,1.177,1.095,1,0.009,0,5931.05,performance_drift,2024-04,5041.324948
ID0000049,11/15/2024,3,8,16232,60,0,2,1.218,1.22,1.8,0.169,3,5772.75,performance_drift,2024-11,6069.48688
ID0000050,1/19/2024,0,13,5000,40,2,2,1.21,1.411,1.2,0.225,4,5968.9,performance_drift,2024-01,5753.639017
ID0000051,6/16/2024,3,3,32360,20,0,2,1.22,0.97,1.2,0.564,2,5685.9,performance_drift,2024-06,5041.324948
ID0000052,3/20/2024,2,6,24548,46,0,1,0.945,0.979,1.4,0.161,0,4786.64,performance_drift,2024-03,5041.324948
ID0000053,6/16/2024,2,3,27678,29,2,0,0.945,0.844,0.4,0.099,1,3133.69,performance_drift,2024-06,3601.604965
ID0000054,5/24/2024,0,8,7154,44,1,1,1.062,1.096,1.8,0.499,0,6059.29,performance_drift,2024-05,6069.48688
ID0000055,12/17/2024,1,14,5663,40,3,2,1.25,0.94,1.8,0.434,2,7028.43,performance_drift,2024-12,6733.38182
ID0000056,5/15/2024,1,10,12882,56,4,1,0.851,1.005,0.4,0.038,30,4472.12,performance_drift,2024-05,3601.604965
ID0000057,10/26/2024,1,4,17782,26,3,2,1.107,1.154,3.2,0.084,14,9798.11,performance_drift,2024-10,9219.214917
ID0000058,8/10/2024,1,3,19715,53,2,2,1.363,1.266,1.4,0.544,30,6275.11,performance_drift,2024-08,5753.639017
ID0000059,5/1/2024,2,10,14378,54,4,0,0.961,0.977,1.2,0.026,1,5384.34,performance_drift,2024-05,5753.639017
ID0000060,6/16/2024,3,0,39442,31,2,0,0.963,1.025,1.4,0.063,7,5037.25,performance_drift,2024-06,5753.639017
ID0000061,1/11/2024,3,20,7496,71,2,1,0.993,1.009,1.2,0.232,7,5377.44,performance_drift,2024-01,5753.639017
ID0000062,8/27/2024,2,13,9259,51,0,1,0.991,1.125,1,0.221,21,4570.76,performance_drift,2024-08,5041.324948
ID0000063,5/2/2024,1,10,16942,64,1,1,0.921,0.963,1,0.347,1,4176.28,performance_drift,2024-05,5041.324948
ID0000064,3/20/2024,4,7,29016,78,1,1,1.081,1.13,1.8,0.066,4,6038.12,performance_drift,2024-03,6069.48688
ID0000065,2/6/2024,1,2,34526,42,1,2,1.078,1.163,1.2,0.092,1,5101.44,performance_drift,2024-02,5041.324948
ID0000066,2/5/2024,3,9,15940,31,1,2,1.258,1.124,1.2,0.119,0,5222.56,performance_drift,2024-02,5041.324948
ID0000067,11/23/2024,1,7,13310,28,3,1,0.964,0.987,1.8,0.296,0,6598.15,performance_drift,2024-11,6733.38182
ID0000068,4/8/2024,0,13,5567,79,1,1,0.925,1.078,1.4,0.182,0,5045.08,performance_drift,2024-04,5041.324948
ID0000069,11/17/2024,1,14,6582,58,4,2,1.232,1.268,1.2,0.183,1,6489.24,performance_drift,2024-11,5753.639017
ID0000070,2/8/2024,2,0,36733,52,1,1,1.048,1.017,1.8,0.236,2,5766.66,performance_drift,2024-02,6069.48688
ID0000071,1/26/2024,3,12,15299,71,1,1,0.857,0.834,1.2,0.471,30,4943.98,performance_drift,2024-01,5041.324948
ID0000072,5/3/2024,4,13,24609,78,3,0,0.882,1.031,3.2,0.236,1,8814.69,performance_drift,2024-05,9219.214917
ID0000073,12/9/2024,3,6,21280,49,0,2,1.349,1.338,1.2,0.288,0,4863.3,performance_drift,2024-12,5041.324948
ID0000074,6/26/2024,1,7,12585,67,1,0,0.92,1.032,1.8,0.345,0,5416.85,performance_drift,2024-06,6069.48688
ID0000075,9/26/2024,1,13,6177,57,3,2,1.21,1.169,1.4,0.101,0,6140.94,performance_drift,2024-09,5753.639017
ID0000076,9/20/2024,3,9,17374,33,0,2,1.12,1.556,1,0.224,14,5315.28,performance_drift,2024-09,5041.324948
ID0000077,8/28/2024,3,3,35591,78,2,2,1.288,1.358,1.8,0.643,30,7189.56,performance_drift,2024-08,6733.38182
ID0000078,11/10/2024,2,0,32257,20,2,1,1.031,1.016,1.2,0.056,1,5547.32,performance_drift,2024-11,5753.639017
ID0000079,4/21/2024,4,13,15481,39,0,2,1.356,1.089,1.4,0.275,10,5477.64,performance_drift,2024-04,5041.324948
ID0000080,1/7/2024,0,9,6404,67,2,0,0.75,0.973,1.8,0.419,7,6082.26,performance_drift,2024-01,6733.38182
ID0000081,2/16/2024,2,9,12791,79,3,2,1.494,1.048,1.2,0.593,0,5992.45,performance_drift,2024-02,5753.639017
ID0000082,12/5/2024,1,7,11642,27,2,0,1.003,0.954,0.4,0.28,5,3417.77,performance_drift,2024-12,3601.604965
ID0000083,2/11/2024,2,13,13500,52,2,1,1.116,0.877,1,0.32,14,4995.35,performance_drift,2024-02,5753.639017
ID0000084,9/15/2024,3,0,45494,38,1,1,1.01,1.18,1.1,0.289,0,4794.44,performance_drift,2024-09,5041.324948
ID0000085,6/11/2024,2,9,12948,36,4,2,1.281,1.05,1.2,0.531,21,6633.09,performance_drift,2024-06,5753.639017
ID0000086,12/27/2024,2,10,16799,20,1,0,0.881,0.947,1.2,0.269,14,5864.76,performance_drift,2024-12,5041.324948
ID0000087,12/16/2024,4,1,40727,38,2,0,0.843,0.969,1.2,0.486,21,4924.55,performance_drift,2024-12,5753.639017
ID0000088,2/23/2024,1,10,8572,58,0,0,0.901,0.948,0.4,0.182,6,2603.47,performance_drift,2024-02,3601.604965
ID0000089,1/28/2024,2,10,16099,73,2,2,1.084,1.378,1,0.27,3,5483.92,performance_drift,2024-01,5753.639017
ID0000090,5/28/2024,1,6,14171,32,0,1,0.928,0.971,1.4,0.201,3,4883.99,performance_drift,2024-05,5041.324948
ID0000091,6/15/2024,2,7,17197,64,0,0,0.882,0.783,1.4,0.055,1,3964.48,performance_drift,2024-06,5041.324948
ID0000092,7/11/2024,2,17,7357,78,0,0,0.974,0.964,1.2,0.045,14,4301.62,performance_drift,2024-07,5041.324948
ID0000093,3/23/2024,2,0,29457,35,0,2,1.093,1.099,1.8,0.316,30,6366.82,performance_drift,2024-03,6069.48688
ID0000094,9/7/2024,3,12,13362,57,2,2,1.248,1.215,1.2,0.227,0,5837.73,performance_drift,2024-09,5753.639017
ID0000095,7/22/2024,1,11,6613,53,1,2,1.121,1.099,1.4,0.33,1,5810.65,performance_drift,2024-07,5041.324948
ID0000096,4/12/2024,2,7,19802,58,1,0,0.804,0.94,1,0.418,30,4362.91,performance_drift,2024-04,5041.324948
ID0000097,2/21/2024,1,5,13530,24,1,1,0.984,0.923,1.8,0.288,3,6484.73,performance_drift,2024-02,6069.48688
ID0000098,6/28/2024,0,9,9945,20,3,1,0.972,1.061,1.2,0.218,1,6838.67,performance_drift,2024-06,5753.639017
ID0000099,11/8/2024,1,12,7461,57,0,2,1.265,1.075,1.8,0.381,4,5913.11,performance_drift,2024-11,6069.48688
ID0000100,4/10/2024,1,0,27419,57,3,2,1.128,1.203,0.4,0.206,4,4652.8,performance_drift,2024-04,4284.85875
ID0000101,4/3/2024,1,4,18369,64,1,1,1.036,1.231,1.4,0.487,0,5357.45,performance_drift,2024-04,5041.324948
ID0000102,6/2/2024,0,15,5607,18,0,1,1.084,0.928,1,0.46,21,5491.25,performance_drift,2024-06,5041.324948
ID0000103,9/3/2024,3,4,22634,60,1,2,1.115,1.123,1.8,0.35,1,6166.46,performance_drift,2024-09,6069.48688
ID0000104,7/21/2024,2,10,15451,58,0,1,0.962,0.961,1.8,0.231,4,5620.37,performance_drift,2024-07,6069.48688
ID0000105,8/13/2024,1,3,14330,22,0,2,1.091,1.25,1.2,0.391,0,5836.6,performance_drift,2024-08,5041.324948
ID0000106,7/25/2024,0,7,8297,24,2,2,1.14,1.389,1.2,0.172,21,7175.86,performance_drift,2024-07,5753.639017
ID0000107,6/16/2024,1,9,10891,52,1,0,0.861,0.931,1.8,0.445,2,5745.92,performance_drift,2024-06,6069.48688
ID0000108,9/20/2024,1,12,12229,31,0,1,1.047,0.845,1.2,0.361,1,4614.01,performance_drift,2024-09,5041.324948
ID0000109,11/23/2024,2,4,25140,40,2,1,1.041,1.126,1.2,0.138,4,5138.31,performance_drift,2024-11,5753.639017
ID0000110,3/15/2024,3,3,19481,30,2,1,0.989,1.067,0.4,0.149,5,3826.99,performance_drift,2024-03,3601.604965
ID0000111,9/24/2024,2,3,32709,60,0,1,1.008,1.025,3.2,0.159,1,7805.41,performance_drift,2024-09,8216.463966
ID0000112,8/13/2024,3,8,16638,23,1,0,0.92,0.871,1.2,0.238,4,5578.73,performance_drift,2024-08,5041.324948
ID0000113,3/28/2024,3,11,17116,75,2,0,0.809,0.932,1.4,0.1,1,5053.55,performance_drift,2024-03,5753.639017
ID0000114,2/1/2024,1,12,7303,23,3,1,1.019,1.109,1.8,0.307,3,7544.81,performance_drift,2024-02,6733.38182
ID0000115,9/24/2024,3,12,11157,25,2,2,1.26,1.055,1.2,0.476,1,6177.87,performance_drift,2024-09,5753.639017
ID0000116,8/7/2024,1,7,15311,32,0,2,1.185,1.306,1.8,0.138,2,5864.13,performance_drift,2024-08,6069.48688
ID0000117,7/1/2024,2,4,21889,22,2,2,1.021,1.277,1.2,0.213,14,6902.8,performance_drift,2024-07,5753.639017
ID0000118,6/14/2024,0,0,17555,76,0,2,0.997,1.026,1.2,0.168,2,4015.68,performance_drift,2024-06,5041.324948
ID0000119,5/16/2024,2,15,7745,47,0,2,1.146,1.141,0.4,0.15,30,3843.68,performance_drift,2024-05,4284.85875
ID0000120,2/12/2024,3,3,23369,19,1,2,1.075,1.247,3.2,0.443,0,10041.28,performance_drift,2024-02,9219.214917
ID0000121,5/28/2024,4,0,53222,64,2,2,1.168,1.312,1.4,0.333,21,6083.26,performance_drift,2024-05,5753.639017
ID0000122,4/15/2024,2,12,19089,39,3,0,0.869,0.951,1.1,0.269,5,5048.28,performance_drift,2024-04,5753.639017
ID0000123,11/16/2024,3,10,16116,74,2,1,1.1,1.073,1.4,0.384,30,5989.73,performance_drift,2024-11,5753.639017
ID0000124,1/25/2024,3,7,18475,48,2,1,1.073,0.958,1.8,0.548,14,6223.4,performance_drift,2024-01,6733.38182
ID0000125,12/15/2024,3,4,32266,22,4,2,1.3,1.113,1.8,0.253,4,7973.97,performance_drift,2024-12,6733.38182
ID0000126,5/9/2024,2,9,21131,46,3,2,1.082,1.222,1.2,0.395,3,6424.39,performance_drift,2024-05,5753.639017
ID0000127,4/19/2024,1,13,6759,36,0,1,1.007,0.85,1,0.17,3,3973.59,performance_drift,2024-04,5041.324948
ID0000128,5/10/2024,3,3,19236,18,2,2,0.996,1.083,1,0.415,0,6138.11,performance_drift,2024-05,5753.639017
ID0000129,6/24/2024,0,9,7768,67,2,2,1.179,1.271,1.2,0.193,0,5711.16,performance_drift,2024-06,5753.639017
ID0000130,6/13/2024,4,2,27879,70,2,1,0.94,1.044,1.4,0.536,7,5484.94,performance_drift,2024-06,5753.639017
ID0000131,9/9/2024,3,4,20609,65,1,2,1.285,1.005,1,0.243,0,4527.73,performance_drift,2024-09,5041.324948
ID0000132,1/18/2024,3,5,23227,57,0,2,1.061,1.198,3.2,0.235,1,8438.45,performance_drift,2024-01,8216.463966
ID0000133,11/8/2024,2,12,14700,42,3,1,1.065,0.971,1.2,0.083,5,5574.71,performance_drift,2024-11,5753.639017
ID0000134,9/21/2024,1,4,14410,65,1,2,1.24,1.15,1.1,0.264,0,5032.65,performance_drift,2024-09,5041.324948
ID0000135,3/14/2024,0,11,8479,59,3,2,1.081,1.355,1.8,0.181,1,7375.6,performance_drift,2024-03,6733.38182
ID0000136,4/14/2024,1,5,16411,37,4,2,1.194,1.208,1.4,0.042,0,6656.36,performance_drift,2024-04,5753.639017
ID0000137,11/12/2024,0,9,7470,52,2,2,1.329,1.29,1,0.157,3,5511.45,performance_drift,2024-11,5753.639017
ID0000138,4/21/2024,0,15,6780,20,2,2,1.086,1.303,1.8,0.248,0,7891.36,performance_drift,2024-04,6733.38182
ID0000139,4/18/2024,1,10,8002,50,0,1,1.031,1.124,1.2,0.305,0,4557.53,performance_drift,2024-04,5041.324948
ID0000140,11/5/2024,2,16,9936,64,2,0,0.934,1.02,1.4,0.252,0,5178.43,performance_drift,2024-11,5753.639017
ID0000141,5/5/2024,1,4,14356,23,1,1,0.995,1.102,1.2,0.306,21,6068.86,performance_drift,2024-05,5041.324948
ID0000142,8/14/2024,3,6,24017,28,2,2,1.163,1.13,1.2,0.172,0,5885.92,performance_drift,2024-08,5753.639017
ID0000143,9/17/2024,4,3,63693,28,2,0,0.889,0.869,1.2,0.346,5,4873.67,performance_drift,2024-09,5753.639017
ID0000144,8/16/2024,2,0,41130,35,4,2,0.981,1.095,1.2,0.158,21,5976.48,performance_drift,2024-08,5753.639017
ID0000145,7/6/2024,2,4,16004,65,0,1,0.908,0.986,1.4,0.384,30,4845.8,performance_drift,2024-07,5041.324948
ID0000146,7/10/2024,1,10,13276,22,3,2,1.298,1.455,1,0.238,5,7032.3,performance_drift,2024-07,5753.639017
ID0000147,8/16/2024,3,16,9555,65,1,2,1.138,1.253,1.4,0.094,0,5743.32,performance_drift,2024-08,5041.324948
ID0000148,3/11/2024,2,8,14881,34,1,1,1.01,0.915,1.2,0.672,0,5120.29,performance_drift,2024-03,5041.324948
ID0000149,11/9/2024,0,8,9846,66,0,2,1.272,1.362,1.2,0.334,3,5256.05,performance_drift,2024-11,5041.324948
ID0000150,2/9/2024,2,3,25684,22,1,0,0.935,1.001,1.1,0.294,2,5313.21,performance_drift,2024-02,5041.324948
ID0000151,11/3/2024,3,8,15338,58,0,1,0.993,0.968,1.2,0.205,2,4118.73,performance_drift,2024-11,5041.324948
ID0000152,3/8/2024,3,14,10891,53,4,2,1.049,1.222,1.8,0.156,1,7595.92,performance_drift,2024-03,6733.38182
ID0000153,7/12/2024,0,6,9881,42,3,1,1.053,1.036,1,0.39,2,5187.33,performance_drift,2024-07,5753.639017
ID0000154,5/1/2024,0,19,5066,33,2,1,0.967,1.031,1,0.298,7,5354.41,performance_drift,2024-05,5753.639017
ID0000155,6/8/2024,1,13,6257,39,4,1,1.071,0.922,1.2,0.784,14,6640.45,performance_drift,2024-06,5753.639017
ID0000156,3/13/2024,1,3,21014,74,3,2,1.137,1.322,1.8,0.409,2,7318.92,performance_drift,2024-03,6733.38182
ID0000157,5/19/2024,1,6,13762,57,3,0,0.908,0.837,0.4,0.367,1,3659,performance_drift,2024-05,3601.604965
ID0000158,6/14/2024,2,5,21112,19,0,2,1.06,1.163,1.8,0.262,4,6832.64,performance_drift,2024-06,6069.48688
ID0000159,10/5/2024,3,8,18152,22,4,1,1.104,0.968,1.2,0.171,0,6612.89,performance_drift,2024-10,5753.639017
ID0000160,12/11/2024,2,5,23089,37,0,2,1.246,1.237,1.8,0.287,0,6214.59,performance_drift,2024-12,6069.48688
ID0000161,10/11/2024,1,0,22251,27,0,1,0.942,0.9,1.2,0.263,2,4178.67,performance_drift,2024-10,5041.324948
ID0000162,9/21/2024,0,8,7284,47,1,2,1.202,1.028,1.8,0.446,30,6599.46,performance_drift,2024-09,6069.48688
ID0000163,12/5/2024,2,4,20776,24,2,2,1.233,1.11,1.2,0.27,2,6477.33,performance_drift,2024-12,5753.639017
ID0000164,4/12/2024,1,3,26141,72,2,1,1.047,0.899,1.8,0.21,0,5902.21,performance_drift,2024-04,6733.38182
ID0000165,12/4/2024,4,4,36426,53,4,1,1.021,0.864,1.4,0.284,0,5887.07,performance_drift,2024-12,5753.639017
ID0000166,4/20/2024,1,3,22249,64,2,0,0.89,0.859,1.4,0.198,7,4890.91,performance_drift,2024-04,5753.639017
ID0000167,1/15/2024,2,6,34898,44,1,1,1.02,1.156,1.2,0.322,4,5261.58,performance_drift,2024-01,5041.324948
ID0000168,10/10/2024,3,15,11588,74,1,2,1.059,1.285,1.8,0.129,14,6557.17,performance_drift,2024-10,6069.48688
ID0000169,3/3/2024,1,13,5721,29,0,1,0.981,0.75,1.4,0.465,0,4681.21,performance_drift,2024-03,5041.324948
ID0000170,12/7/2024,1,8,11465,54,2,0,0.857,1.05,1.8,0.242,21,6178.39,performance_drift,2024-12,6733.38182
ID0000171,10/8/2024,3,10,12752,60,4,2,1.059,1.07,1.2,0.335,4,6302.66,performance_drift,2024-10,5753.639017
ID0000172,8/13/2024,3,11,12491,64,0,1,0.992,1.064,1.4,0.316,4,4853.12,performance_drift,2024-08,5041.324948
ID0000173,7/22/2024,3,12,17474,48,1,2,1.21,1.367,1.4,0.194,10,6038.91,performance_drift,2024-07,5041.324948
ID0000174,4/8/2024,0,14,5000,42,2,2,1.297,1.205,1,0.336,0,5353.78,performance_drift,2024-04,5753.639017
ID0000175,10/16/2024,2,14,10317,70,3,2,1.184,1.122,1.8,0.161,3,7133.41,performance_drift,2024-10,6733.38182
ID0000176,6/26/2024,2,10,22666,40,3,2,1.147,1.344,1.4,0.279,0,6751.08,performance_drift,2024-06,5753.639017
ID0000177,11/27/2024,1,5,18865,66,0,1,0.976,1.076,1.2,0.364,0,4321.39,performance_drift,2024-11,5041.324948
ID0000178,2/15/2024,2,15,9064,33,4,2,1.218,1.226,1.4,0.178,2,7060.78,performance_drift,2024-02,5753.639017
ID0000179,7/27/2024,1,6,16859,20,2,1,1.064,1.141,1.8,0.255,1,7306.08,performance_drift,2024-07,6733.38182
ID0000180,6/16/2024,1,13,8278,47,2,2,1.066,1.295,1.2,0.479,4,5985.2,performance_drift,2024-06,5753.639017
ID0000181,2/28/2024,2,3,33931,30,3,2,1.184,1.127,1,0.49,0,5360.49,performance_drift,2024-02,5753.639017
ID0000182,11/24/2024,3,0,25795,46,0,2,1.124,1.264,1.2,0.493,10,4696.56,performance_drift,2024-11,5041.324948
ID0000183,1/25/2024,0,4,12071,46,0,0,1.006,0.968,0.4,0.222,10,2982.08,performance_drift,2024-01,3601.604965
ID0000184,3/19/2024,2,5,26283,18,4,0,0.931,1.054,1.8,0.389,1,7519.5,performance_drift,2024-03,6733.38182
ID0000185,3/10/2024,1,7,14990,67,0,2,1.207,1.162,1.8,0.147,2,5729.84,performance_drift,2024-03,6069.48688
ID0000186,6/12/2024,4,13,22259,44,2,2,1.183,1.18,1.8,0.164,2,6926.98,performance_drift,2024-06,6733.38182
ID0000187,2/11/2024,2,4,33711,59,2,0,0.852,0.945,1.8,0.098,3,5562.51,performance_drift,2024-02,6733.38182
ID0000188,8/7/2024,0,0,16293,62,3,1,1.004,1.009,3.2,0.463,1,9137.41,performance_drift,2024-08,9219.214917
ID0000189,1/15/2024,0,7,8193,57,1,0,0.879,0.951,1.8,0.162,1,5249.86,performance_drift,2024-01,6069.48688
ID0000190,12/25/2024,0,11,7234,61,3,1,1.005,1.028,1.8,0.071,7,6607.27,performance_drift,2024-12,6733.38182
ID0000191,9/16/2024,0,11,9679,34,0,2,1.317,1.191,1.8,0.287,3,5967.26,performance_drift,2024-09,6069.48688
ID0000192,8/4/2024,0,6,10305,67,2,2,1.043,1.262,1.4,0.45,0,6150.52,performance_drift,2024-08,5753.639017
ID0000193,11/3/2024,1,3,22072,42,1,0,0.971,0.965,1.8,0.264,3,5621.5,performance_drift,2024-11,6069.48688
ID0000194,6/2/2024,3,4,26990,65,0,1,0.905,1.011,1.2,0.179,5,4278.11,performance_drift,2024-06,5041.324948
ID0000195,10/10/2024,1,11,12732,39,2,1,0.912,0.867,1.8,0.232,1,6259.5,performance_drift,2024-10,6733.38182
ID0000196,8/2/2024,3,0,31654,58,1,2,1.305,1.254,1.2,0.248,0,5144.12,performance_drift,2024-08,5041.324948
ID0000197,6/21/2024,3,0,31542,33,2,1,1.055,0.891,1.8,0.122,1,6069.71,performance_drift,2024-06,6733.38182
ID0000198,4/17/2024,2,2,36058,67,0,1,0.956,0.947,1.2,0.472,0,4385.02,performance_drift,2024-04,5041.324948
ID0000199,5/11/2024,1,7,14114,78,4,1,0.927,0.968,1.4,0.284,10,5879.16,performance_drift,2024-05,5753.639017
ID0000200,2/26/2024,2,11,13334,73,3,0,0.928,0.774,1.2,0.268,14,5121.68,performance_drift,2024-02,5753.639017
ID0000201,2/19/2024,1,13,8459,21,2,2,1.125,1.212,1.8,0.338,3,7753.18,performance_drift,2024-02,6733.38182
ID0000202,10/1/2024,3,8,20897,49,0,0,0.853,0.892,1.2,0.113,7,4025.49,performance_drift,2024-10,5041.324948
ID0000203,9/16/2024,2,17,7366,76,2,1,0.958,1.032,1.8,0.404,4,6375.96,performance_drift,2024-09,6733.38182
ID0000204,6/1/2024,2,5,27423,28,0,1,1.148,0.954,1.4,0.688,0,5219.48,performance_drift,2024-06,5041.324948
ID0000205,6/25/2024,2,8,17419,37,0,1,0.86,1.148,1.2,0.881,1,5117.93,performance_drift,2024-06,5041.324948
ID0000206,12/21/2024,0,7,10308,40,4,2,1.206,1.539,1.2,0.287,1,6912.47,performance_drift,2024-12,5753.639017
ID0000207,9/19/2024,3,8,17562,33,2,2,1.309,1.159,1.8,0.127,1,6672.9,performance_drift,2024-09,6733.38182
ID0000208,3/10/2024,1,0,27732,35,0,2,0.929,1.227,1.4,0.089,3,5038.78,performance_drift,2024-03,5041.324948
ID0000209,10/4/2024,4,5,34954,22,2,0,0.9,0.908,1.2,0.323,0,5805.41,performance_drift,2024-10,5753.639017
ID0000210,1/21/2024,0,11,6534,77,0,1,0.993,1.097,3.2,0.311,4,8174.63,performance_drift,2024-01,8216.463966
ID0000211,11/11/2024,2,10,11263,36,1,1,0.998,0.898,1.2,0.107,5,4846.53,performance_drift,2024-11,5041.324948
ID0000212,7/17/2024,2,9,17395,37,1,2,1.246,1.169,1.8,0.331,0,6676.72,performance_drift,2024-07,6069.48688
ID0000213,9/13/2024,1,2,13350,61,1,0,0.905,0.967,1.2,0.506,21,4436.12,performance_drift,2024-09,5041.324948
ID0000214,9/4/2024,3,4,35111,21,2,0,0.964,0.809,1.2,0.755,1,5957.52,performance_drift,2024-09,5753.639017
ID0000215,4/2/2024,2,12,13103,78,1,2,1.026,1.21,1.8,0.374,1,6210.73,performance_drift,2024-04,6069.48688
ID0000216,12/13/2024,2,15,11150,53,0,2,1.196,1.245,1.2,0.122,0,5126.89,performance_drift,2024-12,5041.324948
ID0000217,3/26/2024,2,10,18072,54,1,2,1.351,1.399,0.4,0.146,7,4085.19,performance_drift,2024-03,4284.85875
ID0000218,8/19/2024,4,10,24185,45,0,2,1.029,1.249,1.4,0.041,1,5367.63,performance_drift,2024-08,5041.324948
ID0000219,3/28/2024,0,16,5841,32,1,0,0.885,0.782,1.4,0.144,1,4986.43,performance_drift,2024-03,5041.324948
ID0000220,2/23/2024,1,12,7859,37,1,0,0.94,0.937,1.8,0.008,0,5547.8,performance_drift,2024-02,6069.48688
ID0000221,1/9/2024,2,3,21191,57,0,1,1.06,0.902,1.4,0.086,3,4270.55,performance_drift,2024-01,5041.324948
ID0000222,7/7/2024,1,14,5303,30,2,1,0.99,0.916,3.2,0.298,0,9117.53,performance_drift,2024-07,9219.214917
ID0000223,8/13/2024,1,6,14055,64,2,2,1.27,0.998,1.8,0.183,3,6487.75,performance_drift,2024-08,6733.38182
ID0000224,5/20/2024,1,8,10346,48,0,1,0.918,0.958,1.2,0.203,10,4560.87,performance_drift,2024-05,5041.324948
ID0000225,8/10/2024,3,9,10699,48,0,1,1.048,0.91,1.8,0.34,21,5855.71,performance_drift,2024-08,6069.48688
ID0000226,3/3/2024,1,10,13879,40,2,0,0.782,0.968,1.4,0.164,30,5252.31,performance_drift,2024-03,5753.639017
ID0000227,6/3/2024,2,1,27433,60,3,1,1.168,1.099,1.2,0.224,0,5341.71,performance_drift,2024-06,5753.639017
ID0000228,10/1/2024,1,16,8519,53,1,2,1.07,1.244,1.2,0.308,0,5558.02,performance_drift,2024-10,5041.324948
ID0000229,1/19/2024,4,2,52916,33,3,2,1.133,1.251,1.2,0.151,2,5708.2,performance_drift,2024-01,5753.639017
ID0000230,9/21/2024,2,5,20762,26,3,1,0.988,0.929,1,0.19,14,5257.08,performance_drift,2024-09,5753.639017
ID0000231,9/17/2024,2,0,35910,23,1,0,0.895,0.906,1.4,0.031,0,5315.14,performance_drift,2024-09,5041.324948
ID0000232,10/9/2024,1,7,13653,56,3,2,1.293,1.229,1.2,0.278,0,5760.82,performance_drift,2024-10,5753.639017
ID0000233,4/12/2024,0,0,23487,36,0,2,1.248,1.23,1.8,0.315,4,5939.12,performance_drift,2024-04,6069.48688
ID0000234,8/24/2024,0,14,5000,20,1,0,0.767,0.87,1,0.181,0,5044.37,performance_drift,2024-08,5041.324948
ID0000235,4/15/2024,0,8,9006,24,2,2,1.244,1.303,1.2,0.542,2,6999.14,performance_drift,2024-04,5753.639017
ID0000236,9/7/2024,3,15,10351,38,2,0,0.994,0.924,1,0.228,7,4828.72,performance_drift,2024-09,5753.639017
ID0000237,8/12/2024,2,7,24947,28,0,1,1.009,0.902,1.2,0.278,1,4331.29,performance_drift,2024-08,5041.324948
ID0000238,9/5/2024,2,8,16927,47,2,2,1.04,1.323,1,0.132,3,5249.38,performance_drift,2024-09,5753.639017
ID0000239,10/16/2024,1,9,11216,27,2,2,1.2,1.325,1,0.271,3,5619.76,performance_drift,2024-10,5753.639017
ID0000240,4/21/2024,1,12,6858,65,1,1,0.962,0.898,1.8,0.105,3,5640.2,performance_drift,2024-04,6069.48688
ID0000241,10/3/2024,0,11,12327,77,3,2,1.323,1.33,1.2,0.185,30,6158.28,performance_drift,2024-10,5753.639017
ID0000242,7/2/2024,2,10,18480,78,2,1,1.064,0.908,1,0.274,10,4568.6,performance_drift,2024-07,5753.639017
ID0000243,9/12/2024,3,3,24486,76,3,2,1.048,1.409,1.4,0.118,0,6296.59,performance_drift,2024-09,5753.639017
ID0000244,11/7/2024,3,3,22267,22,0,2,1.038,1.244,1.4,0.181,0,6221.36,performance_drift,2024-11,5041.324948
ID0000245,3/27/2024,3,7,22632,77,0,0,1.002,0.912,1.2,0.478,0,3988.74,performance_drift,2024-03,5041.324948
ID0000246,5/21/2024,3,0,31912,33,0,1,0.941,0.999,0.4,0.328,0,2813.54,performance_drift,2024-05,3601.604965
ID0000247,6/5/2024,2,11,14799,56,4,1,0.863,0.9,1.4,0.31,0,6070.43,performance_drift,2024-06,5753.639017
ID0000248,2/7/2024,2,5,19428,60,1,2,1.024,1.252,1,0.066,0,4808.6,performance_drift,2024-02,5041.324948
ID0000249,7/23/2024,1,6,15612,29,2,1,1.121,0.945,1.2,0.181,10,5359.35,performance_drift,2024-07,5753.639017
ID0000250,1/17/2024,1,17,5000,74,1,2,1.023,1.159,1.2,0.429,21,5762.85,performance_drift,2024-01,5041.324948
ID0000251,6/17/2024,3,11,14663,68,4,0,0.898,1.032,0.4,0.482,2,4106.21,performance_drift,2024-06,3601.604965
ID0000252,1/24/2024,0,3,19904,50,1,2,1.112,1.135,1.4,0.268,21,5593.98,performance_drift,2024-01,5041.324948
ID0000253,5/12/2024,1,2,21900,53,0,2,1.22,1.398,1,0.334,21,4724.09,performance_drift,2024-05,5041.324948
ID0000254,6/7/2024,2,0,27012,19,1,1,0.992,1.01,1.2,0.346,10,5261.43,performance_drift,2024-06,5041.324948
ID0000255,8/26/2024,2,1,25864,51,1,2,1.18,1.423,1.8,0.095,21,6386.45,performance_drift,2024-08,6069.48688
ID0000256,1/28/2024,2,0,25397,45,2,1,1.073,1.047,1.4,0.235,1,5123.92,performance_drift,2024-01,5753.639017
ID0000257,4/14/2024,2,7,14910,28,1,1,0.984,1.06,1.2,0.526,2,5428.43,performance_drift,2024-04,5041.324948
ID0000258,9/2/2024,2,1,35710,76,0,1,1.08,0.966,1.8,0.269,0,5175.78,performance_drift,2024-09,6069.48688
ID0000259,12/8/2024,2,3,30511,44,0,2,1.086,1.073,1.8,0.376,5,5842.38,performance_drift,2024-12,6069.48688
ID0000260,9/3/2024,2,2,22936,36,2,2,1.028,1.178,1.4,0.204,14,6053.96,performance_drift,2024-09,5753.639017
ID0000261,7/6/2024,2,3,23646,50,2,1,0.954,0.991,1.2,0.119,30,5239.63,performance_drift,2024-07,5753.639017
ID0000262,12/5/2024,4,6,25148,27,1,2,1.162,1.045,0.4,0.713,0,4399.43,performance_drift,2024-12,3601.604965
ID0000263,12/7/2024,2,0,28544,34,1,1,0.92,1.015,1.8,0.043,3,5810.39,performance_drift,2024-12,6069.48688
ID0000264,9/1/2024,2,13,6568,38,3,2,1.179,1.413,1.2,0.121,5,6665.69,performance_drift,2024-09,5753.639017
ID0000265,8/25/2024,0,2,27355,35,2,2,1.262,1.291,1.8,0.279,14,7034.41,performance_drift,2024-08,6733.38182
ID0000266,6/19/2024,0,5,12513,72,0,2,1.055,1.13,1.2,0.266,0,4826.57,performance_drift,2024-06,5041.324948
ID0000267,11/27/2024,0,8,9626,34,3,2,1.29,1.28,1,0.155,2,6036.95,performance_drift,2024-11,5753.639017
ID0000268,10/18/2024,2,6,21100,50,1,0,0.952,0.947,1.8,0.197,3,5601.73,performance_drift,2024-10,6069.48688
ID0000269,7/3/2024,2,12,9524,22,1,2,1.305,1.128,1.8,0.349,14,7524,performance_drift,2024-07,6069.48688
ID0000270,10/28/2024,2,0,31816,66,1,2,1.184,1.302,1,0.348,0,4973.25,performance_drift,2024-10,5041.324948
ID0000271,12/28/2024,0,13,5645,48,1,2,1.182,1.293,1.8,0.494,3,6777.62,performance_drift,2024-12,6069.48688
ID0000272,1/28/2024,2,4,23259,41,1,1,1.028,1.039,1.2,0.086,2,4922.03,performance_drift,2024-01,5041.324948
ID0000273,5/8/2024,3,11,13649,32,2,0,0.767,1.029,1.4,0.043,2,5301.42,performance_drift,2024-05,5753.639017
ID0000274,1/2/2024,2,10,15270,68,0,2,1.371,1.261,1,0.117,2,4397.69,performance_drift,2024-01,5041.324948
ID0000275,10/9/2024,0,16,5000,40,2,2,1.305,1.381,1.2,0.197,1,6407.85,performance_drift,2024-10,5753.639017
ID0000276,3/7/2024,3,1,23984,46,2,0,0.925,0.923,1,0.136,7,4182.75,performance_drift,2024-03,5753.639017
ID0000277,8/15/2024,3,5,18683,60,3,2,1.184,1.389,1,0.245,0,5739.19,performance_drift,2024-08,5753.639017
ID0000278,12/10/2024,1,1,21020,34,1,1,0.919,1.007,1.8,0.065,10,5628.19,performance_drift,2024-12,6069.48688
ID0000279,5/14/2024,3,4,27185,55,1,2,1.002,1.16,3.2,0.216,0,8588.93,performance_drift,2024-05,9219.214917
ID0000280,5/24/2024,3,20,8441,49,2,2,1.036,1.125,1.2,0.038,1,5683.88,performance_drift,2024-05,5753.639017
ID0000281,6/9/2024,3,13,9114,20,1,2,1.159,1.067,1.4,0.116,10,6418.97,performance_drift,2024-06,5041.324948
ID0000282,10/20/2024,0,8,9802,50,3,1,1.019,1.138,0.4,0.046,7,4314.18,performance_drift,2024-10,4284.85875
ID0000283,3/2/2024,2,5,20565,33,0,0,0.926,0.901,1.4,0.541,0,4553.65,performance_drift,2024-03,5041.324948
ID0000284,5/27/2024,3,6,16313,50,0,1,0.929,1.155,1,0.52,2,4231.08,performance_drift,2024-05,5041.324948
ID0000285,6/9/2024,3,19,7213,32,1,2,1.04,1.152,1.4,0.189,1,6160.92,performance_drift,2024-06,5041.324948
ID0000286,8/14/2024,2,13,9976,31,3,1,1.077,0.976,1.8,0.066,0,6792.12,performance_drift,2024-08,6733.38182
ID0000287,9/1/2024,1,7,11871,78,1,2,1.147,1.123,1.2,0.259,0,4622.59,performance_drift,2024-09,5041.324948
ID0000288,5/22/2024,3,8,14968,65,2,0,0.917,0.895,1,0.685,2,4487.82,performance_drift,2024-05,5753.639017
ID0000289,7/3/2024,2,13,12122,70,2,2,1.044,1.547,1.8,0.146,0,7194,performance_drift,2024-07,6733.38182
ID0000290,10/26/2024,1,5,17754,30,3,0,0.94,0.979,1.4,0.082,6,5446.85,performance_drift,2024-10,5753.639017
ID0000291,9/15/2024,1,6,13448,31,0,1,0.936,0.894,0.4,0.11,10,2921.2,performance_drift,2024-09,3601.604965
ID0000292,7/23/2024,1,4,13737,61,0,0,1.002,0.96,1,0.487,0,3689.69,performance_drift,2024-07,5041.324948
ID0000293,3/4/2024,0,7,9102,38,1,2,1.091,1.228,1.2,0.544,5,5323.12,performance_drift,2024-03,5041.324948
ID0000294,12/26/2024,2,2,24070,32,1,2,1.165,1.165,1.8,0.198,1,6178.49,performance_drift,2024-12,6069.48688
ID0000295,5/21/2024,1,19,5319,28,2,2,0.997,1.06,1.2,0.246,14,6177.46,performance_drift,2024-05,5753.639017
ID0000296,10/4/2024,0,6,8257,57,3,0,0.988,1.054,1,0.189,0,4980.37,performance_drift,2024-10,5753.639017
ID0000297,4/25/2024,1,7,13699,45,1,2,1.177,1.101,0.4,0.329,7,3869.62,performance_drift,2024-04,4284.85875
ID0000298,12/15/2024,3,3,24092,44,0,1,0.846,1.044,1.4,0.364,4,4872.89,performance_drift,2024-12,5041.324948
ID0000299,7/11/2024,0,11,10651,40,1,1,1.055,0.987,3.2,0.428,3,8761.8,performance_drift,2024-07,9219.214917
ID0000300,4/14/2024,0,9,5486,46,2,2,1.266,1.061,1.8,0.26,21,6849.29,performance_drift,2024-04,6733.38182
ID0000301,7/19/2024,4,2,30484,37,1,2,1.318,1.276,1.8,0.463,2,6676.32,performance_drift,2024-07,6069.48688
ID0000302,4/4/2024,3,3,31980,41,4,0,0.902,0.931,1.2,0.54,5,5538.21,performance_drift,2024-04,5753.639017
ID0000303,12/8/2024,1,7,9370,19,2,2,1.053,1.316,1.1,0.425,2,6684.57,performance_drift,2024-12,5753.639017
ID0000304,8/26/2024,2,0,19816,50,0,1,1.119,0.925,1.8,0.416,4,5456.65,performance_drift,2024-08,6069.48688
ID0000305,7/26/2024,3,5,23025,42,3,2,1.368,0.985,1,0.863,1,5906.6,performance_drift,2024-07,5753.639017
ID0000306,9/28/2024,0,12,7440,58,0,1,0.978,0.863,1.4,0.082,7,4382.1,performance_drift,2024-09,5041.324948
ID0000307,10/22/2024,0,4,13908,57,0,1,1.061,1.136,1.2,0.493,0,4738.77,performance_drift,2024-10,5041.324948
ID0000308,6/16/2024,0,3,10233,54,4,0,0.886,0.958,1.2,0.277,14,5512.84,performance_drift,2024-06,5753.639017
ID0000309,9/14/2024,4,11,28050,50,2,1,0.969,1.059,1,0.175,7,4958.23,performance_drift,2024-09,5753.639017
ID0000310,2/28/2024,3,6,19333,63,1,1,1.031,1.027,0.4,0.184,5,2959.98,performance_drift,2024-02,3601.604965
ID0000311,8/20/2024,2,6,26572,40,1,0,0.958,0.818,1.8,0.296,21,5626.85,performance_drift,2024-08,6069.48688
ID0000312,3/23/2024,1,13,5461,45,4,1,1.214,0.802,1.8,0.069,3,6508.92,performance_drift,2024-03,6733.38182
ID0000313,9/1/2024,1,3,19967,19,2,2,1.21,1.396,1.1,0.18,10,6199.39,performance_drift,2024-09,5753.639017
ID0000314,12/25/2024,3,14,9348,57,3,0,0.834,0.753,1.2,0.545,0,5226.28,performance_drift,2024-12,5753.639017
ID0000315,3/14/2024,1,8,12485,42,1,1,1.038,1.019,1.2,0.231,4,4897.62,performance_drift,2024-03,5041.324948
ID0000316,4/8/2024,2,10,15930,56,1,1,0.875,0.907,1.8,0.18,2,5737.19,performance_drift,2024-04,6069.48688
ID0000317,1/1/2024,1,7,14191,27,2,0,0.882,0.75,1,0.267,0,4396.1,performance_drift,2024-01,5753.639017
ID0000318,4/22/2024,2,8,16251,24,2,2,1.133,1.287,1.1,0.327,1,6554.64,performance_drift,2024-04,5753.639017
ID0000319,7/6/2024,4,7,44229,38,2,1,1.038,1.136,1.8,0.257,0,6623.43,performance_drift,2024-07,6733.38182
ID0000320,7/9/2024,2,2,33258,68,2,1,0.899,0.913,1.4,0.206,0,5191.23,performance_drift,2024-07,5753.639017
ID0000321,10/4/2024,2,8,20579,26,1,2,0.911,1.218,0.4,0.232,4,4349.91,performance_drift,2024-10,4284.85875
ID0000322,2/13/2024,2,1,34174,69,1,1,0.869,1.164,1,0.009,0,4510.72,performance_drift,2024-02,5041.324948
ID0000323,9/11/2024,1,9,8521,22,1,1,1.017,0.967,1.2,0.227,5,5844.03,performance_drift,2024-09,5041.324948
ID0000324,2/8/2024,1,3,21778,42,2,1,1.042,0.829,1.4,0.137,2,5294.08,performance_drift,2024-02,5753.639017
ID0000325,11/17/2024,4,15,14083,24,1,2,1.249,1.236,1.8,0.279,10,7912.2,performance_drift,2024-11,6069.48688
ID0000326,10/10/2024,0,6,15389,30,3,1,0.89,1.09,1,0.113,1,5130.79,performance_drift,2024-10,5753.639017
ID0000327,5/2/2024,2,16,9617,21,3,0,0.908,0.927,1.2,0.501,3,6409.54,performance_drift,2024-05,5753.639017
ID0000328,6/20/2024,2,7,18380,39,4,1,0.946,0.958,1,0.295,21,5753.69,performance_drift,2024-06,5753.639017
ID0000329,4/27/2024,2,8,16410,20,4,2,1.148,1.286,1.2,0.192,21,7319.22,performance_drift,2024-04,5753.639017
ID0000330,3/21/2024,1,4,15136,62,2,2,1.238,1.306,1.8,0.128,3,6759.83,performance_drift,2024-03,6733.38182
ID0000331,11/4/2024,2,12,11221,44,1,2,1.355,1.331,1.2,0.3,10,5979.14,performance_drift,2024-11,5041.324948
ID0000332,11/14/2024,4,17,12965,52,4,2,1.056,1.185,1,0.468,7,6218.99,performance_drift,2024-11,5753.639017
ID0000333,3/6/2024,3,9,19522,65,2,2,1.125,1.03,1.2,0.32,2,5307.33,performance_drift,2024-03,5753.639017
ID0000334,4/11/2024,3,11,13237,19,4,0,0.814,0.894,1.8,0.384,1,7774.57,performance_drift,2024-04,6733.38182
ID0000335,4/13/2024,3,8,18315,33,1,2,1.135,1.13,1.4,0.266,0,5937.29,performance_drift,2024-04,5041.324948
ID0000336,9/26/2024,1,14,9827,21,2,1,1.016,0.834,1.4,0.528,2,6347.92,performance_drift,2024-09,5753.639017
ID0000337,1/21/2024,2,4,26939,43,4,0,0.844,0.908,1.8,0.28,21,6776.63,performance_drift,2024-01,6733.38182
ID0000338,9/14/2024,1,16,6073,65,0,2,1.167,1.253,1.4,0.254,0,5434.47,performance_drift,2024-09,5041.324948
ID0000339,2/19/2024,1,3,21913,77,0,2,1.133,1.215,1.8,0.115,1,5353.32,performance_drift,2024-02,6069.48688
ID0000340,2/8/2024,2,12,13664,56,3,1,0.881,1.1,1.4,0.304,4,6030.62,performance_drift,2024-02,5753.639017
ID0000341,2/2/2024,1,12,5000,62,3,1,1.132,1.079,3.2,0.263,14,9236.76,performance_drift,2024-02,9219.214917
ID0000342,1/27/2024,0,11,12428,73,3,2,1.184,1.057,1.8,0.305,30,7130.86,performance_drift,2024-01,6733.38182
ID0000343,1/2/2024,0,1,15939,44,3,2,1.308,1.367,1.2,0.347,2,6171.33,performance_drift,2024-01,5753.639017
ID0000344,10/10/2024,1,14,5000,34,1,0,0.854,1.016,1.8,0.252,0,5844.17,performance_drift,2024-10,6069.48688
ID0000345,11/8/2024,2,0,28710,20,1,1,0.819,1.013,1.2,0.188,7,5541.15,performance_drift,2024-11,5041.324948
ID0000346,2/26/2024,0,16,5000,27,1,2,1.002,1.138,1.8,0.202,1,6647.88,performance_drift,2024-02,6069.48688
ID0000347,10/16/2024,2,10,10946,66,2,2,1.281,1.201,1,0.373,1,5390.82,performance_drift,2024-10,5753.639017
ID0000348,3/18/2024,1,12,7573,73,3,1,0.983,1.105,1,0.292,0,5342.09,performance_drift,2024-03,5753.639017
ID0000349,10/24/2024,2,7,17118,79,4,1,1.062,0.99,1.4,0.084,3,5982.17,performance_drift,2024-10,5753.639017
ID0000350,11/10/2024,1,9,8013,46,3,2,1.239,1.144,1.4,0.189,5,6224.49,performance_drift,2024-11,5753.639017
ID0000351,9/8/2024,0,15,5554,20,3,1,0.973,0.906,1.8,0.577,1,7686.8,performance_drift,2024-09,6733.38182
ID0000352,7/2/2024,2,13,8372,66,3,0,0.909,0.799,1.8,0.352,2,6029.58,performance_drift,2024-07,6733.38182
ID0000353,11/18/2024,3,17,8699,36,1,2,1.176,1.242,1.2,0.167,0,5847.97,performance_drift,2024-11,5041.324948
ID0000354,11/20/2024,4,10,23025,38,2,1,0.948,1.026,1.2,0.289,0,5411.8,performance_drift,2024-11,5753.639017
ID0000355,2/19/2024,2,9,13445,19,0,2,1.271,1.393,1,0.343,1,5758.53,performance_drift,2024-02,5041.324948
ID0000356,11/21/2024,1,4,13506,48,1,2,1.233,1.189,1.4,0.23,0,5379.93,performance_drift,2024-11,5041.324948
ID0000357,2/25/2024,1,10,10785,34,0,1,0.916,1.063,1.8,0.278,3,5664.33,performance_drift,2024-02,6069.48688
ID0000358,9/25/2024,1,6,19442,43,4,0,0.831,0.931,1.2,0.346,21,5738.32,performance_drift,2024-09,5753.639017
ID0000359,11/10/2024,2,8,12686,54,3,2,1.453,1.254,1.4,0.537,0,6433.67,performance_drift,2024-11,5753.639017
ID0000360,2/9/2024,0,4,11222,46,1,2,1.194,1.149,1.8,0.334,14,6439.98,performance_drift,2024-02,6069.48688
ID0000361,7/17/2024,0,9,6712,44,0,2,1.297,1.523,1,0.151,7,5252.05,performance_drift,2024-07,5041.324948
ID0000362,7/24/2024,2,2,20262,19,1,1,1.005,0.927,1.4,0.32,0,5866.57,performance_drift,2024-07,5041.324948
ID0000363,12/27/2024,2,7,22294,60,0,1,1.046,0.962,1,0.15,3,4009.97,performance_drift,2024-12,5041.324948
ID0000364,4/10/2024,0,13,8159,47,2,1,0.93,0.971,1.2,0.06,2,4906.03,performance_drift,2024-04,5753.639017
ID0000365,6/20/2024,1,9,13852,33,4,1,1.018,0.901,1.2,0.369,21,6202.59,performance_drift,2024-06,5753.639017
ID0000366,3/11/2024,2,12,9686,31,0,2,1.081,1.092,1.8,0.156,21,6323.93,performance_drift,2024-03,6069.48688
ID0000367,10/6/2024,1,10,8933,28,4,1,1.025,1.131,1.8,0.588,1,7405.06,performance_drift,2024-10,6733.38182
ID0000368,6/9/2024,0,5,12252,22,0,2,1.149,1.202,0.4,0.405,4,4718.04,performance_drift,2024-06,4284.85875
ID0000369,11/25/2024,0,3,16011,69,2,2,1.026,1.283,1.2,0.656,1,5769.85,performance_drift,2024-11,5753.639017
ID0000370,10/13/2024,2,6,25474,68,0,2,1.213,1.221,1.2,0.608,0,4933.18,performance_drift,2024-10,5041.324948
ID0000371,11/2/2024,3,14,15623,36,1,1,1.064,0.953,1.8,0.128,0,5941.07,performance_drift,2024-11,6069.48688
ID0000372,12/11/2024,1,12,8679,39,0,2,1.148,1.324,1.2,0.289,3,5489.61,performance_drift,2024-12,5041.324948
ID0000373,1/19/2024,1,17,6492,45,1,2,1.237,1.211,1.4,0.259,21,5932.43,performance_drift,2024-01,5041.324948
ID0000374,7/8/2024,2,10,13530,45,1,0,1.086,0.883,1.8,0.337,0,5617.97,performance_drift,2024-07,6069.48688
ID0000375,4/15/2024,3,10,19578,68,3,0,0.95,1.108,1.2,0.163,0,5034.74,performance_drift,2024-04,5753.639017
ID0000376,7/3/2024,3,20,9274,28,2,2,1.239,1.291,1.8,0.312,2,7414.69,performance_drift,2024-07,6733.38182
ID0000377,1/24/2024,0,9,9114,78,0,1,1.155,1.165,1.8,0.527,2,5647.1,performance_drift,2024-01,6069.48688
ID0000378,11/10/2024,4,13,14547,44,3,2,1.159,1.102,1.8,0.333,5,7231.78,performance_drift,2024-11,6733.38182
ID0000379,9/15/2024,2,10,15790,41,2,2,1.099,1.164,1,0.223,0,5468.89,performance_drift,2024-09,5753.639017
ID0000380,7/20/2024,1,7,17512,24,2,1,0.993,0.986,1.2,0.045,4,5900.14,performance_drift,2024-07,5753.639017
ID0000381,12/18/2024,0,13,5000,47,3,2,1.158,1.398,1.2,0.344,3,6566.99,performance_drift,2024-12,5753.639017
ID0000382,10/20/2024,1,12,6655,36,3,1,1.018,1.039,1.2,0.095,0,5740.18,performance_drift,2024-10,5753.639017
ID0000383,6/14/2024,3,7,17596,77,1,1,0.989,1.217,1.2,0.323,4,4953.13,performance_drift,2024-06,5041.324948
ID0000384,6/5/2024,1,15,7874,58,2,0,0.944,0.926,1.2,0.044,7,4830.08,performance_drift,2024-06,5753.639017
ID0000385,1/8/2024,0,1,16029,48,4,1,1.004,1.058,1.8,0.332,5,6933.93,performance_drift,2024-01,6733.38182
ID0000386,12/25/2024,2,12,11697,38,1,2,1.092,1.066,1.2,0.204,14,5529.8,performance_drift,2024-12,5041.324948
ID0000387,2/15/2024,4,4,38631,25,0,2,1.145,1.207,1.4,0.444,30,6009.87,performance_drift,2024-02,5041.324948
ID0000388,9/10/2024,2,10,15193,38,3,2,1.26,1.26,0.4,0.764,3,5446.32,performance_drift,2024-09,4284.85875
ID0000389,6/21/2024,1,3,14063,43,0,1,1.025,0.872,1.2,0.269,1,4499.33,performance_drift,2024-06,5041.324948
ID0000390,6/16/2024,3,10,20686,52,1,1,0.883,0.927,3.2,0.233,5,8215.44,performance_drift,2024-06,9219.214917
ID0000391,3/27/2024,2,9,16344,74,2,2,1.12,1.177,1,0.311,7,5250.32,performance_drift,2024-03,5753.639017
ID0000392,2/5/2024,0,14,7416,37,3,0,0.863,0.901,1.8,0.358,0,6569.34,performance_drift,2024-02,6733.38182
ID0000393,12/23/2024,0,4,14515,24,2,2,1.143,0.976,1,0.291,3,6072.6,performance_drift,2024-12,5753.639017
ID0000394,11/13/2024,0,0,14453,73,3,2,1.303,1.17,1,0.162,0,5323.19,performance_drift,2024-11,5753.639017
ID0000395,6/11/2024,3,8,20143,68,2,2,1.236,1.052,1,0.207,3,4755.07,performance_drift,2024-06,5753.639017
ID0000396,1/20/2024,4,9,28597,65,3,2,1.103,1.043,0.4,0.182,14,4401.9,performance_drift,2024-01,3601.604965
ID0000397,8/16/2024,2,4,25478,41,0,2,1.254,1.08,3.2,0.043,0,7980.98,performance_drift,2024-08,8216.463966
ID0000398,1/2/2024,1,0,30302,31,2,2,1.144,1.309,1.8,0.228,21,6920.78,performance_drift,2024-01,6733.38182
ID0000399,10/28/2024,0,4,16140,34,2,2,1.145,1.321,1.1,0.335,1,5578.22,performance_drift,2024-10,5753.639017
ID0000400,1/19/2024,3,3,28083,29,1,1,0.901,1.001,1.8,0.099,0,5711.13,performance_drift,2024-01,6069.48688
ID0000401,9/21/2024,1,0,23225,44,2,1,1.008,1.029,1,0.406,6,5057.97,performance_drift,2024-09,5753.639017
ID0000402,11/19/2024,4,11,16815,75,3,2,1.14,1.187,0.4,0.456,1,4496.27,performance_drift,2024-11,4284.85875
ID0000403,12/1/2024,2,8,12833,64,3,2,1.058,1.355,1.2,0.233,30,6262.03,performance_drift,2024-12,5753.639017
ID0000404,9/10/2024,1,11,7614,52,1,1,1.048,1.068,1.2,0.138,2,4883.13,performance_drift,2024-09,5041.324948
ID0000405,7/15/2024,3,11,11482,41,2,2,1.169,1.198,1,0.167,0,5542.31,performance_drift,2024-07,5753.639017
ID0000406,1/24/2024,2,9,12692,48,3,0,0.75,0.839,1.8,0.466,21,6217.35,performance_drift,2024-01,6733.38182
ID0000407,5/14/2024,1,4,15289,67,0,0,1.023,0.872,1.8,0.129,30,5274.9,performance_drift,2024-05,6069.48688
ID0000408,1/28/2024,1,13,7657,70,0,2,1.138,1.361,1.4,0.353,10,5520.76,performance_drift,2024-01,5041.324948
ID0000409,8/17/2024,3,7,20939,35,3,1,1.018,1.1,1.8,0.517,2,6835.95,performance_drift,2024-08,6733.38182
ID0000410,2/25/2024,1,15,5641,52,0,1,0.9,0.947,1.2,0.358,5,4670.05,performance_drift,2024-02,5041.324948
ID0000411,7/3/2024,2,4,22843,48,1,1,0.857,0.916,1.2,0.092,6,4644.23,performance_drift,2024-07,5041.324948
ID0000412,9/16/2024,3,8,15197,61,0,1,0.931,0.85,1,0.144,10,4228.42,performance_drift,2024-09,5041.324948
ID0000413,1/20/2024,2,15,12488,74,0,1,1.026,0.956,1.2,0.311,0,4542.69,performance_drift,2024-01,5041.324948
ID0000414,5/21/2024,1,8,14533,43,2,2,1.16,1.208,1.2,0.301,4,5703.31,performance_drift,2024-05,5753.639017
ID0000415,10/3/2024,1,16,5000,78,1,2,1.14,1.127,1,0.103,3,4726.12,performance_drift,2024-10,5041.324948
ID0000416,10/4/2024,1,5,18238,63,0,1,0.988,1.104,1.2,0.24,1,4239.03,performance_drift,2024-10,5041.324948
ID0000417,3/6/2024,1,15,5186,51,0,2,1.289,1.139,1.2,0.106,3,5072.37,performance_drift,2024-03,5041.324948
ID0000418,12/5/2024,3,9,14243,44,1,2,1.094,1.137,1.2,0.122,0,5336.46,performance_drift,2024-12,5041.324948
ID0000419,12/24/2024,2,0,27101,57,0,2,1.271,1.054,1.4,0.309,30,5144.68,performance_drift,2024-12,5041.324948
ID0000420,8/15/2024,4,7,23964,67,2,0,0.75,0.925,1.2,0.639,0,5045.33,performance_drift,2024-08,5753.639017
ID0000421,6/12/2024,0,16,5313,71,2,2,1.275,1.112,3.2,0.225,2,8927.31,performance_drift,2024-06,9219.214917
ID0000422,6/10/2024,1,1,22528,29,2,2,1.331,1.132,1.2,0.096,21,5575.1,performance_drift,2024-06,5753.639017
ID0000423,7/11/2024,0,1,13401,31,0,2,1.071,1.158,1,0.22,1,4369.99,performance_drift,2024-07,5041.324948
ID0000424,11/12/2024,1,9,15344,79,1,2,1.146,1.237,1,0.337,10,4843.25,performance_drift,2024-11,5041.324948
ID0000425,5/3/2024,1,8,11135,27,1,1,1.008,1.045,1.4,0.499,0,5310.08,performance_drift,2024-05,5041.324948
ID0000426,4/6/2024,1,9,7255,55,2,1,1.024,0.955,1.2,0.432,0,5334.9,performance_drift,2024-04,5753.639017
ID0000427,8/25/2024,4,3,64466,38,0,1,1.007,0.794,1.2,0.393,3,4141.37,performance_drift,2024-08,5041.324948
ID0000428,9/23/2024,2,0,27504,55,2,2,1.062,1.206,1.4,0.546,10,6057.99,performance_drift,2024-09,5753.639017
ID0000429,9/2/2024,4,9,22161,36,2,2,1.103,1.105,1.8,0.747,1,7290.76,performance_drift,2024-09,6733.38182
ID0000430,1/21/2024,2,0,38084,73,0,2,1.167,1.322,1.8,0.17,2,5999.24,performance_drift,2024-01,6069.48688
ID0000431,3/23/2024,1,0,19817,74,2,1,0.962,1.103,1.8,0.184,3,6102.79,performance_drift,2024-03,6733.38182
ID0000432,4/18/2024,1,0,32520,61,3,2,1.113,1.22,1,0.383,7,5199.59,performance_drift,2024-04,5753.639017
ID0000433,1/20/2024,3,2,28363,58,4,1,0.969,1.015,1.2,0.036,1,5450.81,performance_drift,2024-01,5753.639017
ID0000434,8/7/2024,4,12,19057,23,1,2,1.307,1.368,1.2,0.248,0,6466.75,performance_drift,2024-08,5041.324948
ID0000435,10/28/2024,0,8,8680,73,0,2,1.021,1.182,1.4,0.23,30,5260.94,performance_drift,2024-10,5041.324948
ID0000436,9/27/2024,0,12,8473,64,3,0,1.055,0.952,1.2,0.114,0,4920.09,performance_drift,2024-09,5753.639017
ID0000437,6/24/2024,0,9,12114,42,2,0,0.893,0.849,1.2,0.653,1,4968.69,performance_drift,2024-06,5753.639017
ID0000438,6/26/2024,0,8,12805,74,2,1,0.945,0.945,1.2,0.046,21,5009.59,performance_drift,2024-06,5753.639017
ID0000439,12/1/2024,1,5,14398,36,2,1,0.911,0.92,1,0.385,0,4739.26,performance_drift,2024-12,5753.639017
ID0000440,6/9/2024,2,5,31505,54,1,2,1.191,1.361,1.2,0.171,3,5158.79,performance_drift,2024-06,5041.324948
ID0000441,9/4/2024,3,8,23166,36,1,1,0.987,1.024,1.8,0.183,4,5755.02,performance_drift,2024-09,6069.48688
ID0000442,9/5/2024,1,11,6930,60,3,2,1.115,1.252,1.8,0.278,6,7235.1,performance_drift,2024-09,6733.38182
ID0000443,8/14/2024,1,8,14045,31,0,1,1.041,0.996,1.8,0.335,30,5730.72,performance_drift,2024-08,6069.48688
ID0000444,9/5/2024,0,4,18990,29,2,1,1.077,0.84,1.2,0.058,0,4980.56,performance_drift,2024-09,5753.639017
ID0000445,11/6/2024,1,7,11273,66,1,2,1.278,1.261,1.4,0.482,0,5671.96,performance_drift,2024-11,5041.324948
ID0000446,9/25/2024,0,12,6783,46,1,1,1.015,1.046,1.4,0.154,6,5241.31,performance_drift,2024-09,5041.324948
ID0000447,8/12/2024,1,0,22597,67,1,1,1.03,0.968,1.2,0.211,0,4415.85,performance_drift,2024-08,5041.324948
ID0000448,11/27/2024,1,17,5000,46,0,2,1.124,1.129,0.4,0.187,0,3587.67,performance_drift,2024-11,4284.85875
ID0000449,3/16/2024,2,18,8123,28,0,1,1.025,1.059,1,0.021,0,4517.58,performance_drift,2024-03,5041.324948
ID0000450,1/28/2024,2,0,27558,64,0,0,0.828,0.872,1,0.181,14,3213.15,performance_drift,2024-01,5041.324948
ID0000451,11/14/2024,3,16,8943,37,2,2,1.423,1.249,1.2,0.349,0,5813.08,performance_drift,2024-11,5753.639017
ID0000452,4/8/2024,3,11,13216,67,2,0,0.897,0.848,1,0.343,0,4611.17,performance_drift,2024-04,5753.639017
ID0000453,10/15/2024,4,8,35135,74,2,1,1.052,1.074,1.8,0.258,2,6160.01,performance_drift,2024-10,6733.38182
ID0000454,9/15/2024,1,7,9931,51,2,2,1.365,1.17,1.4,0.066,6,5482.81,performance_drift,2024-09,5753.639017
ID0000455,8/18/2024,1,0,28075,72,1,2,1.253,1.173,1.8,0.251,3,6259.01,performance_drift,2024-08,6069.48688
ID0000456,11/10/2024,1,1,16174,61,1,0,0.906,1.053,1.2,0.47,0,4245.52,performance_drift,2024-11,5041.324948
ID0000457,4/10/2024,1,1,16360,62,3,0,0.906,0.982,1,0.132,10,4868.3,performance_drift,2024-04,5753.639017
ID0000458,11/20/2024,0,13,7206,31,1,2,1.395,1.256,1.4,0.144,2,6225.26,performance_drift,2024-11,5041.324948
ID0000459,4/14/2024,1,7,10187,35,3,2,0.848,1.241,1.8,0.259,6,7422.08,performance_drift,2024-04,6733.38182
ID0000460,6/15/2024,3,1,33763,70,1,1,1.075,1.127,1.8,0.409,2,5811.95,performance_drift,2024-06,6069.48688
ID0000461,11/13/2024,1,5,14025,65,1,1,0.991,0.861,1.1,0.235,1,4110.91,performance_drift,2024-11,5041.324948
ID0000462,10/16/2024,0,5,9741,73,4,1,0.953,0.909,1.8,0.604,3,6965.1,performance_drift,2024-10,6733.38182
ID0000463,9/22/2024,2,0,33680,33,2,1,0.914,0.861,1.2,0.308,1,4894.31,performance_drift,2024-09,5753.639017
ID0000464,8/21/2024,3,12,15766,31,2,2,1.165,1.121,1.1,0.306,14,5961.35,performance_drift,2024-08,5753.639017
ID0000465,7/21/2024,2,4,21726,40,2,2,1.23,1.322,1.2,0.272,21,5944.1,performance_drift,2024-07,5753.639017
ID0000466,2/5/2024,0,13,5000,56,4,2,1.034,1.183,1.2,0.395,14,6401.77,performance_drift,2024-02,5753.639017
ID0000467,3/4/2024,1,3,13469,30,0,1,1.03,1.126,1.8,0.379,2,5703.44,performance_drift,2024-03,6069.48688
ID0000468,11/7/2024,3,7,22807,31,1,1,0.926,1.204,1.2,0.048,0,5025.49,performance_drift,2024-11,5041.324948
ID0000469,4/20/2024,0,15,10626,74,0,2,1.288,1.12,1.8,0.513,21,6221.29,performance_drift,2024-04,6069.48688
ID0000470,5/17/2024,2,6,23744,38,2,2,1.114,1.029,1,0.021,0,4996.92,performance_drift,2024-05,5753.639017
ID0000471,12/4/2024,0,6,12259,68,0,2,1.114,1.273,1.2,0.059,0,4576.21,performance_drift,2024-12,5041.324948
ID0000472,1/2/2024,0,2,23416,49,3,0,0.911,0.994,1.2,0.21,4,5307.99,performance_drift,2024-01,5753.639017
ID0000473,3/1/2024,1,12,6363,77,1,2,1.078,1.332,1.8,0.478,6,6562.5,performance_drift,2024-03,6069.48688
ID0000474,3/17/2024,3,3,28683,54,3,2,1.097,1.25,1.2,0.524,0,6178.6,performance_drift,2024-03,5753.639017
ID0000475,7/24/2024,4,0,60369,25,1,2,1.116,1.234,1.4,0.116,3,5388.68,performance_drift,2024-07,5041.324948
ID0000476,3/13/2024,2,11,8228,55,2,2,1.197,1.017,1.8,0.161,0,6613.78,performance_drift,2024-03,6733.38182
ID0000477,1/7/2024,2,5,25209,18,0,2,1.136,1.278,1.2,0.321,0,6213.55,performance_drift,2024-01,5041.324948
ID0000478,1/21/2024,0,9,13476,68,3,2,1.265,1.309,1.8,0.568,2,7429.68,performance_drift,2024-01,6733.38182
ID0000479,11/22/2024,1,4,15906,20,0,1,0.988,1.147,1.2,0.6,7,5723.72,performance_drift,2024-11,5041.324948
ID0000480,12/6/2024,2,16,7337,39,1,2,1.321,1.073,1.4,0.357,5,5782.2,performance_drift,2024-12,5041.324948
ID0000481,4/22/2024,2,9,20983,26,2,0,0.964,0.943,1.8,0.387,10,6362.16,performance_drift,2024-04,6733.38182
ID0000482,6/13/2024,0,6,18113,36,0,1,0.915,0.869,1.2,0.483,0,4592.85,performance_drift,2024-06,5041.324948
ID0000483,2/18/2024,1,12,6712,59,1,2,1.038,1.063,1.8,0.449,2,6211.14,performance_drift,2024-02,6069.48688
ID0000484,7/16/2024,0,9,11173,77,1,2,1.046,0.985,1.4,0.632,2,5506.03,performance_drift,2024-07,5041.324948
ID0000485,4/19/2024,0,3,12558,71,0,0,0.772,0.85,1,0.443,1,3550.54,performance_drift,2024-04,5041.324948
ID0000486,8/16/2024,1,7,8892,78,2,1,1.114,0.892,1.8,0.296,6,5807.22,performance_drift,2024-08,6733.38182
ID0000487,7/12/2024,1,2,17111,25,3,2,1.299,1.188,1.4,0.202,0,6460.62,performance_drift,2024-07,5753.639017
ID0000488,12/20/2024,0,20,5000,24,4,2,1.207,1.263,1.2,0.286,3,7653.19,performance_drift,2024-12,5753.639017
ID0000489,1/4/2024,2,6,23724,74,2,1,1.055,1.082,1.4,0.131,2,5507.38,performance_drift,2024-01,5753.639017
ID0000490,7/27/2024,2,2,42805,47,2,1,0.984,0.867,1,0.106,3,4226.39,performance_drift,2024-07,5753.639017
ID0000491,11/15/2024,1,5,14725,45,2,2,1.02,1.317,3.2,0.26,0,9448.24,performance_drift,2024-11,9219.214917
ID0000492,5/10/2024,2,12,11281,48,0,0,0.906,0.919,1.2,0.039,30,4316.56,performance_drift,2024-05,5041.324948
ID0000493,3/1/2024,2,3,24718,66,0,1,1.04,1.114,1,0.147,21,3795.4,performance_drift,2024-03,5041.324948
ID0000494,6/2/2024,2,15,7230,30,3,2,1.186,1.164,1.8,0.336,21,7487.64,performance_drift,2024-06,6733.38182
ID0000495,10/25/2024,1,9,8057,72,1,2,1.322,1.303,0.4,0.051,0,3571.35,performance_drift,2024-10,4284.85875
ID0000496,4/28/2024,2,7,20342,24,4,2,1.191,1.238,1.4,0.229,21,7960.23,performance_drift,2024-04,5753.639017
ID0000497,8/2/2024,1,8,24353,58,0,1,1.056,0.921,1.8,0.427,3,5454.61,performance_drift,2024-08,6069.48688
ID0000498,10/26/2024,1,5,17523,18,1,1,0.906,0.996,1.1,0.039,21,5523.57,performance_drift,2024-10,5041.324948
ID0000499,8/4/2024,2,6,14906,42,2,2,1.222,1.364,1,0.138,0,5452.67,performance_drift,2024-08,5753.639017
ID0000500,11/10/2024,3,12,16804,37,3,2,1.214,0.929,3.2,0.021,2,9732.33,performance_drift,2024-11,9219.214917
ID0000501,9/23/2024,1,10,11966,60,3,1,0.876,1.124,1.4,0.219,10,5998.26,performance_drift,2024-09,5753.639017
ID0000502,3/4/2024,1,0,18322,37,3,2,1.269,1.178,1.8,0.2,3,7248.18,performance_drift,2024-03,6733.38182
ID0000503,9/28/2024,1,1,17097,21,2,1,0.865,1.073,1.8,0.128,0,6947.84,performance_drift,2024-09,6733.38182
ID0000504,1/22/2024,2,7,24251,74,2,1,0.952,1.148,1.2,0.268,0,4872.82,performance_drift,2024-01,5753.639017
ID0000505,11/7/2024,2,0,31528,21,4,2,1.247,1.287,1.2,0.209,2,7059.14,performance_drift,2024-11,5753.639017
ID0000506,11/20/2024,3,12,16587,31,4,2,1.178,1.074,1.2,0.121,0,6180.6,performance_drift,2024-11,5753.639017
ID0000507,4/22/2024,1,11,10108,77,3,2,1.125,1.324,1.2,0.186,5,5958.29,performance_drift,2024-04,5753.639017
ID0000508,8/18/2024,1,6,13220,35,1,1,1.104,0.796,1.4,0.25,3,4778.63,performance_drift,2024-08,5041.324948
ID0000509,5/19/2024,3,0,31479,69,1,2,1.133,1.276,1.4,0.267,2,5298.04,performance_drift,2024-05,5041.324948
ID0000510,12/21/2024,0,8,8716,31,0,2,1.156,1.242,1.2,0.191,3,5432.44,performance_drift,2024-12,5041.324948
ID0000511,7/22/2024,2,11,14320,59,2,1,1.05,0.961,1.2,0.255,5,5176.91,performance_drift,2024-07,5753.639017
ID0000512,5/22/2024,0,9,10940,31,1,2,1.205,1.254,1.8,0.25,0,6678.61,performance_drift,2024-05,6069.48688
ID0000513,2/2/2024,1,6,17975,26,0,1,1.047,0.955,1.4,0.368,1,5249.94,performance_drift,2024-02,5041.324948
ID0000514,3/24/2024,3,0,53613,60,2,1,0.903,1.055,1.8,0.079,1,5643.18,performance_drift,2024-03,6733.38182
ID0000515,1/1/2024,3,10,15175,55,1,1,1.033,1.085,1.1,0.27,7,4880.67,performance_drift,2024-01,5041.324948
ID0000516,11/26/2024,1,0,25017,60,2,1,1.078,1.066,1.8,0.222,2,5942.71,performance_drift,2024-11,6733.38182
ID0000517,10/28/2024,3,14,11373,21,2,0,0.833,0.936,3.2,0.183,3,9436.99,performance_drift,2024-10,9219.214917
ID0000518,1/19/2024,3,11,22056,45,1,2,1.237,1.258,3.2,0.259,3,9021.46,performance_drift,2024-01,9219.214917
ID0000519,6/25/2024,3,8,27846,76,3,2,1.348,1.224,1.8,0.387,6,7074.63,performance_drift,2024-06,6733.38182
ID0000520,10/22/2024,2,3,35906,29,1,2,1.278,1.162,1.8,0.453,2,6729.81,performance_drift,2024-10,6069.48688
ID0000521,10/12/2024,1,15,6736,61,1,2,1.187,1.302,1.2,0.542,5,5946.68,performance_drift,2024-10,5041.324948
ID0000522,10/10/2024,1,13,8651,67,0,0,0.922,0.912,1.2,0.43,10,4293.04,performance_drift,2024-10,5041.324948
ID0000523,4/4/2024,1,6,10951,50,1,1,1.141,0.959,1.2,0.092,5,4745.14,performance_drift,2024-04,5041.324948
ID0000524,11/6/2024,2,7,15588,21,2,2,1.099,1.235,1.2,0.192,0,6384.67,performance_drift,2024-11,5753.639017
ID0000525,9/19/2024,0,5,7754,49,1,1,1.11,1.018,1.8,0.104,2,5297.17,performance_drift,2024-09,6069.48688
ID0000526,6/20/2024,1,6,19673,33,0,1,0.935,0.904,1.2,0.609,1,4823.95,performance_drift,2024-06,5041.324948
ID0000527,11/26/2024,2,5,28264,63,3,2,1.197,1.122,1.4,0.323,10,6540.61,performance_drift,2024-11,5753.639017
ID0000528,3/11/2024,4,17,11114,39,4,0,0.75,0.816,1.2,0.175,7,5729.4,performance_drift,2024-03,5753.639017
ID0000529,7/3/2024,1,2,17163,68,0,0,0.933,0.945,1.4,0.241,1,4066.85,performance_drift,2024-07,5041.324948
ID0000530,1/13/2024,2,8,16823,79,2,1,1.074,0.929,1,0.286,10,4581.68,performance_drift,2024-01,5753.639017
ID0000531,7/10/2024,2,4,29159,35,0,2,1.113,1.157,1.8,0.177,1,6146.96,performance_drift,2024-07,6069.48688
ID0000532,6/3/2024,2,11,10920,39,2,1,0.937,1.117,3.2,0.121,0,8773.66,performance_drift,2024-06,9219.214917
ID0000533,1/3/2024,4,12,18257,56,4,1,1.025,0.893,1.2,0.349,2,5858.58,performance_drift,2024-01,5753.639017
ID0000534,12/26/2024,2,11,13051,24,1,0,0.842,1.021,1.2,0.164,21,5735.76,performance_drift,2024-12,5041.324948
ID0000535,12/19/2024,0,12,8709,37,4,1,1.011,1.035,1.2,0.331,0,5983.84,performance_drift,2024-12,5753.639017
ID0000536,5/2/2024,3,9,13855,60,3,2,1.087,1.377,1.2,0.314,10,6612.52,performance_drift,2024-05,5753.639017
ID0000537,11/2/2024,2,8,19980,36,3,2,1.22,1.307,1.2,0.172,0,6313.95,performance_drift,2024-11,5753.639017
ID0000538,7/7/2024,2,1,24376,51,0,2,1.238,1.277,1.8,0.131,30,6382.58,performance_drift,2024-07,6069.48688
ID0000539,9/27/2024,4,10,21987,43,0,1,0.883,1.168,0.4,0.405,1,3259.81,performance_drift,2024-09,4284.85875
ID0000540,2/25/2024,1,0,19597,73,3,1,0.865,0.977,1.8,0.392,0,6287.04,performance_drift,2024-02,6733.38182
ID0000541,2/4/2024,4,4,31116,53,1,0,1.02,1.004,1.4,0.273,2,5011.65,performance_drift,2024-02,5041.324948
ID0000542,9/23/2024,3,10,16934,40,2,2,1.279,1.131,1.8,0.198,1,6823.59,performance_drift,2024-09,6733.38182
ID0000543,2/3/2024,1,6,14168,18,2,1,0.971,1.01,1.4,0.111,1,6516.07,performance_drift,2024-02,5753.639017
ID0000544,11/7/2024,1,4,13736,51,1,1,1.033,1.111,1.4,0.467,0,5044.52,performance_drift,2024-11,5041.324948
ID0000545,12/10/2024,2,5,18062,75,2,1,1.056,0.897,1.8,0.445,3,5967.93,performance_drift,2024-12,6733.38182
ID0000546,4/3/2024,3,11,21803,39,3,2,1.052,1.185,1.4,0.161,2,6166.63,performance_drift,2024-04,5753.639017
ID0000547,1/14/2024,1,5,8249,22,1,1,1.004,1.075,1,0.213,1,5273.28,performance_drift,2024-01,5041.324948
ID0000548,7/5/2024,2,3,26330,39,1,2,1.037,1.367,3.2,0.267,2,9142.77,performance_drift,2024-07,9219.214917
ID0000549,4/7/2024,2,10,12952,23,1,2,1.175,1.376,1.8,0.597,0,7788.7,performance_drift,2024-04,6069.48688
ID0000550,4/14/2024,1,14,7416,27,0,2,1.232,1.115,1.8,0.214,30,6323.36,performance_drift,2024-04,6069.48688
ID0000551,4/11/2024,1,6,17310,38,0,2,1.065,1.263,1.4,0.221,0,5461.18,performance_drift,2024-04,5041.324948
ID0000552,4/8/2024,0,1,20016,41,1,2,1.251,1.254,1.8,0.121,4,6390.9,performance_drift,2024-04,6069.48688
ID0000553,4/27/2024,0,15,5000,57,2,2,1.166,1.239,1,0.051,21,5496.22,performance_drift,2024-04,5753.639017
ID0000554,1/17/2024,3,18,9191,37,2,1,1.032,0.893,1.2,0.363,5,5606.64,performance_drift,2024-01,5753.639017
ID0000555,1/4/2024,2,7,18301,22,2,1,1.126,0.843,1.4,0.404,0,6485.22,performance_drift,2024-01,5753.639017
ID0000556,5/24/2024,3,9,14328,42,0,1,1.026,0.823,1.2,0.66,7,4848.1,performance_drift,2024-05,5041.324948
ID0000557,6/19/2024,0,9,8105,69,1,2,1.039,1.363,1.2,0.098,1,5226.07,performance_drift,2024-06,5041.324948
ID0000558,11/13/2024,3,9,14871,42,2,1,1.038,1.024,1.8,0.147,14,6464.84,performance_drift,2024-11,6733.38182
ID0000559,8/22/2024,2,11,15755,52,3,1,1.073,0.958,1,0.54,14,5366.53,performance_drift,2024-08,5753.639017
ID0000560,10/26/2024,1,9,8784,28,0,1,0.907,1.039,1.2,0.255,21,4862.69,performance_drift,2024-10,5041.324948
ID0000561,2/17/2024,1,7,14976,65,2,1,0.99,0.899,1.4,0.155,2,5341.64,performance_drift,2024-02,5753.639017
ID0000562,9/21/2024,1,6,12262,76,3,0,1.008,0.935,1.8,0.265,2,5961.61,performance_drift,2024-09,6733.38182
ID0000563,8/19/2024,0,5,5436,36,2,1,1.026,0.828,1,0.316,1,4593.63,performance_drift,2024-08,5753.639017
ID0000564,5/24/2024,1,13,5000,39,0,2,1.125,1.349,1,0.347,1,4974.43,performance_drift,2024-05,5041.324948
ID0000565,3/4/2024,1,4,14037,62,1,2,1.206,1.249,1.4,0.271,0,5620.01,performance_drift,2024-03,5041.324948
ID0000566,7/13/2024,2,6,16150,26,1,1,1.012,1.243,1.2,0.481,1,5631.42,performance_drift,2024-07,5041.324948
ID0000567,7/24/2024,2,6,23606,30,3,2,1.184,1.259,0.4,0.391,6,5037.4,performance_drift,2024-07,4284.85875
ID0000568,8/22/2024,2,10,16975,74,2,1,1.108,1.049,1,0.253,4,4696.99,performance_drift,2024-08,5753.639017
ID0000569,4/26/2024,1,5,13958,22,2,1,1.195,0.99,1,0.203,0,5699.81,performance_drift,2024-04,5753.639017
ID0000570,2/28/2024,4,9,24904,40,0,1,1.002,1.146,1.2,0.299,0,4892.35,performance_drift,2024-02,5041.324948
ID0000571,2/17/2024,3,14,9851,58,1,1,0.945,1.004,3.2,0.302,2,8750.33,performance_drift,2024-02,9219.214917
ID0000572,10/5/2024,0,9,8463,51,0,2,1.194,1.204,1.2,0.296,2,4925.54,performance_drift,2024-10,5041.324948
ID0000573,4/11/2024,2,15,7979,64,1,2,1.184,1.333,1.4,0.648,14,6387.94,performance_drift,2024-04,5041.324948
ID0000574,4/18/2024,0,8,10245,63,1,2,1.067,1.055,1.4,0.248,0,5325.94,performance_drift,2024-04,5041.324948
ID0000575,5/20/2024,2,8,20779,51,1,1,1.039,0.927,1,0.074,0,4125.25,performance_drift,2024-05,5041.324948
ID0000576,5/25/2024,4,14,25256,56,1,1,1.017,0.965,1.4,0.308,6,5487.71,performance_drift,2024-05,5041.324948
ID0000577,4/20/2024,0,10,6319,64,1,0,0.994,0.854,1.8,0.297,3,5490.21,performance_drift,2024-04,6069.48688
ID0000578,1/27/2024,1,8,19760,38,1,2,1.117,1.371,1.2,0.55,1,5837.23,performance_drift,2024-01,5041.324948
ID0000579,2/20/2024,2,7,15670,79,1,1,1.032,1.007,1.2,0.205,5,4754.82,performance_drift,2024-02,5041.324948
ID0000580,6/11/2024,1,9,14973,36,0,2,1.029,0.949,1.4,0.286,0,5201.52,performance_drift,2024-06,5041.324948
ID0000581,5/20/2024,2,12,11247,28,0,2,1.166,1.245,1.4,0.162,2,5468.91,performance_drift,2024-05,5041.324948
ID0000582,9/15/2024,1,11,9110,26,2,1,1.105,1.027,1.8,0.309,4,6727.68,performance_drift,2024-09,6733.38182
ID0000583,6/6/2024,1,20,5000,26,0,1,1.052,1.103,1.2,0.384,3,5032.34,performance_drift,2024-06,5041.324948
ID0000584,5/12/2024,2,0,23861,59,1,1,0.965,0.907,1.4,0.126,6,4598.69,performance_drift,2024-05,5041.324948
ID0000585,8/27/2024,0,3,11445,35,2,1,1.157,0.999,1.1,0.436,2,5034.79,performance_drift,2024-08,5753.639017
ID0000586,7/19/2024,2,5,11999,67,3,2,1.137,1.164,1.4,0.028,1,5940.76,performance_drift,2024-07,5753.639017
ID0000587,12/11/2024,2,7,21249,46,4,1,0.878,0.796,1.2,0.169,3,5702.46,performance_drift,2024-12,5753.639017
ID0000588,8/12/2024,1,13,7943,34,2,2,1.096,1.234,1.8,0.332,3,7060.3,performance_drift,2024-08,6733.38182
ID0000589,2/1/2024,2,13,10111,45,0,0,0.977,0.812,1.8,0.132,2,4836.74,performance_drift,2024-02,6069.48688
ID0000590,12/19/2024,1,11,8973,57,3,1,1.044,1.102,1.8,0.034,10,6559.83,performance_drift,2024-12,6733.38182
ID0000591,2/5/2024,2,6,22384,39,2,1,1.002,1.032,1,0.342,0,4963.11,performance_drift,2024-02,5753.639017
ID0000592,11/17/2024,0,8,12421,25,2,2,1.11,1.341,1.4,0.305,3,6431.97,performance_drift,2024-11,5753.639017
ID0000593,12/28/2024,0,2,12779,69,2,1,0.898,0.945,1,0.465,14,4665.97,performance_drift,2024-12,5753.639017
ID0000594,6/28/2024,2,10,11927,52,0,1,0.992,1.047,1,0.094,0,3873.51,performance_drift,2024-06,5041.324948
ID0000595,1/26/2024,3,8,16029,26,2,0,0.914,0.838,1.8,0.236,0,5864.08,performance_drift,2024-01,6733.38182
ID0000596,4/17/2024,1,12,6417,61,1,2,1.08,0.962,1.8,0.336,0,6258.26,performance_drift,2024-04,6069.48688
ID0000597,12/11/2024,0,14,5000,25,1,0,0.95,0.91,1.4,0.089,5,5129.37,performance_drift,2024-12,5041.324948
ID0000598,10/17/2024,1,13,5698,75,0,0,0.854,1.081,1.4,0.059,21,4467.68,performance_drift,2024-10,5041.324948
ID0000599,7/10/2024,2,17,6886,34,3,2,1.35,1.161,1.8,0.441,1,7425.09,performance_drift,2024-07,6733.38182
ID0000600,7/10/2024,2,0,23630,62,2,2,1.217,1.366,0.4,0.426,30,4365.79,performance_drift,2024-07,4284.85875
ID0000601,5/2/2024,3,5,24046,31,0,0,0.983,0.848,1,0.468,30,4253.09,performance_drift,2024-05,5041.324948
ID0000602,10/13/2024,1,0,24917,62,3,2,1.324,1.207,1.8,0.34,0,6747.99,performance_drift,2024-10,6733.38182
ID0000603,11/12/2024,1,9,14380,23,1,2,1.118,1.231,1,0.04,2,5754.17,performance_drift,2024-11,5041.324948
ID0000604,2/20/2024,2,8,13403,77,0,2,1.168,1.16,1.2,0.097,30,4731.2,performance_drift,2024-02,5041.324948
ID0000605,11/19/2024,2,9,14505,58,1,2,1.176,1.106,1.1,0.162,0,4775.71,performance_drift,2024-11,5041.324948
ID0000606,4/23/2024,3,12,22517,40,0,1,0.973,1.055,1.2,0.37,3,4772.27,performance_drift,2024-04,5041.324948
ID0000607,7/24/2024,3,13,11962,60,0,2,1.378,1.126,1.2,0.424,1,5176.72,performance_drift,2024-07,5041.324948
ID0000608,9/14/2024,1,5,13783,63,2,2,1.111,1.294,1,0.317,3,5217.01,performance_drift,2024-09,5753.639017
ID0000609,6/23/2024,0,7,10725,77,1,1,0.974,1.003,1.4,0.277,30,5371.63,performance_drift,2024-06,5041.324948
ID0000610,8/2/2024,2,3,23591,58,1,2,1.423,1.218,1.1,0.147,6,4931.04,performance_drift,2024-08,5041.324948
ID0000611,5/21/2024,1,11,10857,52,3,1,0.936,0.981,0.4,0.181,30,4411.25,performance_drift,2024-05,3601.604965
ID0000612,4/16/2024,3,1,28946,38,1,2,1.066,1.121,1.4,0.091,1,5760.55,performance_drift,2024-04,5041.324948
ID0000613,2/5/2024,1,6,11969,43,1,2,1.105,1.227,1.2,0.114,6,5643.06,performance_drift,2024-02,5041.324948
ID0000614,5/6/2024,1,16,5956,79,0,2,1.049,1.105,1.2,0.374,6,4993.06,performance_drift,2024-05,5041.324948
ID0000615,4/16/2024,3,7,21941,49,2,2,1.244,1.074,0.4,0.223,14,4166.05,performance_drift,2024-04,3601.604965
ID0000616,5/1/2024,2,11,8691,74,1,0,0.803,1.022,1.2,0.164,3,4359.24,performance_drift,2024-05,5041.324948
ID0000617,7/14/2024,2,12,12465,24,2,2,1.203,1.431,1.8,0.536,14,8453.73,performance_drift,2024-07,6733.38182
ID0000618,10/13/2024,3,5,17713,32,3,1,1.013,0.89,1.2,0.217,4,5154.34,performance_drift,2024-10,5753.639017
ID0000619,5/24/2024,2,11,9141,25,0,1,0.952,1.133,0.4,0.379,14,3540.69,performance_drift,2024-05,4284.85875
ID0000620,1/17/2024,3,9,15234,33,3,0,0.761,0.963,1.8,0.022,0,6222.03,performance_drift,2024-01,6733.38182
ID0000621,1/1/2024,2,15,16565,26,1,1,0.998,1.013,1.2,0.142,14,5103.73,performance_drift,2024-01,5041.324948
ID0000622,3/25/2024,2,5,20648,74,2,1,0.995,1.081,0.4,0.26,1,3392.44,performance_drift,2024-03,3601.604965
ID0000623,6/5/2024,0,10,8219,19,2,2,1.135,1.1,1.8,0.552,0,8018.92,performance_drift,2024-06,6733.38182
ID0000624,8/20/2024,3,11,16990,72,2,0,0.922,0.979,1,0.444,2,4304.36,performance_drift,2024-08,5753.639017
ID0000625,4/8/2024,2,15,10852,31,0,2,1.212,0.976,1.4,0.13,1,5233.62,performance_drift,2024-04,5041.324948
ID0000626,3/12/2024,1,4,22402,28,0,0,0.896,1.034,1.4,0.22,2,4541.8,performance_drift,2024-03,5041.324948
ID0000627,11/22/2024,2,3,20628,75,1,1,1.054,1.072,1.4,0.359,2,4930.4,performance_drift,2024-11,5041.324948
ID0000628,8/8/2024,3,16,11578,75,4,1,0.9,0.93,1.8,0.339,2,6754.91,performance_drift,2024-08,6733.38182
ID0000629,4/5/2024,4,14,16831,55,0,2,1.161,1.184,1.1,0.166,3,4949.14,performance_drift,2024-04,5041.324948
ID0000630,6/2/2024,0,15,7078,65,2,1,1.003,0.871,1.1,0.349,1,4916.53,performance_drift,2024-06,5753.639017
ID0000631,2/22/2024,2,9,24328,57,2,2,1.207,1.181,1.8,0.579,7,7235.64,performance_drift,2024-02,6733.38182
ID0000632,10/6/2024,2,10,13755,62,0,0,0.823,0.925,1.8,0.106,1,4801.83,performance_drift,2024-10,6069.48688
ID0000633,8/6/2024,2,8,15929,55,1,1,1.088,1.058,1.4,0.404,3,5327.45,performance_drift,2024-08,5041.324948
ID0000634,10/9/2024,2,0,35183,24,0,2,1.318,1.195,0.4,0.286,7,4113.83,performance_drift,2024-10,4284.85875
ID0000635,3/22/2024,0,11,7215,20,0,2,1.259,1.198,3.2,0.262,0,9610.5,performance_drift,2024-03,8216.463966
ID0000636,4/16/2024,2,10,12482,35,1,2,1.181,1.003,1,0.058,1,4928.99,performance_drift,2024-04,5041.324948
ID0000637,3/20/2024,1,11,6384,59,1,2,1.206,1.422,1.4,0.33,0,5818.91,performance_drift,2024-03,5041.324948
ID0000638,3/26/2024,3,13,8135,62,0,0,0.967,0.985,1.2,0.096,0,4206.98,performance_drift,2024-03,5041.324948
ID0000639,9/7/2024,0,2,12546,75,1,2,1.176,1.359,1.8,0.35,1,6182.82,performance_drift,2024-09,6069.48688
ID0000640,1/17/2024,2,10,12765,72,0,2,1.165,1.189,1.2,0.197,2,4625.53,performance_drift,2024-01,5041.324948
ID0000641,6/18/2024,2,18,12045,25,1,2,1.177,1.152,1.1,0.258,21,5760.88,performance_drift,2024-06,5041.324948
ID0000642,6/22/2024,4,16,13539,77,0,2,1.285,1.109,1,0.168,5,4569.96,performance_drift,2024-06,5041.324948
ID0000643,5/23/2024,1,5,20171,24,1,2,1.087,1.498,1.8,0.326,7,7711.97,performance_drift,2024-05,6069.48688
ID0000644,6/22/2024,4,0,42998,35,1,2,1.148,1.276,1.4,0.295,0,5753.65,performance_drift,2024-06,5041.324948
ID0000645,4/17/2024,2,18,7340,21,3,1,0.87,1.135,1.2,0.349,4,6929.08,performance_drift,2024-04,5753.639017
ID0000646,9/27/2024,2,1,31913,54,3,2,1.109,1.091,1.8,0.562,1,6898.8,performance_drift,2024-09,6733.38182
ID0000647,10/1/2024,2,11,14095,36,1,1,1.13,1.005,1.4,0.326,4,5105.12,performance_drift,2024-10,5041.324948
ID0000648,9/20/2024,0,19,5000,32,1,2,1.208,1.5,1.4,0.237,10,6469.77,performance_drift,2024-09,5041.324948
ID0000649,12/27/2024,1,9,13042,47,0,2,1.183,1.135,1.8,0.219,0,5878.8,performance_drift,2024-12,6069.48688
ID0000650,10/15/2024,1,5,12111,72,2,1,1.142,1.001,1.2,0.21,0,4939.49,performance_drift,2024-10,5753.639017
ID0000651,1/21/2024,4,11,26502,51,1,2,1.134,1.409,1.4,0.038,1,5719.41,performance_drift,2024-01,5041.324948
ID0000652,9/10/2024,2,7,24201,65,0,1,0.92,0.986,1,0.598,3,4486.63,performance_drift,2024-09,5041.324948
ID0000653,6/15/2024,1,1,17640,42,1,1,1.094,1.004,1.2,0.361,2,4868.15,performance_drift,2024-06,5041.324948
ID0000654,8/12/2024,2,12,11088,41,1,1,1.159,0.913,1,0.404,1,4546.53,performance_drift,2024-08,5041.324948
ID0000655,5/6/2024,1,4,12527,72,1,2,1.173,1.152,1.4,0.291,0,5459.27,performance_drift,2024-05,5041.324948
ID0000656,6/25/2024,0,10,8427,78,0,2,1.061,1.144,1.8,0.212,0,5729.21,performance_drift,2024-06,6069.48688
ID0000657,11/15/2024,2,8,20664,52,1,0,0.877,0.928,1,0.331,1,4301.14,performance_drift,2024-11,5041.324948
ID0000658,3/26/2024,4,10,36524,28,0,2,1.01,1.044,0.4,0.183,0,3443.43,performance_drift,2024-03,3601.604965
ID0000659,11/5/2024,2,14,7634,29,0,0,0.935,0.919,1.2,0.25,1,4601.01,performance_drift,2024-11,5041.324948
ID0000660,9/2/2024,1,15,6208,70,0,2,1.256,1.402,1.1,0.224,2,4872.65,performance_drift,2024-09,5041.324948
ID0000661,6/23/2024,2,9,15717,23,3,2,1.22,1.244,1.2,0.207,7,7047.95,performance_drift,2024-06,5753.639017
ID0000662,10/12/2024,1,6,12049,54,1,2,1.172,1.145,1.2,0.476,0,5305.87,performance_drift,2024-10,5041.324948
ID0000663,12/24/2024,2,9,13589,78,0,0,0.943,0.946,1.4,0.042,30,4241.55,performance_drift,2024-12,5041.324948
ID0000664,2/20/2024,1,8,11612,30,2,2,1.31,1.266,1.2,0.52,0,6035.41,performance_drift,2024-02,5753.639017
ID0000665,9/20/2024,0,7,13025,72,3,2,1.226,1.034,3.2,0.261,3,9242.01,performance_drift,2024-09,9219.214917
ID0000666,4/2/2024,2,17,8886,46,1,1,1.115,0.925,1.8,0.276,30,6142.83,performance_drift,2024-04,6069.48688
ID0000667,10/4/2024,1,8,8198,26,0,1,0.966,0.949,1.2,0.299,3,4499.66,performance_drift,2024-10,5041.324948
ID0000668,7/17/2024,3,12,21183,67,0,2,1.152,1.067,0.4,0.203,0,3361.21,performance_drift,2024-07,3601.604965
ID0000669,3/17/2024,2,8,9125,36,0,1,1.047,0.99,1.4,0.303,0,4817.1,performance_drift,2024-03,5041.324948
ID0000670,4/5/2024,3,9,17276,50,4,2,1.235,1.209,1,0.293,1,6308.07,performance_drift,2024-04,5753.639017
ID0000671,12/28/2024,1,12,6993,72,4,2,1.085,1.235,1.8,0.111,4,7578.47,performance_drift,2024-12,6733.38182
ID0000672,6/12/2024,1,6,12633,27,1,2,1.321,1.05,1.8,0.041,3,6150.52,performance_drift,2024-06,6069.48688
ID0000673,11/25/2024,3,5,15381,77,0,2,1.158,1.2,1.4,0.442,0,5212.16,performance_drift,2024-11,5041.324948
ID0000674,11/10/2024,2,13,8621,42,2,0,0.969,0.976,1.4,0.214,0,5430.67,performance_drift,2024-11,5753.639017
ID0000675,3/6/2024,1,8,11377,29,3,2,1.136,1.151,1,0.298,1,5905.97,performance_drift,2024-03,5753.639017
ID0000676,4/14/2024,1,7,13900,26,1,1,1.106,1.185,1.8,0.044,2,6048.82,performance_drift,2024-04,6069.48688
ID0000677,7/6/2024,3,8,20218,39,2,0,0.87,0.757,1.2,0.147,5,4737.25,performance_drift,2024-07,5753.639017
ID0000678,8/22/2024,2,5,30181,51,4,1,1.007,0.903,1,0.447,21,5524.2,performance_drift,2024-08,5753.639017
ID0000679,6/27/2024,1,11,9794,60,2,2,1.078,1.176,1.4,0.3,21,6191.54,performance_drift,2024-06,5753.639017
ID0000680,7/24/2024,4,8,22518,25,2,2,1.124,1.243,1.4,0.276,0,6472.71,performance_drift,2024-07,5753.639017
ID0000681,10/20/2024,3,10,13447,34,0,1,1.001,1.096,1.8,0.168,30,6009.73,performance_drift,2024-10,6069.48688
ID0000682,5/27/2024,3,7,19840,69,3,2,1.408,1.172,0.4,0.22,4,4225.95,performance_drift,2024-05,4284.85875
ID0000683,10/27/2024,0,9,9471,41,2,2,1.321,1.271,1.2,0.652,0,6032.95,performance_drift,2024-10,5753.639017
ID0000684,4/6/2024,1,13,7666,53,2,0,0.958,0.835,1,0.355,1,4529.13,performance_drift,2024-04,5753.639017
ID0000685,10/17/2024,0,11,6252,54,3,0,0.925,1.006,1.4,0.332,1,5567.54,performance_drift,2024-10,5753.639017
ID0000686,6/3/2024,0,15,6107,65,0,2,1.371,1.214,1.8,0.457,2,6124.11,performance_drift,2024-06,6069.48688
ID0000687,3/22/2024,2,2,34373,18,0,1,0.849,0.947,1.4,0.138,5,5527.35,performance_drift,2024-03,5041.324948
ID0000688,1/28/2024,3,6,28167,24,4,1,0.97,1.116,1,0.341,5,6440.28,performance_drift,2024-01,5753.639017
ID0000689,6/13/2024,2,6,25478,41,0,2,1.258,1.538,1.2,0.468,3,5878.2,performance_drift,2024-06,5041.324948
ID0000690,2/4/2024,1,8,10569,24,2,1,0.962,0.997,1.2,0.26,4,5982.25,performance_drift,2024-02,5753.639017
ID0000691,12/11/2024,1,5,26151,33,0,1,0.932,0.99,1.8,0.278,2,5705.49,performance_drift,2024-12,6069.48688
ID0000692,10/21/2024,4,0,32872,50,1,1,1.085,1.198,1.2,0.228,3,4614.38,performance_drift,2024-10,5041.324948
ID0000693,2/9/2024,0,18,5000,37,2,1,1.003,1.064,1.1,0.201,0,5302.6,performance_drift,2024-02,5753.639017
ID0000694,2/27/2024,2,20,11619,51,2,0,0.922,0.89,1.4,0.218,5,5520.38,performance_drift,2024-02,5753.639017
ID0000695,11/16/2024,3,2,20082,28,2,2,1.271,1.067,1.2,0.442,10,5826.43,performance_drift,2024-11,5753.639017
ID0000696,4/26/2024,4,9,29294,54,0,2,1.407,1.331,3.2,0.522,5,9037.67,performance_drift,2024-04,8216.463966
ID0000697,10/19/2024,3,12,12247,24,2,2,1.145,1.17,0.4,0.239,1,5102.24,performance_drift,2024-10,4284.85875
ID0000698,6/6/2024,2,7,23993,59,3,2,1.23,1.251,1.8,0.07,1,6961.82,performance_drift,2024-06,6733.38182
ID0000699,7/2/2024,4,11,21387,36,3,1,1.052,1.054,1.2,0.19,0,5665.6,performance_drift,2024-07,5753.639017
ID0000700,10/12/2024,1,6,10514,49,0,1,1.072,1.091,1.8,0.668,4,5699.41,performance_drift,2024-10,6069.48688
ID0000701,10/27/2024,4,13,15344,49,4,1,0.979,1.005,1.4,0.079,1,6395.72,performance_drift,2024-10,5753.639017
ID0000702,9/21/2024,4,9,28886,71,3,0,0.968,0.829,1,0.138,1,4325.83,performance_drift,2024-09,5753.639017
ID0000703,6/19/2024,1,8,15269,27,0,0,0.945,0.988,1.1,0.181,2,4079.25,performance_drift,2024-06,5041.324948
ID0000704,6/6/2024,2,16,8399,54,0,2,1.197,1.324,1,0.114,21,5134.96,performance_drift,2024-06,5041.324948
ID0000705,4/26/2024,1,15,7826,34,2,0,0.952,0.849,1.8,0.107,6,6109.83,performance_drift,2024-04,6733.38182
ID0000706,9/28/2024,2,0,32278,60,1,1,0.922,1.05,1.2,0.079,2,4853.86,performance_drift,2024-09,5041.324948
ID0000707,11/25/2024,2,5,15887,63,3,1,1.188,0.763,1.8,0.234,4,6116.7,performance_drift,2024-11,6733.38182
ID0000708,4/6/2024,3,17,10461,36,3,2,1.161,1.295,1.8,0.47,4,7943.48,performance_drift,2024-04,6733.38182
ID0000709,3/5/2024,2,9,13748,29,2,0,0.991,0.891,1,0.205,5,4554.83,performance_drift,2024-03,5753.639017
ID0000710,10/23/2024,1,18,6167,54,3,1,0.992,1.041,1,0.297,0,5430.93,performance_drift,2024-10,5753.639017
ID0000711,3/17/2024,1,12,9130,76,1,2,1.246,1.074,1.2,0.043,21,5252.67,performance_drift,2024-03,5041.324948
ID0000712,1/10/2024,2,6,16933,23,2,2,1.25,1.208,1.1,0.329,7,6569.76,performance_drift,2024-01,5753.639017
ID0000713,12/20/2024,3,8,28534,53,4,2,1.149,1.353,1,0.168,0,6023,performance_drift,2024-12,5753.639017
ID0000714,4/11/2024,1,6,14805,65,2,2,1.137,1.347,1.4,0.219,10,6078.84,performance_drift,2024-04,5753.639017
ID0000715,1/19/2024,1,11,8203,58,0,1,0.939,1.113,1.2,0.383,4,4738.8,performance_drift,2024-01,5041.324948
ID0000716,4/25/2024,4,9,32596,54,2,1,0.968,0.993,1.2,0.478,30,5804.84,performance_drift,2024-04,5753.639017
ID0000717,4/26/2024,2,9,19844,53,1,2,1.164,1.239,0.4,0.172,7,3809.2,performance_drift,2024-04,4284.85875
ID0000718,5/27/2024,1,12,5286,27,0,1,1.029,0.75,1.1,0.216,5,4295.69,performance_drift,2024-05,5041.324948
ID0000719,10/8/2024,4,12,24682,73,2,1,0.843,0.948,1.2,0.189,0,5039.27,performance_drift,2024-10,5753.639017
ID0000720,2/16/2024,1,8,15847,79,2,0,0.772,0.822,1.4,0.097,0,4685.15,performance_drift,2024-02,5753.639017
ID0000721,10/25/2024,2,9,15030,30,2,1,1,0.943,1,0.093,1,4716.6,performance_drift,2024-10,5753.639017
ID0000722,11/3/2024,4,0,64707,28,1,1,1.109,1.168,1.4,0.472,1,5613.82,performance_drift,2024-11,5041.324948
ID0000723,6/11/2024,1,11,9322,49,0,0,0.877,0.834,1.2,0.234,0,3890.63,performance_drift,2024-06,5041.324948
ID0000724,5/7/2024,1,9,10496,65,1,1,1.018,1.12,1.8,0.132,21,6313.63,performance_drift,2024-05,6069.48688
ID0000725,12/11/2024,3,4,19542,33,0,2,1.179,1.338,1,0.364,5,4530.11,performance_drift,2024-12,5041.324948
ID0000726,7/12/2024,2,13,8715,32,4,1,0.964,0.969,1.2,0.275,0,5793.52,performance_drift,2024-07,5753.639017
ID0000727,9/25/2024,2,11,15191,66,2,1,0.919,1.026,3.2,0.328,0,8793.86,performance_drift,2024-09,9219.214917
ID0000728,2/19/2024,0,4,11805,56,2,1,1.062,1.149,0.4,0.06,2,3708.8,performance_drift,2024-02,4284.85875
ID0000729,7/23/2024,1,5,13160,61,2,1,0.975,1.009,1.4,0.44,30,5817.29,performance_drift,2024-07,5753.639017
ID0000730,6/27/2024,2,0,29263,21,2,2,1.073,1.156,1.4,0.031,3,6481.47,performance_drift,2024-06,5753.639017
ID0000731,6/18/2024,2,3,23041,56,0,2,0.99,1.19,1.2,0.289,30,5046.82,performance_drift,2024-06,5041.324948
ID0000732,5/23/2024,1,5,20257,68,1,1,1.057,1.024,1,0.376,4,4363.9,performance_drift,2024-05,5041.324948
ID0000733,4/10/2024,0,9,7899,63,1,1,1.007,0.851,1.8,0.261,0,5483.34,performance_drift,2024-04,6069.48688
ID0000734,1/12/2024,3,5,21009,67,2,1,1.046,1.006,1.4,0.14,4,5195.49,performance_drift,2024-01,5753.639017
ID0000735,2/25/2024,1,6,18158,20,3,2,1.262,1.173,1.8,0.366,0,7883.45,performance_drift,2024-02,6733.38182
ID0000736,7/16/2024,3,17,11128,27,1,1,0.944,1.162,1.1,0.356,21,5648.21,performance_drift,2024-07,5041.324948
ID0000737,11/9/2024,3,10,18388,56,3,1,0.893,1.157,1,0.178,14,5455.69,performance_drift,2024-11,5753.639017
ID0000738,9/19/2024,1,8,12529,60,0,2,1.159,1.489,1.8,0.07,30,6382.98,performance_drift,2024-09,6069.48688
ID0000739,11/18/2024,2,4,21333,28,1,2,1.255,1.276,0.4,0.08,21,4048.18,performance_drift,2024-11,4284.85875
ID0000740,10/20/2024,2,16,9289,58,4,2,1.269,1.247,1.2,0.191,21,6629.2,performance_drift,2024-10,5753.639017
ID0000741,10/10/2024,1,0,16617,44,2,2,1.153,1.1,1,0.124,4,4925.31,performance_drift,2024-10,5753.639017
ID0000742,9/16/2024,3,7,18019,65,1,1,0.952,0.976,1.4,0.398,1,5126.41,performance_drift,2024-09,5041.324948
ID0000743,12/13/2024,3,3,24617,60,0,0,0.836,0.918,1.4,0.288,3,4214.59,performance_drift,2024-12,5041.324948
ID0000744,10/14/2024,3,4,44201,37,1,1,1.032,0.913,1.2,0.404,2,4736.33,performance_drift,2024-10,5041.324948
ID0000745,9/1/2024,1,10,8113,56,2,1,1.01,0.826,1.2,0.506,1,5175.99,performance_drift,2024-09,5753.639017
ID0000746,8/8/2024,1,18,5542,25,2,1,1.105,1.016,1.2,0.225,1,5573.57,performance_drift,2024-08,5753.639017
ID0000747,7/27/2024,3,13,10977,69,2,2,1.202,1.307,1.4,0.057,0,5984.17,performance_drift,2024-07,5753.639017
ID0000748,9/5/2024,0,6,10980,62,1,2,1.156,1.295,1.4,0.502,4,5858.73,performance_drift,2024-09,5041.324948
ID0000749,5/22/2024,3,11,13616,49,0,2,1.274,1.108,1.8,0.477,21,6330.45,performance_drift,2024-05,6069.48688
ID0000750,5/23/2024,1,9,8206,45,3,1,0.968,0.944,1.2,0.07,5,5235.96,performance_drift,2024-05,5753.639017
ID0000751,12/16/2024,1,5,18517,23,0,1,1.007,1.089,1.8,0.19,21,6575.22,performance_drift,2024-12,6069.48688
ID0000752,6/3/2024,0,9,12696,70,3,2,1.139,1.352,1.8,0.178,5,7309.23,performance_drift,2024-06,6733.38182
ID0000753,4/26/2024,2,0,31004,35,1,2,1.172,1.265,1.2,0.328,0,5231.53,performance_drift,2024-04,5041.324948
ID0000754,5/14/2024,1,9,13996,37,3,0,0.936,1.007,1.2,0.213,2,5213.12,performance_drift,2024-05,5753.639017
ID0000755,4/4/2024,3,8,26847,51,2,1,0.753,1.083,1.4,0.268,14,5663.39,performance_drift,2024-04,5753.639017
ID0000756,8/23/2024,2,13,16279,39,2,1,0.858,1.078,1.8,0.314,14,6636.79,performance_drift,2024-08,6733.38182
ID0000757,3/14/2024,2,8,17095,71,2,1,1.048,1.007,1.2,0.458,21,5520.09,performance_drift,2024-03,5753.639017
ID0000758,5/7/2024,3,13,14567,25,0,2,1.266,1.043,3.2,0.151,10,8669.5,performance_drift,2024-05,8216.463966
ID0000759,4/8/2024,1,3,22166,27,1,2,1.307,1.412,1.4,0.263,2,6181.46,performance_drift,2024-04,5041.324948
ID0000760,7/1/2024,1,5,13406,41,2,2,1.17,1.232,1.8,0.189,1,6858.56,performance_drift,2024-07,6733.38182
ID0000761,11/24/2024,2,11,14115,47,4,2,1.093,1.287,1.2,0.218,0,6647,performance_drift,2024-11,5753.639017
ID0000762,11/1/2024,2,4,16741,51,4,2,1.188,1.189,1.8,0.263,3,7446.88,performance_drift,2024-11,6733.38182
ID0000763,2/9/2024,2,3,26302,21,4,0,0.81,1.025,1.2,0.229,2,6450.74,performance_drift,2024-02,5753.639017
ID0000764,8/10/2024,0,6,8768,30,0,2,1.28,1.277,1.4,0.177,1,5556.37,performance_drift,2024-08,5041.324948
ID0000765,6/1/2024,0,10,9410,25,1,2,1.093,1.252,1.8,0.599,21,7314.86,performance_drift,2024-06,6069.48688
ID0000766,7/3/2024,2,5,27812,37,2,1,0.907,1.004,1.8,0.213,4,5955.84,performance_drift,2024-07,6733.38182
ID0000767,2/20/2024,1,14,5000,54,3,1,1.138,1.118,1.2,0.322,0,5851.11,performance_drift,2024-02,5753.639017
ID0000768,6/7/2024,2,3,28388,64,2,2,1.283,1.403,1.4,0.255,10,6292.94,performance_drift,2024-06,5753.639017
ID0000769,6/21/2024,2,3,20621,19,2,1,1.012,1.105,1.2,0.228,5,6016.8,performance_drift,2024-06,5753.639017
ID0000770,9/16/2024,1,12,7780,78,1,1,0.897,1.137,1.2,0.094,0,4711.55,performance_drift,2024-09,5041.324948
ID0000771,11/26/2024,1,0,21001,37,1,2,1.176,1.46,1.8,0.088,3,6644.73,performance_drift,2024-11,6069.48688
ID0000772,9/11/2024,2,8,16018,18,0,0,0.83,0.872,1.2,0.294,21,4914.83,performance_drift,2024-09,5041.324948
ID0000773,5/22/2024,1,0,26609,27,0,2,1.089,1.405,1.4,0.371,0,5675.55,performance_drift,2024-05,5041.324948
ID0000774,11/28/2024,1,12,10264,57,0,2,1.208,1.25,1.2,0.376,1,4992.39,performance_drift,2024-11,5041.324948
ID0000775,1/5/2024,1,17,5547,19,2,1,1.03,0.996,1,0.315,21,6213.92,performance_drift,2024-01,5753.639017
ID0000776,4/25/2024,2,4,27263,39,2,0,0.905,1.114,0.4,0.329,1,3661.04,performance_drift,2024-04,4284.85875
ID0000777,2/12/2024,2,0,31932,33,0,2,1.193,0.929,1,0.579,14,4599.17,performance_drift,2024-02,5041.324948
ID0000778,6/2/2024,1,8,16170,39,3,2,1.149,1.104,1.8,0.186,5,6906.97,performance_drift,2024-06,6733.38182
ID0000779,5/2/2024,1,12,9151,53,1,2,1.168,1.214,1.2,0.218,7,5440.3,performance_drift,2024-05,5041.324948
ID0000780,8/27/2024,2,11,15178,49,3,1,0.842,1.037,1,0.387,0,5254.45,performance_drift,2024-08,5753.639017
ID0000781,2/24/2024,2,5,17240,26,2,1,0.963,1.136,1.8,0.273,14,6684.27,performance_drift,2024-02,6733.38182
ID0000782,10/11/2024,3,3,33192,23,4,2,0.948,1.074,1,0.219,1,6565.63,performance_drift,2024-10,5753.639017
ID0000783,10/5/2024,2,6,19033,41,0,1,0.863,1.066,3.2,0.43,2,8153.75,performance_drift,2024-10,8216.463966
ID0000784,7/13/2024,2,5,22292,75,1,0,0.894,0.963,1.8,0.115,0,5313.08,performance_drift,2024-07,6069.48688
ID0000785,4/12/2024,2,4,18889,42,3,2,1.21,1.167,1.8,0.252,2,6846.79,performance_drift,2024-04,6733.38182
ID0000786,3/15/2024,3,10,15754,67,0,1,1.063,0.922,1,0.43,3,3973.1,performance_drift,2024-03,5041.324948
ID0000787,12/24/2024,0,17,5000,39,4,2,1.164,1.322,0.4,0.1,0,5432.9,performance_drift,2024-12,4284.85875
ID0000788,9/25/2024,2,4,20409,78,3,1,0.976,0.935,1.2,0.638,2,5427.91,performance_drift,2024-09,5753.639017
ID0000789,9/10/2024,3,2,39841,56,4,0,0.905,0.845,1.4,0.384,0,5755.7,performance_drift,2024-09,5753.639017
ID0000790,2/21/2024,2,7,23404,27,0,2,1.141,1.313,1.8,0.346,1,6256.18,performance_drift,2024-02,6069.48688
ID0000791,1/20/2024,1,11,7144,63,2,1,1.022,0.958,1.8,0.407,0,6272.25,performance_drift,2024-01,6733.38182
ID0000792,6/25/2024,2,4,23583,74,0,2,1.228,1.172,1.8,0.045,6,5487.58,performance_drift,2024-06,6069.48688
ID0000793,3/4/2024,3,11,14827,21,3,1,1.01,0.916,1.4,0.421,3,6632.22,performance_drift,2024-03,5753.639017
ID0000794,12/6/2024,2,8,16870,57,1,2,1.08,1.348,1.4,0.08,10,5844.41,performance_drift,2024-12,5041.324948
ID0000795,3/4/2024,3,3,30849,21,0,2,1.001,1.206,1.2,0.319,7,5726.19,performance_drift,2024-03,5041.324948
ID0000796,11/2/2024,1,16,5941,56,0,2,1.172,1.181,1,0.218,5,4763.06,performance_drift,2024-11,5041.324948
ID0000797,5/22/2024,1,15,6945,56,2,1,0.989,1.196,1.8,0.168,1,6385.5,performance_drift,2024-05,6733.38182
ID0000798,11/12/2024,1,8,8999,63,0,2,1.084,1.476,1.8,0.398,3,6475.69,performance_drift,2024-11,6069.48688
ID0000799,5/22/2024,3,12,7902,58,3,1,0.906,0.951,1.2,0.163,0,5487.47,performance_drift,2024-05,5753.639017
ID0000800,3/27/2024,2,9,12958,71,0,1,1.01,0.951,1.8,0.146,1,5096.5,performance_drift,2024-03,6069.48688
ID0000801,4/21/2024,0,14,7255,23,2,1,0.991,0.942,1.4,0.396,0,6439.59,performance_drift,2024-04,5753.639017
ID0000802,1/19/2024,2,10,14878,68,2,0,0.882,0.842,1.4,0.434,21,4849.38,performance_drift,2024-01,5753.639017
ID0000803,11/20/2024,2,10,14034,49,0,1,1.111,1.13,1.4,0.327,5,5036.3,performance_drift,2024-11,5041.324948
ID0000804,2/2/2024,1,1,18605,33,2,1,1.142,1.034,1.2,0.284,7,5186.77,performance_drift,2024-02,5753.639017
ID0000805,10/12/2024,3,4,31044,76,2,1,0.963,1.058,1.2,0.454,3,4954.44,performance_drift,2024-10,5753.639017
ID0000806,10/24/2024,2,8,19726,63,0,1,0.94,0.915,1.4,0.746,10,5130.28,performance_drift,2024-10,5041.324948
ID0000807,9/23/2024,0,7,10937,21,2,1,0.921,1.025,1.2,0.074,2,5952.5,performance_drift,2024-09,5753.639017
ID0000808,12/22/2024,1,8,12570,26,2,2,1.217,1.268,1.2,0.071,10,5891.44,performance_drift,2024-12,5753.639017
ID0000809,9/12/2024,0,4,13322,68,2,1,1.031,0.849,1.8,0.192,4,5689.38,performance_drift,2024-09,6733.38182
ID0000810,12/3/2024,2,3,22094,53,1,2,1.223,1.167,1.2,0.182,30,5110.14,performance_drift,2024-12,5041.324948
ID0000811,6/3/2024,2,10,17154,52,1,1,1.07,0.973,1.1,0.058,1,4487.27,performance_drift,2024-06,5041.324948
ID0000812,6/16/2024,1,10,13015,44,2,1,0.956,0.992,1.4,0.383,1,5810.43,performance_drift,2024-06,5753.639017
ID0000813,9/18/2024,4,12,20764,44,0,2,1.109,1.174,1.2,0.14,0,5175.43,performance_drift,2024-09,5041.324948
ID0000814,9/4/2024,4,14,21191,50,2,2,1.355,0.967,1.8,0.272,7,6708.55,performance_drift,2024-09,6733.38182
ID0000815,10/2/2024,2,14,8970,47,2,2,1.07,1.311,1.4,0.339,1,6203.33,performance_drift,2024-10,5753.639017
ID0000816,10/14/2024,4,9,30804,45,3,0,0.951,0.901,1.4,0.282,3,5509.4,performance_drift,2024-10,5753.639017
ID0000817,5/7/2024,2,8,19853,76,0,2,1.234,1.237,1.8,0.581,30,6394.27,performance_drift,2024-05,6069.48688
ID0000818,1/14/2024,2,6,15887,57,2,1,0.884,0.888,1.8,0.285,1,5840.73,performance_drift,2024-01,6733.38182
ID0000819,5/27/2024,2,9,24555,61,3,1,0.979,0.942,1.2,0.806,2,5701.96,performance_drift,2024-05,5753.639017
ID0000820,7/18/2024,3,4,21188,28,4,2,1.086,1.27,1.8,0.198,0,7459.77,performance_drift,2024-07,6733.38182
ID0000821,11/24/2024,2,0,40390,39,1,0,1.069,0.977,1.4,0.342,6,4719.93,performance_drift,2024-11,5041.324948
ID0000822,10/15/2024,3,0,42424,45,4,0,0.895,0.929,0.4,0.036,1,3572.84,performance_drift,2024-10,3601.604965
ID0000823,6/10/2024,2,9,15128,71,0,1,0.906,0.981,1.2,0.465,3,4490.86,performance_drift,2024-06,5041.324948
ID0000824,5/27/2024,3,7,14364,68,3,2,1.209,1.025,1.4,0.384,0,6158.77,performance_drift,2024-05,5753.639017
ID0000825,2/6/2024,2,7,19478,77,3,2,1.233,1.271,0.4,0.057,0,4457.43,performance_drift,2024-02,4284.85875
ID0000826,6/13/2024,0,4,13039,65,2,1,0.975,0.963,1.8,0.122,5,5864.22,performance_drift,2024-06,6733.38182
ID0000827,7/13/2024,0,8,9155,31,4,1,0.969,1.109,0.4,0.305,0,4724.49,performance_drift,2024-07,4284.85875
ID0000828,1/9/2024,1,14,7218,62,1,1,0.894,1.01,1.1,0.21,0,4381.97,performance_drift,2024-01,5041.324948
ID0000829,3/4/2024,2,4,19255,36,0,2,1.115,1.218,0.4,0.455,2,3751.15,performance_drift,2024-03,4284.85875
ID0000830,3/28/2024,2,0,32472,65,1,1,0.869,0.895,1,0.414,0,4297.32,performance_drift,2024-03,5041.324948
ID0000831,11/21/2024,1,10,8057,20,2,2,1.069,1.121,1,0.265,4,6118.72,performance_drift,2024-11,5753.639017
ID0000832,2/7/2024,3,2,27194,46,1,1,0.934,0.969,1.2,0.135,6,4675.91,performance_drift,2024-02,5041.324948
ID0000833,10/7/2024,3,5,29585,53,4,1,1.06,1.019,1,0.27,2,5351.05,performance_drift,2024-10,5753.639017
ID0000834,6/9/2024,3,13,11479,66,0,2,1.261,1.224,1.2,0.184,21,5199.87,performance_drift,2024-06,5041.324948
ID0000835,4/28/2024,0,9,9752,33,1,2,1.334,1.178,1,0.295,14,5344.73,performance_drift,2024-04,5041.324948
ID0000836,12/21/2024,1,11,10093,55,1,2,1.108,1.342,1.2,0.236,3,5307.81,performance_drift,2024-12,5041.324948
ID0000837,3/1/2024,2,10,15716,51,1,2,1.109,1.182,1.4,0.49,2,5733.94,performance_drift,2024-03,5041.324948
ID0000838,8/25/2024,3,3,36688,78,4,2,0.999,1.169,1.2,0.479,10,6106.18,performance_drift,2024-08,5753.639017
ID0000839,12/13/2024,1,0,23440,46,3,1,0.906,0.937,1,0.155,0,4782.3,performance_drift,2024-12,5753.639017
ID0000840,7/8/2024,1,12,8887,36,2,0,0.889,1.09,1.2,0.192,0,5329.74,performance_drift,2024-07,5753.639017
ID0000841,11/15/2024,2,6,21536,79,4,2,1.171,1.34,1.8,0.424,21,7636.87,performance_drift,2024-11,6733.38182
ID0000842,4/15/2024,2,6,22192,56,2,1,0.974,0.815,1.2,0.222,14,4940.05,performance_drift,2024-04,5753.639017
ID0000843,1/5/2024,2,2,23117,22,2,2,1.278,1.218,1.4,0.354,0,6910.97,performance_drift,2024-01,5753.639017
ID0000844,2/24/2024,1,13,6026,71,1,1,1.031,1.012,1.8,0.331,4,5829.85,performance_drift,2024-02,6069.48688
ID0000845,5/15/2024,2,18,5148,28,1,2,1.349,1.186,1.2,0.413,3,6015.84,performance_drift,2024-05,5041.324948
ID0000846,6/19/2024,1,10,11546,62,0,2,1.219,1.111,1.8,0.311,5,6045.59,performance_drift,2024-06,6069.48688
ID0000847,2/20/2024,2,4,25976,58,3,1,0.913,0.848,1,0.258,1,4909.95,performance_drift,2024-02,5753.639017
ID0000848,6/6/2024,1,15,8152,77,2,2,1.12,1.151,1.8,0.209,3,6671.31,performance_drift,2024-06,6733.38182
ID0000849,5/27/2024,2,1,27889,45,3,2,1.15,1.363,1.8,0.483,1,7111.01,performance_drift,2024-05,6733.38182
ID0000850,4/19/2024,2,6,26916,48,1,2,1.167,1.246,1.8,0.317,0,6533.42,performance_drift,2024-04,6069.48688
ID0000851,12/27/2024,1,8,12642,78,4,1,0.995,1.127,1.2,0.239,10,5749.7,performance_drift,2024-12,5753.639017
ID0000852,1/3/2024,2,5,21295,55,4,1,1.092,0.973,1.2,0.214,2,5542.45,performance_drift,2024-01,5753.639017
ID0000853,4/1/2024,0,0,17784,33,2,0,0.982,0.75,1.4,0.221,3,5261.16,performance_drift,2024-04,5753.639017
ID0000854,12/3/2024,1,13,10218,71,3,2,1.133,1.105,1.2,0.199,4,5985.68,performance_drift,2024-12,5753.639017
ID0000855,3/3/2024,4,5,47072,72,3,2,0.972,1.281,1.2,0.27,30,6072.1,performance_drift,2024-03,5753.639017
ID0000856,8/20/2024,2,3,21153,19,2,1,1.011,0.943,1.2,0.086,0,5898.75,performance_drift,2024-08,5753.639017
ID0000857,11/10/2024,2,11,11318,52,1,2,1.28,1.243,1,0.022,21,5250.67,performance_drift,2024-11,5041.324948
ID0000858,7/12/2024,0,6,12634,56,2,2,1.251,1.145,1.2,0.073,6,5454.49,performance_drift,2024-07,5753.639017
ID0000859,3/22/2024,3,9,18813,48,2,2,1.137,1.442,1.8,0.046,21,7052.32,performance_drift,2024-03,6733.38182
ID0000860,7/16/2024,2,9,14942,72,4,2,1.187,1.179,1.8,0.1,21,7490.3,performance_drift,2024-07,6733.38182
ID0000861,12/12/2024,0,7,13123,21,1,2,0.98,1.264,1.2,0.367,2,6502.58,performance_drift,2024-12,5041.324948
ID0000862,8/26/2024,2,6,15466,39,0,2,1.182,1.277,1.4,0.255,30,5822.08,performance_drift,2024-08,5041.324948
ID0000863,7/1/2024,1,10,10627,30,0,2,1.158,1.211,1,0.054,0,4429.7,performance_drift,2024-07,5041.324948
ID0000864,8/14/2024,2,1,23943,69,0,1,0.955,1.014,1.2,0.181,3,4168.98,performance_drift,2024-08,5041.324948
ID0000865,4/9/2024,1,0,15696,46,3,2,1.291,1.308,1.2,0.204,2,6262.18,performance_drift,2024-04,5753.639017
ID0000866,8/25/2024,1,1,20133,67,0,0,0.79,0.947,1.4,0.143,5,3946.12,performance_drift,2024-08,5041.324948
ID0000867,1/27/2024,2,6,24593,40,0,2,1.165,1.305,1.4,0.742,1,5761.89,performance_drift,2024-01,5041.324948
ID0000868,4/17/2024,4,7,25048,38,2,1,0.889,1.187,1.8,0.165,10,6421.26,performance_drift,2024-04,6733.38182
ID0000869,4/18/2024,1,11,6985,23,2,1,0.87,0.949,1,0.22,4,5643.32,performance_drift,2024-04,5753.639017
ID0000870,2/3/2024,3,9,26592,70,2,1,1.049,0.911,1,0.27,6,4577.37,performance_drift,2024-02,5753.639017
ID0000871,9/12/2024,0,9,7534,63,2,1,1.068,1.022,1.4,0.334,21,5994.79,performance_drift,2024-09,5753.639017
ID0000872,7/2/2024,3,9,16258,39,1,2,1.123,1.133,1.8,0.228,5,6401.14,performance_drift,2024-07,6069.48688
ID0000873,9/27/2024,1,2,16494,79,1,1,0.932,1.264,1.4,0.468,0,5473.4,performance_drift,2024-09,5041.324948
ID0000874,10/12/2024,2,7,14699,57,3,1,0.958,0.957,1.2,0.614,0,5462.46,performance_drift,2024-10,5753.639017
ID0000875,10/24/2024,0,4,16931,66,1,1,1.027,0.97,1.8,0.502,4,5907.65,performance_drift,2024-10,6069.48688
ID0000876,6/9/2024,3,10,18394,54,0,0,0.952,0.849,1.8,0.141,1,4995.38,performance_drift,2024-06,6069.48688
ID0000877,1/15/2024,2,13,11669,55,2,0,0.764,0.909,1.8,0.196,1,5817.72,performance_drift,2024-01,6733.38182
ID0000878,7/20/2024,1,12,7509,44,2,2,1.162,1.175,1.8,0.348,0,6963.37,performance_drift,2024-07,6733.38182
ID0000879,1/28/2024,0,10,7870,43,1,2,1.031,1.219,1.2,0.133,2,5572.74,performance_drift,2024-01,5041.324948
ID0000880,1/19/2024,2,9,18079,22,3,0,0.88,0.838,1.2,0.271,3,6061.89,performance_drift,2024-01,5753.639017
ID0000881,10/20/2024,1,10,12240,20,3,0,0.963,0.961,1,0.618,0,6146.19,performance_drift,2024-10,5753.639017
ID0000882,7/3/2024,2,11,15662,41,0,1,0.992,0.932,0.4,0.222,30,3324.56,performance_drift,2024-07,3601.604965
ID0000883,1/16/2024,3,16,11247,52,3,0,0.903,1.119,1.4,0.465,0,6116.6,performance_drift,2024-01,5753.639017
ID0000884,4/3/2024,0,7,12217,75,2,2,1.096,1.298,1.4,0.091,4,5895.58,performance_drift,2024-04,5753.639017
ID0000885,9/11/2024,2,7,17739,39,2,1,1.108,0.969,1.4,0.085,7,5594.9,performance_drift,2024-09,5753.639017
ID0000886,10/19/2024,1,5,14004,55,0,1,1.088,1.161,1.2,0.101,0,4392.27,performance_drift,2024-10,5041.324948
ID0000887,6/20/2024,0,1,17197,67,2,1,0.978,1.158,1,0.395,2,4685.92,performance_drift,2024-06,5753.639017
ID0000888,1/25/2024,1,2,19711,22,1,1,0.964,0.888,1.4,0.085,10,5690.85,performance_drift,2024-01,5041.324948
ID0000889,6/11/2024,1,0,22931,30,2,2,1.132,1.25,1.4,0.172,0,5909.33,performance_drift,2024-06,5753.639017
ID0000890,3/10/2024,2,17,8752,32,1,1,1.052,0.931,1.8,0.672,2,6548.82,performance_drift,2024-03,6069.48688
ID0000891,11/19/2024,2,3,31268,52,2,2,1.197,1.121,1.2,0.411,30,5683.1,performance_drift,2024-11,5753.639017
ID0000892,10/4/2024,1,8,8728,23,1,2,1.173,1.057,1,0.142,2,5744.15,performance_drift,2024-10,5041.324948
ID0000893,5/5/2024,2,5,17534,77,4,2,1.108,1.096,0.4,0.735,3,4905.38,performance_drift,2024-05,3601.604965
ID0000894,1/8/2024,3,0,36980,49,3,2,1.028,1.023,1,0.328,4,5525.07,performance_drift,2024-01,5753.639017
ID0000895,2/10/2024,2,13,10612,75,1,1,1.031,0.947,1.4,0.428,6,5220.76,performance_drift,2024-02,5041.324948
ID0000896,4/1/2024,3,5,25408,71,1,1,1.112,0.998,1.2,0.348,14,4900.6,performance_drift,2024-04,5041.324948
ID0000897,7/12/2024,2,7,14167,46,3,1,1.068,1.111,1.4,0.246,1,6060.66,performance_drift,2024-07,5753.639017
ID0000898,7/14/2024,1,7,12344,43,2,1,1.051,1.091,1.4,0.131,7,5646.86,performance_drift,2024-07,5753.639017
ID0000899,11/27/2024,4,10,23140,78,1,2,1.258,1.04,1.8,0.456,30,6391.64,performance_drift,2024-11,6069.48688
ID0000900,7/4/2024,2,6,17640,25,2,2,1.33,1.16,1.2,0.162,14,5896.94,performance_drift,2024-07,5753.639017
ID0000901,11/16/2024,2,11,12231,53,2,2,1.205,1.366,1.2,0.19,0,5881.71,performance_drift,2024-11,5753.639017
ID0000902,7/8/2024,1,4,17815,25,4,1,0.852,1.116,1,0.483,14,5913.34,performance_drift,2024-07,5753.639017
ID0000903,4/23/2024,4,11,27834,42,0,1,1.073,1.164,1.4,0.077,30,5209.42,performance_drift,2024-04,5041.324948
ID0000904,12/9/2024,4,7,27511,55,2,2,1.288,1.254,1.2,0.298,5,5444.1,performance_drift,2024-12,5753.639017
ID0000905,7/16/2024,2,0,46469,54,2,2,1.09,1.242,1.4,0.171,30,6227.07,performance_drift,2024-07,5753.639017
ID0000906,1/14/2024,1,2,23657,71,1,1,1.048,1.012,1.4,0.23,14,5128.91,performance_drift,2024-01,5041.324948
ID0000907,12/13/2024,2,9,12199,65,0,0,0.907,0.855,1,0.381,4,3584.8,performance_drift,2024-12,5041.324948
ID0000908,9/1/2024,4,0,66026,74,2,1,0.827,1.039,0.4,0.483,0,3324.56,performance_drift,2024-09,3601.604965
ID0000909,7/18/2024,2,0,27881,25,3,2,1.184,0.964,1.8,0.266,0,6918.71,performance_drift,2024-07,6733.38182
ID0000910,4/22/2024,3,0,43985,79,1,2,1.129,1.249,1.2,0.192,5,5107.08,performance_drift,2024-04,5041.324948
ID0000911,10/22/2024,1,3,24066,47,0,1,0.976,0.999,1.8,0.177,2,5378.47,performance_drift,2024-10,6069.48688
ID0000912,4/24/2024,3,20,11814,49,2,2,1.267,1.227,1.8,0.203,0,6945.59,performance_drift,2024-04,6733.38182
ID0000913,6/12/2024,1,12,12053,65,2,2,1.207,1.136,1.2,0.32,10,5891.4,performance_drift,2024-06,5753.639017
ID0000914,1/13/2024,2,17,13227,57,2,2,1.389,1.176,1.8,0.655,0,7295.64,performance_drift,2024-01,6733.38182
ID0000915,12/25/2024,4,12,21952,33,4,2,1.106,1.121,1,0.47,1,6456.65,performance_drift,2024-12,5753.639017
ID0000916,3/27/2024,2,8,18699,41,0,1,0.889,0.918,0.4,0.096,0,3149.18,performance_drift,2024-03,3601.604965
ID0000917,3/14/2024,3,6,31838,25,2,2,1.192,1.401,1.2,0.535,2,6261.42,performance_drift,2024-03,5753.639017
ID0000918,11/13/2024,3,9,15126,37,2,1,0.972,1.106,0.4,0.065,0,3849.32,performance_drift,2024-11,4284.85875
ID0000919,7/2/2024,3,11,12386,35,3,2,1.125,0.959,1.2,0.261,30,6495.19,performance_drift,2024-07,5753.639017
ID0000920,11/21/2024,4,8,22545,37,2,2,1.319,1.107,1.2,0.05,2,5655.94,performance_drift,2024-11,5753.639017
ID0000921,11/27/2024,0,5,8607,70,2,2,1.069,1.091,1.2,0.068,7,5600.98,performance_drift,2024-11,5753.639017
ID0000922,12/14/2024,1,19,5761,35,0,2,1.075,1.325,1.8,0.212,14,6288.55,performance_drift,2024-12,6069.48688
ID0000923,7/11/2024,2,8,22920,79,0,1,0.998,0.94,0.4,0.386,6,2611.4,performance_drift,2024-07,3601.604965
ID0000924,7/6/2024,4,8,26254,29,2,1,1.066,1.117,1.2,0.124,0,5444.86,performance_drift,2024-07,5753.639017
ID0000925,2/28/2024,2,17,7162,28,0,1,1.155,0.929,1.8,0.276,0,5919.4,performance_drift,2024-02,6069.48688
ID0000926,2/20/2024,2,12,8803,52,1,2,1.204,1.057,1.8,0.089,2,6029.85,performance_drift,2024-02,6069.48688
ID0000927,3/25/2024,1,0,22849,61,1,1,1.034,1.112,1.4,0.181,1,4808.74,performance_drift,2024-03,5041.324948
ID0000928,1/22/2024,1,2,15117,32,2,1,0.951,0.886,1.8,0.668,10,6319.6,performance_drift,2024-01,6733.38182
ID0000929,8/10/2024,1,8,10240,52,4,1,0.885,0.966,3.2,0.131,3,9412.68,performance_drift,2024-08,9219.214917
ID0000930,4/8/2024,3,10,15663,26,2,0,0.885,0.992,1.2,0.391,3,4993.6,performance_drift,2024-04,5753.639017
ID0000931,3/16/2024,2,6,16355,64,3,2,1.239,1.064,3.2,0.483,3,9441.11,performance_drift,2024-03,9219.214917
ID0000932,6/8/2024,2,14,14928,29,0,2,1.357,1.332,1.4,0.335,30,5997.33,performance_drift,2024-06,5041.324948
ID0000933,5/10/2024,0,8,12481,30,0,1,0.941,0.999,1.2,0.224,4,4149.17,performance_drift,2024-05,5041.324948
ID0000934,6/5/2024,0,12,7180,68,1,2,1.247,1.159,1.4,0.285,0,5628.97,performance_drift,2024-06,5041.324948
ID0000935,8/7/2024,1,4,18022,78,4,1,0.969,1.007,3.2,0.34,30,9721.5,performance_drift,2024-08,9219.214917
ID0000936,11/21/2024,2,4,25191,36,3,0,0.834,1.012,1.4,0.163,1,5498.52,performance_drift,2024-11,5753.639017
ID0000937,1/12/2024,2,14,11343,48,3,2,1.369,1.255,1.4,0.426,21,7012.4,performance_drift,2024-01,5753.639017
ID0000938,6/28/2024,4,15,14090,29,0,1,1.008,0.832,1,0.271,21,4416.08,performance_drift,2024-06,5041.324948
ID0000939,12/21/2024,1,11,9756,28,1,2,1.138,1.307,1.8,0.184,1,6687.19,performance_drift,2024-12,6069.48688
ID0000940,10/1/2024,2,5,28156,40,1,2,1.087,1.346,1,0.202,0,4828.6,performance_drift,2024-10,5041.324948
ID0000941,1/3/2024,2,10,20377,26,2,0,0.941,0.909,1.8,0.352,4,6136.13,performance_drift,2024-01,6733.38182
ID0000942,4/9/2024,2,15,8046,67,3,0,0.868,1.04,1.8,0.016,7,5954.77,performance_drift,2024-04,6733.38182
ID0000943,9/5/2024,3,15,6854,41,2,1,1.081,1.06,0.4,0.159,0,3843.81,performance_drift,2024-09,3601.604965
ID0000944,12/2/2024,1,1,14770,56,2,0,0.975,0.934,1.2,0.311,2,4620.6,performance_drift,2024-12,5753.639017
ID0000945,1/17/2024,2,2,27601,45,2,0,0.833,0.91,1.2,0.44,5,4827.67,performance_drift,2024-01,5753.639017
ID0000946,12/1/2024,1,8,14152,54,2,1,1.022,0.834,1.8,0.377,1,5946.83,performance_drift,2024-12,6733.38182
ID0000947,6/25/2024,0,8,8274,55,0,2,1.286,0.919,1,0.373,5,4311.03,performance_drift,2024-06,5041.324948
ID0000948,5/24/2024,2,12,8299,63,3,2,1.124,1.236,1.8,0.419,14,7198.52,performance_drift,2024-05,6733.38182
ID0000949,12/18/2024,0,13,6453,64,0,1,1.002,1.14,1.2,0.318,30,5035.66,performance_drift,2024-12,5041.324948
ID0000950,11/19/2024,1,9,8250,67,0,2,1.234,1.28,1.8,0.385,4,5965,performance_drift,2024-11,6069.48688
ID0000951,10/22/2024,3,9,12126,39,0,0,0.957,0.981,1.2,0.552,10,4952.23,performance_drift,2024-10,5041.324948
ID0000952,8/6/2024,3,12,16552,72,3,0,0.984,1.027,1.8,0.053,21,6409.54,performance_drift,2024-08,6733.38182
ID0000953,8/23/2024,1,9,8484,67,1,1,1.09,1.053,1.2,0.093,0,4609.38,performance_drift,2024-08,5041.324948
ID0000954,5/20/2024,1,2,19017,38,1,1,0.982,1.065,1.8,0.444,3,6317.17,performance_drift,2024-05,6069.48688
ID0000955,10/28/2024,2,2,22139,69,3,1,0.928,0.949,1,0.08,1,4508.81,performance_drift,2024-10,5753.639017
ID0000956,5/22/2024,2,9,11200,20,0,1,1.085,1.118,1,0.392,1,5473.35,performance_drift,2024-05,5041.324948
ID0000957,9/11/2024,0,18,5000,44,1,2,1.111,1.158,1.2,0.25,1,5462.06,performance_drift,2024-09,5041.324948
ID0000958,6/9/2024,3,12,13134,59,1,2,1.241,1.18,1.8,0.242,2,6405.95,performance_drift,2024-06,6069.48688
ID0000959,11/18/2024,1,13,7149,62,2,2,1.149,1.145,1.2,0.263,0,5541.76,performance_drift,2024-11,5753.639017
ID0000960,1/16/2024,2,7,17961,23,2,2,1.21,1.168,1,0.215,6,6058.58,performance_drift,2024-01,5753.639017
ID0000961,3/12/2024,2,0,29724,71,2,0,0.875,0.794,1.2,0.375,2,4254.22,performance_drift,2024-03,5753.639017
ID0000962,10/27/2024,1,8,11180,18,1,1,1.103,1.061,3.2,0.532,1,9645.97,performance_drift,2024-10,9219.214917
ID0000963,2/25/2024,2,7,12509,73,1,2,1.142,1.306,1.8,0.378,6,6397.32,performance_drift,2024-02,6069.48688
ID0000964,4/18/2024,2,8,21326,58,2,2,1.403,1.311,1.4,0.24,0,6351.24,performance_drift,2024-04,5753.639017
ID0000965,1/1/2024,3,2,29192,30,1,1,1.012,1.069,3.2,0.498,3,8687.99,performance_drift,2024-01,9219.214917
ID0000966,10/24/2024,1,7,10944,62,0,1,1.028,1.001,1.8,0.596,4,5266.98,performance_drift,2024-10,6069.48688
ID0000967,2/26/2024,0,12,6179,33,0,1,1.02,0.906,1.8,0.213,7,5557.18,performance_drift,2024-02,6069.48688
ID0000968,2/16/2024,4,16,17380,26,0,2,1.096,1.085,1.4,0.413,1,5642.62,performance_drift,2024-02,5041.324948
ID0000969,6/3/2024,3,10,13392,40,0,1,0.994,0.975,1.8,0.561,10,5959.71,performance_drift,2024-06,6069.48688
ID0000970,6/5/2024,2,10,18079,22,2,1,1.183,0.887,1.4,0.416,0,6530.54,performance_drift,2024-06,5753.639017
ID0000971,2/22/2024,2,9,14942,51,3,2,1.085,1.166,1,0.221,30,5663.22,performance_drift,2024-02,5753.639017
ID0000972,2/19/2024,1,3,19011,79,0,2,1.185,1.064,1.2,0.059,30,4589.06,performance_drift,2024-02,5041.324948
ID0000973,4/22/2024,3,6,27348,66,0,0,0.848,0.834,1.4,0.248,2,4012.26,performance_drift,2024-04,5041.324948
ID0000974,6/22/2024,0,7,9973,18,1,2,1.161,1.097,1.2,0.18,1,6070.7,performance_drift,2024-06,5041.324948
ID0000975,6/10/2024,2,16,10366,38,2,2,1.235,1.221,1.2,0.633,0,6186.32,performance_drift,2024-06,5753.639017
ID0000976,9/25/2024,2,0,27652,62,0,0,0.773,0.961,1.2,0.236,3,4002.22,performance_drift,2024-09,5041.324948
ID0000977,9/20/2024,0,5,13242,37,0,2,1.065,1.394,1.4,0.325,6,5820.54,performance_drift,2024-09,5041.324948
ID0000978,7/22/2024,2,4,23149,78,0,2,1.097,1.205,0.4,0.379,10,3591.75,performance_drift,2024-07,4284.85875
ID0000979,7/21/2024,2,3,17315,19,1,1,1.012,1.082,1.4,0.098,30,6096.21,performance_drift,2024-07,5041.324948
ID0000980,2/27/2024,1,11,10021,20,1,1,0.834,1.07,1.2,0.31,30,6101.34,performance_drift,2024-02,5041.324948
ID0000981,1/17/2024,3,12,13365,67,3,2,1.195,1.558,1,0.484,30,6461.33,performance_drift,2024-01,5753.639017
ID0000982,12/11/2024,2,15,15595,76,0,1,0.922,1.307,1.4,0.026,4,4907.69,performance_drift,2024-12,5041.324948
ID0000983,1/16/2024,2,8,16472,77,1,2,1.254,1.23,1.8,0.127,0,6005.37,performance_drift,2024-01,6069.48688
ID0000984,11/21/2024,0,0,17992,45,0,1,0.959,1.221,1.8,0.146,2,5624.95,performance_drift,2024-11,6069.48688
ID0000985,10/1/2024,1,4,13314,24,0,1,1.031,0.762,1.4,0.166,0,5572.88,performance_drift,2024-10,5041.324948
ID0000986,12/5/2024,4,9,36602,51,2,0,0.752,1.003,1.4,0.144,2,5210.85,performance_drift,2024-12,5753.639017
ID0000987,10/21/2024,1,12,9220,28,2,2,1.084,1.069,1.4,0.215,1,6337.11,performance_drift,2024-10,5753.639017
ID0000988,6/4/2024,2,9,21221,28,3,1,1.005,0.987,1.8,0.597,3,6788.25,performance_drift,2024-06,6733.38182
ID0000989,4/4/2024,0,5,16195,73,3,1,0.996,1.088,1.1,0.161,7,5437.8,performance_drift,2024-04,5753.639017
ID0000990,7/26/2024,0,9,8455,21,0,1,1.008,1.166,1,0.485,0,5709.34,performance_drift,2024-07,5041.324948
ID0000991,9/9/2024,3,6,29959,43,3,1,1.009,1.096,1.2,0.615,2,5889.99,performance_drift,2024-09,5753.639017
ID0000992,3/27/2024,0,7,10411,22,4,2,1.325,0.954,1.4,0.047,1,7093.59,performance_drift,2024-03,5753.639017
ID0000993,7/8/2024,3,14,15049,32,0,1,0.855,0.918,1.2,0.211,2,4698.17,performance_drift,2024-07,5041.324948
ID0000994,3/10/2024,2,0,28564,47,2,2,1.174,1.148,1.2,0.547,3,5384.53,performance_drift,2024-03,5753.639017
ID0000995,6/17/2024,2,5,31764,44,2,1,0.878,1.25,0.4,0.37,21,4270.15,performance_drift,2024-06,4284.85875
ID0000996,8/23/2024,1,4,12123,60,1,2,1.331,1.001,3.2,0.424,1,8336.78,performance_drift,2024-08,9219.214917
ID0000997,7/6/2024,1,11,7631,66,1,1,1.019,1.085,1.4,0.205,1,5394.23,performance_drift,2024-07,5041.324948
ID0000998,9/28/2024,1,19,5000,68,1,2,1.119,0.929,1.4,0.518,1,5646.46,performance_drift,2024-09,5041.324948
ID0000999,4/8/2024,2,0,20924,18,2,1,1.136,1.007,1.8,0.411,2,6981.32,performance_drift,2024-04,6733.38182
ID0001000,6/5/2024,2,3,28792,77,0,1,0.941,1.051,1.2,0.358,2,3917.24,performance_drift,2024-06,5041.324948
ID0001001,12/20/2024,3,9,17305,19,1,2,1.294,1.276,1.8,0.401,1,7766.98,performance_drift,2024-12,6069.48688
ID0001002,9/2/2024,0,3,21512,18,1,1,1.022,1.075,1.4,0.523,0,6257.61,performance_drift,2024-09,5041.324948
ID0001003,3/7/2024,3,10,12184,76,3,2,1.184,1.087,1.8,0.46,0,6843.07,performance_drift,2024-03,6733.38182
ID0001004,9/20/2024,1,12,11311,31,4,1,0.925,1.011,1.1,0.063,2,5973.82,performance_drift,2024-09,5753.639017
ID0001005,10/23/2024,1,0,23860,68,3,2,1.153,1.268,1.8,0.274,0,6625.23,performance_drift,2024-10,6733.38182
ID0001006,6/1/2024,3,12,8888,44,0,0,0.797,0.869,1.2,0.107,10,4288.2,performance_drift,2024-06,5041.324948
ID0001007,8/27/2024,1,7,14192,64,3,2,1.332,1.196,1,0.352,30,6031.41,performance_drift,2024-08,5753.639017
ID0001008,5/18/2024,2,8,21355,62,2,2,1.344,1.297,1.8,0.121,30,6885.52,performance_drift,2024-05,6733.38182
ID0001009,7/20/2024,0,7,9834,18,0,1,0.955,1.031,1,0.279,0,5235.92,performance_drift,2024-07,5041.324948
ID0001010,12/18/2024,2,7,24040,78,2,0,0.99,0.935,1.2,0.398,2,4897.05,performance_drift,2024-12,5753.639017
ID0001011,1/27/2024,2,20,5749,21,3,2,1.172,0.997,1.2,0.365,0,6956.6,performance_drift,2024-01,5753.639017
ID0001012,3/6/2024,1,10,12437,43,0,0,0.99,0.911,1.4,0.334,2,4481.48,performance_drift,2024-03,5041.324948
ID0001013,2/11/2024,1,13,10995,77,1,2,1.127,1.197,1.4,0.111,14,5719.63,performance_drift,2024-02,5041.324948
ID0001014,4/2/2024,1,9,7993,21,1,2,1.112,1.277,1.2,0.044,0,6322.29,performance_drift,2024-04,5041.324948
ID0001015,5/4/2024,0,11,6408,59,3,1,1.039,1.068,1.8,0.339,10,6682.24,performance_drift,2024-05,6733.38182
ID0001016,11/7/2024,2,14,10054,26,2,2,1.116,1.187,3.2,0.119,30,9287.93,performance_drift,2024-11,9219.214917
ID0001017,6/7/2024,2,5,31721,60,2,2,1.309,1.326,3.2,0.205,3,9012.82,performance_drift,2024-06,9219.214917
ID0001018,8/11/2024,1,2,23424,65,1,2,1.215,1.062,0.4,0.497,2,3803.07,performance_drift,2024-08,3601.604965
ID0001019,4/21/2024,4,12,26635,43,1,1,0.965,1.211,1.1,0.196,0,4899.34,performance_drift,2024-04,5041.324948
ID0001020,7/9/2024,2,11,13538,41,0,2,1.153,1.063,1.4,0.26,2,5180.06,performance_drift,2024-07,5041.324948
ID0001021,12/19/2024,1,0,21153,54,1,2,1.424,1.262,1,0.186,1,4805.91,performance_drift,2024-12,5041.324948
ID0001022,6/22/2024,2,4,27624,28,2,0,0.947,0.846,1.2,0.095,21,4560.22,performance_drift,2024-06,5753.639017
ID0001023,3/27/2024,0,9,7974,57,0,2,1.385,1.247,1.2,0.295,0,5343.93,performance_drift,2024-03,5041.324948
ID0001024,4/17/2024,3,10,19313,41,1,2,1.251,1.352,1.4,0.278,30,5965.4,performance_drift,2024-04,5041.324948
ID0001025,8/9/2024,4,10,33360,18,0,0,0.989,1.006,1.4,0.137,21,5606.48,performance_drift,2024-08,5041.324948
ID0001026,9/2/2024,2,0,19232,72,0,2,1.19,1.161,1.8,0.445,10,5893.49,performance_drift,2024-09,6069.48688
ID0001027,5/20/2024,1,7,13037,58,1,2,1.277,1.25,1.2,0.128,4,5317.22,performance_drift,2024-05,5041.324948
ID0001028,7/24/2024,2,2,24631,56,1,1,0.862,0.865,1.8,0.166,21,5465.86,performance_drift,2024-07,6069.48688
ID0001029,8/18/2024,1,10,7587,58,1,2,1.064,1.38,1.8,0.264,1,6552.61,performance_drift,2024-08,6069.48688
ID0001030,5/24/2024,3,19,8875,48,4,0,0.936,1.006,1.1,0.419,3,5972.13,performance_drift,2024-05,5753.639017
ID0001031,11/17/2024,2,8,13692,71,0,2,0.924,1.6,1.4,0.276,30,5933.26,performance_drift,2024-11,5041.324948
ID0001032,7/4/2024,2,6,17557,73,1,2,1.26,1.132,1.4,0.444,4,5620.97,performance_drift,2024-07,5041.324948
ID0001033,3/25/2024,1,7,16573,31,2,2,1.202,1.121,1.2,0.156,10,5733.17,performance_drift,2024-03,5753.639017
ID0001034,7/1/2024,0,4,11341,21,3,1,0.997,0.963,0.4,0.083,14,4869.95,performance_drift,2024-07,3601.604965
ID0001035,10/18/2024,3,8,23255,73,1,1,0.983,1.104,0.4,0.527,1,3358.15,performance_drift,2024-10,4284.85875
ID0001036,8/19/2024,1,15,5744,48,1,1,1.002,1.03,1.2,0.068,7,4768.5,performance_drift,2024-08,5041.324948
ID0001037,10/8/2024,2,4,24141,54,1,1,1.197,0.98,1.8,0.157,30,5871.2,performance_drift,2024-10,6069.48688
ID0001038,2/11/2024,1,20,5000,51,0,1,0.997,1.173,1.2,0.403,6,4926.07,performance_drift,2024-02,5041.324948
ID0001039,8/5/2024,2,7,17590,68,2,0,0.966,0.853,3.2,0.348,3,8418.58,performance_drift,2024-08,9219.214917
ID0001040,1/8/2024,0,14,7374,75,2,2,1.149,1.345,0.4,0.125,4,4394.78,performance_drift,2024-01,4284.85875
ID0001041,10/24/2024,0,2,14779,40,0,1,0.967,0.911,1.2,0.05,1,4311.36,performance_drift,2024-10,5041.324948
ID0001042,1/20/2024,1,0,22836,33,1,2,1.127,1.2,1.8,0.153,6,6081.37,performance_drift,2024-01,6069.48688
ID0001043,3/7/2024,2,8,22446,56,3,1,1.047,1.19,1.2,0.379,10,5647.85,performance_drift,2024-03,5753.639017
ID0001044,6/4/2024,2,8,15540,19,2,1,1.057,0.901,1.2,0.343,0,6125.23,performance_drift,2024-06,5753.639017
ID0001045,10/13/2024,2,3,23307,79,1,1,1.077,1.205,1.2,0.349,14,4892.52,performance_drift,2024-10,5041.324948
ID0001046,7/22/2024,0,5,9948,23,0,1,0.807,1.049,1.8,0.278,0,6467.24,performance_drift,2024-07,6069.48688
ID0001047,2/3/2024,2,11,10609,61,2,1,0.981,0.851,1.2,0.205,1,5064.8,performance_drift,2024-02,5753.639017
ID0001048,10/18/2024,3,16,10537,20,2,0,0.841,0.941,1.4,0.289,0,6158.26,performance_drift,2024-10,5753.639017
ID0001049,12/10/2024,0,5,15925,57,0,1,0.964,1.021,1.8,0.42,10,5425.66,performance_drift,2024-12,6069.48688
ID0001050,6/24/2024,0,3,15983,31,2,2,1.322,1.286,1.8,0.47,1,6897.15,performance_drift,2024-06,6733.38182
ID0001051,8/10/2024,2,2,34845,60,0,2,1.237,1.4,1.2,0.252,2,5295.15,performance_drift,2024-08,5041.324948
ID0001052,11/25/2024,2,7,20786,20,0,2,1.13,1.076,1.2,0.364,0,5789.28,performance_drift,2024-11,5041.324948
ID0001053,5/27/2024,1,11,9171,56,1,1,0.956,0.969,1.2,0.324,3,4733.15,performance_drift,2024-05,5041.324948
ID0001054,6/14/2024,2,5,25213,64,0,0,0.847,0.817,1,0.438,10,3823.73,performance_drift,2024-06,5041.324948
ID0001055,3/12/2024,1,6,9099,23,0,1,1.116,1.147,1.2,0.133,30,5795.25,performance_drift,2024-03,5041.324948
ID0001056,2/24/2024,2,12,10246,32,2,1,0.852,1.034,1,0.167,1,5137.29,performance_drift,2024-02,5753.639017
ID0001057,5/4/2024,2,9,17519,54,0,1,0.911,1.021,3.2,0.197,0,8105.74,performance_drift,2024-05,8216.463966
ID0001058,1/8/2024,2,10,22261,19,3,2,1.275,1.239,1.1,0.087,0,6719.44,performance_drift,2024-01,5753.639017
ID0001059,8/28/2024,1,12,6518,27,3,0,0.863,0.953,1,0.225,3,5343.07,performance_drift,2024-08,5753.639017
ID0001060,7/11/2024,1,12,10598,62,2,1,1.19,0.993,1,0.352,0,4964.05,performance_drift,2024-07,5753.639017
ID0001061,5/1/2024,2,9,19749,35,2,2,1.198,1.26,1.4,0.577,0,6278.87,performance_drift,2024-05,5753.639017
ID0001062,5/10/2024,1,5,11559,79,4,2,1.124,1.332,1,0.19,6,5684.34,performance_drift,2024-05,5753.639017
ID0001063,4/3/2024,3,10,19843,20,1,2,1.1,1.04,1,0.4,5,5791.14,performance_drift,2024-04,5041.324948
ID0001064,2/1/2024,2,5,14975,41,0,2,1.084,1.21,1.8,0.031,3,6042.71,performance_drift,2024-02,6069.48688
ID0001065,1/23/2024,2,7,23694,74,0,1,0.872,1.045,1,0.5,7,4052.97,performance_drift,2024-01,5041.324948
ID0001066,4/22/2024,3,6,26634,40,1,2,1.139,1.185,1.4,0.116,0,5539.73,performance_drift,2024-04,5041.324948
ID0001067,10/25/2024,3,7,16843,64,0,2,1.235,1.295,1.4,0.049,1,5087.89,performance_drift,2024-10,5041.324948
ID0001068,10/27/2024,2,16,8414,53,2,2,1.096,1.207,1.4,0.134,0,6125.88,performance_drift,2024-10,5753.639017
ID0001069,11/22/2024,2,7,20535,77,1,1,1.096,0.98,1.2,0.346,2,4786.86,performance_drift,2024-11,5041.324948
ID0001070,12/24/2024,2,9,11283,39,0,2,1.232,1.325,1.2,0.384,1,5252.83,performance_drift,2024-12,5041.324948
ID0001071,11/11/2024,2,11,11814,74,0,0,0.907,0.96,1.2,0.117,1,3906.08,performance_drift,2024-11,5041.324948
ID0001072,1/26/2024,3,4,24752,24,2,0,0.93,0.882,1.2,0.164,6,5770.72,performance_drift,2024-01,5753.639017
ID0001073,3/19/2024,0,13,6589,43,1,2,1.038,1.135,1.4,0.376,1,5632.82,performance_drift,2024-03,5041.324948
ID0001074,1/16/2024,3,1,41725,35,2,2,1.005,1.02,1.4,0.529,4,6021.83,performance_drift,2024-01,5753.639017
ID0001075,1/13/2024,4,5,35930,60,2,2,1.104,1.056,1,0.274,21,5201.05,performance_drift,2024-01,5753.639017
ID0001076,1/26/2024,1,9,9100,62,2,2,1.097,1.151,1.8,0.14,6,6570.02,performance_drift,2024-01,6733.38182
ID0001077,1/2/2024,2,18,6940,22,0,2,1.101,1.244,1.2,0.161,30,6541.56,performance_drift,2024-01,5041.324948
ID0001078,5/8/2024,1,0,26382,46,0,1,0.995,0.885,1.8,0.299,2,5588.4,performance_drift,2024-05,6069.48688
ID0001079,10/16/2024,1,6,12311,48,1,0,0.758,0.944,1,0.21,0,4017.1,performance_drift,2024-10,5041.324948
ID0001080,5/3/2024,1,16,9515,34,0,2,1.161,1.246,3.2,0.162,10,8960.8,performance_drift,2024-05,8216.463966
ID0001081,6/23/2024,3,13,16044,53,2,1,1.033,0.893,1.2,0.178,1,5163.78,performance_drift,2024-06,5753.639017
ID0001082,4/17/2024,1,17,8427,59,1,1,1.116,0.984,1.2,0.267,30,5025.14,performance_drift,2024-04,5041.324948
ID0001083,6/3/2024,4,2,53922,70,3,0,0.866,0.785,1.8,0.474,0,5821.46,performance_drift,2024-06,6733.38182
ID0001084,10/6/2024,2,20,6695,49,1,2,1.165,1.547,1.4,0.071,21,6501.16,performance_drift,2024-10,5041.324948
ID0001085,11/10/2024,1,0,10598,64,3,2,1.246,1.402,1,0.354,0,5681.29,performance_drift,2024-11,5753.639017
ID0001086,4/7/2024,3,8,18725,76,2,1,0.995,0.83,1.4,0.765,0,5334.44,performance_drift,2024-04,5753.639017
ID0001087,1/6/2024,1,3,14692,68,0,1,0.796,0.962,1.8,0.318,0,5413.11,performance_drift,2024-01,6069.48688
ID0001088,5/8/2024,2,11,10659,46,0,0,0.881,0.864,1.2,0.189,0,3887.16,performance_drift,2024-05,5041.324948
ID0001089,1/13/2024,0,12,6059,27,2,1,1.284,0.892,0.4,0.261,0,3753.73,performance_drift,2024-01,3601.604965
ID0001090,5/6/2024,1,6,9335,39,2,1,0.89,0.932,1.8,0.313,1,6074.21,performance_drift,2024-05,6733.38182
ID0001091,11/25/2024,2,13,12946,29,1,2,1.31,1.42,1,0.188,7,5580.71,performance_drift,2024-11,5041.324948
ID0001092,6/3/2024,2,7,27151,40,2,1,1.12,1.018,1.8,0.158,0,6349.89,performance_drift,2024-06,6733.38182
ID0001093,1/13/2024,2,13,12831,36,3,1,1.016,1.166,1.8,0.417,3,7131.23,performance_drift,2024-01,6733.38182
ID0001094,3/15/2024,2,11,10229,18,0,2,1.252,1.29,1.2,0.147,30,6466.93,performance_drift,2024-03,5041.324948
ID0001095,2/23/2024,1,4,24844,43,4,1,0.936,1.011,3.2,0.711,0,9665.94,performance_drift,2024-02,9219.214917
ID0001096,9/5/2024,2,10,11737,70,0,0,0.985,0.837,1.2,0.548,14,4199.48,performance_drift,2024-09,5041.324948
ID0001097,7/18/2024,2,11,13030,52,1,2,1.263,1.204,1,0.187,0,4999.33,performance_drift,2024-07,5041.324948
ID0001098,7/11/2024,4,6,26888,60,2,2,1.2,1.234,1,0.15,14,5257.67,performance_drift,2024-07,5753.639017
ID0001099,9/11/2024,2,8,19419,64,2,0,0.892,0.885,1,0.143,0,4198.17,performance_drift,2024-09,5753.639017
ID0001100,8/16/2024,2,6,15345,73,2,0,0.872,0.922,1.4,0.413,0,4850.55,performance_drift,2024-08,5753.639017
ID0001101,3/23/2024,4,11,19388,40,1,2,1.275,1.236,1.1,0.259,4,5054.33,performance_drift,2024-03,5041.324948
ID0001102,6/13/2024,2,15,10038,67,2,0,0.861,0.905,1,0.077,6,4272.44,performance_drift,2024-06,5753.639017
ID0001103,4/17/2024,2,1,42278,21,2,1,0.897,1.049,1,0.201,3,5528.18,performance_drift,2024-04,5753.639017
ID0001104,4/9/2024,0,9,10091,18,0,2,1.186,1.173,1.2,0.265,1,5888.62,performance_drift,2024-04,5041.324948
ID0001105,6/1/2024,0,12,6483,46,1,1,0.846,1.034,1.8,0.555,1,6104.66,performance_drift,2024-06,6069.48688
ID0001106,6/21/2024,0,9,7011,42,2,2,1.294,1.107,1.2,0.381,0,5537.93,performance_drift,2024-06,5753.639017
ID0001107,11/12/2024,2,1,24576,25,1,1,0.913,1.207,1.1,0.225,0,5163.11,performance_drift,2024-11,5041.324948
ID0001108,10/23/2024,0,19,5000,59,2,1,0.991,0.835,1.2,0.135,10,5263.04,performance_drift,2024-10,5753.639017
ID0001109,7/11/2024,2,7,21400,52,2,0,0.893,0.897,1.8,0.067,7,5756.09,performance_drift,2024-07,6733.38182
ID0001110,12/17/2024,0,3,15133,74,2,2,1.073,0.998,1,0.078,21,4830.39,performance_drift,2024-12,5753.639017
ID0001111,12/25/2024,0,6,9853,70,2,0,0.891,0.927,1,0.468,0,4256.18,performance_drift,2024-12,5753.639017
ID0001112,9/9/2024,4,9,27959,67,0,2,1.231,1.016,0.4,0.694,7,3537.18,performance_drift,2024-09,3601.604965
ID0001113,5/25/2024,0,6,9532,30,2,0,0.975,0.917,1,0.426,3,4827.2,performance_drift,2024-05,5753.639017
ID0001114,3/10/2024,1,17,6192,47,2,0,0.944,0.815,1.8,0.498,3,6314.43,performance_drift,2024-03,6733.38182
ID0001115,10/23/2024,3,8,13446,73,2,2,1.062,1.472,1.2,0.119,0,5622.54,performance_drift,2024-10,5753.639017
ID0001116,5/12/2024,1,5,22075,71,1,0,0.867,1.025,0.4,0.068,1,2661.6,performance_drift,2024-05,3601.604965
ID0001117,7/2/2024,1,3,15257,39,0,2,1.063,1.146,1.2,0.294,5,4851.99,performance_drift,2024-07,5041.324948
ID0001118,9/7/2024,1,10,7685,46,1,0,0.921,0.75,1.8,0.08,0,5143.96,performance_drift,2024-09,6069.48688
ID0001119,9/16/2024,3,5,15847,33,2,1,0.994,0.918,1.8,0.32,3,6391.57,performance_drift,2024-09,6733.38182
ID0001120,11/25/2024,0,9,11767,79,2,1,0.977,1.014,1.2,0.088,0,4929.95,performance_drift,2024-11,5753.639017
ID0001121,6/10/2024,3,4,33376,19,0,2,1.128,1.278,1.4,0.551,0,6516.27,performance_drift,2024-06,5041.324948
ID0001122,4/12/2024,0,9,8278,57,4,2,1.189,1.095,1.2,0.271,10,6214.47,performance_drift,2024-04,5753.639017
ID0001123,11/4/2024,2,12,9540,44,1,1,1.011,1.128,1.8,0.493,7,6588.67,performance_drift,2024-11,6069.48688
ID0001124,3/6/2024,0,5,14704,76,3,2,1.164,1.272,1,0.098,3,5374.5,performance_drift,2024-03,5753.639017
ID0001125,10/18/2024,2,10,13026,77,1,1,0.987,1.081,1.8,0.386,1,5527.89,performance_drift,2024-10,6069.48688
ID0001126,2/7/2024,2,12,9360,24,2,1,0.911,0.929,1.8,0.389,0,7426.12,performance_drift,2024-02,6733.38182
ID0001127,3/12/2024,2,12,17670,67,2,1,1.019,1.024,1,0.086,2,4706.31,performance_drift,2024-03,5753.639017
ID0001128,9/14/2024,2,12,12166,28,0,1,1.077,1.075,1.8,0.522,21,6172.45,performance_drift,2024-09,6069.48688
ID0001129,8/11/2024,2,0,23663,46,2,1,0.966,0.942,1.8,0.239,6,6220.8,performance_drift,2024-08,6733.38182
ID0001130,3/28/2024,1,0,25495,68,1,2,1.165,1.222,1.8,0.548,5,5970.35,performance_drift,2024-03,6069.48688
ID0001131,7/1/2024,2,7,24250,22,2,1,1.17,1.159,1.2,0.272,0,6142.57,performance_drift,2024-07,5753.639017
ID0001132,9/26/2024,0,5,10721,25,1,1,1.135,0.876,1,0.441,0,4637.86,performance_drift,2024-09,5041.324948
ID0001133,7/2/2024,2,8,20355,27,1,1,0.979,0.811,1.4,0.062,6,4917.88,performance_drift,2024-07,5041.324948
ID0001134,7/28/2024,1,16,5000,56,1,1,1.032,0.864,1.8,0.741,30,6772.36,performance_drift,2024-07,6069.48688
ID0001135,12/27/2024,2,5,14428,46,0,1,1.117,1.037,1.8,0.08,1,5704.03,performance_drift,2024-12,6069.48688
ID0001136,10/27/2024,1,12,9901,65,1,2,0.941,1.243,1,0.11,0,4922.21,performance_drift,2024-10,5041.324948
ID0001137,10/28/2024,3,0,45650,74,1,1,1.074,1.225,1.2,0.366,7,4841.96,performance_drift,2024-10,5041.324948
ID0001138,5/24/2024,2,8,14133,44,4,2,1.169,1.226,1,0.147,10,6351.46,performance_drift,2024-05,5753.639017
ID0001139,10/4/2024,1,4,13108,19,2,2,1.09,1.043,1.8,0.099,4,7420.8,performance_drift,2024-10,6733.38182
ID0001140,8/14/2024,0,0,18861,49,0,0,0.961,0.95,1,0.276,6,3460.87,performance_drift,2024-08,5041.324948
ID0001141,3/10/2024,2,0,32796,64,0,1,1.062,1.057,1.4,0.074,0,4392.67,performance_drift,2024-03,5041.324948
ID0001142,12/24/2024,2,1,30466,49,1,1,0.927,0.888,1.8,0.121,0,5344.36,performance_drift,2024-12,6069.48688
ID0001143,1/25/2024,2,0,29592,40,2,0,0.825,0.828,3.2,0.241,14,8342.84,performance_drift,2024-01,9219.214917
ID0001144,3/7/2024,3,7,21409,64,4,1,0.981,1.138,1.8,0.403,0,7080.17,performance_drift,2024-03,6733.38182
ID0001145,9/17/2024,2,6,17368,47,2,1,1.102,0.927,1.2,0.223,21,5404.63,performance_drift,2024-09,5753.639017
ID0001146,5/15/2024,1,4,11002,49,1,0,0.977,0.956,1.4,0.469,5,4960.71,performance_drift,2024-05,5041.324948
ID0001147,7/4/2024,0,7,7790,65,3,1,1.024,0.948,1.4,0.213,0,5500.42,performance_drift,2024-07,5753.639017
ID0001148,7/26/2024,2,11,12617,21,0,1,1.02,1.089,1.2,0.186,10,5430.4,performance_drift,2024-07,5041.324948
ID0001149,3/28/2024,1,4,21171,29,3,1,0.984,0.909,1.2,0.153,1,5614.88,performance_drift,2024-03,5753.639017
ID0001150,10/12/2024,4,7,34485,21,2,2,1.068,1.096,1.4,0.235,30,7251.56,performance_drift,2024-10,5753.639017
ID0001151,11/17/2024,2,5,17805,77,2,1,1.014,0.943,1.4,0.195,2,4993.92,performance_drift,2024-11,5753.639017
ID0001152,5/18/2024,3,6,13856,58,2,2,1.117,1.299,1.2,0.267,0,5453.46,performance_drift,2024-05,5753.639017
ID0001153,1/8/2024,3,0,47379,75,1,2,1.125,1.133,3.2,0.052,5,8099.69,performance_drift,2024-01,9219.214917
ID0001154,5/9/2024,2,11,14647,60,3,1,1.065,1.147,1.2,0.086,0,5693.83,performance_drift,2024-05,5753.639017
ID0001155,2/6/2024,0,5,12877,51,1,2,1.053,1.239,1.4,0.549,7,5848.71,performance_drift,2024-02,5041.324948
ID0001156,8/16/2024,2,11,16541,49,3,2,1.238,1.427,1.2,0.162,5,6619.69,performance_drift,2024-08,5753.639017
ID0001157,2/22/2024,2,7,12051,58,1,0,0.75,0.946,1,0.17,1,3886.08,performance_drift,2024-02,5041.324948
ID0001158,5/8/2024,3,9,19822,31,2,0,0.954,0.989,1.8,0.15,2,6007.96,performance_drift,2024-05,6733.38182
ID0001159,5/5/2024,4,8,33251,63,2,2,1.184,1.176,0.4,0.299,5,4128.47,performance_drift,2024-05,4284.85875
ID0001160,5/6/2024,0,11,5014,30,1,2,1.205,1.123,1.4,0.345,30,6241.55,performance_drift,2024-05,5041.324948
ID0001161,1/15/2024,1,14,5635,35,0,2,1.278,1.117,1.8,0.127,1,6394.73,performance_drift,2024-01,6069.48688
ID0001162,7/1/2024,3,8,17453,78,3,2,1.16,1.263,1.8,0.455,10,7034.44,performance_drift,2024-07,6733.38182
ID0001163,3/9/2024,3,0,28926,54,0,0,0.911,0.999,1.4,0.484,30,4840,performance_drift,2024-03,5041.324948
ID0001164,3/15/2024,3,10,13065,41,1,2,1.252,1.159,1.4,0.061,1,5831.29,performance_drift,2024-03,5041.324948
ID0001165,10/12/2024,2,5,33204,76,1,1,0.851,1.09,1,0.094,30,4394.87,performance_drift,2024-10,5041.324948
ID0001166,1/13/2024,2,3,26725,31,1,1,0.966,0.98,1.4,0.338,7,5221.39,performance_drift,2024-01,5041.324948
ID0001167,9/26/2024,1,5,13080,40,4,0,0.901,0.863,1.2,0.287,2,5610.88,performance_drift,2024-09,5753.639017
ID0001168,6/25/2024,1,12,7574,74,3,2,1.014,1.258,1.4,0.325,6,6366.31,performance_drift,2024-06,5753.639017
ID0001169,12/4/2024,2,7,15105,24,0,2,1.243,1.335,1.4,0.27,1,6350.07,performance_drift,2024-12,5041.324948
ID0001170,7/12/2024,3,7,20796,76,2,0,0.874,0.889,1.4,0.273,1,4740.36,performance_drift,2024-07,5753.639017
ID0001171,12/24/2024,1,6,11914,71,2,1,0.947,1.087,1.2,0.105,3,4877.71,performance_drift,2024-12,5753.639017
ID0001172,5/25/2024,1,3,25957,73,0,1,1.028,0.962,1.2,0.214,7,4167.94,performance_drift,2024-05,5041.324948
ID0001173,4/2/2024,2,7,17591,25,1,2,1.269,1.176,1,0.211,5,5172.98,performance_drift,2024-04,5041.324948
ID0001174,5/6/2024,0,8,8527,28,2,1,1.042,0.782,1.8,0.497,0,6278.66,performance_drift,2024-05,6733.38182
ID0001175,5/26/2024,3,5,23964,22,3,2,1.259,1.204,1.2,0.195,7,6905.64,performance_drift,2024-05,5753.639017
ID0001176,7/15/2024,3,6,26927,24,1,2,1.343,1.224,1.4,0.145,10,6381.95,performance_drift,2024-07,5041.324948
ID0001177,11/2/2024,0,1,13214,48,0,1,0.999,1.021,1.2,0.154,0,4553.44,performance_drift,2024-11,5041.324948
ID0001178,3/10/2024,2,2,31011,50,2,1,1.036,1.137,1.2,0.254,3,5024.12,performance_drift,2024-03,5753.639017
ID0001179,11/7/2024,3,1,44826,62,3,2,1.096,0.962,1.2,0.062,3,5428.04,performance_drift,2024-11,5753.639017
ID0001180,1/20/2024,1,17,5358,78,2,0,0.872,0.869,1.2,0.22,0,4564.62,performance_drift,2024-01,5753.639017
ID0001181,10/19/2024,3,7,26282,43,1,2,1.19,1.211,1.2,0.319,0,5403.45,performance_drift,2024-10,5041.324948
ID0001182,6/14/2024,3,0,29693,44,2,2,1.181,1.303,1.2,0.215,30,5573.86,performance_drift,2024-06,5753.639017
ID0001183,6/9/2024,1,12,12062,65,1,0,0.878,0.944,1.4,0.129,7,4656.44,performance_drift,2024-06,5041.324948
ID0001184,2/2/2024,2,13,8773,75,0,2,1.278,1.271,1,0.185,0,4378.28,performance_drift,2024-02,5041.324948
ID0001185,6/9/2024,0,14,6357,48,2,2,1.267,1.055,1.4,0.192,5,6062.29,performance_drift,2024-06,5753.639017
ID0001186,4/15/2024,3,13,10929,75,0,2,1.172,0.982,1.4,0.131,3,4938.91,performance_drift,2024-04,5041.324948
ID0001187,6/2/2024,3,4,30674,61,1,1,1.054,0.998,1.2,0.452,5,4644.3,performance_drift,2024-06,5041.324948
ID0001188,5/25/2024,4,4,38093,24,0,1,1.071,1.098,1.8,0.328,4,6384.49,performance_drift,2024-05,6069.48688
ID0001189,4/13/2024,1,9,10369,35,3,1,1.121,1.003,1.2,0.362,2,5792.53,performance_drift,2024-04,5753.639017
ID0001190,3/26/2024,0,16,5146,74,2,2,1.161,1.281,0.4,0.353,0,4319.02,performance_drift,2024-03,4284.85875
ID0001191,6/17/2024,2,4,18700,64,4,2,1.28,1.364,1.8,0.212,4,7517.36,performance_drift,2024-06,6733.38182
ID0001192,7/16/2024,0,0,24506,61,2,2,1.126,1.317,1,0.324,0,5242.04,performance_drift,2024-07,5753.639017
ID0001193,12/9/2024,2,0,35686,37,0,2,1.224,1.079,1.4,0.165,14,5070.32,performance_drift,2024-12,5041.324948
ID0001194,8/11/2024,3,10,18011,49,0,1,1.077,1.014,1.2,0.113,21,4561.46,performance_drift,2024-08,5041.324948
ID0001195,8/11/2024,1,16,5000,22,2,1,0.873,1.053,3.2,0.562,2,9880.36,performance_drift,2024-08,9219.214917
ID0001196,2/10/2024,3,14,9599,53,2,1,0.937,1.032,1.1,0.232,1,5111.63,performance_drift,2024-02,5753.639017
ID0001197,4/5/2024,3,9,17170,28,4,2,1.026,1.218,1.8,0.54,0,7824.94,performance_drift,2024-04,6733.38182
ID0001198,11/24/2024,0,12,5000,71,2,2,1.166,1.273,1.8,0.112,10,6743.6,performance_drift,2024-11,6733.38182
ID0001199,5/28/2024,2,3,26693,55,1,1,0.955,0.75,1.2,0.356,1,4622.46,performance_drift,2024-05,5041.324948
ID0001200,8/10/2024,2,13,9138,39,4,2,1.115,1.378,1.8,0.322,21,8121.42,performance_drift,2024-08,6733.38182
ID0001201,9/21/2024,0,16,5438,34,1,1,1.049,1.027,1.2,0.086,5,5077.29,performance_drift,2024-09,5041.324948
ID0001202,12/22/2024,1,20,5299,41,3,1,0.975,0.985,0.4,0.069,0,4271.98,performance_drift,2024-12,3601.604965
ID0001203,2/7/2024,2,12,15176,49,1,1,1.037,0.937,1.2,0.304,3,4818.53,performance_drift,2024-02,5041.324948
ID0001204,11/1/2024,1,13,7716,19,0,0,0.801,0.971,1.4,0.257,7,5834.57,performance_drift,2024-11,5041.324948
ID0001205,8/17/2024,1,8,14190,40,2,1,1.046,0.974,1.8,0.579,21,6678.48,performance_drift,2024-08,6733.38182
ID0001206,7/18/2024,1,20,5127,34,2,2,1.206,1.167,1.8,0.481,2,7494.44,performance_drift,2024-07,6733.38182
ID0001207,7/13/2024,1,9,12965,61,0,2,1.21,1.205,1.4,0.261,1,5381.82,performance_drift,2024-07,5041.324948
ID0001208,9/19/2024,0,7,14259,31,0,1,1.057,1.217,1.2,0.025,0,4555.2,performance_drift,2024-09,5041.324948
ID0001209,6/11/2024,0,8,8884,64,2,2,1.217,1.047,1.1,0.624,10,5564.73,performance_drift,2024-06,5753.639017
ID0001210,8/11/2024,4,1,44375,57,1,1,1.039,1.039,3.2,0.35,4,8476.5,performance_drift,2024-08,9219.214917
ID0001211,10/6/2024,0,16,6123,47,3,1,1.032,1.114,1.2,0.102,1,5699,performance_drift,2024-10,5753.639017
ID0001212,2/25/2024,2,20,7384,30,4,0,0.813,1.006,1.2,0.381,30,6398.64,performance_drift,2024-02,5753.639017
ID0001213,4/7/2024,4,5,32149,23,3,0,0.843,0.848,1.8,0.069,6,6839.6,performance_drift,2024-04,6733.38182
ID0001214,12/24/2024,0,10,7370,33,2,0,0.838,1.005,1,0.263,10,4758.91,performance_drift,2024-12,5753.639017
ID0001215,10/25/2024,2,8,17762,50,2,1,0.988,0.93,1.4,0.341,4,5629.73,performance_drift,2024-10,5753.639017
ID0001216,4/20/2024,0,4,11336,29,1,2,1.272,1.284,1.4,0.472,21,6058.41,performance_drift,2024-04,5041.324948
ID0001217,8/13/2024,3,10,14093,32,0,0,0.75,0.816,1.2,0.243,2,4095.27,performance_drift,2024-08,5041.324948
ID0001218,4/14/2024,2,5,24414,60,3,1,1.077,0.805,1,0.484,1,4935.6,performance_drift,2024-04,5753.639017
ID0001219,3/14/2024,1,13,5111,30,1,1,1.191,1.066,1.8,0.275,7,5918.97,performance_drift,2024-03,6069.48688
ID0001220,1/24/2024,2,11,11007,45,0,2,1.213,1.211,1.4,0.356,3,5499.74,performance_drift,2024-01,5041.324948
ID0001221,8/16/2024,3,2,30616,43,3,0,0.965,0.909,1.2,0.299,21,5240.59,performance_drift,2024-08,5753.639017
ID0001222,6/13/2024,4,9,21685,44,4,2,1.24,1.192,1.2,0.244,0,6473.44,performance_drift,2024-06,5753.639017
ID0001223,7/5/2024,1,13,6372,57,0,2,1.206,1.173,1.4,0.417,1,5381.47,performance_drift,2024-07,5041.324948
ID0001224,4/12/2024,2,0,47704,53,2,1,0.977,0.932,1.4,0.161,5,5031.03,performance_drift,2024-04,5753.639017
ID0001225,2/22/2024,3,11,14698,29,2,1,1.009,1.102,1.8,0.432,10,6929.09,performance_drift,2024-02,6733.38182
ID0001226,10/8/2024,2,13,13026,75,3,2,0.942,1.191,1.4,0.351,0,6247.12,performance_drift,2024-10,5753.639017
ID0001227,11/14/2024,1,19,7255,76,1,2,1.095,1.148,1.8,0.36,30,6803.01,performance_drift,2024-11,6069.48688
ID0001228,7/11/2024,1,8,11315,43,2,2,1.174,1.258,1.2,0.286,0,5817.62,performance_drift,2024-07,5753.639017
ID0001229,6/14/2024,1,3,17828,53,0,2,1.165,1.292,1,0.103,2,4360.35,performance_drift,2024-06,5041.324948
ID0001230,9/16/2024,3,11,14433,27,1,1,0.953,0.773,3.2,0.16,30,8507.13,performance_drift,2024-09,9219.214917
ID0001231,3/15/2024,2,7,24418,48,3,1,1.038,1.007,1.2,0.066,0,5237.52,performance_drift,2024-03,5753.639017
ID0001232,4/2/2024,1,13,7990,51,2,2,1.253,1.046,3.2,0.035,0,9184.68,performance_drift,2024-04,9219.214917
ID0001233,4/3/2024,4,12,24439,34,3,2,1.263,1.167,1.8,0.22,3,7308.32,performance_drift,2024-04,6733.38182
ID0001234,6/13/2024,1,11,11689,45,2,0,0.958,0.93,3.2,0.031,3,8102.48,performance_drift,2024-06,9219.214917
ID0001235,3/26/2024,1,11,5899,25,0,1,0.975,1.144,0.4,0.124,1,3640.6,performance_drift,2024-03,4284.85875
ID0001236,6/13/2024,2,9,15247,71,3,2,1.2,1.093,1.8,0.579,1,7262.14,performance_drift,2024-06,6733.38182
ID0001237,11/21/2024,1,9,12135,74,4,2,1.141,1.421,1.2,0.642,0,6918.54,performance_drift,2024-11,5753.639017
ID0001238,3/19/2024,1,10,6993,56,1,1,1.073,0.843,1.8,0.563,21,5951.31,performance_drift,2024-03,6069.48688
ID0001239,3/8/2024,2,20,5680,18,0,1,1.093,1.149,1.2,0.247,21,5983.34,performance_drift,2024-03,5041.324948
ID0001240,6/23/2024,1,5,19621,76,3,2,1.162,1.247,1.8,0.3,4,6843.62,performance_drift,2024-06,6733.38182
ID0001241,6/28/2024,3,6,23564,73,2,2,1.198,1.182,1.8,0.026,10,6633.14,performance_drift,2024-06,6733.38182
ID0001242,7/9/2024,4,9,26821,35,4,1,0.88,1.23,1.8,0.146,1,7286.27,performance_drift,2024-07,6733.38182
ID0001243,10/2/2024,4,8,22222,75,2,2,1.159,1.208,1.1,0.666,3,5648.14,performance_drift,2024-10,5753.639017
ID0001244,9/15/2024,0,8,10290,58,3,2,1.22,1.13,1.4,0.161,0,6121.74,performance_drift,2024-09,5753.639017
ID0001245,5/17/2024,1,1,17036,24,3,0,0.957,0.906,1.8,0.317,3,6774.24,performance_drift,2024-05,6733.38182
ID0001246,5/23/2024,0,20,5000,62,1,1,0.9,0.918,1.8,0.259,7,6175.45,performance_drift,2024-05,6069.48688
ID0001247,7/26/2024,1,6,17231,79,0,2,1.232,1.085,1.2,0.464,30,5292.89,performance_drift,2024-07,5041.324948
ID0001248,5/9/2024,1,1,14828,25,1,1,0.994,1.072,1.2,0.184,14,4937.75,performance_drift,2024-05,5041.324948
ID0001249,11/26/2024,2,0,48017,63,0,1,1.034,0.969,1,0.262,4,3647.02,performance_drift,2024-11,5041.324948
ID0001250,7/27/2024,1,10,8190,63,2,2,1.143,1.01,1.2,0.414,0,5389.95,performance_drift,2024-07,5753.639017
ID0001251,2/6/2024,4,3,37658,63,1,2,1.233,1.203,0.4,0.134,1,3475.4,performance_drift,2024-02,4284.85875
ID0001252,11/26/2024,1,9,12022,23,0,1,0.806,0.998,1.8,0.563,2,6473.42,performance_drift,2024-11,6069.48688
ID0001253,12/13/2024,2,2,25545,43,4,1,0.973,1.058,1.4,0.22,4,6111.24,performance_drift,2024-12,5753.639017
ID0001254,3/8/2024,1,10,11531,37,4,2,1.116,1.287,1.2,0.173,5,6556.56,performance_drift,2024-03,5753.639017
ID0001255,1/5/2024,2,20,6065,43,1,1,0.994,0.807,0.4,0.687,0,3552.09,performance_drift,2024-01,3601.604965
ID0001256,10/22/2024,4,17,11019,66,1,2,1.202,1.245,1.2,0.079,21,5591.11,performance_drift,2024-10,5041.324948
ID0001257,10/5/2024,3,10,14652,27,1,1,0.993,1.063,1.4,0.195,0,5352.16,performance_drift,2024-10,5041.324948
ID0001258,10/28/2024,2,8,12480,35,1,2,1.117,1.124,1.4,0.508,6,5758.16,performance_drift,2024-10,5041.324948
ID0001259,3/24/2024,0,0,21858,75,2,2,1.068,1.156,1.4,0.151,6,5554.82,performance_drift,2024-03,5753.639017
ID0001260,2/23/2024,2,8,14953,26,0,1,0.875,0.948,1,0.308,1,4495.04,performance_drift,2024-02,5041.324948
ID0001261,12/11/2024,4,6,32976,51,2,1,0.963,0.984,1.8,0.201,0,6315.97,performance_drift,2024-12,6733.38182
ID0001262,5/4/2024,2,20,6065,18,1,1,1.045,1.011,1.2,0.184,2,6199.24,performance_drift,2024-05,5041.324948
ID0001263,7/17/2024,0,4,12380,78,4,1,1.005,0.856,1.2,0.423,0,5631.11,performance_drift,2024-07,5753.639017
ID0001264,2/28/2024,3,10,17196,29,3,1,0.978,1.164,1.4,0.516,30,6867.04,performance_drift,2024-02,5753.639017
ID0001265,2/19/2024,1,11,7671,18,4,1,1.122,1.066,1.8,0.146,0,8067.31,performance_drift,2024-02,6733.38182
ID0001266,7/15/2024,1,20,5290,26,1,1,0.929,1.01,1.2,0.407,0,5536.51,performance_drift,2024-07,5041.324948
ID0001267,12/10/2024,1,17,5804,71,1,1,1.036,0.852,1.8,0.324,7,6167.8,performance_drift,2024-12,6069.48688
ID0001268,11/4/2024,1,0,20183,28,2,0,0.914,0.87,1.4,0.207,1,4963.36,performance_drift,2024-11,5753.639017
ID0001269,12/11/2024,1,18,5966,38,2,1,1.07,1.05,1.8,0.092,0,6640.88,performance_drift,2024-12,6733.38182
ID0001270,12/24/2024,0,2,13518,66,2,2,1.265,1.169,1,0.175,2,4748.53,performance_drift,2024-12,5753.639017
ID0001271,6/4/2024,4,16,15499,20,2,1,1.012,1.111,1.4,0.396,0,6976.97,performance_drift,2024-06,5753.639017
ID0001272,2/24/2024,1,12,8298,48,0,2,1.137,1.262,1.2,0.725,21,5883.41,performance_drift,2024-02,5041.324948
ID0001273,3/16/2024,1,6,18586,51,2,1,1.045,1.133,1.4,0.758,10,5999.05,performance_drift,2024-03,5753.639017
ID0001274,1/2/2024,0,8,9119,62,1,2,1.145,1.165,1.2,0.116,6,5392.6,performance_drift,2024-01,5041.324948
ID0001275,11/15/2024,1,15,6376,79,1,1,0.957,1.118,1.8,0.108,0,5717.43,performance_drift,2024-11,6069.48688
ID0001276,10/21/2024,1,12,7670,22,1,1,1.074,1.006,1.2,0.146,21,6173.2,performance_drift,2024-10,5041.324948
ID0001277,1/12/2024,2,13,13726,29,1,2,1.078,1.109,1.8,0.216,0,6516.24,performance_drift,2024-01,6069.48688
ID0001278,1/22/2024,2,3,31165,42,2,1,1.111,1.032,1.2,0.243,0,5172.9,performance_drift,2024-01,5753.639017
ID0001279,5/24/2024,2,16,9461,50,0,2,1.3,1.241,1,0.232,0,4783.02,performance_drift,2024-05,5041.324948
ID0001280,10/25/2024,2,6,25679,21,4,2,1.251,1.242,1.4,0.634,1,8029.03,performance_drift,2024-10,5753.639017
ID0001281,11/25/2024,1,6,15046,44,2,0,0.858,0.978,1.8,0.064,30,6030.97,performance_drift,2024-11,6733.38182
ID0001282,5/21/2024,0,4,11937,18,2,2,1.115,1.272,1,0.108,2,6332.4,performance_drift,2024-05,5753.639017
ID0001283,10/20/2024,1,15,5000,21,0,1,1.055,0.989,1.4,0.253,5,5947.83,performance_drift,2024-10,5041.324948
ID0001284,8/3/2024,1,9,9045,57,0,0,0.809,0.94,1.4,0.34,1,4530.37,performance_drift,2024-08,5041.324948
ID0001285,7/13/2024,4,8,23919,76,0,1,1.051,1.134,1.8,0.518,5,5672.04,performance_drift,2024-07,6069.48688
ID0001286,12/27/2024,1,8,9666,44,0,1,0.995,0.836,1.4,0.088,1,4614.36,performance_drift,2024-12,5041.324948
ID0001287,12/3/2024,2,10,14625,64,2,2,1.229,1.312,0.4,0.053,1,4097.35,performance_drift,2024-12,4284.85875
ID0001288,3/15/2024,1,4,11371,45,0,1,1.217,1.025,1.8,0.366,0,5538.38,performance_drift,2024-03,6069.48688
ID0001289,2/21/2024,2,13,14153,72,0,2,1.114,1.456,1.8,0.603,3,6366.57,performance_drift,2024-02,6069.48688
ID0001290,9/22/2024,2,10,13710,63,2,2,1.152,1.267,1.8,0.122,21,6798.93,performance_drift,2024-09,6733.38182
ID0001291,11/9/2024,1,14,10538,22,0,2,1.326,1.175,1.2,0.586,0,6182.91,performance_drift,2024-11,5041.324948
ID0001292,7/1/2024,4,8,27810,62,2,1,0.887,0.948,1.4,0.132,0,5239.3,performance_drift,2024-07,5753.639017
ID0001293,9/7/2024,2,14,10725,27,0,2,0.928,1.159,1.4,0.299,2,5667.7,performance_drift,2024-09,5041.324948
ID0001294,11/3/2024,2,5,20310,66,2,1,1.05,1.016,1.4,0.484,1,5260.65,performance_drift,2024-11,5753.639017
ID0001295,3/26/2024,3,12,12431,42,3,2,1.236,1.028,1,0.326,5,5827.09,performance_drift,2024-03,5753.639017
ID0001296,8/7/2024,1,12,5607,56,0,0,1.038,0.87,1.2,0.309,0,4433.06,performance_drift,2024-08,5041.324948
ID0001297,5/19/2024,1,6,12669,24,0,2,1.324,1.265,1.4,0.088,1,6158.66,performance_drift,2024-05,5041.324948
ID0001298,9/22/2024,0,11,10057,27,0,1,0.936,0.854,1.4,0.214,7,4631.6,performance_drift,2024-09,5041.324948
ID0001299,5/24/2024,4,8,30800,75,1,1,0.99,0.947,1,0.247,0,4285.08,performance_drift,2024-05,5041.324948
ID0001300,12/27/2024,4,16,13952,31,2,2,1.228,1.444,1.4,0.414,10,6872.35,performance_drift,2024-12,5753.639017
ID0001301,6/17/2024,1,10,16045,57,0,2,1.346,1.157,1.8,0.094,0,5844.97,performance_drift,2024-06,6069.48688
ID0001302,5/16/2024,3,14,9993,18,1,1,1.072,0.971,3.2,0.507,1,9675.72,performance_drift,2024-05,9219.214917
ID0001303,10/20/2024,1,7,13491,36,2,0,0.91,0.947,1.2,0.219,0,4867.67,performance_drift,2024-10,5753.639017
ID0001304,6/14/2024,1,11,13734,57,1,1,1.129,1.039,1,0.578,5,4741.74,performance_drift,2024-06,5041.324948
ID0001305,5/10/2024,4,15,11926,29,3,1,1.14,1.077,1.4,0.381,7,6527.47,performance_drift,2024-05,5753.639017
ID0001306,1/17/2024,2,5,18432,63,0,1,0.915,0.935,1.2,0.319,0,4273.32,performance_drift,2024-01,5041.324948
ID0001307,2/21/2024,1,7,10279,66,1,0,0.96,0.909,1.8,0.233,30,5542.85,performance_drift,2024-02,6069.48688
ID0001308,10/27/2024,3,10,16664,53,2,2,1.101,1.11,1.4,0.222,5,6073.83,performance_drift,2024-10,5753.639017
ID0001309,11/18/2024,1,8,8385,29,0,1,1.026,0.947,1.2,0.305,5,4822.14,performance_drift,2024-11,5041.324948
ID0001310,7/27/2024,3,6,22662,40,0,0,0.915,1.126,1.2,0.265,2,4567.75,performance_drift,2024-07,5041.324948
ID0001311,7/28/2024,2,5,17662,60,1,1,0.954,0.942,1.4,0.247,30,5051.78,performance_drift,2024-07,5041.324948
ID0001312,12/27/2024,1,7,17633,77,2,1,1.079,0.968,1,0.312,30,4829.38,performance_drift,2024-12,5753.639017
ID0001313,1/24/2024,1,4,14564,76,2,1,0.841,1.032,1,0.281,1,4640.98,performance_drift,2024-01,5753.639017
ID0001314,5/18/2024,1,4,15930,61,0,1,1.142,1.017,1.8,0.163,7,5387.18,performance_drift,2024-05,6069.48688
ID0001315,1/17/2024,0,5,14610,78,1,1,1.156,0.972,1.4,0.241,1,4810.75,performance_drift,2024-01,5041.324948
ID0001316,11/25/2024,3,7,21956,47,4,0,0.887,0.989,1.2,0.716,1,6062.6,performance_drift,2024-11,5753.639017
ID0001317,12/14/2024,3,7,24781,56,3,1,1.056,1.002,1.4,0.191,21,5987.42,performance_drift,2024-12,5753.639017
ID0001318,6/23/2024,4,11,26461,79,1,1,0.888,0.954,1,0.191,0,4254.43,performance_drift,2024-06,5041.324948
ID0001319,1/4/2024,2,9,14898,50,1,1,0.993,0.948,1.2,0.098,2,4449.14,performance_drift,2024-01,5041.324948
ID0001320,11/14/2024,2,15,13049,76,3,1,0.976,1.048,1,0.37,2,5052.52,performance_drift,2024-11,5753.639017
ID0001321,1/3/2024,0,11,6646,61,3,2,1.188,1.406,1.4,0.365,2,6636.25,performance_drift,2024-01,5753.639017
ID0001322,3/12/2024,2,9,11705,43,1,1,1.066,1.011,1,0.249,1,4568.87,performance_drift,2024-03,5041.324948
ID0001323,9/10/2024,1,20,5000,59,2,2,1.295,1.222,1.8,0.237,3,7158.49,performance_drift,2024-09,6733.38182
ID0001324,1/12/2024,1,0,23416,76,1,1,0.906,1.086,3.2,0.065,14,7974.06,performance_drift,2024-01,9219.214917
ID0001325,1/16/2024,3,11,11735,46,0,1,0.936,0.981,1.8,0.144,4,5812.18,performance_drift,2024-01,6069.48688
ID0001326,4/27/2024,1,11,12345,23,3,0,0.937,0.871,3.2,0.36,14,9885.76,performance_drift,2024-04,9219.214917
ID0001327,4/21/2024,2,16,8240,39,1,0,1.023,0.793,1.4,0.28,10,4960.11,performance_drift,2024-04,5041.324948
ID0001328,10/24/2024,4,9,29373,60,0,1,1.061,1.091,0.4,0.632,2,3468.47,performance_drift,2024-10,3601.604965
ID0001329,8/24/2024,1,10,7636,31,2,1,0.945,1.09,1.8,0.157,5,6734.12,performance_drift,2024-08,6733.38182
ID0001330,11/26/2024,1,6,16133,57,2,1,0.993,1.288,1,0.349,7,5171.82,performance_drift,2024-11,5753.639017
ID0001331,9/22/2024,1,17,6200,35,0,1,1.086,1.02,1,0.222,1,4454.49,performance_drift,2024-09,5041.324948
ID0001332,2/13/2024,1,7,14743,22,1,2,1.104,1.136,1.8,0.792,1,7651.89,performance_drift,2024-02,6069.48688
ID0001333,9/20/2024,1,3,19826,63,0,2,1.244,1.261,0.4,0.209,21,3650.06,performance_drift,2024-09,4284.85875
ID0001334,4/23/2024,1,6,10965,71,2,2,1.222,1.111,1.2,0.179,1,5271.06,performance_drift,2024-04,5753.639017
ID0001335,11/20/2024,2,6,17704,78,1,2,1.13,1.391,1.8,0.437,4,6515.93,performance_drift,2024-11,6069.48688
ID0001336,8/28/2024,1,12,5676,20,1,1,1.014,1.081,1,0.131,0,5518.22,performance_drift,2024-08,5041.324948
ID0001337,4/5/2024,1,13,6604,36,0,1,0.981,0.911,1.8,0.267,3,5676.05,performance_drift,2024-04,6069.48688
ID0001338,3/27/2024,3,2,22533,50,0,2,0.916,1.189,1.2,0.29,3,4914.73,performance_drift,2024-03,5041.324948
ID0001339,10/7/2024,3,10,19515,32,3,2,1.175,1.263,1.4,0.151,7,6537.17,performance_drift,2024-10,5753.639017
ID0001340,11/14/2024,2,0,42568,67,2,2,1.211,1.098,1,0.391,3,4682.35,performance_drift,2024-11,5753.639017
ID0001341,1/23/2024,1,1,22132,27,1,0,0.851,1.059,1.2,0.319,5,4611.69,performance_drift,2024-01,5041.324948
ID0001342,11/25/2024,2,7,23109,32,1,1,0.997,0.98,1.2,0.108,0,4736.03,performance_drift,2024-11,5041.324948
ID0001343,3/20/2024,2,5,16642,65,2,2,1.105,1.117,1.2,0.269,2,5683.65,performance_drift,2024-03,5753.639017
ID0001344,3/12/2024,1,6,10473,20,2,0,1.031,0.88,1.2,0.373,0,5855.04,performance_drift,2024-03,5753.639017
ID0001345,2/28/2024,3,19,6412,59,2,1,1.088,1.094,3.2,0.15,1,9057.41,performance_drift,2024-02,9219.214917
ID0001346,2/28/2024,3,12,9445,69,2,1,0.876,1.157,1.8,0.393,0,6388.19,performance_drift,2024-02,6733.38182
ID0001347,11/11/2024,2,6,20777,50,3,0,0.878,0.873,1.4,0.09,7,5147.39,performance_drift,2024-11,5753.639017
ID0001348,5/14/2024,1,9,12692,79,1,2,1.098,1.209,1.2,0.047,0,4876.07,performance_drift,2024-05,5041.324948
ID0001349,6/4/2024,0,5,9296,39,2,1,1.017,1.166,1,0.225,6,5105.24,performance_drift,2024-06,5753.639017
ID0001350,6/9/2024,0,16,5000,37,2,2,1.078,1.131,0.4,0.237,1,4421.49,performance_drift,2024-06,4284.85875
ID0001351,3/1/2024,4,18,15773,75,2,1,0.926,1.136,1.2,0.242,5,5239.23,performance_drift,2024-03,5753.639017
ID0001352,5/15/2024,4,2,47903,47,4,2,1.125,1.066,1.2,0.271,0,6117.25,performance_drift,2024-05,5753.639017
ID0001353,3/2/2024,3,16,8588,30,2,1,0.952,1.038,0.4,0.575,0,4232.35,performance_drift,2024-03,3601.604965
ID0001354,7/4/2024,0,1,18689,22,2,2,1.332,1.252,1.4,0.117,14,6929.75,performance_drift,2024-07,5753.639017
ID0001355,4/10/2024,2,13,8510,20,3,2,1.098,1.09,3.2,0.165,0,10765.92,performance_drift,2024-04,9219.214917
ID0001356,12/9/2024,1,4,15375,60,2,2,1.118,1.403,1.2,0.077,21,5921.96,performance_drift,2024-12,5753.639017
ID0001357,7/18/2024,0,20,5000,47,2,1,0.865,0.937,1.2,0.303,1,5063.21,performance_drift,2024-07,5753.639017
ID0001358,3/22/2024,0,5,10451,35,2,1,0.981,0.962,1.2,0.16,0,5243.09,performance_drift,2024-03,5753.639017
ID0001359,9/22/2024,2,11,9468,40,0,2,1.289,1.41,1.4,0.363,30,5996.09,performance_drift,2024-09,5041.324948
ID0001360,12/25/2024,3,19,10816,27,2,2,1.259,1.111,1.4,0.318,0,6460.21,performance_drift,2024-12,5753.639017
ID0001361,1/1/2024,0,0,14459,71,2,1,1.075,1.08,1.2,0.467,4,5106.28,performance_drift,2024-01,5753.639017
ID0001362,9/18/2024,1,17,5792,25,2,1,1.09,1.012,1.8,0.134,14,6739.72,performance_drift,2024-09,6733.38182
ID0001363,8/4/2024,0,10,5834,30,3,2,1.048,1.232,1.2,0.188,0,5947.73,performance_drift,2024-08,5753.639017
ID0001364,7/9/2024,0,10,9515,49,1,2,1.189,1.166,1.2,0.35,2,5603.04,performance_drift,2024-07,5041.324948
ID0001365,6/21/2024,0,6,12957,67,3,2,1.061,1.164,1.8,0.392,2,6834.67,performance_drift,2024-06,6733.38182
ID0001366,4/24/2024,1,4,21670,45,3,1,1.058,0.842,1.8,0.561,14,6528.21,performance_drift,2024-04,6733.38182
ID0001367,6/10/2024,0,16,7216,73,3,1,1.13,0.871,1,0.099,30,5190.14,performance_drift,2024-06,5753.639017
ID0001368,2/15/2024,3,12,13875,64,1,2,1.097,1.15,1.2,0.406,30,5722.19,performance_drift,2024-02,5041.324948
ID0001369,1/2/2024,0,14,6459,32,3,2,1.318,1.358,1.2,0.179,2,6376.24,performance_drift,2024-01,5753.639017
ID0001370,2/20/2024,4,4,38839,46,4,2,1.357,1.312,1.8,0.444,7,7467.22,performance_drift,2024-02,6733.38182
ID0001371,7/10/2024,3,6,21491,30,1,2,1.163,1.263,1,0.335,30,5528.35,performance_drift,2024-07,5041.324948
ID0001372,1/26/2024,2,9,18569,39,2,2,1.012,1.202,1.8,0.06,0,6678.81,performance_drift,2024-01,6733.38182
ID0001373,2/18/2024,4,7,29862,20,1,1,1.08,1.087,1.4,0.489,21,6652.18,performance_drift,2024-02,5041.324948
ID0001374,5/7/2024,4,12,22817,32,1,1,1.033,1.031,1.8,0.063,0,6205.17,performance_drift,2024-05,6069.48688
ID0001375,6/9/2024,3,9,32651,73,2,1,0.997,0.977,1.8,0.438,0,5979.96,performance_drift,2024-06,6733.38182
ID0001376,6/2/2024,2,9,18290,77,0,1,1.069,1.144,1.4,0.156,5,4571.58,performance_drift,2024-06,5041.324948
ID0001377,7/4/2024,2,14,15486,70,2,2,1.22,1.33,0.4,0.509,1,4531.85,performance_drift,2024-07,4284.85875
ID0001378,4/4/2024,1,0,18662,59,4,2,1.155,1.091,1.2,0.137,14,5874.9,performance_drift,2024-04,5753.639017
ID0001379,10/6/2024,4,16,14839,77,2,1,0.963,0.815,1.8,0.3,3,6296.97,performance_drift,2024-10,6733.38182
ID0001380,11/7/2024,1,7,18876,57,3,2,1.193,1.237,1.4,0.362,2,6448.09,performance_drift,2024-11,5753.639017
ID0001381,9/10/2024,3,3,25568,32,2,2,1.304,1.163,1.8,0.36,5,6856.48,performance_drift,2024-09,6733.38182
ID0001382,10/13/2024,3,4,18573,73,1,0,0.892,0.979,1.8,0.076,0,5197.37,performance_drift,2024-10,6069.48688
ID0001383,10/16/2024,2,3,21614,38,1,2,0.933,1.195,1,0.13,14,5181.82,performance_drift,2024-10,5041.324948
ID0001384,1/6/2024,1,0,14634,28,3,2,1.232,1.181,1.2,0.263,4,6076.05,performance_drift,2024-01,5753.639017
ID0001385,6/22/2024,1,16,6107,51,2,1,1.094,1.083,1.4,0.234,21,6097.44,performance_drift,2024-06,5753.639017
ID0001386,7/23/2024,1,3,26400,74,4,0,0.975,0.901,1.4,0.299,6,5474.76,performance_drift,2024-07,5753.639017
ID0001387,4/16/2024,2,12,13600,42,0,1,0.845,0.93,1.2,0.56,0,4853.52,performance_drift,2024-04,5041.324948
ID0001388,3/2/2024,1,4,14136,46,2,1,0.953,0.988,1.2,0.141,1,4937.85,performance_drift,2024-03,5753.639017
ID0001389,1/28/2024,0,8,9879,28,2,2,1.275,0.995,1.4,0.517,2,6077.46,performance_drift,2024-01,5753.639017
ID0001390,1/18/2024,0,15,6876,76,3,1,0.976,0.957,1.4,0.229,2,5687.83,performance_drift,2024-01,5753.639017
ID0001391,10/15/2024,3,4,15252,38,1,2,1.15,1.216,1.4,0.165,0,5807.74,performance_drift,2024-10,5041.324948
ID0001392,12/25/2024,0,12,5711,76,1,1,1.084,0.883,1.2,0.026,6,4394.4,performance_drift,2024-12,5041.324948
ID0001393,11/27/2024,4,6,35087,32,0,1,1.035,1.1,1.8,0.25,1,5807.23,performance_drift,2024-11,6069.48688
ID0001394,5/7/2024,1,7,11995,61,2,1,1.101,1.042,1.4,0.102,21,5540.81,performance_drift,2024-05,5753.639017
ID0001395,8/15/2024,0,9,9150,54,2,0,0.809,1.143,1.8,0.17,4,6164.28,performance_drift,2024-08,6733.38182
ID0001396,5/24/2024,4,7,35529,77,2,2,1.212,1.133,1.8,0.286,2,6376.71,performance_drift,2024-05,6733.38182
ID0001397,5/12/2024,1,6,7821,57,2,2,1.021,1.127,1.8,0.298,1,6391.8,performance_drift,2024-05,6733.38182
ID0001398,3/27/2024,1,2,13684,77,2,1,1.011,1.041,1.2,0.317,10,4913.46,performance_drift,2024-03,5753.639017
ID0001399,10/8/2024,3,7,17930,49,3,2,1.245,1.347,1,0.225,0,5809.15,performance_drift,2024-10,5753.639017
ID0001400,11/23/2024,0,5,14322,39,2,2,1.103,1.077,1.8,0.496,5,6695.56,performance_drift,2024-11,6733.38182
ID0001401,7/3/2024,2,7,18394,59,0,2,1.306,1.05,1.4,0.552,7,5312.78,performance_drift,2024-07,5041.324948
ID0001402,1/21/2024,1,8,11799,48,2,2,1.042,1.101,1,0.146,0,5225.31,performance_drift,2024-01,5753.639017
ID0001403,9/6/2024,0,5,15710,23,0,2,1.23,1.252,1.4,0.217,4,5936.28,performance_drift,2024-09,5041.324948
ID0001404,7/22/2024,3,8,19122,38,1,2,1.269,1.146,1.4,0.608,4,6212.64,performance_drift,2024-07,5041.324948
ID0001405,11/13/2024,1,0,31369,30,2,1,1.072,0.885,1.4,0.22,21,5640.24,performance_drift,2024-11,5753.639017
ID0001406,11/21/2024,2,10,17046,32,2,1,0.895,1.026,1.4,0.423,10,5983.4,performance_drift,2024-11,5753.639017
ID0001407,10/15/2024,3,16,11287,40,0,0,0.938,0.94,1.8,0.476,1,5792.98,performance_drift,2024-10,6069.48688
ID0001408,10/26/2024,1,7,18406,49,1,1,0.964,1.106,1.8,0.091,1,5578.02,performance_drift,2024-10,6069.48688
ID0001409,7/7/2024,3,5,27409,42,2,1,1.146,1.077,1.8,0.042,21,6373.31,performance_drift,2024-07,6733.38182
ID0001410,5/8/2024,2,14,8050,25,3,2,1.107,1.309,1.8,0.191,0,7591.29,performance_drift,2024-05,6733.38182
ID0001411,11/13/2024,0,3,17679,22,2,2,1.259,0.928,1,0.089,1,5746.08,performance_drift,2024-11,5753.639017
ID0001412,8/15/2024,2,6,18000,64,1,0,0.979,0.955,1.2,0.131,6,4335.58,performance_drift,2024-08,5041.324948
ID0001413,3/2/2024,0,11,7904,21,2,2,1.105,1.458,1.2,0.415,4,7406.57,performance_drift,2024-03,5753.639017
ID0001414,1/18/2024,2,5,17721,47,2,2,1.038,1.291,1.2,0.486,0,5991.79,performance_drift,2024-01,5753.639017
ID0001415,1/20/2024,0,0,22173,60,2,1,0.978,1.016,1.8,0.435,2,6018.97,performance_drift,2024-01,6733.38182
ID0001416,11/3/2024,1,8,11813,77,0,2,0.947,1.197,1.4,0.088,3,4800.9,performance_drift,2024-11,5041.324948
ID0001417,6/5/2024,3,10,16534,42,1,2,1.199,1.23,1.4,0.479,2,5857,performance_drift,2024-06,5041.324948
ID0001418,1/13/2024,4,14,24561,30,2,2,1.193,1.282,1,0.338,0,5717.87,performance_drift,2024-01,5753.639017
ID0001419,5/27/2024,3,11,13346,75,2,0,0.845,0.818,1.2,0.203,0,4518.6,performance_drift,2024-05,5753.639017
ID0001420,8/22/2024,3,5,16192,27,2,2,1.051,0.75,1.8,0.457,3,6481.77,performance_drift,2024-08,6733.38182
ID0001421,2/3/2024,2,0,43545,53,3,0,0.754,0.908,1,0.252,4,4593.51,performance_drift,2024-02,5753.639017
ID0001422,7/20/2024,3,0,33571,59,0,1,1.098,1.021,1.2,0.378,1,4208.46,performance_drift,2024-07,5041.324948
ID0001423,8/9/2024,2,0,30029,68,1,1,1.021,1.054,1.8,0.537,21,5923.17,performance_drift,2024-08,6069.48688
ID0001424,1/27/2024,3,14,11995,52,1,1,1.033,0.953,1.4,0.238,30,5549.97,performance_drift,2024-01,5041.324948
ID0001425,2/3/2024,2,8,19824,37,4,1,0.946,0.878,1.2,0.146,1,5699.46,performance_drift,2024-02,5753.639017
ID0001426,1/28/2024,3,16,7528,31,3,2,1.398,1.039,1.4,0.371,2,6531.4,performance_drift,2024-01,5753.639017
ID0001427,1/5/2024,2,15,12290,69,1,1,0.908,0.933,1.8,0.241,2,5755.51,performance_drift,2024-01,6069.48688
ID0001428,3/22/2024,1,0,20703,55,0,2,1.05,1.388,1.8,0.287,5,6165.38,performance_drift,2024-03,6069.48688
ID0001429,9/22/2024,1,6,14027,63,0,1,0.949,1.09,1.4,0.063,1,4552.27,performance_drift,2024-09,5041.324948
ID0001430,5/1/2024,2,7,23409,34,1,2,1.061,1.507,1.2,0.275,1,5759.74,performance_drift,2024-05,5041.324948
ID0001431,10/21/2024,2,4,21970,53,1,1,1.062,1.12,1.2,0.367,10,5253.47,performance_drift,2024-10,5041.324948
ID0001432,9/28/2024,2,14,11913,76,0,2,1.209,1.033,1.2,0.338,3,4769.9,performance_drift,2024-09,5041.324948
ID0001433,5/5/2024,2,3,18387,21,3,1,0.971,1.192,1.2,0.044,5,6456.69,performance_drift,2024-05,5753.639017
ID0001434,7/1/2024,3,7,21128,34,2,1,1.156,0.969,1.4,0.663,0,6019.82,performance_drift,2024-07,5753.639017
ID0001435,3/15/2024,0,9,7499,30,1,1,0.953,0.826,1.4,0.589,10,5710.71,performance_drift,2024-03,5041.324948
ID0001436,11/18/2024,1,9,12358,58,3,2,1.072,1.198,1.4,0.563,2,6666.65,performance_drift,2024-11,5753.639017
ID0001437,12/26/2024,2,7,19327,65,1,1,1.027,0.989,1.8,0.616,1,5781.23,performance_drift,2024-12,6069.48688
ID0001438,9/17/2024,0,1,15244,70,0,0,0.901,1.083,1.8,0.088,1,5256.92,performance_drift,2024-09,6069.48688
ID0001439,8/22/2024,2,2,26703,48,1,1,1.08,0.992,1.4,0.44,2,5018.96,performance_drift,2024-08,5041.324948
ID0001440,9/13/2024,3,7,18631,32,0,0,0.918,0.849,1.2,0.392,21,4208.98,performance_drift,2024-09,5041.324948
ID0001441,11/7/2024,1,8,10375,66,3,2,1.107,1.221,1.2,0.173,5,5773.18,performance_drift,2024-11,5753.639017
ID0001442,3/10/2024,0,3,17129,27,2,2,1.39,1.235,1.2,0.287,1,6011.14,performance_drift,2024-03,5753.639017
ID0001443,2/28/2024,2,3,34480,63,1,2,1.107,1.119,1.2,0.11,3,4902.57,performance_drift,2024-02,5041.324948
ID0001444,9/1/2024,2,6,21840,36,2,1,0.901,0.941,1,0.045,5,4383.18,performance_drift,2024-09,5753.639017
ID0001445,7/9/2024,2,10,26725,61,3,2,1.347,1.264,1.2,0.446,0,6463.69,performance_drift,2024-07,5753.639017
ID0001446,8/21/2024,3,9,17461,35,2,1,0.778,1.13,1.4,0.266,2,5591.98,performance_drift,2024-08,5753.639017
ID0001447,5/28/2024,2,0,48407,19,1,2,1.174,1.208,1.4,0.093,0,6595.2,performance_drift,2024-05,5041.324948
ID0001448,9/15/2024,0,4,14839,73,0,1,1.024,1.132,1.8,0.068,7,4945.82,performance_drift,2024-09,6069.48688
ID0001449,3/26/2024,3,12,11318,59,3,0,0.815,0.834,1,0.459,0,4801,performance_drift,2024-03,5753.639017
ID0001450,9/19/2024,1,11,8093,77,1,2,1.035,1.184,1.8,0.235,0,6218.85,performance_drift,2024-09,6069.48688
ID0001451,1/14/2024,1,3,17656,77,2,2,1.073,1.092,1,0.251,7,4799.18,performance_drift,2024-01,5753.639017
ID0001452,7/9/2024,2,0,38032,25,2,2,1.341,1.108,1.2,0.267,0,5546.78,performance_drift,2024-07,5753.639017
ID0001453,7/26/2024,3,12,17871,29,1,0,0.962,0.81,1.4,0.639,10,5428.35,performance_drift,2024-07,5041.324948
ID0001454,4/6/2024,1,2,16414,26,1,1,1.05,1.011,3.2,0.209,2,8460,performance_drift,2024-04,9219.214917
ID0001455,4/25/2024,0,9,7671,18,1,2,1.227,1.251,1.2,0.307,14,6622.89,performance_drift,2024-04,5041.324948
ID0001456,3/1/2024,1,1,20487,23,3,1,1.077,0.923,1.1,0.344,1,6047.25,performance_drift,2024-03,5753.639017
ID0001457,11/2/2024,0,9,8486,75,1,2,1.208,1.341,1.8,0.214,7,6446.71,performance_drift,2024-11,6069.48688
ID0001458,6/12/2024,4,6,33158,57,1,2,1.201,1.343,1.8,0.258,0,6371.01,performance_drift,2024-06,6069.48688
ID0001459,6/18/2024,3,8,26104,69,1,2,1.192,1.257,1.2,0.233,7,5264.98,performance_drift,2024-06,5041.324948
ID0001460,2/10/2024,1,13,7713,75,3,1,0.884,0.978,1.8,0.267,1,6622.09,performance_drift,2024-02,6733.38182
ID0001461,7/2/2024,2,0,27553,52,4,0,0.861,0.938,1.2,0.215,3,5434.58,performance_drift,2024-07,5753.639017
ID0001462,7/24/2024,2,7,12758,55,1,0,0.987,0.89,1,0.226,0,3758.57,performance_drift,2024-07,5041.324948
ID0001463,5/21/2024,3,14,8542,36,0,1,0.849,1.139,1.2,0.077,3,4678.04,performance_drift,2024-05,5041.324948
ID0001464,1/12/2024,4,10,36747,19,1,2,1.142,1.102,1.2,0.312,7,6320.32,performance_drift,2024-01,5041.324948
ID0001465,4/28/2024,1,18,5000,26,1,1,1.041,0.924,1.2,0.565,30,5607.93,performance_drift,2024-04,5041.324948
ID0001466,2/18/2024,2,0,32206,34,0,2,1.119,1.051,1.2,0.461,21,4920.38,performance_drift,2024-02,5041.324948
ID0001467,9/5/2024,1,0,20522,62,3,1,1.045,0.965,1.2,0.211,5,4857.12,performance_drift,2024-09,5753.639017
ID0001468,12/12/2024,2,10,13912,61,3,1,0.948,1.093,1.2,0.145,0,5528.84,performance_drift,2024-12,5753.639017
ID0001469,3/26/2024,2,8,19536,40,3,1,1.123,1.113,1.2,0.08,0,5478.73,performance_drift,2024-03,5753.639017
ID0001470,5/22/2024,2,11,14890,28,2,2,1.145,1.209,1.2,0.492,21,6585.17,performance_drift,2024-05,5753.639017
ID0001471,12/20/2024,0,0,21154,65,1,1,0.81,1,1.2,0.316,1,4698.66,performance_drift,2024-12,5041.324948
ID0001472,11/14/2024,2,7,29286,46,3,2,1.099,1.361,1.2,0.23,1,6267.82,performance_drift,2024-11,5753.639017
ID0001473,1/13/2024,1,19,5000,34,2,1,0.982,1.062,0.4,0.235,0,3967.59,performance_drift,2024-01,3601.604965
ID0001474,11/17/2024,2,18,9779,62,4,2,1.014,1.263,1.2,0.216,2,6471.04,performance_drift,2024-11,5753.639017
ID0001475,6/13/2024,1,11,9624,38,0,1,1.12,1.032,1,0.34,4,4553.49,performance_drift,2024-06,5041.324948
ID0001476,7/23/2024,1,9,8449,47,4,0,0.758,0.831,1.4,0.347,0,5713.79,performance_drift,2024-07,5753.639017
ID0001477,9/5/2024,3,14,13454,58,0,2,1.151,1.317,1.4,0.164,1,5455.68,performance_drift,2024-09,5041.324948
ID0001478,12/14/2024,0,0,15058,71,4,2,1.332,1.04,1.4,0.63,2,6506.84,performance_drift,2024-12,5753.639017
ID0001479,6/28/2024,2,7,19047,20,0,2,1.304,1.198,1.8,0.382,14,7260.42,performance_drift,2024-06,6069.48688
ID0001480,9/15/2024,1,9,12839,68,0,2,0.958,1.333,1.8,0.293,2,6072.84,performance_drift,2024-09,6069.48688
ID0001481,11/22/2024,1,4,15523,55,1,1,0.955,0.978,0.4,0.402,5,3409.7,performance_drift,2024-11,3601.604965
ID0001482,1/5/2024,1,11,10516,21,0,2,1.29,1.282,1.4,0.649,5,6496.81,performance_drift,2024-01,5041.324948
ID0001483,10/4/2024,1,7,11341,74,1,0,0.75,0.898,1.4,0.64,0,4801.03,performance_drift,2024-10,5041.324948
ID0001484,5/3/2024,3,5,25060,31,1,1,0.978,0.989,1.2,0.395,0,4935.12,performance_drift,2024-05,5041.324948
ID0001485,9/10/2024,2,5,15894,37,0,1,1.056,1.149,1.2,0.279,2,4936.26,performance_drift,2024-09,5041.324948
ID0001486,8/18/2024,0,9,13277,60,4,2,1.076,1.382,1.8,0.422,10,7874.58,performance_drift,2024-08,6733.38182
ID0001487,11/20/2024,1,7,14251,79,1,1,1.054,1.123,3.2,0.381,0,8032.69,performance_drift,2024-11,9219.214917
ID0001488,5/21/2024,3,12,15034,45,3,0,0.959,0.878,1.4,0.233,10,5870.57,performance_drift,2024-05,5753.639017
ID0001489,12/9/2024,2,6,22180,61,2,0,0.959,0.87,1,0.252,3,4640.98,performance_drift,2024-12,5753.639017
ID0001490,4/7/2024,1,5,11145,78,3,1,1.144,0.92,1.2,0.089,4,5101.1,performance_drift,2024-04,5753.639017
ID0001491,1/20/2024,3,9,9780,44,1,0,0.93,0.866,1.4,0.184,14,4965,performance_drift,2024-01,5041.324948
ID0001492,5/24/2024,0,5,10826,70,2,1,1.06,0.991,1.4,0.133,2,5428.33,performance_drift,2024-05,5753.639017
ID0001493,7/27/2024,2,15,10784,47,2,1,1.01,1.041,1.4,0.041,3,5625.49,performance_drift,2024-07,5753.639017
ID0001494,5/7/2024,0,8,7922,35,3,1,1.03,1.102,1.4,0.392,0,6181.77,performance_drift,2024-05,5753.639017
ID0001495,3/11/2024,0,6,15684,47,2,1,0.925,1.166,1.2,0.428,2,5490.8,performance_drift,2024-03,5753.639017
ID0001496,9/22/2024,2,14,14568,36,4,1,0.944,0.994,1.4,0.313,4,6032.77,performance_drift,2024-09,5753.639017
ID0001497,4/16/2024,3,9,17599,54,3,0,0.75,1.052,1.2,0.085,10,5151.89,performance_drift,2024-04,5753.639017
ID0001498,10/20/2024,2,6,22845,67,1,2,0.97,1.538,1.2,0.322,1,5686.93,performance_drift,2024-10,5041.324948
ID0001499,9/17/2024,1,15,6563,48,3,2,1.224,1.426,1.4,0.462,4,7104.93,performance_drift,2024-09,5753.639017
ID0001500,9/2/2024,1,13,9532,50,2,2,1.211,1.334,1.4,0.255,30,6344.85,performance_drift,2024-09,5753.639017
ID0001501,12/11/2024,1,7,14581,54,1,2,1.324,1.328,1.4,0.206,21,5882.84,performance_drift,2024-12,5041.324948
ID0001502,9/23/2024,3,3,49512,35,1,1,1.004,0.868,1.4,0.636,4,5204.24,performance_drift,2024-09,5041.324948
ID0001503,4/11/2024,2,4,27469,64,0,1,1.182,0.96,3.2,0.363,7,7808.05,performance_drift,2024-04,8216.463966
ID0001504,10/22/2024,2,7,25997,53,0,1,1.126,1.111,1.2,0.367,4,4777.99,performance_drift,2024-10,5041.324948
ID0001505,8/1/2024,1,6,15346,51,2,2,1.231,1.313,1.2,0.4,1,5711.62,performance_drift,2024-08,5753.639017
ID0001506,5/11/2024,4,15,15217,69,2,2,1.274,1.265,1.2,0.418,3,5866.18,performance_drift,2024-05,5753.639017
ID0001507,7/3/2024,2,13,13163,42,0,1,1.065,1.027,1,0.259,10,4487.97,performance_drift,2024-07,5041.324948
ID0001508,11/25/2024,2,10,17944,30,2,2,1.105,1.139,1.4,0.228,0,5994.46,performance_drift,2024-11,5753.639017
ID0001509,4/2/2024,2,1,49802,77,1,0,0.911,0.813,1.4,0.572,0,4468.91,performance_drift,2024-04,5041.324948
ID0001510,5/15/2024,3,15,10425,68,2,1,1.044,0.963,1.4,0.568,3,5577.99,performance_drift,2024-05,5753.639017
ID0001511,1/23/2024,1,7,11888,25,2,2,1.134,1.112,1.4,0.089,30,6233.25,performance_drift,2024-01,5753.639017
ID0001512,11/25/2024,1,0,18068,65,2,2,1.396,1.001,1.2,0.121,1,4992.51,performance_drift,2024-11,5753.639017
ID0001513,12/25/2024,0,11,7714,69,1,2,1.209,1.154,1.8,0.338,21,6593.45,performance_drift,2024-12,6069.48688
ID0001514,9/23/2024,1,3,18963,77,1,1,1.029,0.995,1.2,0.39,0,4460.17,performance_drift,2024-09,5041.324948
ID0001515,6/26/2024,3,15,13784,23,2,2,1.191,1.264,1.2,0.14,2,6714.09,performance_drift,2024-06,5753.639017
ID0001516,7/21/2024,3,14,12185,61,0,2,1.191,1.163,1.2,0.07,0,4597.47,performance_drift,2024-07,5041.324948
ID0001517,3/10/2024,2,0,32092,68,2,0,0.75,1.06,1,0.073,10,4085.58,performance_drift,2024-03,5753.639017
ID0001518,2/15/2024,2,8,17154,42,2,1,0.952,0.983,1.4,0.189,2,5349.68,performance_drift,2024-02,5753.639017
ID0001519,10/24/2024,1,10,12725,27,1,2,1.068,1.525,1.2,0.084,1,5617.73,performance_drift,2024-10,5041.324948
ID0001520,9/14/2024,3,7,19750,68,4,1,0.922,0.984,1.2,0.094,4,5510.01,performance_drift,2024-09,5753.639017
ID0001521,4/8/2024,1,5,19738,64,2,2,1.332,1.192,1.4,0.115,5,5758.5,performance_drift,2024-04,5753.639017
ID0001522,2/3/2024,1,11,7751,55,1,0,0.839,0.768,3.2,0.605,21,8280.93,performance_drift,2024-02,9219.214917
ID0001523,10/9/2024,2,12,10107,60,4,2,1.22,1.203,1,0.148,14,6232.37,performance_drift,2024-10,5753.639017
ID0001524,4/18/2024,3,12,13583,56,0,2,1.141,1.121,1.4,0.31,4,5260.28,performance_drift,2024-04,5041.324948
ID0001525,11/8/2024,2,13,8315,52,2,1,0.834,1.105,1.4,0.193,10,5661.37,performance_drift,2024-11,5753.639017
ID0001526,10/20/2024,3,7,16314,73,1,1,0.883,0.976,1.4,0.069,4,4484.56,performance_drift,2024-10,5041.324948
ID0001527,5/21/2024,4,13,15822,56,1,2,1.043,1.113,1.2,0.299,5,5520.09,performance_drift,2024-05,5041.324948
ID0001528,7/18/2024,2,8,14508,32,0,1,1.064,1.021,1.8,0.292,7,5877.29,performance_drift,2024-07,6069.48688
ID0001529,3/26/2024,3,12,13745,18,1,2,1.12,1.104,1.4,0.119,5,6650.27,performance_drift,2024-03,5041.324948
ID0001530,4/17/2024,1,12,8954,49,0,2,0.981,1.074,1.2,0.404,14,5024.77,performance_drift,2024-04,5041.324948
ID0001531,5/13/2024,1,7,18477,38,1,1,0.935,1.018,1.4,0.137,0,5061.24,performance_drift,2024-05,5041.324948
ID0001532,12/3/2024,2,6,16507,24,4,2,1.335,1.144,1.8,0.408,3,8272.52,performance_drift,2024-12,6733.38182
ID0001533,4/16/2024,3,3,24539,58,3,1,0.981,0.948,1.8,0.551,6,6376.81,performance_drift,2024-04,6733.38182
ID0001534,1/12/2024,1,8,10493,72,0,1,0.974,1.096,1.8,0.399,7,5672.72,performance_drift,2024-01,6069.48688
ID0001535,8/26/2024,3,4,29994,78,1,1,0.824,1.073,3.2,0.11,4,8066.74,performance_drift,2024-08,9219.214917
ID0001536,10/28/2024,2,7,14947,47,1,2,1.158,1.059,1.4,0.501,0,5850.09,performance_drift,2024-10,5041.324948
ID0001537,9/11/2024,2,0,32701,45,2,2,1.395,1.16,1.8,0.173,0,6497.1,performance_drift,2024-09,6733.38182
ID0001538,11/2/2024,3,11,14529,46,2,2,1.089,1.362,1,0.412,21,5862.92,performance_drift,2024-11,5753.639017
ID0001539,6/15/2024,2,3,38084,33,2,1,0.953,1.125,1.2,0.047,7,5312.71,performance_drift,2024-06,5753.639017
ID0001540,3/21/2024,3,6,19606,65,0,1,1.007,1.105,1.8,0.23,10,5650.87,performance_drift,2024-03,6069.48688
ID0001541,5/24/2024,2,8,15501,36,0,2,1.201,1.223,1.4,0.065,0,5156.54,performance_drift,2024-05,5041.324948
ID0001542,12/26/2024,1,4,17656,43,2,2,1.007,1.063,1.2,0.502,0,5374.7,performance_drift,2024-12,5753.639017
ID0001543,10/10/2024,1,15,5353,48,1,1,1.076,1.143,1,0.262,0,4615.16,performance_drift,2024-10,5041.324948
ID0001544,2/12/2024,1,12,6735,67,2,1,0.888,0.851,0.4,0.602,1,3870.7,performance_drift,2024-02,3601.604965
ID0001545,7/18/2024,2,8,14394,49,1,2,1.398,1.229,1.2,0.232,0,5426.95,performance_drift,2024-07,5041.324948
ID0001546,3/14/2024,0,13,10095,28,0,1,0.899,1.106,0.4,0.183,1,3584.34,performance_drift,2024-03,4284.85875
ID0001547,3/25/2024,3,7,19711,52,2,2,1.087,1.154,1.2,0.169,0,5508.9,performance_drift,2024-03,5753.639017
ID0001548,7/11/2024,1,14,5431,52,2,1,1.064,0.884,1.2,0.078,0,5063.85,performance_drift,2024-07,5753.639017
ID0001549,1/8/2024,4,3,44382,51,2,2,1.028,1.312,1.4,0.2,30,6190.04,performance_drift,2024-01,5753.639017
ID0001550,12/4/2024,1,10,11982,40,4,2,1.171,1.206,1.2,0.282,3,6835.87,performance_drift,2024-12,5753.639017
ID0001551,1/6/2024,1,1,26995,55,2,2,1.312,1.143,1.4,0.199,0,5797.77,performance_drift,2024-01,5753.639017
ID0001552,5/8/2024,4,12,21527,42,2,2,1.14,1.107,1.4,0.264,6,6363.75,performance_drift,2024-05,5753.639017
ID0001553,1/17/2024,1,13,7989,78,3,2,1.117,0.85,1.4,0.169,0,5861.76,performance_drift,2024-01,5753.639017
ID0001554,1/16/2024,3,16,11232,32,1,2,1.157,1.18,1,0.357,3,5250.47,performance_drift,2024-01,5041.324948
ID0001555,8/10/2024,4,13,20929,53,4,2,1.123,1.067,1.8,0.386,0,7620.14,performance_drift,2024-08,6733.38182
ID0001556,8/1/2024,3,8,11753,54,3,2,1.139,1.202,1.4,0.431,1,6239.97,performance_drift,2024-08,5753.639017
ID0001557,7/8/2024,1,7,12211,40,1,1,1.029,0.909,1.2,0.264,30,5131.2,performance_drift,2024-07,5041.324948
ID0001558,4/16/2024,3,5,26651,42,0,2,1.046,1.352,0.4,0.025,10,3598.63,performance_drift,2024-04,4284.85875
ID0001559,6/5/2024,4,0,44737,30,2,2,1.206,1.38,1.8,0.622,2,7248.32,performance_drift,2024-06,6733.38182
ID0001560,12/9/2024,2,8,16948,32,0,2,1.172,1.163,1.4,0.225,2,5233.06,performance_drift,2024-12,5041.324948
ID0001561,10/24/2024,0,1,12529,73,2,2,1.206,1.187,1.2,0.215,5,5311.39,performance_drift,2024-10,5753.639017
ID0001562,3/13/2024,0,10,10564,23,3,1,1.059,0.921,1.2,0.084,6,6197.19,performance_drift,2024-03,5753.639017
ID0001563,3/11/2024,3,4,20200,53,4,1,0.995,0.944,1.4,0.3,0,5908.99,performance_drift,2024-03,5753.639017
ID0001564,9/9/2024,2,4,18378,58,1,1,1.067,0.75,1,0.094,14,4187.73,performance_drift,2024-09,5041.324948
ID0001565,3/2/2024,2,6,15479,76,3,2,1.394,1.164,1.4,0.242,5,6179.47,performance_drift,2024-03,5753.639017
ID0001566,1/12/2024,1,9,10077,62,1,2,1.27,1.353,1.8,0.255,0,6443.68,performance_drift,2024-01,6069.48688
ID0001567,1/7/2024,3,9,15384,32,0,2,1.077,1.33,1,0.129,10,4825.25,performance_drift,2024-01,5041.324948
ID0001568,8/2/2024,3,7,17976,75,2,2,1.142,1.457,1.8,0.089,0,6647.49,performance_drift,2024-08,6733.38182
ID0001569,5/25/2024,2,13,7856,76,2,0,0.845,0.957,1.2,0.156,6,4732.27,performance_drift,2024-05,5753.639017
ID0001570,3/2/2024,2,6,17773,23,1,1,0.912,1.111,1,0.468,21,5812.96,performance_drift,2024-03,5041.324948
ID0001571,3/12/2024,3,3,31645,64,1,2,0.966,1.167,1.8,0.472,3,6302.75,performance_drift,2024-03,6069.48688
ID0001572,11/12/2024,1,11,11914,76,3,2,1.186,1.123,1.4,0.385,30,6243.64,performance_drift,2024-11,5753.639017
ID0001573,10/6/2024,2,4,23589,48,3,1,0.97,0.861,1.8,0.334,0,6374.16,performance_drift,2024-10,6733.38182
ID0001574,3/25/2024,3,8,15159,47,3,2,1.243,1.292,1.4,0.298,2,6585.57,performance_drift,2024-03,5753.639017
ID0001575,8/18/2024,1,4,15920,44,2,0,0.887,0.824,1,0.202,1,4316.95,performance_drift,2024-08,5753.639017
ID0001576,7/22/2024,1,2,17063,58,0,2,1.38,1.201,1.4,0.248,21,5283.38,performance_drift,2024-07,5041.324948
ID0001577,1/2/2024,3,12,16359,67,1,1,1.134,0.962,1.4,0.031,10,4974.66,performance_drift,2024-01,5041.324948
ID0001578,10/15/2024,2,6,27934,24,2,2,1.165,1.186,1.2,0.082,3,6413.56,performance_drift,2024-10,5753.639017
ID0001579,3/25/2024,0,14,5239,38,1,1,1.079,0.954,1.2,0.137,0,4814.93,performance_drift,2024-03,5041.324948
ID0001580,2/13/2024,0,3,16112,52,0,1,1.031,0.984,1.2,0.411,2,4714.91,performance_drift,2024-02,5041.324948
ID0001581,9/26/2024,2,18,6652,75,0,2,1.146,1.158,1,0.339,0,4539.82,performance_drift,2024-09,5041.324948
ID0001582,4/1/2024,1,1,23422,69,1,2,1.331,1.164,1.4,0.46,30,5563.4,performance_drift,2024-04,5041.324948
ID0001583,2/10/2024,1,12,6641,22,0,1,0.957,1.102,1.8,0.079,1,6589.34,performance_drift,2024-02,6069.48688
ID0001584,11/8/2024,1,1,21254,58,2,1,1.028,0.799,1.4,0.1,14,5072.26,performance_drift,2024-11,5753.639017
ID0001585,9/10/2024,2,0,34940,31,1,1,1.059,0.91,1.4,0.372,0,5167.71,performance_drift,2024-09,5041.324948
ID0001586,10/6/2024,4,7,42766,68,2,2,1.152,1.284,1.8,0.475,0,6795.21,performance_drift,2024-10,6733.38182
ID0001587,7/24/2024,2,9,16873,41,0,2,1.021,1.127,0.4,0.194,0,3397.48,performance_drift,2024-07,4284.85875
ID0001588,10/26/2024,1,15,7164,55,1,0,0.81,1.048,1.1,0.272,14,4524.59,performance_drift,2024-10,5041.324948
ID0001589,12/21/2024,3,8,15064,24,0,0,0.816,0.926,1.2,0.334,3,5057.22,performance_drift,2024-12,5041.324948
ID0001590,10/2/2024,4,10,27084,18,1,1,0.999,1.06,1,0.184,2,5511.34,performance_drift,2024-10,5041.324948
ID0001591,8/24/2024,3,3,30832,38,2,1,1.176,0.986,1.2,0.159,0,5015.61,performance_drift,2024-08,5753.639017
ID0001592,9/26/2024,2,17,7342,79,2,0,0.974,1.072,1.8,0.157,0,5762.81,performance_drift,2024-09,6733.38182
ID0001593,6/6/2024,3,16,10391,58,3,1,1.103,1.023,1.2,0.043,0,5303.91,performance_drift,2024-06,5753.639017
ID0001594,5/25/2024,1,4,12527,58,3,1,1.003,1.085,1.8,0.061,4,6569.57,performance_drift,2024-05,6733.38182
ID0001595,8/15/2024,1,10,8161,37,2,2,1.122,1.071,0.4,0.252,10,4307.1,performance_drift,2024-08,3601.604965
ID0001596,12/9/2024,1,16,6520,52,3,1,1.08,1.045,1.4,0.656,5,6383.04,performance_drift,2024-12,5753.639017
ID0001597,9/21/2024,3,0,47005,79,2,2,1.256,1.218,1.8,0.498,4,6799.69,performance_drift,2024-09,6733.38182
ID0001598,5/11/2024,4,13,18059,32,1,1,0.997,0.992,1.1,0.279,4,5055.08,performance_drift,2024-05,5041.324948
ID0001599,12/8/2024,2,11,15713,48,2,2,1.123,1.411,1.4,0.381,0,6249.45,performance_drift,2024-12,5753.639017
ID0001600,10/4/2024,4,8,27968,53,2,1,0.954,0.971,1.1,0.083,0,4731.05,performance_drift,2024-10,5753.639017
ID0001601,6/19/2024,1,17,5000,38,1,2,1.085,1.394,1.2,0.453,14,6267.32,performance_drift,2024-06,5041.324948
ID0001602,8/20/2024,1,2,14001,28,2,0,0.999,1.145,1.4,0.25,0,5506.68,performance_drift,2024-08,5753.639017
ID0001603,2/14/2024,3,2,32634,78,0,2,1.288,1.24,0.4,0.158,5,3213.85,performance_drift,2024-02,4284.85875
ID0001604,5/14/2024,2,7,14413,52,3,1,1.039,1.116,1.2,0.381,1,5920.07,performance_drift,2024-05,5753.639017
ID0001605,4/26/2024,2,0,27914,52,1,2,1.204,1.334,1.8,0.33,10,6274.53,performance_drift,2024-04,6069.48688
ID0001606,1/15/2024,0,14,6407,56,3,1,1.015,1.079,1.8,0.35,6,7007.99,performance_drift,2024-01,6733.38182
ID0001607,1/15/2024,0,11,7386,73,1,1,0.969,1.008,1.2,0.436,0,4737.92,performance_drift,2024-01,5041.324948
ID0001608,1/22/2024,0,8,10904,54,2,2,1.206,1.272,1.4,0.124,1,6173.48,performance_drift,2024-01,5753.639017
ID0001609,3/16/2024,1,16,5862,67,1,0,0.993,0.979,1.4,0.049,0,4756.21,performance_drift,2024-03,5041.324948
ID0001610,4/28/2024,2,12,9658,22,2,1,1.02,1.02,1,0.053,21,5635.31,performance_drift,2024-04,5753.639017
ID0001611,2/22/2024,0,10,7625,47,3,0,0.844,0.995,1.8,0.431,7,6582.39,performance_drift,2024-02,6733.38182
ID0001612,10/7/2024,1,5,11994,34,2,2,1.382,1.27,1.4,0.373,21,6051.94,performance_drift,2024-10,5753.639017
ID0001613,9/12/2024,1,9,8071,38,1,0,0.922,0.942,1.4,0.057,4,4986.52,performance_drift,2024-09,5041.324948
ID0001614,9/23/2024,0,4,9646,63,2,2,1.222,1.245,0.4,0.178,6,4121.48,performance_drift,2024-09,4284.85875
ID0001615,10/22/2024,2,13,9664,61,0,0,1.014,0.927,1.2,0.086,3,4198.39,performance_drift,2024-10,5041.324948
ID0001616,2/1/2024,2,10,8197,77,2,0,0.941,0.879,1,0.116,10,4230.47,performance_drift,2024-02,5753.639017
ID0001617,4/1/2024,1,7,15143,32,1,1,0.837,0.75,1.2,0.051,2,4516.46,performance_drift,2024-04,5041.324948
ID0001618,6/8/2024,2,8,13842,67,3,2,1.192,1.458,1,0.362,21,6310.43,performance_drift,2024-06,5753.639017
ID0001619,7/2/2024,2,2,31382,36,0,0,0.944,1.005,1,0.53,0,4086.66,performance_drift,2024-07,5041.324948
ID0001620,3/6/2024,1,0,27868,49,3,1,1.013,0.976,1.8,0.43,14,6385.8,performance_drift,2024-03,6733.38182
ID0001621,11/20/2024,1,20,5000,41,3,1,1.08,0.79,1.2,0.084,14,5543.39,performance_drift,2024-11,5753.639017
ID0001622,3/16/2024,2,0,34908,70,2,2,1.168,1.337,1.4,0.164,30,6259.81,performance_drift,2024-03,5753.639017
ID0001623,7/2/2024,1,12,8626,64,0,0,0.871,0.905,1.8,0.213,5,4955.51,performance_drift,2024-07,6069.48688
ID0001624,9/27/2024,2,3,22486,32,3,0,0.952,0.938,1.4,0.388,21,5610.29,performance_drift,2024-09,5753.639017
ID0001625,8/11/2024,0,0,14536,40,0,1,1.095,1.064,1.8,0.251,4,5386.97,performance_drift,2024-08,6069.48688
ID0001626,6/24/2024,2,3,29695,68,1,1,0.858,1.126,1.8,0.455,0,5669.9,performance_drift,2024-06,6069.48688
ID0001627,9/25/2024,1,1,22379,31,1,2,1.134,1.275,3.2,0.035,3,8869.12,performance_drift,2024-09,9219.214917
ID0001628,8/14/2024,2,9,15502,34,2,2,1.101,1.144,1.8,0.301,14,6950.52,performance_drift,2024-08,6733.38182
ID0001629,6/21/2024,4,9,25376,46,2,2,1.181,1.14,1.8,0.244,2,6883.33,performance_drift,2024-06,6733.38182
ID0001630,6/19/2024,1,3,21729,66,3,1,1.11,0.864,1,0.439,2,4813.67,performance_drift,2024-06,5753.639017
ID0001631,5/28/2024,2,12,9140,64,3,2,1.167,1.067,1.8,0.638,30,7692.98,performance_drift,2024-05,6733.38182
ID0001632,11/14/2024,2,8,16213,22,3,2,1.083,1.6,1.4,0.13,4,7674.7,performance_drift,2024-11,5753.639017
ID0001633,2/10/2024,3,10,12772,72,1,2,1.24,1.053,1.8,0.642,6,6544.56,performance_drift,2024-02,6069.48688
ID0001634,1/11/2024,2,8,11627,72,0,1,0.826,1.028,1.8,0.066,0,5418.44,performance_drift,2024-01,6069.48688
ID0001635,5/6/2024,1,14,6339,46,4,1,1.015,0.895,1.1,0.558,1,5989.95,performance_drift,2024-05,5753.639017
ID0001636,7/23/2024,2,6,23676,70,1,0,0.865,0.916,1.2,0.089,21,4238.45,performance_drift,2024-07,5041.324948
ID0001637,4/7/2024,2,6,26631,71,1,2,1.254,1.204,1.8,0.041,21,6010.89,performance_drift,2024-04,6069.48688
ID0001638,2/5/2024,4,7,29651,73,3,0,0.965,0.833,1.4,0.237,5,5023.75,performance_drift,2024-02,5753.639017
ID0001639,12/6/2024,1,8,13653,66,1,2,1.311,1.105,1.4,0.189,0,5458.69,performance_drift,2024-12,5041.324948
ID0001640,1/5/2024,0,6,9003,37,1,1,0.915,1.08,3.2,0.446,10,8698.8,performance_drift,2024-01,9219.214917
ID0001641,10/18/2024,1,9,11266,79,4,1,1.039,1.069,1.2,0.264,4,5842.52,performance_drift,2024-10,5753.639017
ID0001642,9/1/2024,2,4,29209,40,2,1,1.006,1.048,1,0.289,1,4739.82,performance_drift,2024-09,5753.639017
ID0001643,11/27/2024,0,6,13308,40,4,2,1.261,1.03,0.4,0.243,30,5001.86,performance_drift,2024-11,3601.604965
ID0001644,1/1/2024,1,6,9223,62,2,2,1.148,1.342,1.4,0.193,21,6193.87,performance_drift,2024-01,5753.639017
ID0001645,11/5/2024,4,0,40987,78,0,1,1.052,0.75,1.4,0.296,1,4217.05,performance_drift,2024-11,5041.324948
ID0001646,11/14/2024,3,15,16440,73,1,2,1.039,1.248,1,0.135,0,4855.26,performance_drift,2024-11,5041.324948
ID0001647,8/1/2024,4,11,20273,43,0,1,1.063,1.069,1.2,0.195,0,4713.18,performance_drift,2024-08,5041.324948
ID0001648,2/3/2024,1,16,5367,35,2,1,0.934,1.106,1.2,0.052,10,5280.63,performance_drift,2024-02,5753.639017
ID0001649,3/1/2024,3,12,9074,67,2,0,0.834,0.978,1.2,0.459,1,4750.04,performance_drift,2024-03,5753.639017
ID0001650,2/24/2024,2,9,23202,73,2,2,1.287,1.28,1.4,0.204,0,5928.61,performance_drift,2024-02,5753.639017
ID0001651,1/25/2024,1,12,8058,46,4,1,0.972,0.968,1.2,0.147,1,5836.99,performance_drift,2024-01,5753.639017
ID0001652,8/12/2024,1,16,5077,19,1,2,1.184,1.32,1.2,0.288,1,6698.52,performance_drift,2024-08,5041.324948
ID0001653,11/25/2024,2,2,26624,41,0,1,0.819,0.856,1.2,0.186,1,3900.28,performance_drift,2024-11,5041.324948
ID0001654,3/1/2024,3,5,22962,59,0,1,0.943,0.755,1.2,0.32,2,4098.65,performance_drift,2024-03,5041.324948
ID0001655,2/10/2024,1,2,15240,35,1,2,1.243,1.182,1.4,0.361,5,5475.87,performance_drift,2024-02,5041.324948
ID0001656,9/1/2024,0,9,6660,72,1,2,1.1,1.368,3.2,0.277,10,9257.49,performance_drift,2024-09,9219.214917
ID0001657,12/13/2024,3,6,32007,46,4,0,0.878,0.887,1.8,0.207,14,6463.29,performance_drift,2024-12,6733.38182
ID0001658,6/26/2024,2,12,10282,60,1,2,1.208,1.471,1.8,0.083,10,6629.97,performance_drift,2024-06,6069.48688
ID0001659,12/22/2024,0,1,16688,55,4,1,1.037,0.967,1.4,0.033,0,5869.59,performance_drift,2024-12,5753.639017
ID0001660,11/10/2024,2,12,12658,18,2,2,1.012,1.312,1.2,0.098,3,6817.32,performance_drift,2024-11,5753.639017
ID0001661,12/11/2024,2,5,18272,26,3,2,1.252,1.255,1.4,0.211,7,6497.88,performance_drift,2024-12,5753.639017
ID0001662,9/7/2024,2,15,10982,53,2,1,1.009,1.133,1.8,0.117,30,6671.48,performance_drift,2024-09,6733.38182
ID0001663,6/24/2024,2,2,18098,22,1,2,1.098,1.315,1.8,0.312,30,7861.85,performance_drift,2024-06,6069.48688
ID0001664,7/20/2024,2,5,20251,57,1,2,1.13,1.04,1.2,0.591,0,5077.25,performance_drift,2024-07,5041.324948
ID0001665,4/16/2024,1,3,16796,26,0,1,1.078,0.902,1.2,0.361,10,4782.03,performance_drift,2024-04,5041.324948
ID0001666,7/9/2024,1,7,10024,24,1,2,1.138,1.101,1,0.187,2,5601.55,performance_drift,2024-07,5041.324948
ID0001667,11/18/2024,2,2,28867,65,2,2,1.071,1.19,1.8,0.044,7,6191.92,performance_drift,2024-11,6733.38182
ID0001668,11/2/2024,1,17,7171,71,0,2,1.266,1.259,1.2,0.258,4,5317.94,performance_drift,2024-11,5041.324948
ID0001669,10/13/2024,1,10,6672,49,3,1,1.041,1.17,1.2,0.495,2,6033.66,performance_drift,2024-10,5753.639017
ID0001670,6/25/2024,3,13,11249,61,3,0,0.868,1.019,1.2,0.419,30,5671.63,performance_drift,2024-06,5753.639017
ID0001671,10/6/2024,1,20,5000,55,1,2,1.235,1.147,1.2,0.195,10,5711.81,performance_drift,2024-10,5041.324948
ID0001672,8/19/2024,3,10,15710,43,0,2,1.146,1.096,1,0.286,10,4674.64,performance_drift,2024-08,5041.324948
ID0001673,4/18/2024,3,15,10406,49,2,2,1.352,1.368,1.8,0.252,1,7071.7,performance_drift,2024-04,6733.38182
ID0001674,9/11/2024,3,14,11279,42,2,1,0.841,1.125,1.2,0.104,30,5760.69,performance_drift,2024-09,5753.639017
ID0001675,11/23/2024,1,11,8473,45,1,2,1.091,1.216,1.2,0.341,1,5567.72,performance_drift,2024-11,5041.324948
ID0001676,8/16/2024,2,0,35457,73,0,2,1.172,1.291,1.2,0.25,1,4603.35,performance_drift,2024-08,5041.324948
ID0001677,2/5/2024,2,12,10289,26,0,2,1.267,1.382,1.1,0.334,21,5737.53,performance_drift,2024-02,5041.324948
ID0001678,8/28/2024,2,4,17619,29,0,2,1.254,0.999,1.2,0.16,0,4800.02,performance_drift,2024-08,5041.324948
ID0001679,12/3/2024,0,7,12124,62,3,1,1.052,0.95,1.2,0.274,10,5672.05,performance_drift,2024-12,5753.639017
ID0001680,8/9/2024,1,14,6534,46,2,1,0.971,0.82,1.2,0.185,2,5611.16,performance_drift,2024-08,5753.639017
ID0001681,4/22/2024,1,10,9013,18,2,1,0.947,0.806,1.8,0.559,7,7099.27,performance_drift,2024-04,6733.38182
ID0001682,4/26/2024,1,3,16025,56,4,1,1.257,0.882,1.8,0.302,2,6761.18,performance_drift,2024-04,6733.38182
ID0001683,9/13/2024,0,5,15137,57,3,1,0.97,0.802,1.4,0.291,6,5638,performance_drift,2024-09,5753.639017
ID0001684,2/26/2024,2,12,10540,35,1,0,1.01,0.837,1.8,0.397,21,5748.38,performance_drift,2024-02,6069.48688
ID0001685,10/9/2024,3,10,15305,24,1,1,1.043,0.97,1.1,0.235,0,5616.6,performance_drift,2024-10,5041.324948
ID0001686,5/28/2024,2,10,12775,45,3,0,0.902,0.965,1,0.119,10,4530.69,performance_drift,2024-05,5753.639017
ID0001687,10/11/2024,2,13,12424,76,3,2,1.111,1.272,1.8,0.58,4,7192.54,performance_drift,2024-10,6733.38182
ID0001688,7/5/2024,1,20,5000,65,4,2,1.041,1.261,1.2,0.38,0,6832.6,performance_drift,2024-07,5753.639017
ID0001689,9/24/2024,3,3,31364,65,1,1,0.99,0.902,1.8,0.082,0,5189.23,performance_drift,2024-09,6069.48688
ID0001690,4/12/2024,1,12,9458,30,1,0,0.968,0.892,1.8,0.18,2,5594.2,performance_drift,2024-04,6069.48688
ID0001691,9/25/2024,0,20,5000,62,0,1,1,0.927,1.1,0.297,10,4489.47,performance_drift,2024-09,5041.324948
ID0001692,8/9/2024,0,11,7451,41,2,0,0.85,0.775,1.2,0.229,30,4799.31,performance_drift,2024-08,5753.639017
ID0001693,8/23/2024,2,6,25239,72,0,1,1.011,0.969,1.8,0.344,7,5282.45,performance_drift,2024-08,6069.48688
ID0001694,8/9/2024,0,7,6741,20,2,2,1.346,1.215,1,0.648,14,6687.08,performance_drift,2024-08,5753.639017
ID0001695,5/19/2024,1,0,20909,53,0,0,0.821,0.851,1.2,0.098,0,3661.05,performance_drift,2024-05,5041.324948
ID0001696,10/23/2024,1,0,22578,39,2,0,0.781,0.957,1.8,0.25,30,6006.4,performance_drift,2024-10,6733.38182
ID0001697,4/5/2024,4,13,11694,76,2,0,1.015,1.017,3.2,0.392,5,8734.18,performance_drift,2024-04,9219.214917
ID0001698,9/8/2024,2,5,17188,50,1,2,1.205,1.043,1.8,0.017,0,5929.99,performance_drift,2024-09,6069.48688
ID0001699,5/1/2024,0,2,15831,27,2,1,0.978,0.848,1.8,0.511,0,6365.76,performance_drift,2024-05,6733.38182
ID0001700,11/26/2024,2,2,34813,48,2,2,1.009,1.174,1.2,0.117,5,5457.38,performance_drift,2024-11,5753.639017
ID0001701,10/10/2024,1,4,21001,70,3,0,0.75,0.913,1.2,0.569,1,4871.27,performance_drift,2024-10,5753.639017
ID0001702,9/13/2024,0,11,7558,79,2,1,1.017,0.767,1.2,0.396,0,4663.13,performance_drift,2024-09,5753.639017
ID0001703,4/12/2024,1,4,20086,44,3,0,0.896,0.795,0.4,0.179,3,3527.1,performance_drift,2024-04,3601.604965
ID0001704,4/5/2024,1,16,6911,53,2,2,0.948,1.113,1.4,0.654,5,6203.35,performance_drift,2024-04,5753.639017
ID0001705,10/7/2024,1,4,16185,55,2,1,1.165,0.971,1.2,0.207,5,5007.77,performance_drift,2024-10,5753.639017
ID0001706,7/13/2024,4,4,40288,56,0,2,0.977,1.198,3.2,0.355,0,8578.74,performance_drift,2024-07,8216.463966
ID0001707,11/6/2024,2,11,12589,59,1,0,0.944,0.994,1.4,0.125,1,4620.72,performance_drift,2024-11,5041.324948
ID0001708,2/22/2024,2,4,30692,40,0,1,0.94,0.937,1.2,0.321,21,4308.82,performance_drift,2024-02,5041.324948
ID0001709,12/5/2024,1,0,18087,38,1,1,1.144,0.938,1.8,0.348,21,6111.77,performance_drift,2024-12,6069.48688
ID0001710,8/5/2024,1,6,13090,71,2,2,1.042,1.164,1,0.414,4,5446.07,performance_drift,2024-08,5753.639017
ID0001711,2/1/2024,1,9,10932,53,2,2,1.022,1.199,1.8,0.501,4,6984.74,performance_drift,2024-02,6733.38182
ID0001712,12/6/2024,0,8,8349,40,0,0,0.95,0.823,1.8,0.409,2,5492.22,performance_drift,2024-12,6069.48688
ID0001713,8/15/2024,1,11,10212,42,3,2,1.103,1.177,1,0.187,0,5804.81,performance_drift,2024-08,5753.639017
ID0001714,9/4/2024,0,9,10315,33,1,1,1.023,0.8,1.8,0.611,0,5960.53,performance_drift,2024-09,6069.48688
ID0001715,3/1/2024,2,14,10039,71,2,0,0.896,0.841,1.2,0.329,2,4747.79,performance_drift,2024-03,5753.639017
ID0001716,1/23/2024,2,12,12007,67,2,2,1.17,1.293,1.4,0.222,5,6222.75,performance_drift,2024-01,5753.639017
ID0001717,6/12/2024,0,10,7465,22,1,2,1.174,1.394,1.4,0.239,1,6396.39,performance_drift,2024-06,5041.324948
ID0001718,7/27/2024,0,10,6752,38,0,2,1.16,1.173,3.2,0.328,5,8812.6,performance_drift,2024-07,8216.463966
ID0001719,11/8/2024,3,14,11539,35,1,2,1.332,1.403,1.2,0.276,1,6036.31,performance_drift,2024-11,5041.324948
ID0001720,2/25/2024,2,11,11960,51,1,1,0.931,0.969,1.8,0.377,2,6114.17,performance_drift,2024-02,6069.48688
ID0001721,1/26/2024,2,6,15783,41,1,2,1.218,1.232,1,0.523,1,5157.79,performance_drift,2024-01,5041.324948
ID0001722,9/21/2024,2,13,10184,78,4,1,1.123,1.234,1.2,0.099,2,5886.75,performance_drift,2024-09,5753.639017
ID0001723,11/20/2024,2,10,15063,18,3,1,0.987,0.944,1.2,0.698,7,6522.04,performance_drift,2024-11,5753.639017
ID0001724,2/21/2024,3,10,15079,34,4,1,1.116,1.145,1.2,0.215,0,6290.17,performance_drift,2024-02,5753.639017
ID0001725,12/15/2024,1,9,8157,62,2,2,1.078,1.353,1.4,0.403,0,5906.01,performance_drift,2024-12,5753.639017
ID0001726,9/16/2024,4,7,33639,39,3,1,0.974,0.951,0.4,0.043,5,4068.07,performance_drift,2024-09,3601.604965
ID0001727,7/26/2024,4,16,12333,28,0,0,0.968,0.978,1.1,0.275,2,4420.94,performance_drift,2024-07,5041.324948
ID0001728,1/18/2024,0,7,6984,48,1,0,0.877,0.988,1.8,0.288,6,5583.34,performance_drift,2024-01,6069.48688
ID0001729,6/27/2024,0,13,5557,21,2,2,1.276,1.235,1.8,0.199,2,7895.25,performance_drift,2024-06,6733.38182
ID0001730,9/20/2024,1,7,14105,28,1,0,0.809,0.932,1.2,0.268,14,4859.1,performance_drift,2024-09,5041.324948
ID0001731,11/12/2024,2,5,19900,56,4,0,0.868,0.969,1.4,0.112,0,5583.85,performance_drift,2024-11,5753.639017
ID0001732,8/6/2024,1,10,9107,56,0,1,1.009,1.122,1.8,0.259,4,5504.83,performance_drift,2024-08,6069.48688
ID0001733,9/18/2024,2,3,24970,37,2,2,1.154,0.989,1.2,0.153,1,5461.56,performance_drift,2024-09,5753.639017
ID0001734,9/28/2024,3,6,20112,49,0,2,1.331,1.258,1.2,0.345,1,5046.27,performance_drift,2024-09,5041.324948
ID0001735,7/9/2024,1,3,19248,30,1,1,0.922,1.034,1.4,0.209,30,5503.99,performance_drift,2024-07,5041.324948
ID0001736,10/13/2024,0,8,7830,78,3,2,1.185,1.417,1.4,0.185,21,6382.72,performance_drift,2024-10,5753.639017
ID0001737,6/15/2024,1,8,10187,26,3,1,1.033,1.043,1,0.405,0,5690.97,performance_drift,2024-06,5753.639017
ID0001738,7/19/2024,3,5,15690,58,0,1,0.923,0.808,1,0.287,14,3993.07,performance_drift,2024-07,5041.324948
ID0001739,6/7/2024,3,8,14755,40,3,2,1.18,1.377,1.2,0.576,7,6388.78,performance_drift,2024-06,5753.639017
ID0001740,11/20/2024,3,0,41272,35,2,1,0.955,0.85,1.8,0.108,4,5615.27,performance_drift,2024-11,6733.38182
ID0001741,2/10/2024,1,9,10229,30,3,1,0.9,0.822,1.8,0.242,1,6579.08,performance_drift,2024-02,6733.38182
ID0001742,9/15/2024,3,10,17867,35,2,1,0.975,1.075,1.2,0.438,3,5526.16,performance_drift,2024-09,5753.639017
ID0001743,12/11/2024,2,14,12214,61,1,1,0.992,1.087,0.4,0.243,21,3598.97,performance_drift,2024-12,3601.604965
ID0001744,5/20/2024,1,0,28085,34,3,1,0.98,1.021,1.4,0.305,1,5736.47,performance_drift,2024-05,5753.639017
ID0001745,2/10/2024,3,10,18193,25,2,0,0.857,0.998,1.2,0.201,3,5079.96,performance_drift,2024-02,5753.639017
ID0001746,5/27/2024,1,15,5463,36,1,2,1.219,1.076,1.2,0.338,30,5795.48,performance_drift,2024-05,5041.324948
ID0001747,1/13/2024,1,13,9112,62,2,2,1.203,1.297,1.4,0.435,4,6352.7,performance_drift,2024-01,5753.639017
ID0001748,5/2/2024,1,14,5158,78,4,1,1.021,0.75,1.2,0.486,2,5900.18,performance_drift,2024-05,5753.639017
ID0001749,1/1/2024,0,11,5064,40,0,0,0.898,0.779,1.4,0.511,1,4833.56,performance_drift,2024-01,5041.324948
ID0001750,5/16/2024,2,0,30600,62,4,2,1.182,1.089,1.2,0.325,1,5645.23,performance_drift,2024-05,5753.639017
ID0001751,7/21/2024,3,5,35623,65,3,2,1.241,1.277,1.2,0.527,0,6231.04,performance_drift,2024-07,5753.639017
ID0001752,10/16/2024,1,14,7639,20,1,2,1.272,1.219,1.2,0.419,5,6790.1,performance_drift,2024-10,5041.324948
ID0001753,8/7/2024,0,13,7192,78,3,2,1.274,1.216,1.4,0.079,1,5933.59,performance_drift,2024-08,5753.639017
ID0001754,1/3/2024,2,11,16626,36,0,1,0.994,0.927,1,0.089,1,3976.89,performance_drift,2024-01,5041.324948
ID0001755,7/17/2024,2,10,14121,28,2,1,0.788,0.944,3.2,0.4,0,8933.22,performance_drift,2024-07,9219.214917
ID0001756,4/8/2024,2,6,19814,38,2,1,1.043,1.118,1.2,0.453,0,5582.22,performance_drift,2024-04,5753.639017
ID0001757,2/7/2024,2,12,11535,27,2,2,1.203,1.191,1.8,0.195,30,7301.82,performance_drift,2024-02,6733.38182
ID0001758,11/25/2024,1,10,11138,52,2,2,1.251,1.355,1.2,0.191,10,5972.09,performance_drift,2024-11,5753.639017
ID0001759,11/5/2024,3,14,9857,24,2,2,1.181,1.154,1,0.407,14,6567.47,performance_drift,2024-11,5753.639017
ID0001760,5/3/2024,2,6,16497,36,2,2,1.16,1.141,1.4,0.238,2,6160.89,performance_drift,2024-05,5753.639017
ID0001761,7/19/2024,4,19,8448,50,1,0,0.879,0.825,1.8,0.224,21,5873.66,performance_drift,2024-07,6069.48688
ID0001762,9/3/2024,3,14,12768,70,1,0,0.839,0.89,1.2,0.198,10,4275.71,performance_drift,2024-09,5041.324948
ID0001763,1/16/2024,2,2,30392,58,2,2,1.259,1.229,1.2,0.214,0,5309.59,performance_drift,2024-01,5753.639017
ID0001764,3/28/2024,1,12,9484,77,1,1,0.912,0.995,1.2,0.103,3,4492.82,performance_drift,2024-03,5041.324948
ID0001765,7/5/2024,0,7,13748,45,2,1,1.108,1.028,0.4,0.465,4,4207.51,performance_drift,2024-07,3601.604965
ID0001766,11/10/2024,2,7,17312,73,1,2,1.134,1.331,1.4,0.186,30,5900.3,performance_drift,2024-11,5041.324948
ID0001767,10/4/2024,1,11,7214,24,3,1,0.996,1.066,1.8,0.313,0,7786.96,performance_drift,2024-10,6733.38182
ID0001768,2/6/2024,3,1,34797,74,0,1,0.951,1.018,1.8,0.157,10,5458.69,performance_drift,2024-02,6069.48688
ID0001769,10/24/2024,2,8,18782,35,2,0,0.845,1.002,1.8,0.087,7,6072.29,performance_drift,2024-10,6733.38182
ID0001770,8/8/2024,1,9,14230,53,1,2,1.141,1.178,1,0.269,10,4729.52,performance_drift,2024-08,5041.324948
ID0001771,11/11/2024,2,3,26049,49,1,2,1.078,1.189,0.4,0.18,14,3864.82,performance_drift,2024-11,4284.85875
ID0001772,2/3/2024,1,6,16045,61,0,1,0.922,1.126,3.2,0.236,0,7955.15,performance_drift,2024-02,8216.463966
ID0001773,6/23/2024,0,0,16763,58,3,1,0.966,0.959,1.8,0.199,0,6141.33,performance_drift,2024-06,6733.38182
ID0001774,8/11/2024,4,11,13515,74,2,2,1.049,1.156,1.2,0.385,7,5541.51,performance_drift,2024-08,5753.639017
ID0001775,4/23/2024,2,6,16623,20,3,1,1.039,1.017,1.2,0.12,21,6476.67,performance_drift,2024-04,5753.639017
ID0001776,8/26/2024,1,11,6922,33,3,2,1.052,1.484,1.2,0.629,30,6913.9,performance_drift,2024-08,5753.639017
ID0001777,3/21/2024,2,12,11410,52,1,0,0.899,0.984,1.4,0.112,5,5029.37,performance_drift,2024-03,5041.324948
ID0001778,2/23/2024,3,0,31183,35,0,0,0.913,0.833,1.2,0.488,1,4153.37,performance_drift,2024-02,5041.324948
ID0001779,6/14/2024,0,12,12155,62,4,2,1.184,1.294,1.2,0.645,2,6837.44,performance_drift,2024-06,5753.639017
ID0001780,4/23/2024,1,3,14024,75,2,0,1.019,0.915,1.2,0.254,0,4493.52,performance_drift,2024-04,5753.639017
ID0001781,4/13/2024,1,4,12499,60,2,2,1.181,1.058,1.1,0.222,14,5077.28,performance_drift,2024-04,5753.639017
ID0001782,1/9/2024,2,0,25717,20,0,1,1.105,1.055,3.2,0.375,0,9064.73,performance_drift,2024-01,8216.463966
ID0001783,4/23/2024,3,9,15781,39,0,1,0.951,0.872,1.8,0.467,1,5492.73,performance_drift,2024-04,6069.48688
ID0001784,5/8/2024,2,5,15144,60,0,2,1.076,1.306,1.2,0.221,21,4854.38,performance_drift,2024-05,5041.324948
ID0001785,3/4/2024,2,5,25842,38,1,2,1.36,1.135,1.4,0.173,0,5509.27,performance_drift,2024-03,5041.324948
ID0001786,2/6/2024,3,7,18961,50,1,2,1.188,1.328,1.2,0.457,21,5793.8,performance_drift,2024-02,5041.324948
ID0001787,7/25/2024,1,8,9096,74,3,1,0.987,0.851,1.8,0.216,10,6294.07,performance_drift,2024-07,6733.38182
ID0001788,2/8/2024,2,9,17123,51,1,2,1.222,1.34,1.4,0.36,21,6285.67,performance_drift,2024-02,5041.324948
ID0001789,1/8/2024,2,18,7790,55,2,2,1.252,1.301,0.4,0.451,5,4680.48,performance_drift,2024-01,4284.85875
ID0001790,4/28/2024,2,8,20551,61,4,1,1.019,1.088,1.4,0.153,7,6400.33,performance_drift,2024-04,5753.639017
ID0001791,3/2/2024,1,10,13033,56,2,2,1.285,1.029,1.8,0.347,10,6933.96,performance_drift,2024-03,6733.38182
ID0001792,3/22/2024,2,6,27013,57,3,1,1.064,0.931,3.2,0.14,1,8890.22,performance_drift,2024-03,9219.214917
ID0001793,5/26/2024,2,5,27440,33,4,2,1.179,1.129,1.8,0.316,0,7310.07,performance_drift,2024-05,6733.38182
ID0001794,12/13/2024,2,7,24507,51,1,2,1.242,1.096,1.4,0.395,14,5947.44,performance_drift,2024-12,5041.324948
ID0001795,9/6/2024,2,0,32080,73,3,1,1.01,1.112,1.4,0.613,0,5862.49,performance_drift,2024-09,5753.639017
ID0001796,10/14/2024,0,7,14905,73,1,0,0.97,0.888,1.8,0.487,6,5497.39,performance_drift,2024-10,6069.48688
ID0001797,4/24/2024,0,10,9315,46,2,0,0.964,1.012,1.4,0.308,1,5154.11,performance_drift,2024-04,5753.639017
ID0001798,1/3/2024,2,1,23101,78,2,1,0.963,0.955,1.2,0.129,10,4422.4,performance_drift,2024-01,5753.639017
ID0001799,7/22/2024,1,4,15240,39,1,2,1.052,1.186,1.4,0.429,2,6028.25,performance_drift,2024-07,5041.324948
ID0001800,2/14/2024,3,10,11950,62,1,1,1.082,1.058,1.8,0.304,10,6146.9,performance_drift,2024-02,6069.48688
ID0001801,5/16/2024,1,5,12825,77,2,2,1.097,0.984,1.4,0.085,6,5298.67,performance_drift,2024-05,5753.639017
ID0001802,12/19/2024,0,0,16035,61,1,1,1.263,0.995,1.4,0.264,4,4840.16,performance_drift,2024-12,5041.324948
ID0001803,10/6/2024,0,15,5259,44,2,1,1.025,1.164,1.8,0.224,0,6446.17,performance_drift,2024-10,6733.38182
ID0001804,7/2/2024,0,6,10561,48,0,0,0.881,0.939,1.8,0.123,21,5237.21,performance_drift,2024-07,6069.48688
ID0001805,8/22/2024,2,0,30909,62,1,2,1.324,1.236,1.8,0.578,5,6107.31,performance_drift,2024-08,6069.48688
ID0001806,6/8/2024,2,0,43187,56,0,2,1.1,1.395,1,0.27,0,4726.54,performance_drift,2024-06,5041.324948
ID0001807,8/8/2024,3,4,30082,79,0,1,1.151,0.985,1.2,0.527,3,4378.34,performance_drift,2024-08,5041.324948
ID0001808,1/6/2024,3,2,29176,70,0,1,0.901,1.024,1.2,0.252,7,4396.1,performance_drift,2024-01,5041.324948
ID0001809,12/11/2024,3,6,24139,30,4,2,1.136,1.44,1.8,0.452,3,8022.98,performance_drift,2024-12,6733.38182
ID0001810,1/13/2024,0,15,6195,45,0,2,1.049,1.146,1,0.116,5,4800.14,performance_drift,2024-01,5041.324948
ID0001811,12/16/2024,2,9,11077,33,1,2,1.242,1.192,1.2,0.389,0,5628.78,performance_drift,2024-12,5041.324948
ID0001812,6/19/2024,1,5,12385,68,1,1,1.015,1.047,1.2,0.373,2,4813.48,performance_drift,2024-06,5041.324948
ID0001813,9/26/2024,1,3,14323,21,1,1,1.083,1.112,1.8,0.038,2,6596.24,performance_drift,2024-09,6069.48688
ID0001814,5/21/2024,2,17,8734,47,1,2,1.297,1.063,1.2,0.487,3,5757.22,performance_drift,2024-05,5041.324948
ID0001815,11/7/2024,2,5,20438,40,0,0,0.979,0.934,1.8,0.206,21,5130.14,performance_drift,2024-11,6069.48688
ID0001816,5/9/2024,1,12,8949,66,0,1,0.992,0.804,1.8,0.082,0,5060.34,performance_drift,2024-05,6069.48688
ID0001817,3/11/2024,1,15,5972,67,0,1,0.882,0.898,1.2,0.232,2,4352.25,performance_drift,2024-03,5041.324948
ID0001818,1/17/2024,1,7,9899,78,3,2,1.317,1.265,1.2,0.137,0,6108.1,performance_drift,2024-01,5753.639017
ID0001819,11/26/2024,1,5,11611,59,0,2,1.125,1.185,1.2,0.085,1,4541.58,performance_drift,2024-11,5041.324948
ID0001820,4/6/2024,1,1,18646,28,0,1,1.071,1.099,1.2,0.436,1,4744.05,performance_drift,2024-04,5041.324948
ID0001821,1/19/2024,2,6,19624,31,1,1,1.02,0.977,1.4,0.389,0,5385.8,performance_drift,2024-01,5041.324948
ID0001822,9/4/2024,3,4,26643,55,3,1,1.033,1.09,1,0.184,1,4811.64,performance_drift,2024-09,5753.639017
ID0001823,7/14/2024,3,8,12971,38,4,1,1.041,0.938,1.8,0.125,1,7230.53,performance_drift,2024-07,6733.38182
ID0001824,6/6/2024,4,5,54450,26,2,1,1.008,0.946,1.2,0.562,3,5597.23,performance_drift,2024-06,5753.639017
ID0001825,10/13/2024,1,5,19526,72,1,2,1.256,1.222,1.4,0.196,1,5464.31,performance_drift,2024-10,5041.324948
ID0001826,5/1/2024,4,14,18341,54,1,1,1.028,1.051,1.4,0.252,0,5300.37,performance_drift,2024-05,5041.324948
ID0001827,10/7/2024,2,16,9229,72,3,2,1.293,1.087,1.8,0.21,3,7095.9,performance_drift,2024-10,6733.38182
ID0001828,10/13/2024,1,17,7126,43,1,0,1.006,0.844,1.8,0.084,1,5232.46,performance_drift,2024-10,6069.48688
ID0001829,10/26/2024,0,5,9392,57,2,0,0.852,0.953,1.4,0.044,6,5188.36,performance_drift,2024-10,5753.639017
ID0001830,2/11/2024,1,3,20327,43,2,1,1.028,1.156,1.2,0.259,4,5251.6,performance_drift,2024-02,5753.639017
ID0001831,5/8/2024,0,0,19138,64,0,2,1.153,1.213,1.4,0.12,30,5355.64,performance_drift,2024-05,5041.324948
ID0001832,9/15/2024,0,0,19041,23,0,1,1.036,0.896,1.4,0.373,3,5349.5,performance_drift,2024-09,5041.324948
ID0001833,11/13/2024,1,12,7804,75,1,2,1.185,1.35,1.2,0.259,2,5319.26,performance_drift,2024-11,5041.324948
ID0001834,3/6/2024,0,2,18777,38,3,2,1.276,1.251,3.2,0.186,30,9482.35,performance_drift,2024-03,9219.214917
ID0001835,6/21/2024,4,10,21407,50,0,0,1.007,0.776,1.4,0.251,2,4273.63,performance_drift,2024-06,5041.324948
ID0001836,9/23/2024,2,8,12187,53,1,2,1.076,1.181,1.8,0.105,3,6254.4,performance_drift,2024-09,6069.48688
ID0001837,8/6/2024,0,10,5686,24,0,1,0.95,1.062,1.8,0.016,2,6296.88,performance_drift,2024-08,6069.48688
ID0001838,4/11/2024,0,4,13459,39,0,1,0.925,0.941,1.2,0.413,0,4704.48,performance_drift,2024-04,5041.324948
ID0001839,6/21/2024,3,5,16567,71,0,1,1.06,0.962,1.4,0.588,1,4730.46,performance_drift,2024-06,5041.324948
ID0001840,2/12/2024,1,8,16303,54,2,2,1.429,0.976,0.4,0.244,3,3918.73,performance_drift,2024-02,3601.604965
ID0001841,6/21/2024,2,14,13093,68,3,0,0.901,0.86,1.4,0.146,7,5247.95,performance_drift,2024-06,5753.639017
ID0001842,6/25/2024,1,1,19048,46,0,0,0.998,0.906,1.2,0.048,4,3880.7,performance_drift,2024-06,5041.324948
ID0001843,12/17/2024,3,2,21650,49,0,1,1.042,1.123,3.2,0.375,4,8088.99,performance_drift,2024-12,8216.463966
ID0001844,2/27/2024,1,4,15997,76,2,2,1.284,1.176,1,0.161,1,4885.18,performance_drift,2024-02,5753.639017
ID0001845,10/8/2024,2,9,12962,61,2,2,1.087,1.282,3.2,0.437,4,9301.66,performance_drift,2024-10,9219.214917
ID0001846,9/21/2024,1,13,5714,56,2,0,0.81,0.879,1,0.023,1,4450.91,performance_drift,2024-09,5753.639017
ID0001847,1/20/2024,1,1,19828,54,0,0,0.866,1.063,1.8,0.357,1,5395.83,performance_drift,2024-01,6069.48688
ID0001848,11/21/2024,1,8,9968,38,2,1,1.005,0.909,0.4,0.061,2,3521.87,performance_drift,2024-11,3601.604965
ID0001849,10/25/2024,1,3,14092,77,2,0,0.76,0.909,1.4,0.1,3,4747.06,performance_drift,2024-10,5753.639017
ID0001850,7/14/2024,2,6,20249,79,0,1,1.085,1.002,1.2,0.354,1,4143.2,performance_drift,2024-07,5041.324948
ID0001851,4/24/2024,2,11,12964,44,2,1,1.067,1.122,1.2,0.131,7,5531.31,performance_drift,2024-04,5753.639017
ID0001852,10/16/2024,1,9,9242,74,0,1,1.008,0.953,1.8,0.391,2,5550.15,performance_drift,2024-10,6069.48688
ID0001853,11/7/2024,1,11,11720,51,1,1,1.036,1.144,1.2,0.052,14,4908.31,performance_drift,2024-11,5041.324948
ID0001854,7/8/2024,2,9,17786,23,0,1,0.881,0.868,1.2,0.183,1,5275.07,performance_drift,2024-07,5041.324948
ID0001855,2/12/2024,1,8,7130,59,1,1,0.954,0.944,1.2,0.223,0,4358.06,performance_drift,2024-02,5041.324948
ID0001856,11/20/2024,4,11,18307,47,0,0,0.847,0.957,0.4,0.311,7,2852.4,performance_drift,2024-11,3601.604965
ID0001857,10/19/2024,0,0,19713,48,3,1,0.958,0.902,1.4,0.07,0,5263.44,performance_drift,2024-10,5753.639017
ID0001858,3/28/2024,2,11,14455,46,3,2,1.021,1.191,0.4,0.225,0,4676.11,performance_drift,2024-03,4284.85875
ID0001859,9/1/2024,1,7,13836,65,0,2,1.125,1.216,1.4,0.215,30,5471.92,performance_drift,2024-09,5041.324948
ID0001860,3/27/2024,2,10,11583,68,2,0,1.073,0.902,1.8,0.445,0,5660.77,performance_drift,2024-03,6733.38182
ID0001861,4/15/2024,3,7,14483,25,1,1,1.054,0.961,1.2,0.146,30,4939.27,performance_drift,2024-04,5041.324948
ID0001862,1/23/2024,1,11,9809,63,1,1,0.981,1.059,1.4,0.41,14,5349.69,performance_drift,2024-01,5041.324948
ID0001863,1/15/2024,3,12,12100,25,1,0,0.838,1.05,1.4,0.29,10,5294.46,performance_drift,2024-01,5041.324948
ID0001864,4/22/2024,3,14,12400,63,4,1,1.026,0.923,1.2,0.119,4,5692.58,performance_drift,2024-04,5753.639017
ID0001865,4/8/2024,0,0,11350,60,4,2,1.078,1.457,1.4,0.246,14,6884.31,performance_drift,2024-04,5753.639017
ID0001866,6/12/2024,2,17,8183,66,0,0,0.864,0.857,1,0.472,0,3808.45,performance_drift,2024-06,5041.324948
ID0001867,10/11/2024,2,6,20639,44,3,1,0.943,0.928,1.4,0.544,6,6314.57,performance_drift,2024-10,5753.639017
ID0001868,5/26/2024,4,11,32846,71,1,2,1.091,1.077,1.2,0.461,7,5341.1,performance_drift,2024-05,5041.324948
ID0001869,3/17/2024,2,18,8092,38,2,1,0.982,1.091,1.4,0.405,5,6009.42,performance_drift,2024-03,5753.639017
ID0001870,2/1/2024,2,13,7902,64,2,2,1.233,1.467,1,0.544,0,6021.47,performance_drift,2024-02,5753.639017
ID0001871,10/27/2024,2,0,25003,64,1,1,1.065,0.907,1.4,0.053,7,4748.48,performance_drift,2024-10,5041.324948
ID0001872,7/8/2024,1,13,5760,32,2,2,1.125,1.167,1.8,0.448,7,7345.29,performance_drift,2024-07,6733.38182
ID0001873,3/22/2024,1,0,26038,39,2,2,1.124,1.299,1,0.262,1,5498.12,performance_drift,2024-03,5753.639017
ID0001874,1/11/2024,1,8,8812,74,2,2,1.086,1.106,1.2,0.416,3,5337.35,performance_drift,2024-01,5753.639017
ID0001875,4/2/2024,3,6,25374,54,0,2,1.106,1.401,1.4,0.274,6,5496.16,performance_drift,2024-04,5041.324948
ID0001876,5/26/2024,0,5,12425,46,3,0,0.978,0.92,1.2,0.241,30,5319.75,performance_drift,2024-05,5753.639017
ID0001877,1/11/2024,2,11,10802,42,2,1,1.056,0.949,1.8,0.413,3,6214,performance_drift,2024-01,6733.38182
ID0001878,10/16/2024,4,8,40122,65,1,1,1.097,0.952,1,0.363,7,4482.16,performance_drift,2024-10,5041.324948
ID0001879,8/9/2024,0,7,10485,22,0,2,1.159,1.279,1.2,0.512,14,6154.61,performance_drift,2024-08,5041.324948
ID0001880,7/17/2024,1,1,18109,69,0,2,1.042,1.319,1.2,0.091,0,4768.43,performance_drift,2024-07,5041.324948
ID0001881,9/3/2024,1,11,8111,30,2,1,1.126,0.995,1.8,0.571,21,6979.32,performance_drift,2024-09,6733.38182
ID0001882,8/25/2024,1,15,8153,36,2,1,1.061,1.078,1,0.269,0,5115.94,performance_drift,2024-08,5753.639017
ID0001883,7/11/2024,0,0,27194,64,1,2,1.288,1.371,3.2,0.256,0,8526.39,performance_drift,2024-07,9219.214917
ID0001884,6/1/2024,1,12,7742,55,4,0,0.885,1.032,1.4,0.273,0,6138.86,performance_drift,2024-06,5753.639017
ID0001885,12/8/2024,2,10,8691,73,2,2,1.246,1.304,0.4,0.175,30,4314.68,performance_drift,2024-12,4284.85875
ID0001886,6/2/2024,2,6,20832,26,1,2,1.289,1.159,1.4,0.188,0,5813.52,performance_drift,2024-06,5041.324948
ID0001887,5/17/2024,1,5,13440,42,1,2,1.233,1.304,0.4,0.035,0,3543.79,performance_drift,2024-05,4284.85875
ID0001888,1/23/2024,2,4,26318,68,2,2,1.288,1.063,1.8,0.462,1,6709.31,performance_drift,2024-01,6733.38182
ID0001889,8/19/2024,3,4,29044,65,3,2,1.079,1.238,1.4,0.396,4,6367.4,performance_drift,2024-08,5753.639017
ID0001890,1/16/2024,1,11,10577,61,3,2,1.316,1.314,0.4,0.077,1,4699.93,performance_drift,2024-01,4284.85875
ID0001891,8/4/2024,3,7,16578,45,0,2,1.235,1.231,1.4,0.133,3,5344.96,performance_drift,2024-08,5041.324948
ID0001892,5/27/2024,1,15,6706,46,2,0,0.963,0.751,1.8,0.797,6,6501.29,performance_drift,2024-05,6733.38182
ID0001893,5/4/2024,4,0,43508,78,1,2,1.316,1.409,1.2,0.062,3,5284.85,performance_drift,2024-05,5041.324948
ID0001894,10/3/2024,4,4,35062,60,1,1,0.937,0.946,1.4,0.463,2,4971.21,performance_drift,2024-10,5041.324948
ID0001895,3/1/2024,3,9,14914,74,0,1,1.138,1.033,1.2,0.452,3,4433.95,performance_drift,2024-03,5041.324948
ID0001896,7/25/2024,2,1,33746,58,1,2,1.264,1.233,1.4,0.32,0,5611.98,performance_drift,2024-07,5041.324948
ID0001897,11/14/2024,3,13,12280,79,3,2,1.347,1.261,1,0.367,3,5863.98,performance_drift,2024-11,5753.639017
ID0001898,8/9/2024,2,17,6275,61,2,2,1.075,1.387,1.1,0.233,4,5560.01,performance_drift,2024-08,5753.639017
ID0001899,7/15/2024,3,6,16277,42,2,2,1.099,1.263,1.4,0.426,2,6298.48,performance_drift,2024-07,5753.639017
ID0001900,11/26/2024,0,7,11307,42,3,2,1.247,1.327,1.8,0.096,7,7038.17,performance_drift,2024-11,6733.38182
ID0001901,6/26/2024,1,14,8340,41,1,1,0.956,1.007,1,0.038,21,4898.59,performance_drift,2024-06,5041.324948
ID0001902,11/20/2024,1,15,7017,59,2,2,1.333,1.384,1.8,0.443,1,7282.59,performance_drift,2024-11,6733.38182
ID0001903,3/2/2024,2,11,16969,55,1,2,0.981,1.055,1.8,0.309,30,6436.79,performance_drift,2024-03,6069.48688
ID0001904,9/4/2024,1,15,8637,20,1,2,1.29,1.214,1.4,0.214,0,6660.68,performance_drift,2024-09,5041.324948
ID0001905,4/2/2024,2,16,7822,43,4,1,1.118,1.14,1.2,0.245,0,6524.04,performance_drift,2024-04,5753.639017
ID0001906,6/16/2024,2,17,7650,37,1,2,1.352,1.164,1.2,0.289,0,5920.51,performance_drift,2024-06,5041.324948
ID0001907,3/2/2024,1,10,8629,21,0,0,1.028,1.05,1.2,0.392,6,5363.58,performance_drift,2024-03,5041.324948
ID0001908,1/8/2024,0,16,5000,77,1,2,1.217,1.383,1.2,0.235,2,5477.16,performance_drift,2024-01,5041.324948
ID0001909,1/7/2024,4,4,41379,38,1,0,0.901,0.852,1.8,0.231,30,5780.33,performance_drift,2024-01,6069.48688
ID0001910,5/26/2024,1,10,8798,24,1,2,1.073,1.221,1.8,0.461,2,7411.52,performance_drift,2024-05,6069.48688
ID0001911,4/13/2024,2,6,16593,33,3,1,0.961,1.087,1.2,0.243,14,5806.06,performance_drift,2024-04,5753.639017
ID0001912,4/28/2024,1,15,7318,72,4,2,1.098,1.159,1.2,0.618,10,6736.91,performance_drift,2024-04,5753.639017
ID0001913,8/24/2024,0,1,17264,26,0,1,1.035,1.156,1,0.041,10,4311.96,performance_drift,2024-08,5041.324948
ID0001914,7/7/2024,3,9,21426,59,3,1,0.883,0.931,1.1,0.3,3,5345.16,performance_drift,2024-07,5753.639017
ID0001915,11/4/2024,3,10,12902,38,3,1,1.028,0.983,1.2,0.139,3,5557.37,performance_drift,2024-11,5753.639017
ID0001916,10/19/2024,3,7,18963,57,0,1,0.894,0.947,1.2,0.193,0,4234.74,performance_drift,2024-10,5041.324948
ID0001917,6/25/2024,2,7,30320,65,1,2,1.013,1.288,1.4,0.172,14,5525.86,performance_drift,2024-06,5041.324948
ID0001918,11/2/2024,1,11,12426,46,0,2,1.37,1.452,1.4,0.39,0,5554.65,performance_drift,2024-11,5041.324948
ID0001919,10/6/2024,1,7,9235,59,3,1,1.084,1.15,1,0.251,3,5320.61,performance_drift,2024-10,5753.639017
ID0001920,10/10/2024,4,14,17927,46,0,2,1.141,0.885,1,0.173,0,4335.7,performance_drift,2024-10,5041.324948
ID0001921,11/9/2024,2,15,7516,31,1,2,1.136,1.259,1.2,0.1,3,5868.64,performance_drift,2024-11,5041.324948
ID0001922,8/14/2024,1,14,10461,66,2,1,1.057,1.031,1.2,0.183,1,5260.2,performance_drift,2024-08,5753.639017
ID0001923,2/9/2024,1,4,13103,55,2,2,1.317,1.364,1.2,0.326,21,5726.53,performance_drift,2024-02,5753.639017
ID0001924,7/4/2024,2,8,13157,74,1,0,0.99,0.984,1,0.131,14,4129.91,performance_drift,2024-07,5041.324948
ID0001925,1/6/2024,3,0,32432,77,2,0,1.014,0.91,3.2,0.447,2,7979.32,performance_drift,2024-01,9219.214917
ID0001926,6/16/2024,2,0,24208,23,2,2,1.108,1.067,1,0.459,6,6022.09,performance_drift,2024-06,5753.639017
ID0001927,2/22/2024,1,8,10945,71,1,2,1.12,1.094,1.4,0.308,0,5322,performance_drift,2024-02,5041.324948
ID0001928,1/20/2024,3,11,10509,24,1,2,1.169,1.24,1.4,0.214,6,6438.31,performance_drift,2024-01,5041.324948
ID0001929,6/27/2024,0,4,17704,54,2,2,1.039,1.29,1.8,0.053,21,7002.24,performance_drift,2024-06,6733.38182
ID0001930,4/23/2024,3,2,31902,38,1,0,0.958,0.996,0.4,0.595,0,3232.1,performance_drift,2024-04,3601.604965
ID0001931,4/8/2024,0,5,8789,29,1,0,0.909,0.868,0.4,0.203,3,3057.52,performance_drift,2024-04,3601.604965
ID0001932,6/4/2024,1,0,20542,52,2,2,1.258,1.228,1.4,0.34,0,5836.17,performance_drift,2024-06,5753.639017
ID0001933,8/5/2024,1,8,17241,50,2,2,1.294,0.949,1.2,0.223,3,5218.17,performance_drift,2024-08,5753.639017
ID0001934,5/26/2024,1,5,15236,75,2,1,1.12,0.945,1.2,0.159,0,4640.7,performance_drift,2024-05,5753.639017
ID0001935,5/14/2024,1,0,24293,29,1,2,1.183,1.151,1.8,0.38,10,6739.41,performance_drift,2024-05,6069.48688
ID0001936,12/24/2024,1,3,15164,64,1,1,0.883,0.926,1.4,0.281,6,4812.33,performance_drift,2024-12,5041.324948
ID0001937,3/5/2024,0,4,10490,63,3,1,1.15,0.926,1.4,0.264,21,5581.79,performance_drift,2024-03,5753.639017
ID0001938,8/5/2024,3,4,22082,34,1,1,1.048,1.064,1,0.36,30,5184.33,performance_drift,2024-08,5041.324948
ID0001939,1/13/2024,2,4,25439,50,2,0,0.904,0.75,1,0.13,6,4016.63,performance_drift,2024-01,5753.639017
ID0001940,11/4/2024,3,8,17001,20,2,0,0.961,0.888,1.8,0.266,0,6642.56,performance_drift,2024-11,6733.38182
ID0001941,1/19/2024,3,12,13320,50,2,1,0.96,0.954,1.8,0.099,0,6325.65,performance_drift,2024-01,6733.38182
ID0001942,9/13/2024,3,10,14370,33,1,0,0.843,0.881,1.2,0.478,10,4679.47,performance_drift,2024-09,5041.324948
ID0001943,4/27/2024,1,6,14162,68,2,0,0.926,0.898,1.2,0.4,30,4976.02,performance_drift,2024-04,5753.639017
ID0001944,7/5/2024,4,5,55860,68,2,1,0.913,1.045,1.4,0.24,3,5349.64,performance_drift,2024-07,5753.639017
ID0001945,7/5/2024,0,17,5000,73,4,1,0.913,1.096,1.4,0.196,1,6195.12,performance_drift,2024-07,5753.639017
ID0001946,7/24/2024,3,9,10871,78,2,1,0.987,1.056,1.8,0.314,0,5937.22,performance_drift,2024-07,6733.38182
ID0001947,2/5/2024,2,10,11945,76,0,2,1.051,1.187,1,0.296,0,4652.76,performance_drift,2024-02,5041.324948
ID0001948,7/10/2024,2,16,11865,78,1,2,1.081,1.231,1.2,0.067,2,5349.86,performance_drift,2024-07,5041.324948
ID0001949,7/27/2024,2,11,13113,56,2,1,0.924,1.042,1.2,0.149,2,5460.42,performance_drift,2024-07,5753.639017
ID0001950,6/6/2024,3,18,6715,33,2,1,1.026,0.936,1.2,0.234,14,5582.97,performance_drift,2024-06,5753.639017
ID0001951,2/17/2024,2,0,27510,40,3,2,1.026,1.238,3.2,0.372,1,9619.44,performance_drift,2024-02,9219.214917
ID0001952,2/8/2024,2,0,23193,66,1,2,1.233,1.267,1.8,0.302,0,6226.49,performance_drift,2024-02,6069.48688
ID0001953,1/26/2024,0,4,20903,51,1,1,0.996,0.918,1,0.396,7,4478.73,performance_drift,2024-01,5041.324948
ID0001954,1/12/2024,1,1,20666,78,4,1,1.028,1.122,1.2,0.423,14,6025.85,performance_drift,2024-01,5753.639017
ID0001955,9/11/2024,3,19,9398,55,3,2,1.158,1.445,0.4,0.054,21,4866.64,performance_drift,2024-09,4284.85875
ID0001956,2/7/2024,3,5,29280,48,4,2,1.174,1.337,1,0.423,6,6438.97,performance_drift,2024-02,5753.639017
ID0001957,8/15/2024,1,0,17450,43,0,2,1.166,1.379,1,0.461,0,4775.79,performance_drift,2024-08,5041.324948
ID0001958,3/10/2024,3,4,21636,60,2,2,1.259,1.075,1.4,0.4,1,5854.65,performance_drift,2024-03,5753.639017
ID0001959,12/2/2024,2,10,11895,59,1,1,0.916,0.957,1.1,0.272,6,4500.31,performance_drift,2024-12,5041.324948
ID0001960,12/8/2024,0,4,19725,41,2,0,1.009,0.827,1.2,0.394,6,4794.6,performance_drift,2024-12,5753.639017
ID0001961,11/1/2024,3,9,16949,42,4,1,0.907,0.986,1.4,0.31,2,6604.57,performance_drift,2024-11,5753.639017
ID0001962,5/16/2024,3,1,16542,45,3,1,0.965,1.085,1.8,0.132,0,6160.37,performance_drift,2024-05,6733.38182
ID0001963,2/5/2024,1,2,18689,51,1,2,0.985,1.048,1.4,0.144,0,5329,performance_drift,2024-02,5041.324948
ID0001964,4/25/2024,3,10,12504,63,1,2,1.197,1.388,1,0.201,0,5100.05,performance_drift,2024-04,5041.324948
ID0001965,3/7/2024,1,8,13287,77,2,1,0.911,1.007,1.4,0.278,1,5283.21,performance_drift,2024-03,5753.639017
ID0001966,3/2/2024,0,5,13595,18,1,1,0.899,0.974,1.2,0.237,1,5645.09,performance_drift,2024-03,5041.324948
ID0001967,6/3/2024,4,8,32163,66,4,2,1.145,1.092,1.8,0.218,3,7261.46,performance_drift,2024-06,6733.38182
ID0001968,10/18/2024,4,8,29492,53,1,1,1.071,0.995,1,0.349,3,4440.63,performance_drift,2024-10,5041.324948
ID0001969,8/3/2024,2,11,14199,23,1,2,1.244,1.132,1.2,0.567,1,6450.71,performance_drift,2024-08,5041.324948
ID0001970,7/5/2024,3,10,18733,50,3,2,1.338,1.053,0.4,0.605,0,4673.86,performance_drift,2024-07,3601.604965
ID0001971,8/17/2024,1,15,6588,73,1,1,0.953,1.157,1.2,0.199,1,4981.85,performance_drift,2024-08,5041.324948
ID0001972,5/21/2024,0,10,7877,46,0,2,1.182,1.339,1.8,0.145,0,6171.25,performance_drift,2024-05,6069.48688
ID0001973,5/15/2024,0,11,9392,33,2,2,1.251,1.479,1.4,0.134,0,6474.23,performance_drift,2024-05,5753.639017
ID0001974,7/1/2024,2,0,42336,18,2,2,1.173,1.231,1,0.669,21,6706.38,performance_drift,2024-07,5753.639017
ID0001975,5/2/2024,2,0,28166,23,3,1,0.906,0.908,1.4,0.186,4,6517.98,performance_drift,2024-05,5753.639017
ID0001976,4/10/2024,0,6,8910,18,1,2,1.15,1.393,1.2,0.324,3,6736.16,performance_drift,2024-04,5041.324948
ID0001977,10/22/2024,3,11,14077,69,1,1,1.112,0.999,1.2,0.453,4,4839.96,performance_drift,2024-10,5041.324948
ID0001978,7/27/2024,1,9,10092,53,2,1,1.038,0.84,1.4,0.268,1,5049.58,performance_drift,2024-07,5753.639017
ID0001979,6/13/2024,1,8,16060,22,2,1,1.142,1.08,1.2,0.524,2,6364.62,performance_drift,2024-06,5753.639017
ID0001980,11/26/2024,2,3,28111,55,2,2,1.365,1.315,1.8,0.238,2,6588.79,performance_drift,2024-11,6733.38182
ID0001981,11/10/2024,3,8,15820,45,1,2,1.147,1.172,1.2,0.279,0,5190.6,performance_drift,2024-11,5041.324948
ID0001982,4/3/2024,1,14,8140,18,1,2,1.203,1.316,0.4,0.152,2,5104.05,performance_drift,2024-04,4284.85875
ID0001983,2/21/2024,1,5,13770,64,1,2,1.267,1.337,0.4,0.167,2,3759.25,performance_drift,2024-02,4284.85875
ID0001984,11/15/2024,2,4,15860,50,4,0,0.938,0.847,1.2,0.059,4,5233.19,performance_drift,2024-11,5753.639017
ID0001985,2/16/2024,1,0,20490,28,3,1,0.943,0.933,1.8,0.252,2,6736.79,performance_drift,2024-02,6733.38182
ID0001986,6/8/2024,2,5,16723,18,1,1,0.931,1.08,1.8,0.423,1,7243.78,performance_drift,2024-06,6069.48688
ID0001987,4/4/2024,3,6,18445,75,3,2,1.165,1.177,1,0.429,2,5582.37,performance_drift,2024-04,5753.639017
ID0001988,2/8/2024,3,0,37693,76,3,1,0.833,0.82,1.2,0.471,0,5128.81,performance_drift,2024-02,5753.639017
ID0001989,7/24/2024,1,12,8140,67,0,2,1.26,1.179,1.4,0.215,1,5387.09,performance_drift,2024-07,5041.324948
ID0001990,1/22/2024,2,10,12819,77,0,0,0.978,0.907,1.8,0.124,30,5337.19,performance_drift,2024-01,6069.48688
ID0001991,12/25/2024,2,4,25686,40,4,2,1.31,1.183,1.8,0.133,14,7249.04,performance_drift,2024-12,6733.38182
ID0001992,3/15/2024,2,8,8592,53,0,2,1.065,1.412,0.4,0.345,21,3759.24,performance_drift,2024-03,4284.85875
ID0001993,6/12/2024,0,10,8501,44,0,2,1.156,1.241,1.4,0.068,1,5567.49,performance_drift,2024-06,5041.324948
ID0001994,5/7/2024,1,4,12700,51,1,2,1.266,1.159,1.8,0.206,2,6101.22,performance_drift,2024-05,6069.48688
ID0001995,2/4/2024,3,7,26329,30,2,2,1.387,1.25,0.4,0.178,2,4088.99,performance_drift,2024-02,4284.85875
ID0001996,11/21/2024,2,9,18550,40,1,0,0.971,0.923,0.4,0.493,4,3279.48,performance_drift,2024-11,3601.604965
ID0001997,3/10/2024,0,11,11368,48,2,2,1.065,1.305,1.4,0.158,5,6069.65,performance_drift,2024-03,5753.639017
ID0001998,5/24/2024,3,11,13859,26,4,1,0.984,0.884,1.2,0.267,3,6186.58,performance_drift,2024-05,5753.639017
ID0001999,4/26/2024,2,12,14241,63,1,1,0.988,0.823,1.2,0.201,0,4726.51,performance_drift,2024-04,5041.324948
ID0002000,9/22/2024,3,18,5509,53,2,2,1.222,1.377,1.4,0.059,0,6382.73,performance_drift,2024-09,5753.639017
ID0002001,10/5/2024,3,6,29934,29,0,2,1.281,1.104,1.4,0.089,1,5186.66,performance_drift,2024-10,5041.324948
ID0002002,6/14/2024,2,13,12145,36,0,2,1.125,1.233,1.2,0.253,0,5254.65,performance_drift,2024-06,5041.324948
ID0002003,5/14/2024,0,6,11917,77,0,1,1.106,1.068,1.8,0.046,5,5156.63,performance_drift,2024-05,6069.48688
ID0002004,6/18/2024,2,2,36687,26,3,2,1.293,1.004,1.8,0.362,3,7008.33,performance_drift,2024-06,6733.38182
ID0002005,1/2/2024,1,8,8102,71,1,1,0.861,0.96,0.4,0.259,0,3168.24,performance_drift,2024-01,3601.604965
ID0002006,1/16/2024,0,8,7743,25,0,2,1.264,1.447,1.4,0.099,21,5819.92,performance_drift,2024-01,5041.324948
ID0002007,2/13/2024,2,0,40132,74,1,1,1.079,1.089,1.4,0.388,30,5169.32,performance_drift,2024-02,5041.324948
ID0002008,7/9/2024,2,3,17759,66,1,0,0.904,0.9,1,0.359,21,3977.69,performance_drift,2024-07,5041.324948
ID0002009,8/19/2024,3,7,17950,79,3,2,1.222,1.197,1,0.153,4,5605.19,performance_drift,2024-08,5753.639017
ID0002010,10/21/2024,0,10,8931,39,1,1,1.071,0.975,1.2,0.57,2,5139.97,performance_drift,2024-10,5041.324948
ID0002011,7/17/2024,3,18,7507,50,1,2,1.237,0.985,1.4,0.174,0,5455.8,performance_drift,2024-07,5041.324948
ID0002012,9/10/2024,2,4,22183,65,3,1,1.018,0.918,1.4,0.188,6,5715.87,performance_drift,2024-09,5753.639017
ID0002013,1/2/2024,2,0,59598,26,1,1,0.912,0.981,1.8,0.184,4,5795.48,performance_drift,2024-01,6069.48688
ID0002014,9/20/2024,0,6,16443,27,2,2,1.184,1.216,1.4,0.077,5,6014.76,performance_drift,2024-09,5753.639017
ID0002015,2/8/2024,2,12,11232,36,1,2,1.166,1.201,1.8,0.321,21,6426.76,performance_drift,2024-02,6069.48688
ID0002016,9/20/2024,1,19,5000,26,3,1,1.055,0.973,1.2,0.228,2,5785.58,performance_drift,2024-09,5753.639017
ID0002017,5/28/2024,3,10,25089,20,2,2,1.053,1.096,1.4,0.243,6,6716.49,performance_drift,2024-05,5753.639017
ID0002018,2/3/2024,1,0,19329,32,2,1,1.059,0.978,1.2,0.217,0,5005.2,performance_drift,2024-02,5753.639017
ID0002019,5/28/2024,2,14,8281,68,1,2,1.09,1.294,1.4,0.732,0,6056.94,performance_drift,2024-05,5041.324948
ID0002020,6/2/2024,3,16,10251,67,1,1,1.054,0.981,1.8,0.189,0,5882.58,performance_drift,2024-06,6069.48688
ID0002021,1/14/2024,3,17,7960,53,0,1,1.183,0.872,1.2,0.375,0,4599.53,performance_drift,2024-01,5041.324948
ID0002022,6/4/2024,1,6,10625,36,4,2,1.152,1.451,1.2,0.195,1,6530.57,performance_drift,2024-06,5753.639017
ID0002023,1/6/2024,3,8,13922,56,1,1,1.109,0.932,1.2,0.046,2,4187.06,performance_drift,2024-01,5041.324948
ID0002024,7/19/2024,2,0,25174,62,3,2,1.312,1.344,1.2,0.179,0,5892.22,performance_drift,2024-07,5753.639017
ID0002025,8/2/2024,3,14,16217,64,3,2,1.214,1.395,1.4,0.475,1,6734.91,performance_drift,2024-08,5753.639017
ID0002026,3/19/2024,3,11,18380,45,0,1,0.875,1.089,1.4,0.263,0,4891.75,performance_drift,2024-03,5041.324948
ID0002027,2/9/2024,0,7,12340,70,1,2,1.052,1.035,1.1,0.514,2,4757.72,performance_drift,2024-02,5041.324948
ID0002028,5/9/2024,0,12,6945,48,2,2,1.193,1.087,1.2,0.05,1,5342.96,performance_drift,2024-05,5753.639017
ID0002029,4/28/2024,2,7,22265,75,4,1,1.067,1.11,1.2,0.086,0,6017.65,performance_drift,2024-04,5753.639017
ID0002030,7/8/2024,0,6,6877,56,2,1,0.949,0.892,1.4,0.33,0,5248.71,performance_drift,2024-07,5753.639017
ID0002031,6/9/2024,2,7,17183,26,3,1,0.983,0.867,1.2,0.362,0,5643.89,performance_drift,2024-06,5753.639017
ID0002032,6/7/2024,1,9,13232,32,1,2,1.241,1.195,1.2,0.325,5,5454.54,performance_drift,2024-06,5041.324948
ID0002033,8/22/2024,2,3,25385,69,2,2,1.252,1.13,1.8,0.143,1,6076.61,performance_drift,2024-08,6733.38182
ID0002034,5/12/2024,3,0,40289,39,2,1,1.015,1.139,1.8,0.344,7,6543.96,performance_drift,2024-05,6733.38182
ID0002035,1/9/2024,1,9,11113,29,3,2,1.161,1.2,1.2,0.045,0,6249.08,performance_drift,2024-01,5753.639017
ID0002036,4/13/2024,1,15,5000,28,2,1,0.912,0.999,1.8,0.22,7,6851.53,performance_drift,2024-04,6733.38182
ID0002037,9/25/2024,0,16,5000,51,3,2,1.27,1.099,0.4,0.241,2,4665.69,performance_drift,2024-09,4284.85875
ID0002038,1/20/2024,0,11,9852,51,1,2,1.283,1.407,0.4,0.589,4,4413.31,performance_drift,2024-01,4284.85875
ID0002039,5/26/2024,1,14,9753,65,2,0,0.822,1.005,1.8,0.271,0,6156.85,performance_drift,2024-05,6733.38182
ID0002040,1/14/2024,2,16,6958,68,2,0,0.817,0.918,1,0.486,0,4686.26,performance_drift,2024-01,5753.639017
ID0002041,3/7/2024,3,10,12796,71,2,2,1.027,1.015,1.4,0.07,2,5761.83,performance_drift,2024-03,5753.639017
ID0002042,11/23/2024,0,12,9099,66,1,2,1.106,1.226,1.2,0.077,0,5326.62,performance_drift,2024-11,5041.324948
ID0002043,4/18/2024,2,15,13639,42,1,2,1.275,1.364,1.8,0.372,5,7292.51,performance_drift,2024-04,6069.48688
ID0002044,8/3/2024,2,10,11255,43,1,0,0.908,0.905,1.2,0.536,1,4721.41,performance_drift,2024-08,5041.324948
ID0002045,2/2/2024,0,5,15965,37,4,1,0.88,1.06,1.2,0.257,3,6038.87,performance_drift,2024-02,5753.639017
ID0002046,2/17/2024,3,10,13655,66,4,0,0.818,1.002,1.4,0.723,0,5967.26,performance_drift,2024-02,5753.639017
ID0002047,8/24/2024,2,9,15020,67,3,2,1.448,1.389,1.8,0.247,6,7417.18,performance_drift,2024-08,6733.38182
ID0002048,10/14/2024,2,9,18801,56,2,1,0.997,0.814,1.4,0.441,10,5409.31,performance_drift,2024-10,5753.639017
ID0002049,12/19/2024,2,12,8505,18,2,2,1.239,1.116,1.8,0.538,30,8346.1,performance_drift,2024-12,6733.38182
ID0002050,11/8/2024,2,3,20939,78,0,2,1.278,1.31,1.2,0.262,0,4588.1,performance_drift,2024-11,5041.324948
ID0002051,6/28/2024,1,13,8684,40,1,1,1.041,0.9,1.8,0.406,5,6175.78,performance_drift,2024-06,6069.48688
ID0002052,9/8/2024,0,12,6400,37,3,2,1.187,1.267,1,0.164,1,5751.2,performance_drift,2024-09,5753.639017
ID0002053,3/5/2024,3,10,14038,47,2,2,1.316,1.28,1.2,0.073,3,5590.45,performance_drift,2024-03,5753.639017
ID0002054,6/8/2024,3,7,18481,24,0,2,1.187,1.217,1.4,0.082,10,6117.64,performance_drift,2024-06,5041.324948
ID0002055,12/11/2024,1,15,8027,51,3,1,0.987,1.029,1.2,0.237,0,6163.09,performance_drift,2024-12,5753.639017
ID0002056,12/17/2024,3,18,6535,26,1,1,0.955,0.921,1.8,0.108,0,6117.6,performance_drift,2024-12,6069.48688
ID0002057,9/7/2024,2,6,25018,50,0,2,1.276,1.195,1.8,0.294,0,5805.93,performance_drift,2024-09,6069.48688
ID0002058,2/10/2024,0,0,12561,51,0,0,0.85,1.046,1.8,0.315,3,5309.42,performance_drift,2024-02,6069.48688
ID0002059,8/21/2024,1,2,15071,41,0,2,1.141,1.289,1.2,0.055,6,4929.44,performance_drift,2024-08,5041.324948
ID0002060,8/21/2024,1,6,13610,34,2,2,1.085,1.158,1.8,0.225,7,6677.11,performance_drift,2024-08,6733.38182
ID0002061,6/24/2024,1,6,11815,35,1,2,1.191,1.335,0.4,0.051,21,4336.91,performance_drift,2024-06,4284.85875
ID0002062,8/24/2024,3,12,9765,21,1,1,0.927,1.035,1,0.129,0,5254.39,performance_drift,2024-08,5041.324948
ID0002063,4/11/2024,2,5,26015,61,2,1,0.797,0.966,1.4,0.058,3,5033.95,performance_drift,2024-04,5753.639017
ID0002064,2/6/2024,3,9,13405,51,1,1,1.022,0.984,1.8,0.268,10,5719.33,performance_drift,2024-02,6069.48688
ID0002065,10/17/2024,3,9,22652,75,1,0,0.924,0.867,0.4,0.143,4,2691.48,performance_drift,2024-10,3601.604965
ID0002066,4/14/2024,1,20,8815,44,2,2,1.135,1.092,1.2,0.163,2,5745.39,performance_drift,2024-04,5753.639017
ID0002067,4/25/2024,3,7,18403,61,3,1,0.974,1.107,1.8,0.044,0,6499.3,performance_drift,2024-04,6733.38182
ID0002068,2/2/2024,1,9,7846,26,1,0,0.988,0.883,1.2,0.406,30,5243.49,performance_drift,2024-02,5041.324948
ID0002069,1/2/2024,1,13,11635,63,1,1,0.992,0.977,1.8,0.099,4,5587.95,performance_drift,2024-01,6069.48688
ID0002070,5/19/2024,2,4,28101,72,3,2,1.235,1.138,1.8,0.299,2,6750.27,performance_drift,2024-05,6733.38182
ID0002071,4/15/2024,1,3,21571,62,2,0,0.908,0.906,1,0.441,0,4289.71,performance_drift,2024-04,5753.639017
ID0002072,9/14/2024,2,4,26369,66,1,2,1.211,1.296,1.2,0.457,0,5478.73,performance_drift,2024-09,5041.324948
ID0002073,2/17/2024,1,6,17653,51,0,1,0.772,0.819,0.4,0.195,21,2840.66,performance_drift,2024-02,3601.604965
ID0002074,1/8/2024,1,11,15222,39,2,1,0.94,1.081,1.4,0.298,4,5720.28,performance_drift,2024-01,5753.639017
ID0002075,6/24/2024,2,13,12746,51,3,2,1.19,1.182,1.4,0.162,0,6510.34,performance_drift,2024-06,5753.639017
ID0002076,2/16/2024,1,16,6188,32,0,2,0.91,1.3,1.8,0.023,0,6258.44,performance_drift,2024-02,6069.48688
ID0002077,4/21/2024,1,14,9228,47,3,2,1.217,1.065,1.4,0.36,4,6478.14,performance_drift,2024-04,5753.639017
ID0002078,9/6/2024,2,6,28759,33,1,1,0.937,1,1,0.077,2,4518.58,performance_drift,2024-09,5041.324948
ID0002079,8/4/2024,4,0,51321,28,1,1,0.952,1.048,1,0.276,2,4515.89,performance_drift,2024-08,5041.324948
ID0002080,11/13/2024,2,1,24888,59,4,2,1.019,1.244,1,0.465,7,6223.58,performance_drift,2024-11,5753.639017
ID0002081,3/28/2024,1,6,11143,27,3,2,1.308,1.102,1,0.335,7,5942.03,performance_drift,2024-03,5753.639017
ID0002082,9/23/2024,0,8,11115,52,1,1,1.015,1.031,1.2,0.251,1,4695.25,performance_drift,2024-09,5041.324948
ID0002083,4/2/2024,1,12,8214,23,4,1,1.109,0.931,1.2,0.193,1,6795.9,performance_drift,2024-04,5753.639017
ID0002084,7/26/2024,2,9,21158,50,0,1,1.017,1.161,1.8,0.469,4,5951.1,performance_drift,2024-07,6069.48688
ID0002085,9/22/2024,1,2,12014,35,1,2,1.228,1.113,1.8,0.023,2,5992.29,performance_drift,2024-09,6069.48688
ID0002086,10/11/2024,2,0,30927,40,2,2,1.102,1.256,1,0.314,0,5285.16,performance_drift,2024-10,5753.639017
ID0002087,11/20/2024,4,15,18938,74,2,0,0.872,0.83,1.8,0.24,7,5877.59,performance_drift,2024-11,6733.38182
ID0002088,5/3/2024,1,8,12381,41,0,2,1.02,1.272,1.4,0.028,1,5408.64,performance_drift,2024-05,5041.324948
ID0002089,4/14/2024,2,8,20346,60,3,1,1.064,0.845,1.2,0.273,0,5349.38,performance_drift,2024-04,5753.639017
ID0002090,10/11/2024,3,11,11274,31,1,0,0.797,0.928,1.1,0.169,5,4341.33,performance_drift,2024-10,5041.324948
ID0002091,6/15/2024,2,0,27206,62,1,2,1.254,1.193,1,0.005,0,4429.88,performance_drift,2024-06,5041.324948
ID0002092,6/26/2024,2,13,9889,18,0,1,1.008,1.024,1.2,0.244,5,5688.39,performance_drift,2024-06,5041.324948
ID0002093,10/12/2024,1,2,15712,61,3,1,0.979,1.074,1.8,0.321,3,6339.11,performance_drift,2024-10,6733.38182
ID0002094,10/22/2024,1,14,5209,38,1,1,1.057,1.062,1.8,0.119,30,6261.16,performance_drift,2024-10,6069.48688
ID0002095,12/12/2024,2,15,11389,67,3,2,1.14,1.326,1.1,0.311,3,6273.22,performance_drift,2024-12,5753.639017
ID0002096,10/2/2024,2,10,15422,54,0,1,0.94,1.087,0.4,0.308,6,3103.88,performance_drift,2024-10,3601.604965
ID0002097,1/3/2024,0,5,15433,64,3,0,0.878,0.946,1,0.228,3,4556.61,performance_drift,2024-01,5753.639017
ID0002098,3/10/2024,1,17,8153,71,2,1,1.035,0.932,1.1,0.521,3,5417.85,performance_drift,2024-03,5753.639017
ID0002099,4/8/2024,3,5,20747,66,1,1,0.954,0.952,1,0.36,3,4217.28,performance_drift,2024-04,5041.324948
ID0002100,1/26/2024,2,16,7705,29,2,0,0.948,0.998,1.2,0.13,3,5168.33,performance_drift,2024-01,5753.639017
ID0002101,9/1/2024,3,14,8602,35,2,1,1.09,1.013,1.4,0.326,2,5655.83,performance_drift,2024-09,5753.639017
ID0002102,8/17/2024,2,7,13193,74,1,2,1.206,1.25,1.4,0.117,0,5373.86,performance_drift,2024-08,5041.324948
ID0002103,1/28/2024,1,9,9846,28,2,2,1.19,1.305,1,0.026,0,5385.35,performance_drift,2024-01,5753.639017
ID0002104,9/3/2024,2,0,31823,69,0,1,0.993,1.084,1,0.286,0,3656.64,performance_drift,2024-09,5041.324948
ID0002105,5/1/2024,1,5,16914,78,1,1,1.032,0.96,1.2,0.39,1,4262.68,performance_drift,2024-05,5041.324948
ID0002106,9/7/2024,2,6,29320,19,2,1,0.894,0.948,1.8,0.103,30,7137.16,performance_drift,2024-09,6733.38182
ID0002107,11/17/2024,4,14,17727,65,2,1,1.042,0.952,1.1,0.323,0,4899.41,performance_drift,2024-11,5753.639017
ID0002108,4/16/2024,2,13,11760,43,1,2,1.146,1.162,1.4,0.125,21,5940.18,performance_drift,2024-04,5041.324948
ID0002109,2/3/2024,3,15,10669,61,2,1,0.923,0.933,1.1,0.261,10,5274.4,performance_drift,2024-02,5753.639017
ID0002110,1/5/2024,1,8,12197,46,3,2,1.056,1.228,0.4,0.298,1,4702.04,performance_drift,2024-01,4284.85875
ID0002111,3/18/2024,1,7,14515,74,1,0,0.9,1.141,1.2,0.47,0,4686.38,performance_drift,2024-03,5041.324948
ID0002112,8/6/2024,1,0,21180,73,1,2,1.145,1.27,1.4,0.618,0,5509.8,performance_drift,2024-08,5041.324948
ID0002113,3/16/2024,1,12,7341,20,2,2,1.17,0.861,1.2,0.197,2,6231.53,performance_drift,2024-03,5753.639017
ID0002114,9/20/2024,2,7,20086,61,1,1,0.992,1.106,1,0.097,5,4491.7,performance_drift,2024-09,5041.324948
ID0002115,4/10/2024,0,3,14572,46,1,0,0.983,0.854,1.1,0.04,30,4407.33,performance_drift,2024-04,5041.324948
ID0002116,1/1/2024,4,6,38804,53,2,0,0.973,0.897,1.4,0.217,0,4789.83,performance_drift,2024-01,5753.639017
ID0002117,4/9/2024,0,8,9070,48,2,2,1.179,0.87,1,0.536,0,5140.08,performance_drift,2024-04,5753.639017
ID0002118,3/2/2024,0,14,5816,36,0,0,0.942,0.783,1.4,0.462,0,4812.2,performance_drift,2024-03,5041.324948
ID0002119,7/9/2024,2,4,24846,59,1,1,0.973,0.97,1.8,0.281,0,5622.26,performance_drift,2024-07,6069.48688
ID0002120,4/23/2024,2,9,19487,78,2,2,1.1,1.311,1,0.083,6,5378.07,performance_drift,2024-04,5753.639017
ID0002121,11/20/2024,0,0,14450,62,0,1,0.955,0.964,1.8,0.298,10,5212.7,performance_drift,2024-11,6069.48688
ID0002122,2/22/2024,2,7,25118,25,2,1,0.898,1.077,1.4,0.34,21,5997.89,performance_drift,2024-02,5753.639017
ID0002123,1/2/2024,0,6,8257,68,1,0,0.872,1.01,1.8,0.223,0,5447.83,performance_drift,2024-01,6069.48688
ID0002124,8/17/2024,2,1,29380,26,0,0,1.018,0.963,1.8,0.396,4,5170.92,performance_drift,2024-08,6069.48688
ID0002125,1/17/2024,1,0,18351,51,2,1,0.997,1.149,1.2,0.336,6,5140.87,performance_drift,2024-01,5753.639017
ID0002126,11/10/2024,1,4,15048,76,3,1,0.972,1.023,1.2,0.098,30,5390.44,performance_drift,2024-11,5753.639017
ID0002127,7/24/2024,1,4,17749,63,2,2,1.204,1.127,1.2,0.348,4,5471.36,performance_drift,2024-07,5753.639017
ID0002128,11/13/2024,2,0,35637,64,3,2,1.225,1.261,1,0.058,4,5507.45,performance_drift,2024-11,5753.639017
ID0002129,12/14/2024,2,11,11872,75,2,1,1.045,1.004,1.2,0.329,4,5059.95,performance_drift,2024-12,5753.639017
ID0002130,10/6/2024,3,6,25287,31,2,1,0.964,1.075,1.2,0.286,1,5353.23,performance_drift,2024-10,5753.639017
ID0002131,11/18/2024,0,5,12466,28,2,1,1.029,0.892,1,0.181,5,4633.72,performance_drift,2024-11,5753.639017
ID0002132,7/26/2024,0,14,6363,41,0,1,1.051,1.085,1.4,0.1,1,4927.12,performance_drift,2024-07,5041.324948
ID0002133,1/19/2024,1,13,10532,31,3,2,1.31,1.405,1.4,0.45,0,7155.82,performance_drift,2024-01,5753.639017
ID0002134,5/14/2024,2,6,19398,62,3,2,1.29,1.23,1.4,0.236,21,6588.65,performance_drift,2024-05,5753.639017
ID0002135,7/13/2024,3,4,19361,25,1,1,1.04,0.888,1,0.265,6,4506.71,performance_drift,2024-07,5041.324948
ID0002136,9/24/2024,2,9,18175,45,1,0,0.97,1.096,1.2,0.195,3,4735.53,performance_drift,2024-09,5041.324948
ID0002137,3/24/2024,0,3,8915,57,1,1,1.106,1.238,1.2,0.077,7,4751.76,performance_drift,2024-03,5041.324948
ID0002138,4/28/2024,2,13,17926,41,3,1,1.011,0.773,1.8,0.333,30,6849.44,performance_drift,2024-04,6733.38182
ID0002139,8/5/2024,2,0,19630,28,1,2,1.288,1.137,1.2,0.244,1,5487.84,performance_drift,2024-08,5041.324948
ID0002140,5/18/2024,1,4,14671,50,1,2,1.166,1.347,1.4,0.264,21,6195.71,performance_drift,2024-05,5041.324948
ID0002141,7/10/2024,3,2,31141,43,0,1,0.965,1.16,1.4,0.059,1,4423.96,performance_drift,2024-07,5041.324948
ID0002142,5/14/2024,1,7,13381,72,1,2,1.286,1.113,1,0.05,3,4600.41,performance_drift,2024-05,5041.324948
ID0002143,9/4/2024,2,6,16360,45,1,2,1.368,1.315,1.4,0.331,5,6112.69,performance_drift,2024-09,5041.324948
ID0002144,6/16/2024,3,13,11155,67,4,2,1.237,1.107,1.2,0.399,4,6238.1,performance_drift,2024-06,5753.639017
ID0002145,6/9/2024,2,10,16607,50,2,1,1.135,1.007,1.1,0.191,14,5216.7,performance_drift,2024-06,5753.639017
ID0002146,11/13/2024,3,11,11280,66,1,1,0.959,0.949,1.4,0.419,3,5380.78,performance_drift,2024-11,5041.324948
ID0002147,8/28/2024,1,9,12762,19,3,1,1.102,0.897,1.8,0.374,5,7357.77,performance_drift,2024-08,6733.38182
ID0002148,7/28/2024,2,3,25489,32,2,2,1.197,1.061,1.8,0.339,30,6934.3,performance_drift,2024-07,6733.38182
ID0002149,3/13/2024,1,17,5000,52,0,2,1.125,1.317,1.2,0.129,30,5535.22,performance_drift,2024-03,5041.324948
ID0002150,6/22/2024,2,18,7350,27,3,2,1.269,1.181,1,0.244,0,6023.9,performance_drift,2024-06,5753.639017
ID0002151,2/11/2024,2,6,16229,48,2,1,1.048,0.993,3.2,0.166,0,8363.11,performance_drift,2024-02,9219.214917
ID0002152,4/4/2024,1,11,10324,28,3,1,0.848,1.035,1.2,0.208,0,5806.1,performance_drift,2024-04,5753.639017
ID0002153,8/8/2024,1,17,5000,54,0,1,0.944,0.808,1.2,0.303,30,4872.23,performance_drift,2024-08,5041.324948
ID0002154,6/24/2024,2,14,10242,70,0,1,0.925,0.813,1.8,0.239,4,5169.61,performance_drift,2024-06,6069.48688
ID0002155,8/27/2024,1,0,24742,69,2,1,0.869,0.943,1,0.451,30,4582.24,performance_drift,2024-08,5753.639017
ID0002156,7/21/2024,2,10,13364,35,0,2,1.288,1.297,1.2,0.697,1,5691.77,performance_drift,2024-07,5041.324948
ID0002157,12/26/2024,1,10,9147,23,4,2,1.168,1.15,0.4,0.377,0,5767.86,performance_drift,2024-12,4284.85875
ID0002158,7/2/2024,2,13,9977,40,1,2,1.22,1.181,3.2,0.302,1,9111.79,performance_drift,2024-07,9219.214917
ID0002159,7/3/2024,4,11,19930,20,1,2,1.223,1.225,1.8,0.457,1,7643.69,performance_drift,2024-07,6069.48688
ID0002160,9/10/2024,1,11,6622,35,0,2,1.191,1.396,1.2,0.506,4,5496.36,performance_drift,2024-09,5041.324948
ID0002161,12/19/2024,0,8,13121,50,1,1,0.936,0.958,1.8,0.23,0,5832.37,performance_drift,2024-12,6069.48688
ID0002162,6/27/2024,3,18,8755,73,1,0,0.966,0.921,1.2,0.364,1,4623.8,performance_drift,2024-06,5041.324948
ID0002163,3/10/2024,0,16,7079,41,1,2,0.991,1.149,1.2,0.027,21,5501.2,performance_drift,2024-03,5041.324948
ID0002164,4/21/2024,0,3,19747,28,2,1,0.994,1.193,1,0.164,14,4784.59,performance_drift,2024-04,5753.639017
ID0002165,3/4/2024,3,8,15693,71,1,2,1.2,1.049,1.2,0.261,1,4826.02,performance_drift,2024-03,5041.324948
ID0002166,8/15/2024,3,0,31751,38,1,1,1.039,1.077,1.8,0.459,0,6024.48,performance_drift,2024-08,6069.48688
ID0002167,9/18/2024,0,1,22329,58,1,2,1.06,1.304,1,0.041,0,4447.16,performance_drift,2024-09,5041.324948
ID0002168,7/13/2024,3,12,23993,56,0,2,1.109,0.963,1.2,0.622,0,4734.95,performance_drift,2024-07,5041.324948
ID0002169,2/2/2024,2,7,15141,21,2,1,1.01,1.071,1.4,0.063,2,6379.12,performance_drift,2024-02,5753.639017
ID0002170,10/14/2024,1,11,9914,38,3,1,0.998,1.166,1.2,0.245,0,5882.89,performance_drift,2024-10,5753.639017
ID0002171,12/19/2024,3,12,12458,21,1,2,1.22,1.211,1.2,0.105,4,6089.46,performance_drift,2024-12,5041.324948
ID0002172,4/17/2024,1,5,17710,44,3,0,0.87,0.75,1.2,0.166,14,5047.97,performance_drift,2024-04,5753.639017
ID0002173,6/8/2024,1,15,5000,52,2,2,1.4,1.106,1.8,0.025,1,6662.39,performance_drift,2024-06,6733.38182
ID0002174,4/25/2024,1,20,5000,74,0,1,0.939,1.067,1.2,0.226,7,4450.4,performance_drift,2024-04,5041.324948
ID0002175,8/21/2024,0,10,7188,69,3,1,0.973,0.939,1.2,0.196,21,5553.58,performance_drift,2024-08,5753.639017
ID0002176,6/20/2024,1,6,16088,71,3,1,0.903,0.962,1.2,0.222,21,5135.64,performance_drift,2024-06,5753.639017
ID0002177,9/21/2024,3,2,35796,70,3,0,0.932,0.834,1.2,0.153,3,4618.97,performance_drift,2024-09,5753.639017
ID0002178,7/6/2024,2,8,17415,64,1,0,0.918,1.011,1.1,0.043,21,4374.09,performance_drift,2024-07,5041.324948
ID0002179,2/23/2024,1,11,7804,21,2,2,1.127,1.084,1.8,0.282,1,7652.15,performance_drift,2024-02,6733.38182
ID0002180,6/7/2024,0,9,7886,65,0,0,0.862,0.929,0.4,0.22,10,2476,performance_drift,2024-06,3601.604965
ID0002181,4/19/2024,3,8,20251,76,1,2,1.152,1.166,1.2,0.461,1,5094.35,performance_drift,2024-04,5041.324948
ID0002182,7/6/2024,1,9,14130,22,0,1,1.024,0.991,1.8,0.265,21,6922.35,performance_drift,2024-07,6069.48688
ID0002183,3/20/2024,2,7,18201,52,0,1,1.097,0.994,1.4,0.476,7,4827.82,performance_drift,2024-03,5041.324948
ID0002184,4/27/2024,2,5,25821,57,2,1,0.95,1.078,3.2,0.149,0,8795.65,performance_drift,2024-04,9219.214917
ID0002185,9/18/2024,2,9,15885,67,0,1,0.878,0.849,1.1,0.286,0,3977.28,performance_drift,2024-09,5041.324948
ID0002186,1/17/2024,2,12,14018,62,3,1,0.911,1.041,1.1,0.519,3,5527.12,performance_drift,2024-01,5753.639017
ID0002187,6/11/2024,0,11,7776,47,0,1,0.881,0.989,1.2,0.054,0,4355.78,performance_drift,2024-06,5041.324948
ID0002188,1/1/2024,2,8,16794,73,1,0,0.876,0.921,0.4,0.265,5,3119.67,performance_drift,2024-01,3601.604965
ID0002189,10/21/2024,1,12,14053,20,1,2,1.27,1.193,1.8,0.274,1,7299.93,performance_drift,2024-10,6069.48688
ID0002190,4/9/2024,2,15,11786,55,2,1,1.001,1.133,1.4,0.487,7,6077.65,performance_drift,2024-04,5753.639017
ID0002191,12/18/2024,2,11,17883,78,0,2,1.153,1.224,1.2,0.651,14,5253.95,performance_drift,2024-12,5041.324948
ID0002192,1/5/2024,3,14,10190,52,2,2,1.204,1.108,1.2,0.294,5,5848.28,performance_drift,2024-01,5753.639017
ID0002193,10/4/2024,1,14,7455,33,3,0,0.971,0.878,1.4,0.512,2,5677.74,performance_drift,2024-10,5753.639017
ID0002194,3/18/2024,2,4,23590,76,0,2,1.045,1.156,1,0.183,14,4378.25,performance_drift,2024-03,5041.324948
ID0002195,5/14/2024,2,14,11042,71,1,1,0.883,0.997,1.8,0.321,0,5945.8,performance_drift,2024-05,6069.48688
ID0002196,4/2/2024,2,16,7240,61,0,1,0.933,1.037,3.2,0.056,14,8142.75,performance_drift,2024-04,8216.463966
ID0002197,2/19/2024,3,9,14208,35,2,1,1.027,1.089,1.4,0.347,1,5936.35,performance_drift,2024-02,5753.639017
ID0002198,8/15/2024,2,8,16244,45,2,0,0.989,0.971,1.2,0.154,3,4534.89,performance_drift,2024-08,5753.639017
ID0002199,11/28/2024,1,10,7617,53,1,2,1.064,1.372,1,0.613,4,5239.02,performance_drift,2024-11,5041.324948
ID0002200,12/25/2024,2,4,28192,45,0,2,1.17,1.161,1.8,0.121,0,5761.2,performance_drift,2024-12,6069.48688
ID0002201,6/20/2024,2,10,16953,64,0,1,0.912,0.981,1,0.32,5,4318.07,performance_drift,2024-06,5041.324948
ID0002202,9/10/2024,3,11,10050,33,1,1,1.045,1.056,1,0.154,0,4624.45,performance_drift,2024-09,5041.324948
ID0002203,7/26/2024,1,8,10219,59,0,2,1.112,1.1,1,0.363,0,4472.23,performance_drift,2024-07,5041.324948
ID0002204,5/23/2024,0,5,8644,74,1,2,1.193,1.282,1.8,0.273,14,6537.18,performance_drift,2024-05,6069.48688
ID0002205,5/2/2024,2,9,13132,25,1,2,0.989,1.173,1.8,0.579,0,6837.92,performance_drift,2024-05,6069.48688
ID0002206,10/28/2024,2,3,28272,21,2,1,0.98,1.035,1.4,0.555,4,6521.01,performance_drift,2024-10,5753.639017
ID0002207,5/26/2024,0,11,7372,44,2,1,1.087,0.915,1.2,0.348,14,5639.45,performance_drift,2024-05,5753.639017
ID0002208,4/8/2024,1,12,7989,60,3,2,1.284,1.348,1.4,0.09,6,6616.85,performance_drift,2024-04,5753.639017
ID0002209,9/6/2024,0,4,13706,49,2,0,0.947,0.858,1.8,0.277,5,5803.82,performance_drift,2024-09,6733.38182
ID0002210,10/15/2024,1,11,7336,60,0,2,1.24,1.244,1.8,0.494,1,6201.92,performance_drift,2024-10,6069.48688
ID0002211,8/4/2024,2,10,9970,57,1,2,1.262,1.255,1,0.551,0,5301.01,performance_drift,2024-08,5041.324948
ID0002212,6/5/2024,2,11,17158,79,1,1,1.152,1.057,1.8,0.565,10,5879.56,performance_drift,2024-06,6069.48688
ID0002213,9/4/2024,2,0,22417,45,2,0,0.991,0.836,1,0.061,7,4080.52,performance_drift,2024-09,5753.639017
ID0002214,5/10/2024,0,5,11905,27,3,2,1.297,1.086,1.2,0.248,14,6168.62,performance_drift,2024-05,5753.639017
ID0002215,2/12/2024,2,13,9219,23,3,2,1.146,1.203,1.2,0.347,1,7299.06,performance_drift,2024-02,5753.639017
ID0002216,1/6/2024,3,11,12752,54,0,1,0.978,0.917,1.1,0.274,1,4430.7,performance_drift,2024-01,5041.324948
ID0002217,4/24/2024,1,2,11618,26,4,1,0.958,1.08,1.2,0.212,7,6086.47,performance_drift,2024-04,5753.639017
ID0002218,3/27/2024,0,10,7287,37,0,2,1.179,1.194,1.4,0.169,3,5610.39,performance_drift,2024-03,5041.324948
ID0002219,8/19/2024,2,4,22305,52,3,1,0.908,1.027,3.2,0.079,2,8831.35,performance_drift,2024-08,9219.214917
ID0002220,8/25/2024,3,3,28056,69,0,1,0.913,1.167,1.4,0.401,30,5074.88,performance_drift,2024-08,5041.324948
ID0002221,9/26/2024,1,10,11394,63,4,1,1.064,0.969,1.8,0.34,21,7129.66,performance_drift,2024-09,6733.38182
ID0002222,12/26/2024,1,12,7915,40,2,1,1.002,1.02,1.4,0.259,2,5916.83,performance_drift,2024-12,5753.639017
ID0002223,9/26/2024,4,4,44284,75,2,1,0.917,0.908,1,0.315,0,4521.26,performance_drift,2024-09,5753.639017
ID0002224,7/23/2024,0,18,5000,44,3,1,0.942,1.167,1.2,0.118,0,5688.45,performance_drift,2024-07,5753.639017
ID0002225,4/20/2024,1,15,5881,36,2,0,0.887,0.92,1,0.463,2,4541.22,performance_drift,2024-04,5753.639017
ID0002226,9/22/2024,1,2,10827,30,2,2,1.283,1.102,1.8,0.434,0,6797.78,performance_drift,2024-09,6733.38182
ID0002227,9/8/2024,2,0,30277,24,3,1,0.979,1.021,0.4,0.351,2,4692.37,performance_drift,2024-09,3601.604965
ID0002228,6/10/2024,0,9,9220,23,4,1,0.954,1.019,1.8,0.081,10,7695.06,performance_drift,2024-06,6733.38182
ID0002229,4/4/2024,4,15,18585,23,0,0,0.846,0.945,0.4,0.569,0,4040.55,performance_drift,2024-04,3601.604965
ID0002230,7/2/2024,2,4,22911,37,0,1,1.042,1.044,1.4,0.52,2,5078.32,performance_drift,2024-07,5041.324948
ID0002231,10/21/2024,1,1,22783,53,3,1,0.934,1.091,1.2,0.331,21,5840.93,performance_drift,2024-10,5753.639017
ID0002232,10/19/2024,2,6,19617,37,1,1,0.942,0.879,1.8,0.074,14,5660.88,performance_drift,2024-10,6069.48688
ID0002233,1/2/2024,3,10,17702,34,1,1,1.022,0.816,1.2,0.267,3,4668.18,performance_drift,2024-01,5041.324948
ID0002234,1/25/2024,3,2,36115,78,1,2,1.262,1.327,0.4,0.497,3,3937.02,performance_drift,2024-01,4284.85875
ID0002235,10/12/2024,3,9,15442,34,0,1,1.072,1.028,1.4,0.438,2,5377.04,performance_drift,2024-10,5041.324948
ID0002236,5/10/2024,2,8,12871,54,1,2,1.207,1.28,1.2,0.331,6,5709.6,performance_drift,2024-05,5041.324948
ID0002237,4/5/2024,2,4,47177,18,0,2,1.095,1.265,1.2,0.122,21,5783.56,performance_drift,2024-04,5041.324948
ID0002238,8/6/2024,3,1,24242,26,0,2,1.118,1.174,1.2,0.399,3,4985.41,performance_drift,2024-08,5041.324948
ID0002239,9/2/2024,3,12,16031,31,1,2,1.138,1.204,1.2,0.279,6,5744.34,performance_drift,2024-09,5041.324948
ID0002240,5/26/2024,1,9,14523,55,0,1,1.132,1.069,0.4,0.402,1,3314.46,performance_drift,2024-05,3601.604965
ID0002241,5/26/2024,1,15,8280,64,3,2,1.334,1.182,1.4,0.24,0,6343.3,performance_drift,2024-05,5753.639017
ID0002242,5/9/2024,2,4,29446,75,3,2,0.999,1.312,0.4,0.35,1,4336.29,performance_drift,2024-05,4284.85875
ID0002243,12/27/2024,2,12,8962,27,2,1,0.988,1.077,1.4,0.509,2,5963.04,performance_drift,2024-12,5753.639017
ID0002244,1/27/2024,2,12,12593,24,0,0,0.864,0.986,1.2,0.547,0,5613.92,performance_drift,2024-01,5041.324948
ID0002245,1/8/2024,1,11,7108,78,0,2,1.155,1.103,1.2,0.26,5,4827.19,performance_drift,2024-01,5041.324948
ID0002246,6/13/2024,2,10,9742,44,1,1,0.976,1.147,1.4,0.032,4,4926.17,performance_drift,2024-06,5041.324948
ID0002247,2/17/2024,2,0,53953,22,0,2,1.256,1.122,1.8,0.329,0,6366.72,performance_drift,2024-02,6069.48688
ID0002248,3/8/2024,0,0,21600,20,3,2,0.966,1.215,1,0.513,10,6759.84,performance_drift,2024-03,5753.639017
ID0002249,8/22/2024,1,11,7720,49,2,2,1.346,1.347,1.8,0.506,0,7025.75,performance_drift,2024-08,6733.38182
ID0002250,3/11/2024,0,0,13829,23,1,2,1.111,1.137,1.2,0.433,10,6217.96,performance_drift,2024-03,5041.324948
ID0002251,10/19/2024,4,4,47037,23,1,2,1.384,1.424,1.2,0.34,2,6410.53,performance_drift,2024-10,5041.324948
ID0002252,12/24/2024,1,9,10390,57,3,2,1.164,1.365,1.2,0.394,4,6176.41,performance_drift,2024-12,5753.639017
ID0002253,10/28/2024,2,10,16967,21,2,1,0.979,1.057,1.2,0.254,0,6234.73,performance_drift,2024-10,5753.639017
ID0002254,1/14/2024,3,17,11790,36,2,2,1.234,1.155,1.2,0.277,3,5808.39,performance_drift,2024-01,5753.639017
ID0002255,11/8/2024,0,20,5000,59,3,1,1.014,0.958,0.4,0.126,1,4255.51,performance_drift,2024-11,3601.604965
ID0002256,5/12/2024,1,8,10052,32,2,1,0.977,1.03,1.2,0.532,14,5491.14,performance_drift,2024-05,5753.639017
ID0002257,8/18/2024,1,19,5000,57,0,2,1.035,1.236,1,0.326,2,4771.7,performance_drift,2024-08,5041.324948
ID0002258,7/6/2024,2,0,29443,48,1,2,1.138,1.156,1.8,0.293,7,6078.95,performance_drift,2024-07,6069.48688
ID0002259,9/10/2024,4,11,33061,62,3,1,1.089,0.862,0.4,0.483,1,4056.72,performance_drift,2024-09,3601.604965
ID0002260,2/8/2024,1,2,17577,48,3,2,1.122,1.186,1.8,0.261,0,7147.55,performance_drift,2024-02,6733.38182
ID0002261,1/19/2024,2,7,21244,19,0,0,0.849,0.924,0.4,0.413,14,3795.99,performance_drift,2024-01,3601.604965
ID0002262,6/17/2024,3,14,14088,47,0,2,1.213,1.216,1.2,0.049,0,5138.67,performance_drift,2024-06,5041.324948
ID0002263,11/24/2024,1,9,9654,30,2,2,1.138,1.177,1,0.065,1,5209.73,performance_drift,2024-11,5753.639017
ID0002264,10/26/2024,2,15,9893,18,0,1,0.962,1.051,1.8,0.263,0,6927.44,performance_drift,2024-10,6069.48688
ID0002265,1/10/2024,1,4,19210,53,2,2,1.285,1.227,1.2,0.408,3,5578.01,performance_drift,2024-01,5753.639017
ID0002266,4/6/2024,1,8,10265,40,1,0,0.948,0.843,1.8,0.326,1,5370.06,performance_drift,2024-04,6069.48688
ID0002267,7/1/2024,2,2,21765,69,1,0,0.871,0.946,1.4,0.439,2,4765.99,performance_drift,2024-07,5041.324948
ID0002268,5/5/2024,3,8,24176,76,3,1,0.927,0.954,1.2,0.054,14,5334.33,performance_drift,2024-05,5753.639017
ID0002269,8/18/2024,2,9,11512,55,3,2,1.226,1.183,1.4,0.231,0,6556.33,performance_drift,2024-08,5753.639017
ID0002270,9/9/2024,3,5,22149,75,1,1,1.055,1.056,1.1,0.165,1,4824.16,performance_drift,2024-09,5041.324948
ID0002271,10/14/2024,0,4,17053,52,0,2,1.227,1.206,1.2,0.177,7,4812.11,performance_drift,2024-10,5041.324948
ID0002272,8/18/2024,3,6,18021,78,3,1,0.974,0.822,1.2,0.388,4,5312.41,performance_drift,2024-08,5753.639017
ID0002273,3/20/2024,3,15,12102,39,0,0,1.124,0.764,1,0.444,3,3806.32,performance_drift,2024-03,5041.324948
ID0002274,2/12/2024,3,10,15790,53,3,2,1.319,1.143,1.4,0.204,2,6371.27,performance_drift,2024-02,5753.639017
ID0002275,8/7/2024,3,1,34330,61,2,2,1.181,1.326,1.2,0.296,1,5367.49,performance_drift,2024-08,5753.639017
ID0002276,4/24/2024,3,4,24951,72,3,2,1.244,1.203,1.8,0.315,5,7227.58,performance_drift,2024-04,6733.38182
ID0002277,5/22/2024,1,12,6674,63,2,2,1.218,1.244,1,0.062,0,5295.14,performance_drift,2024-05,5753.639017
ID0002278,8/3/2024,2,8,15665,62,2,1,0.883,1.035,3.2,0.337,0,8785.15,performance_drift,2024-08,9219.214917
ID0002279,9/19/2024,3,6,24945,71,0,1,0.955,1.125,3.2,0.493,30,8320.53,performance_drift,2024-09,8216.463966
ID0002280,10/21/2024,2,5,20731,79,1,2,1.219,1.274,1.8,0.118,14,6245.67,performance_drift,2024-10,6069.48688
ID0002281,5/24/2024,0,0,21030,42,2,2,1.146,1.146,1.1,0.324,6,5369.91,performance_drift,2024-05,5753.639017
ID0002282,3/10/2024,0,6,11499,73,0,1,0.88,1.042,1.2,0.624,6,4732.52,performance_drift,2024-03,5041.324948
ID0002283,8/23/2024,1,14,6287,43,3,2,1.105,1.285,1.2,0.269,0,6301.21,performance_drift,2024-08,5753.639017
ID0002284,5/18/2024,1,12,8510,74,0,2,1.21,1.172,1.4,0.505,6,5268.78,performance_drift,2024-05,5041.324948
ID0002285,9/25/2024,2,11,9968,36,1,2,1.163,1.151,1.2,0.358,1,5620.14,performance_drift,2024-09,5041.324948
ID0002286,9/15/2024,2,8,18103,75,0,1,1.038,1.041,1.2,0.402,0,4426.8,performance_drift,2024-09,5041.324948
ID0002287,7/9/2024,1,9,9727,45,3,2,1.288,1.243,1.8,0.405,0,7302.49,performance_drift,2024-07,6733.38182
ID0002288,1/15/2024,1,8,16639,26,2,2,1.127,1.305,0.4,0.142,21,4831.03,performance_drift,2024-01,4284.85875
ID0002289,7/1/2024,2,7,14619,58,2,2,1.181,1.391,1.2,0.264,2,5682.59,performance_drift,2024-07,5753.639017
ID0002290,3/10/2024,2,7,19556,72,2,0,0.783,0.883,1.4,0.317,3,4884.48,performance_drift,2024-03,5753.639017
ID0002291,6/23/2024,2,3,23257,68,2,2,1.067,1.134,1.2,0.113,3,5302.61,performance_drift,2024-06,5753.639017
ID0002292,1/11/2024,2,20,7535,78,3,1,1.074,0.97,3.2,0.782,0,9544.29,performance_drift,2024-01,9219.214917
ID0002293,4/5/2024,1,8,14546,66,3,2,1.266,1.156,1.2,0.257,0,5730.41,performance_drift,2024-04,5753.639017
ID0002294,11/24/2024,1,1,15792,57,2,1,0.967,0.886,1.2,0.336,2,4672.37,performance_drift,2024-11,5753.639017
ID0002295,6/14/2024,1,19,5000,69,1,1,1.012,0.866,1.4,0.35,2,5336.94,performance_drift,2024-06,5041.324948
ID0002296,3/17/2024,2,5,23425,64,2,1,1.119,1.029,1.8,0.158,0,6150.05,performance_drift,2024-03,6733.38182
ID0002297,10/26/2024,2,14,9044,49,1,1,1.045,1.106,1.4,0.355,1,5848.27,performance_drift,2024-10,5041.324948
ID0002298,8/23/2024,2,12,12704,29,0,2,1.082,1.201,1.2,0.255,0,5208.1,performance_drift,2024-08,5041.324948
ID0002299,5/15/2024,1,7,12454,26,0,0,0.884,0.806,1.4,0.104,0,4409.35,performance_drift,2024-05,5041.324948
ID0002300,3/7/2024,3,8,23504,42,0,2,1.034,1.317,1.4,0.383,0,5602.14,performance_drift,2024-03,5041.324948
ID0002301,9/9/2024,0,7,9890,69,3,2,1.28,1.341,1.2,0.457,1,6227.37,performance_drift,2024-09,5753.639017
ID0002302,5/18/2024,0,7,7848,49,0,1,1.056,1.192,1.8,0.14,0,5778.06,performance_drift,2024-05,6069.48688
ID0002303,1/11/2024,3,5,22440,23,0,2,1.22,1.186,1.8,0.224,2,7018.33,performance_drift,2024-01,6069.48688
ID0002304,10/16/2024,1,5,12644,45,2,0,0.974,0.884,1.4,0.483,0,5415.99,performance_drift,2024-10,5753.639017
ID0002305,12/19/2024,2,10,19824,47,1,1,0.792,1.023,1.8,0.485,3,6266.89,performance_drift,2024-12,6069.48688
ID0002306,4/15/2024,2,11,11119,49,0,2,1.152,1.181,1.2,0.354,2,5147.18,performance_drift,2024-04,5041.324948
ID0002307,3/8/2024,1,18,5000,58,0,0,0.892,0.971,1.8,0.161,2,5500.43,performance_drift,2024-03,6069.48688
ID0002308,10/18/2024,3,14,12564,36,2,1,0.996,1.072,1.4,0.198,0,5734.73,performance_drift,2024-10,5753.639017
ID0002309,12/11/2024,4,17,11878,57,2,1,0.882,0.889,1.4,0.324,10,5776.72,performance_drift,2024-12,5753.639017
ID0002310,6/9/2024,0,5,9527,44,2,1,0.977,1.035,1.4,0.459,1,5685.24,performance_drift,2024-06,5753.639017
ID0002311,4/7/2024,1,5,11942,26,1,1,0.923,1.045,1.4,0.371,2,5671.62,performance_drift,2024-04,5041.324948
ID0002312,12/7/2024,1,14,5000,61,1,1,1.07,1.071,1.1,0.365,1,5022.66,performance_drift,2024-12,5041.324948
ID0002313,2/24/2024,3,9,19879,29,1,2,1.285,1.309,1.2,0.057,30,5956.69,performance_drift,2024-02,5041.324948
ID0002314,3/17/2024,3,0,36820,50,1,1,1.064,1.227,1,0.263,0,4539.01,performance_drift,2024-03,5041.324948
ID0002315,11/25/2024,2,10,16014,60,1,0,0.967,0.912,1.8,0.276,1,5363.94,performance_drift,2024-11,6069.48688
ID0002316,10/10/2024,3,10,17174,20,0,1,0.955,1.115,1.4,0.325,4,5934.98,performance_drift,2024-10,5041.324948
ID0002317,4/4/2024,4,4,36403,18,1,0,0.893,0.939,1.2,0.22,1,5231.39,performance_drift,2024-04,5041.324948
ID0002318,7/10/2024,2,7,15518,53,1,1,1.005,1.033,1,0.192,5,4474.6,performance_drift,2024-07,5041.324948
ID0002319,11/25/2024,0,3,10795,40,2,1,0.98,1.021,1.2,0.227,0,5107.93,performance_drift,2024-11,5753.639017
ID0002320,3/9/2024,1,15,6367,71,1,1,0.99,0.95,1.4,0.544,0,5320.31,performance_drift,2024-03,5041.324948
ID0002321,6/23/2024,1,15,7390,72,3,2,1.223,1.267,1,0.354,1,5945.13,performance_drift,2024-06,5753.639017
ID0002322,6/21/2024,2,12,15661,60,3,2,0.962,1.332,1.1,0.33,3,6236.84,performance_drift,2024-06,5753.639017
ID0002323,1/21/2024,3,2,29987,60,4,2,1.186,0.902,1.4,0.429,5,6398.99,performance_drift,2024-01,5753.639017
ID0002324,8/7/2024,0,12,8447,29,0,1,1.068,1.09,1.2,0.51,2,5029.51,performance_drift,2024-08,5041.324948
ID0002325,4/26/2024,2,0,27010,51,0,0,0.857,0.833,1.2,0.232,3,3941.25,performance_drift,2024-04,5041.324948
ID0002326,8/19/2024,1,8,9645,23,4,0,0.857,0.971,1.2,0.545,5,6618.02,performance_drift,2024-08,5753.639017
ID0002327,5/26/2024,1,10,10513,41,2,1,0.881,1.066,1.2,0.366,0,5458.06,performance_drift,2024-05,5753.639017
ID0002328,6/16/2024,3,9,19371,28,2,1,1.083,0.855,1.4,0.279,30,5753.81,performance_drift,2024-06,5753.639017
ID0002329,8/23/2024,0,2,15437,47,1,1,1.045,1.033,1,0.036,1,4272.81,performance_drift,2024-08,5041.324948
ID0002330,6/17/2024,2,6,19136,59,1,0,0.88,0.981,1.4,0.116,0,4397.54,performance_drift,2024-06,5041.324948
ID0002331,4/9/2024,2,13,10487,43,3,1,0.985,1.103,1.2,0.376,7,5981.17,performance_drift,2024-04,5753.639017
ID0002332,1/18/2024,2,8,19144,49,3,2,1.191,1.275,1.4,0.328,21,6548.85,performance_drift,2024-01,5753.639017
ID0002333,5/18/2024,2,5,31455,52,2,0,0.95,0.999,1.4,0.233,30,5157.88,performance_drift,2024-05,5753.639017
ID0002334,7/1/2024,1,10,8915,55,4,2,1.18,1.209,1.8,0.161,4,7362.69,performance_drift,2024-07,6733.38182
ID0002335,5/10/2024,2,0,30249,47,1,1,1.039,0.97,1,0.471,10,4505.02,performance_drift,2024-05,5041.324948
ID0002336,9/10/2024,0,2,16373,74,3,1,0.998,1.055,1.2,0.196,0,5137.68,performance_drift,2024-09,5753.639017
ID0002337,11/10/2024,4,0,85013,68,0,1,1.085,1.112,1.1,0.556,0,4421.45,performance_drift,2024-11,5041.324948
ID0002338,4/18/2024,1,12,7917,62,4,2,1.218,1.031,3.2,0.275,1,9956.21,performance_drift,2024-04,9219.214917
ID0002339,7/9/2024,1,2,25182,65,0,2,1.208,1.015,1.4,0.125,0,4585.58,performance_drift,2024-07,5041.324948
ID0002340,1/15/2024,1,7,15369,51,1,1,0.931,0.909,3.2,0.083,1,7880.31,performance_drift,2024-01,9219.214917
ID0002341,5/24/2024,0,1,10675,31,1,0,0.758,0.953,1,0.424,21,4210.36,performance_drift,2024-05,5041.324948
ID0002342,6/16/2024,1,0,17728,44,1,1,0.914,0.868,1.2,0.496,2,4840.56,performance_drift,2024-06,5041.324948
ID0002343,8/26/2024,2,5,21048,73,1,1,0.977,0.96,1.2,0.213,30,4618.8,performance_drift,2024-08,5041.324948
ID0002344,10/6/2024,1,6,13551,67,3,2,1.169,1.379,1.8,0.067,30,7269.75,performance_drift,2024-10,6733.38182
ID0002345,8/4/2024,0,5,13398,50,1,2,1.23,1.352,1.4,0.113,1,5886.45,performance_drift,2024-08,5041.324948
ID0002346,10/22/2024,4,7,22277,42,0,2,1.208,1.329,1.4,0.458,0,5540.5,performance_drift,2024-10,5041.324948
ID0002347,5/22/2024,3,1,28938,63,1,2,1.379,1.053,1,0.178,1,4381.87,performance_drift,2024-05,5041.324948
ID0002348,3/14/2024,2,12,9255,73,3,2,1.309,1.188,1.8,0.09,14,7024.86,performance_drift,2024-03,6733.38182
ID0002349,3/12/2024,3,0,42985,22,0,1,0.87,1.01,1.4,0.158,3,5502.67,performance_drift,2024-03,5041.324948
ID0002350,4/7/2024,2,11,16383,33,1,1,1.141,1.071,1.2,0.321,14,5317.65,performance_drift,2024-04,5041.324948
ID0002351,12/22/2024,2,2,18319,78,2,1,0.877,0.855,1.4,0.147,30,5088.86,performance_drift,2024-12,5753.639017
ID0002352,5/10/2024,3,14,7025,47,0,1,0.997,0.976,1.2,0.019,7,4376.92,performance_drift,2024-05,5041.324948
ID0002353,8/16/2024,2,10,18618,21,4,2,1.238,1.194,1.8,0.178,2,8292.48,performance_drift,2024-08,6733.38182
ID0002354,3/28/2024,2,15,9851,19,1,2,1.157,1.22,1.4,0.23,1,6645.16,performance_drift,2024-03,5041.324948
ID0002355,4/20/2024,0,9,11548,67,1,2,1.215,1.442,1.8,0.541,4,6919.45,performance_drift,2024-04,6069.48688
ID0002356,3/16/2024,2,16,12026,18,2,2,1.234,1.084,1.2,0.424,3,6842.7,performance_drift,2024-03,5753.639017
ID0002357,10/6/2024,1,7,14342,34,4,2,1.203,1.383,1.2,0.624,0,6877.46,performance_drift,2024-10,5753.639017
ID0002358,10/5/2024,0,9,11371,78,1,2,1.177,1.252,1.2,0.432,2,5678.14,performance_drift,2024-10,5041.324948
ID0002359,10/12/2024,4,1,69143,37,0,0,0.858,0.976,1.2,0.4,0,4020.04,performance_drift,2024-10,5041.324948
ID0002360,7/6/2024,1,12,13540,67,2,1,0.996,0.911,1.2,0.398,4,4984.8,performance_drift,2024-07,5753.639017
ID0002361,7/10/2024,2,16,8477,36,3,1,0.932,1.037,1,0.028,0,5161.94,performance_drift,2024-07,5753.639017
ID0002362,2/21/2024,1,7,17890,45,3,2,1.141,1.11,1,0.218,0,5407.38,performance_drift,2024-02,5753.639017
ID0002363,12/1/2024,2,15,7087,74,1,2,1.087,1.426,1.8,0.48,30,7133.22,performance_drift,2024-12,6069.48688
ID0002364,2/13/2024,1,8,12140,77,3,0,0.874,0.986,1,0.073,4,4543.19,performance_drift,2024-02,5753.639017
ID0002365,11/21/2024,2,8,19437,79,2,1,1.076,1.099,1,0.174,0,4414.16,performance_drift,2024-11,5753.639017
ID0002366,8/11/2024,0,13,5000,30,1,0,0.901,0.768,1.4,0.223,0,4922.84,performance_drift,2024-08,5041.324948
ID0002367,12/23/2024,3,7,20363,18,2,1,1.105,1.191,1.2,0.176,0,6564.45,performance_drift,2024-12,5753.639017
ID0002368,11/21/2024,2,5,15816,50,0,1,1.006,0.991,1.4,0.248,5,4881.97,performance_drift,2024-11,5041.324948
ID0002369,12/21/2024,1,18,6038,54,0,1,0.96,1.034,1.2,0.238,0,4807.16,performance_drift,2024-12,5041.324948
ID0002370,9/13/2024,0,9,10011,58,0,1,1.072,1.214,1,0.242,3,4371.65,performance_drift,2024-09,5041.324948
ID0002371,3/22/2024,1,10,12701,64,4,1,0.932,0.943,1.2,0.298,4,5652.95,performance_drift,2024-03,5753.639017
ID0002372,2/12/2024,2,12,8984,43,3,2,1.262,1.178,1.8,0.391,14,7780.04,performance_drift,2024-02,6733.38182
ID0002373,5/22/2024,4,9,28542,47,1,2,1.059,1.187,1.8,0.113,0,6406.74,performance_drift,2024-05,6069.48688
ID0002374,12/19/2024,2,4,23974,43,4,1,0.99,0.964,1.8,0.038,1,7003.56,performance_drift,2024-12,6733.38182
ID0002375,3/12/2024,2,9,20912,36,4,0,0.866,0.854,1.4,0.395,14,6240.3,performance_drift,2024-03,5753.639017
ID0002376,7/9/2024,3,14,10622,20,3,1,0.997,0.98,0.4,0.287,5,5394.21,performance_drift,2024-07,3601.604965
ID0002377,6/7/2024,1,16,5530,23,2,1,0.904,0.966,1.4,0.422,6,6803.35,performance_drift,2024-06,5753.639017
ID0002378,3/25/2024,2,4,20889,78,1,1,1.029,0.908,0.4,0.163,7,2956.72,performance_drift,2024-03,3601.604965
ID0002379,6/15/2024,1,8,13060,26,1,1,0.901,1.092,1.4,0.45,2,5346.93,performance_drift,2024-06,5041.324948
ID0002380,6/2/2024,1,6,9918,46,1,0,0.879,0.81,1.4,0.222,0,4811.97,performance_drift,2024-06,5041.324948
ID0002381,9/19/2024,1,1,17174,69,3,1,1.024,0.974,1.8,0.364,0,6471.74,performance_drift,2024-09,6733.38182
ID0002382,6/14/2024,0,11,8743,49,1,0,0.899,0.802,1.4,0.224,3,4672.97,performance_drift,2024-06,5041.324948
ID0002383,7/15/2024,1,4,12661,22,3,2,1.168,1.231,1.4,0.23,0,7241.03,performance_drift,2024-07,5753.639017
ID0002384,12/20/2024,2,14,14411,29,1,2,1.128,1.128,1.2,0.102,0,5470.81,performance_drift,2024-12,5041.324948
ID0002385,7/22/2024,0,6,12767,38,2,1,0.973,0.983,1.2,0.477,0,5322.63,performance_drift,2024-07,5753.639017
ID0002386,12/9/2024,1,5,22692,67,0,2,1.208,1.314,1.2,0.279,10,4987.31,performance_drift,2024-12,5041.324948
ID0002387,7/28/2024,1,0,17289,76,3,0,0.775,0.834,1.4,0.376,0,5175.91,performance_drift,2024-07,5753.639017
ID0002388,10/28/2024,1,10,11321,19,2,1,1.003,1.079,1,0.061,1,5722.88,performance_drift,2024-10,5753.639017
ID0002389,8/8/2024,1,6,8900,27,4,2,1.206,1.408,1.8,0.023,1,7755.56,performance_drift,2024-08,6733.38182
ID0002390,12/11/2024,1,12,12292,71,1,2,1.058,1.283,1.8,0.329,0,6616.82,performance_drift,2024-12,6069.48688
ID0002391,9/4/2024,3,7,35523,28,1,1,0.959,0.91,1.8,0.424,10,6011.66,performance_drift,2024-09,6069.48688
ID0002392,10/6/2024,2,4,17159,58,1,1,1.022,0.955,1.2,0.167,21,4794.47,performance_drift,2024-10,5041.324948
ID0002393,12/25/2024,4,16,26814,33,0,2,1.29,1.137,1.8,0.286,3,6401.31,performance_drift,2024-12,6069.48688
ID0002394,10/9/2024,2,6,25027,70,3,0,0.928,0.913,1.4,0.406,0,5472.18,performance_drift,2024-10,5753.639017
ID0002395,12/27/2024,1,12,10875,65,0,2,1.268,1.153,1.4,0.342,0,5312.74,performance_drift,2024-12,5041.324948
ID0002396,5/1/2024,2,3,20910,72,0,1,0.972,0.892,1.4,0.427,1,4405.55,performance_drift,2024-05,5041.324948
ID0002397,8/8/2024,1,7,10807,65,0,2,1.152,1.121,1,0.414,2,4639.75,performance_drift,2024-08,5041.324948
ID0002398,7/17/2024,1,12,7903,20,0,2,1.206,1.271,1.2,0.323,1,5922.6,performance_drift,2024-07,5041.324948
ID0002399,12/25/2024,4,9,19369,78,2,2,1.197,1.43,1.2,0.269,2,5483.37,performance_drift,2024-12,5753.639017
ID0002400,7/10/2024,0,6,9270,60,1,1,0.904,1.196,1.2,0.35,10,5258.62,performance_drift,2024-07,5041.324948
ID0002401,12/6/2024,1,9,11484,40,4,2,1.281,1.259,3.2,0.079,5,10106.83,performance_drift,2024-12,9219.214917
ID0002402,4/23/2024,3,12,15136,39,3,0,0.944,0.907,1.8,0.481,21,6500.91,performance_drift,2024-04,6733.38182
ID0002403,10/14/2024,0,5,13428,46,0,2,1.176,1.335,1.2,0.371,3,4977.68,performance_drift,2024-10,5041.324948
ID0002404,1/28/2024,0,0,24829,32,1,2,1.176,1.072,1.1,0.618,2,5128.31,performance_drift,2024-01,5041.324948
ID0002405,5/10/2024,2,19,10198,53,3,0,0.75,1.002,1.8,0.125,3,6208.84,performance_drift,2024-05,6733.38182
ID0002406,9/7/2024,2,11,15891,62,3,2,0.948,1.39,1.4,0.692,3,7065.96,performance_drift,2024-09,5753.639017
ID0002407,6/20/2024,2,0,37071,26,0,0,0.835,0.944,1.8,0.263,30,5135.88,performance_drift,2024-06,6069.48688
ID0002408,10/15/2024,4,13,24036,53,2,1,1.016,1.026,1.4,0.423,0,5563.45,performance_drift,2024-10,5753.639017
ID0002409,7/4/2024,1,7,11889,74,1,0,0.908,1.069,1,0.759,0,4269.58,performance_drift,2024-07,5041.324948
ID0002410,12/2/2024,2,0,32599,77,1,2,1.315,1.142,1.8,0.2,3,5864.01,performance_drift,2024-12,6069.48688
ID0002411,6/2/2024,1,8,13144,31,4,2,1.053,1.211,1.8,0.069,5,7189.63,performance_drift,2024-06,6733.38182
ID0002412,4/17/2024,3,8,14873,19,2,1,1.069,1.122,1.2,0.067,2,5804.33,performance_drift,2024-04,5753.639017
ID0002413,11/14/2024,4,8,25186,59,3,1,1.047,0.952,0.4,0.397,0,4097.14,performance_drift,2024-11,3601.604965
ID0002414,5/11/2024,0,5,12936,40,2,2,1.238,1.334,1.2,0.441,1,6143.63,performance_drift,2024-05,5753.639017
ID0002415,5/14/2024,2,8,19450,51,2,2,1.085,1.206,1.2,0.453,14,5864.43,performance_drift,2024-05,5753.639017
ID0002416,6/14/2024,2,10,18164,47,0,1,1.056,1.101,1.2,0.638,30,5027.1,performance_drift,2024-06,5041.324948
ID0002417,12/18/2024,2,6,19257,51,1,2,1.089,1.297,1.2,0.135,14,5594.33,performance_drift,2024-12,5041.324948
ID0002418,7/1/2024,3,7,25906,31,4,2,1.235,1.341,1.8,0.346,7,8184.27,performance_drift,2024-07,6733.38182
ID0002419,9/20/2024,1,7,11007,65,0,1,1.027,0.97,1.2,0.12,1,4245.21,performance_drift,2024-09,5041.324948
ID0002420,12/6/2024,2,11,19201,61,3,2,1.225,1.284,1.8,0.356,30,7295.33,performance_drift,2024-12,6733.38182
ID0002421,1/28/2024,2,8,13506,47,2,2,1.156,1.133,1.2,0.603,21,5968,performance_drift,2024-01,5753.639017
ID0002422,12/17/2024,3,15,6596,19,0,2,1.082,1.268,1.4,0.144,2,6494.03,performance_drift,2024-12,5041.324948
ID0002423,10/26/2024,1,2,15288,23,1,1,1.107,1,1.4,0.054,6,5621.25,performance_drift,2024-10,5041.324948
ID0002424,10/20/2024,3,20,8576,19,2,2,1.325,1.316,1.2,0.04,3,6991.71,performance_drift,2024-10,5753.639017
ID0002425,10/19/2024,2,8,23626,79,3,0,0.916,0.864,1.8,0.23,14,6008.3,performance_drift,2024-10,6733.38182
ID0002426,9/12/2024,0,8,14885,42,0,1,1.044,0.969,1.8,0.258,2,5699.12,performance_drift,2024-09,6069.48688
ID0002427,3/9/2024,1,4,13405,37,1,2,1.245,1.16,1.1,0.205,0,5117.01,performance_drift,2024-03,5041.324948
ID0002428,4/19/2024,2,20,8035,18,3,2,1.147,1.175,1.4,0.109,0,7747.57,performance_drift,2024-04,5753.639017
ID0002429,3/2/2024,1,13,9050,44,0,2,1.134,1.133,1.8,0.3,0,6404.66,performance_drift,2024-03,6069.48688
ID0002430,10/23/2024,4,11,15433,18,3,2,1.147,1.234,1,0.113,1,6523.93,performance_drift,2024-10,5753.639017
ID0002431,2/5/2024,1,5,19780,46,1,1,1.055,0.927,1.4,0.381,21,5541.94,performance_drift,2024-02,5041.324948
ID0002432,6/9/2024,1,9,10377,29,1,0,0.75,1,1.4,0.202,4,5149.9,performance_drift,2024-06,5041.324948
ID0002433,8/19/2024,2,7,16266,70,1,1,1.02,0.988,1.4,0.154,1,4874.62,performance_drift,2024-08,5041.324948
ID0002434,5/5/2024,2,9,17857,36,0,0,0.911,1,1.2,0.179,10,4162,performance_drift,2024-05,5041.324948
ID0002435,9/20/2024,2,6,26726,22,0,2,1.237,1.342,1.8,0.165,3,6860.71,performance_drift,2024-09,6069.48688
ID0002436,12/7/2024,1,10,8659,23,1,2,1.119,1.302,1.2,0.232,1,6405.94,performance_drift,2024-12,5041.324948
ID0002437,2/9/2024,1,11,6551,29,0,2,1.117,1.209,1,0.145,6,5019.91,performance_drift,2024-02,5041.324948
ID0002438,8/28/2024,2,7,16598,57,1,2,1.118,1.04,1.8,0.081,4,5922.67,performance_drift,2024-08,6069.48688
ID0002439,6/18/2024,2,7,19056,39,4,0,0.94,0.944,1.2,0.555,14,5744.42,performance_drift,2024-06,5753.639017
ID0002440,11/11/2024,3,3,34632,75,3,1,0.75,0.898,1,0.126,7,4360.53,performance_drift,2024-11,5753.639017
ID0002441,10/18/2024,1,9,11790,58,2,2,1.141,1.249,1.4,0.154,4,6217.62,performance_drift,2024-10,5753.639017
ID0002442,8/22/2024,2,8,17894,24,3,1,0.942,1.164,1.8,0.266,30,7744.44,performance_drift,2024-08,6733.38182
ID0002443,10/6/2024,1,5,18675,25,3,1,0.838,1.18,1.2,0.182,1,5707.79,performance_drift,2024-10,5753.639017
ID0002444,8/11/2024,2,15,8621,75,0,2,1.18,1.339,1,0.302,0,4747.54,performance_drift,2024-08,5041.324948
ID0002445,10/20/2024,2,5,36968,27,1,2,1.162,1.21,1.1,0.272,1,5286.79,performance_drift,2024-10,5041.324948
ID0002446,8/12/2024,1,6,18541,30,2,1,1.063,1.046,1.8,0.478,3,6599.89,performance_drift,2024-08,6733.38182
ID0002447,7/24/2024,3,0,31620,78,2,2,1.157,1.188,0.4,0.106,1,3825.08,performance_drift,2024-07,4284.85875
ID0002448,3/12/2024,1,16,5133,29,1,1,0.987,0.896,1.2,0.266,0,4940.53,performance_drift,2024-03,5041.324948
ID0002449,8/24/2024,2,12,15389,38,2,2,0.978,1.255,1.2,0.122,2,5856.12,performance_drift,2024-08,5753.639017
ID0002450,6/26/2024,2,11,13707,20,0,2,1.251,1.436,1.4,0.146,21,6824.13,performance_drift,2024-06,5041.324948
ID0002451,10/7/2024,1,11,11836,57,3,2,1.152,1.136,1.2,0.446,6,6162.51,performance_drift,2024-10,5753.639017
ID0002452,7/15/2024,1,4,16752,45,2,2,1.125,1.225,1.4,0.331,0,5978.24,performance_drift,2024-07,5753.639017
ID0002453,7/14/2024,3,8,15418,44,2,2,1.252,1.38,1.2,0.317,0,6033.35,performance_drift,2024-07,5753.639017
ID0002454,6/26/2024,3,10,20185,63,1,2,1.037,1.262,1,0.105,3,4942.93,performance_drift,2024-06,5041.324948
ID0002455,2/12/2024,2,2,34717,78,1,0,0.783,1.002,1.4,0.347,2,4486.2,performance_drift,2024-02,5041.324948
ID0002456,10/6/2024,3,5,22474,29,2,1,0.75,1.033,1.2,0.354,2,5326.87,performance_drift,2024-10,5753.639017
ID0002457,5/11/2024,3,9,24227,48,1,2,1.196,1.3,1,0.574,4,5346.54,performance_drift,2024-05,5041.324948
ID0002458,1/24/2024,0,8,8970,39,2,2,1.184,1.463,1.8,0.311,0,7174.81,performance_drift,2024-01,6733.38182
ID0002459,6/4/2024,0,14,5897,65,1,1,1.27,0.958,1.2,0.405,0,5159.5,performance_drift,2024-06,5041.324948
ID0002460,11/2/2024,1,6,11629,39,0,0,0.944,0.939,1.8,0.136,2,4908.49,performance_drift,2024-11,6069.48688
ID0002461,11/11/2024,3,7,27096,67,1,2,1.191,1.301,1.2,0.149,1,5430.78,performance_drift,2024-11,5041.324948
ID0002462,3/15/2024,2,7,17662,79,2,0,0.97,0.936,1.8,0.227,6,5657.64,performance_drift,2024-03,6733.38182
ID0002463,3/4/2024,1,8,12514,40,3,2,1.357,1.31,1.2,0.184,2,6321.91,performance_drift,2024-03,5753.639017
ID0002464,2/20/2024,0,6,10226,23,3,2,1.249,1.437,1.1,0.465,1,7137.86,performance_drift,2024-02,5753.639017
ID0002465,7/6/2024,1,3,21753,75,1,2,1.291,1.437,1,0.106,3,4607.42,performance_drift,2024-07,5041.324948
ID0002466,12/28/2024,3,8,13397,76,0,2,1.277,1.218,1.8,0.584,4,6192.06,performance_drift,2024-12,6069.48688
ID0002467,1/19/2024,2,3,22894,69,4,2,1.216,1.075,1.2,0.272,0,5939.94,performance_drift,2024-01,5753.639017
ID0002468,12/8/2024,2,15,12344,64,0,2,1.106,1.355,1.8,0.216,0,6575.12,performance_drift,2024-12,6069.48688
ID0002469,2/15/2024,1,14,7379,48,3,1,1.041,1.062,1.4,0.207,0,5722.79,performance_drift,2024-02,5753.639017
ID0002470,2/27/2024,0,11,6026,55,2,1,1.104,1.066,1.4,0.349,1,6018.61,performance_drift,2024-02,5753.639017
ID0002471,6/11/2024,1,0,25679,63,3,0,0.896,0.827,1.4,0.059,0,4679.34,performance_drift,2024-06,5753.639017
ID0002472,12/5/2024,0,8,6760,40,3,2,1.227,1.202,1,0.679,1,5844.47,performance_drift,2024-12,5753.639017
ID0002473,3/25/2024,1,10,6581,60,1,1,0.877,1.103,1.2,0.178,0,4767.32,performance_drift,2024-03,5041.324948
ID0002474,3/1/2024,4,3,34540,64,4,2,1.307,1.129,1.4,0.318,0,6517.35,performance_drift,2024-03,5753.639017
ID0002475,2/27/2024,1,20,5000,31,2,1,1.017,0.834,1.2,0.327,3,5659.28,performance_drift,2024-02,5753.639017
ID0002476,7/5/2024,3,20,8341,72,0,2,0.972,1.368,0.4,0.211,2,4029.18,performance_drift,2024-07,4284.85875
ID0002477,3/23/2024,0,13,5438,39,0,1,0.865,1.034,1.8,0.125,5,5813.86,performance_drift,2024-03,6069.48688
ID0002478,8/17/2024,1,8,12795,18,2,0,0.949,0.824,1.4,0.182,2,5975.19,performance_drift,2024-08,5753.639017
ID0002479,7/5/2024,1,7,8708,54,0,1,1.005,1.099,3.2,0.156,30,8129.72,performance_drift,2024-07,8216.463966
ID0002480,1/15/2024,1,2,20585,25,0,1,1.064,1.13,1.8,0.351,3,5991.53,performance_drift,2024-01,6069.48688
ID0002481,1/8/2024,1,2,17099,30,0,2,1.311,1.165,1.4,0.251,0,5297.05,performance_drift,2024-01,5041.324948
ID0002482,3/19/2024,0,6,12991,57,1,1,0.781,0.998,1.2,0.416,14,4668.21,performance_drift,2024-03,5041.324948
ID0002483,2/6/2024,1,0,24735,56,1,1,0.941,1.04,3.2,0.212,10,7995.43,performance_drift,2024-02,9219.214917
ID0002484,3/2/2024,1,6,10930,20,0,2,1.277,1.274,1.2,0.573,0,6407.57,performance_drift,2024-03,5041.324948
ID0002485,4/25/2024,0,9,11193,35,1,1,1.044,1.185,1,0.316,1,4666.1,performance_drift,2024-04,5041.324948
ID0002486,2/15/2024,3,3,23072,50,0,2,1.047,1.194,1.8,0.045,1,5746.82,performance_drift,2024-02,6069.48688
ID0002487,11/7/2024,0,3,13159,24,1,1,1.133,1.02,1.2,0.238,7,5431.4,performance_drift,2024-11,5041.324948
ID0002488,2/22/2024,3,3,19749,25,2,1,0.916,1.07,1,0.139,2,4963.29,performance_drift,2024-02,5753.639017
ID0002489,4/18/2024,2,5,17457,34,0,2,1.063,1.409,1.2,0.216,14,5225.9,performance_drift,2024-04,5041.324948
ID0002490,3/6/2024,2,14,15048,41,2,2,1.204,1.261,1.2,0.093,14,5999.64,performance_drift,2024-03,5753.639017
ID0002491,4/11/2024,2,9,12076,78,0,2,1.074,1.22,1.8,0.298,21,6107.48,performance_drift,2024-04,6069.48688
ID0002492,1/23/2024,1,12,8554,43,3,1,1.115,0.827,1,0.093,0,5100.89,performance_drift,2024-01,5753.639017
ID0002493,2/24/2024,4,15,17236,50,1,2,1.257,1.55,1.8,0.076,0,6789.35,performance_drift,2024-02,6069.48688
ID0002494,8/15/2024,4,0,36420,55,2,1,1.001,0.874,1.8,0.5,5,5855.47,performance_drift,2024-08,6733.38182
ID0002495,5/18/2024,2,11,12142,27,1,0,0.879,0.861,1.8,0.102,1,5757.69,performance_drift,2024-05,6069.48688
ID0002496,5/11/2024,1,9,7075,34,2,1,1.036,1.152,1,0.366,14,5096.18,performance_drift,2024-05,5753.639017
ID0002497,11/10/2024,2,7,22320,37,1,1,0.872,1.021,1.2,0.2,4,4912.12,performance_drift,2024-11,5041.324948
ID0002498,9/17/2024,1,12,9570,34,1,2,1.222,1.37,1.4,0.511,10,6384.6,performance_drift,2024-09,5041.324948
ID0002499,11/17/2024,3,9,20055,60,2,1,0.978,0.964,1.2,0.176,21,5138.53,performance_drift,2024-11,5753.639017
ID0002500,5/2/2024,4,8,33933,47,1,2,1.16,1.142,1.8,0.18,0,6245.2,performance_drift,2024-05,6069.48688
ID0002501,10/14/2024,0,6,10622,19,2,1,0.989,1.012,1.8,0.629,1,7606.08,performance_drift,2024-10,6733.38182
ID0002502,12/18/2024,3,0,45618,33,1,1,1.038,0.866,1.4,0.138,3,4682.94,performance_drift,2024-12,5041.324948
ID0002503,3/24/2024,0,4,11090,69,2,2,1.139,1.159,1.2,0.092,0,5256.23,performance_drift,2024-03,5753.639017
ID0002504,9/18/2024,2,20,5804,26,2,1,1.013,1.288,1.2,0.05,2,5708.39,performance_drift,2024-09,5753.639017
ID0002505,5/15/2024,2,11,14735,61,0,1,1.024,1.026,1.8,0.157,0,5967.85,performance_drift,2024-05,6069.48688
ID0002506,11/2/2024,2,11,12730,36,1,2,1.315,1.141,1.2,0.386,0,5566.2,performance_drift,2024-11,5041.324948
ID0002507,7/27/2024,3,9,12029,61,1,0,0.97,0.906,1.4,0.064,7,4691.01,performance_drift,2024-07,5041.324948
ID0002508,2/1/2024,3,0,36534,51,1,2,1.257,1.219,3.2,0.162,0,8428.17,performance_drift,2024-02,9219.214917
ID0002509,11/12/2024,0,1,16682,44,2,1,1.022,0.918,3.2,0.322,0,8339.24,performance_drift,2024-11,9219.214917
ID0002510,12/15/2024,2,13,10540,78,0,2,1.271,1.261,1.4,0.323,2,5145.44,performance_drift,2024-12,5041.324948
ID0002511,9/23/2024,1,16,6050,64,0,2,0.994,1.349,1.8,0.226,14,6319.28,performance_drift,2024-09,6069.48688
ID0002512,4/20/2024,1,12,11376,52,0,2,1.212,1.246,1,0.384,14,5187.88,performance_drift,2024-04,5041.324948
ID0002513,4/25/2024,3,11,12322,40,2,2,1.115,1.243,3.2,0.294,2,9642.53,performance_drift,2024-04,9219.214917
ID0002514,11/13/2024,2,12,15321,21,1,2,1,1.256,1.8,0.088,7,7426.05,performance_drift,2024-11,6069.48688
ID0002515,7/17/2024,3,6,14622,51,2,1,1.142,0.937,1,0.392,0,4680.43,performance_drift,2024-07,5753.639017
ID0002516,5/22/2024,1,7,16051,35,2,1,1.097,1.085,1.2,0.227,30,5526.45,performance_drift,2024-05,5753.639017
ID0002517,2/15/2024,1,9,9817,67,3,2,1.286,1.228,1.2,0.532,1,6246.37,performance_drift,2024-02,5753.639017
ID0002518,12/1/2024,3,12,11755,65,2,2,1.201,1.21,1,0.079,1,5170.05,performance_drift,2024-12,5753.639017
ID0002519,1/26/2024,3,4,22021,43,1,1,0.998,0.864,1.2,0.389,4,4850.58,performance_drift,2024-01,5041.324948
ID0002520,12/2/2024,1,7,13438,26,2,2,1.223,1.161,1.8,0.095,0,6803.84,performance_drift,2024-12,6733.38182
ID0002521,5/22/2024,4,0,66560,31,1,2,1.116,1.217,1.2,0.376,1,5329.65,performance_drift,2024-05,5041.324948
ID0002522,8/7/2024,0,10,8431,54,2,0,0.875,0.75,1.2,0.104,10,4596.52,performance_drift,2024-08,5753.639017
ID0002523,5/25/2024,3,6,20648,48,4,2,1.213,1.045,1.8,0.101,30,7348.37,performance_drift,2024-05,6733.38182
ID0002524,10/22/2024,0,16,5000,77,1,2,1.253,1.243,0.4,0.125,5,3730.24,performance_drift,2024-10,4284.85875
ID0002525,7/9/2024,1,8,10065,34,2,1,0.989,0.909,1.8,0.181,14,6119.27,performance_drift,2024-07,6733.38182
ID0002526,10/12/2024,1,3,17472,18,2,1,0.986,1.071,1,0.371,2,5808.82,performance_drift,2024-10,5753.639017
ID0002527,4/17/2024,4,8,45055,76,2,0,0.905,0.967,1.2,0.375,21,5094.19,performance_drift,2024-04,5753.639017
ID0002528,5/23/2024,0,3,12538,46,1,2,1.051,1.177,1,0.044,1,4647.41,performance_drift,2024-05,5041.324948
ID0002529,8/14/2024,2,0,35297,57,1,2,1.206,1.278,1.4,0.444,1,5888.77,performance_drift,2024-08,5041.324948
ID0002530,7/24/2024,2,4,21770,38,3,2,1.239,1.182,1,0.24,4,5538.91,performance_drift,2024-07,5753.639017
ID0002531,8/10/2024,4,6,34924,50,2,2,1.068,1.231,1.2,0.758,3,5963.79,performance_drift,2024-08,5753.639017
ID0002532,8/14/2024,2,10,12354,32,0,2,1.165,1.194,1.4,0.266,2,5731.76,performance_drift,2024-08,5041.324948
ID0002533,12/13/2024,3,9,18080,48,0,2,1.052,1.168,1.4,0.054,1,5178.24,performance_drift,2024-12,5041.324948
ID0002534,7/19/2024,2,19,6787,64,0,1,1.058,0.978,1.2,0.51,21,4911.45,performance_drift,2024-07,5041.324948
ID0002535,8/28/2024,1,4,18481,39,2,2,1.089,1.033,1.4,0.113,1,5777.92,performance_drift,2024-08,5753.639017
ID0002536,6/23/2024,3,20,7004,20,2,2,1.216,1.239,1,0.72,0,6918.59,performance_drift,2024-06,5753.639017
ID0002537,10/20/2024,3,3,30588,66,2,1,0.936,1.163,1.8,0.741,0,6490.12,performance_drift,2024-10,6733.38182
ID0002538,6/10/2024,0,5,14434,33,1,1,1.013,0.893,1.8,0.487,0,6031.85,performance_drift,2024-06,6069.48688
ID0002539,6/15/2024,2,7,17741,23,1,0,0.959,0.903,1.4,0.437,10,6025.77,performance_drift,2024-06,5041.324948
ID0002540,4/17/2024,0,5,8095,50,2,2,1.181,1.137,1.2,0.375,4,5455.48,performance_drift,2024-04,5753.639017
ID0002541,2/18/2024,2,11,10059,18,0,0,0.917,0.925,1,0.194,21,5060.11,performance_drift,2024-02,5041.324948
ID0002542,3/18/2024,3,17,9894,67,3,2,1.198,1.238,1.4,0.278,0,6264.45,performance_drift,2024-03,5753.639017
ID0002543,12/12/2024,2,9,19923,32,3,2,1.115,0.941,1.8,0.529,3,7196.07,performance_drift,2024-12,6733.38182
ID0002544,7/1/2024,1,7,21866,19,0,1,1.165,1.179,1.8,0.089,1,6502.3,performance_drift,2024-07,6069.48688
ID0002545,3/14/2024,3,9,20648,23,3,2,1.133,1.263,1.8,0.138,0,8121.41,performance_drift,2024-03,6733.38182
ID0002546,11/16/2024,4,7,30631,26,2,2,1.268,1.499,1.8,0.281,1,7543.95,performance_drift,2024-11,6733.38182
ID0002547,8/22/2024,2,4,31693,18,2,1,0.972,1.132,1.2,0.128,10,6300.67,performance_drift,2024-08,5753.639017
ID0002548,4/24/2024,3,5,29851,53,1,1,1.101,1.029,1,0.235,1,4400.18,performance_drift,2024-04,5041.324948
ID0002549,1/28/2024,2,9,10015,66,1,1,1.08,1.149,1.2,0.246,21,5060.38,performance_drift,2024-01,5041.324948
ID0002550,10/27/2024,2,9,11554,40,2,1,1.019,1.076,0.4,0.226,6,4052.95,performance_drift,2024-10,3601.604965
ID0002551,10/1/2024,2,2,20067,62,1,2,0.991,1.36,1.2,0.42,21,5397.36,performance_drift,2024-10,5041.324948
ID0002552,7/22/2024,1,20,5000,71,4,1,1.014,0.871,1.4,0.042,7,5890.85,performance_drift,2024-07,5753.639017
ID0002553,8/17/2024,4,3,42919,45,2,1,0.981,0.85,1.2,0.097,7,4740.34,performance_drift,2024-08,5753.639017
ID0002554,9/11/2024,2,9,11779,32,3,2,1.168,1.03,1,0.385,5,5503.11,performance_drift,2024-09,5753.639017
ID0002555,12/25/2024,2,9,18598,39,2,1,0.924,1.175,1.8,0.642,5,7013.66,performance_drift,2024-12,6733.38182
ID0002556,9/27/2024,1,4,21295,33,2,2,1.325,1.319,1.2,0.099,7,6114.52,performance_drift,2024-09,5753.639017
ID0002557,7/7/2024,3,11,14299,22,1,2,1.059,1.206,1.8,0.056,5,7325.73,performance_drift,2024-07,6069.48688
ID0002558,12/26/2024,1,7,13966,19,2,1,1.126,0.871,1.4,0.165,3,6078.72,performance_drift,2024-12,5753.639017
ID0002559,2/12/2024,4,9,30067,63,3,2,1.132,1.241,1.8,0.115,0,6862.22,performance_drift,2024-02,6733.38182
ID0002560,12/20/2024,2,9,12926,48,2,1,0.906,1.013,1.8,0.381,1,6096.35,performance_drift,2024-12,6733.38182
ID0002561,1/16/2024,0,12,5000,63,1,2,1.145,1.005,1.2,0.298,1,5020,performance_drift,2024-01,5041.324948
ID0002562,5/9/2024,2,12,17002,22,0,2,1.14,1.231,1.4,0.338,0,6690.08,performance_drift,2024-05,5041.324948
ID0002563,10/24/2024,1,6,12493,28,0,1,1.038,1.032,1,0.093,0,4295.05,performance_drift,2024-10,5041.324948
ID0002564,6/9/2024,2,7,18170,27,2,0,0.893,0.943,1.8,0.356,21,6399.96,performance_drift,2024-06,6733.38182
ID0002565,3/15/2024,3,8,20770,27,2,2,1.322,1.208,1.2,0.221,10,6055.19,performance_drift,2024-03,5753.639017
ID0002566,4/19/2024,1,3,20808,23,1,1,0.966,1.183,1.2,0.182,30,5849.41,performance_drift,2024-04,5041.324948
ID0002567,9/7/2024,2,13,12608,63,2,1,1.135,1.065,1.4,0.216,6,5537.93,performance_drift,2024-09,5753.639017
ID0002568,9/17/2024,1,2,15800,25,4,1,0.857,1.001,1.2,0.404,7,6207.2,performance_drift,2024-09,5753.639017
ID0002569,10/12/2024,3,17,6656,73,4,2,1.135,1.246,1,0.256,1,6193.82,performance_drift,2024-10,5753.639017
ID0002570,8/24/2024,1,20,5000,25,3,2,1.164,1.209,1.8,0.396,3,7860.55,performance_drift,2024-08,6733.38182
ID0002571,3/13/2024,3,13,14605,45,1,1,0.925,1.05,1.2,0.208,4,4973.92,performance_drift,2024-03,5041.324948
ID0002572,10/21/2024,1,11,15284,19,1,2,1.041,1.231,1.2,0.181,4,6186.3,performance_drift,2024-10,5041.324948
ID0002573,11/1/2024,2,19,5611,57,2,2,1.134,1.39,1.8,0.074,10,7340.09,performance_drift,2024-11,6733.38182
ID0002574,9/22/2024,3,13,14630,51,1,2,1.313,1.383,1.4,0.304,0,6021.36,performance_drift,2024-09,5041.324948
ID0002575,12/26/2024,2,12,16340,30,2,1,0.965,1.209,1.4,0.439,21,6149.17,performance_drift,2024-12,5753.639017
ID0002576,4/12/2024,2,13,10833,44,4,2,1.181,1.178,0.4,0.274,3,5365.64,performance_drift,2024-04,4284.85875
ID0002577,2/11/2024,1,13,5009,31,1,1,1.149,0.866,1.8,0.509,21,6242.05,performance_drift,2024-02,6069.48688
ID0002578,8/8/2024,0,9,9116,49,3,1,0.992,1.035,1.4,0.423,30,6268.34,performance_drift,2024-08,5753.639017
ID0002579,11/6/2024,2,10,13777,39,4,1,0.969,1.078,3.2,0.39,4,10062.04,performance_drift,2024-11,9219.214917
ID0002580,12/11/2024,1,9,10197,75,2,2,1.209,1.346,1.2,0.395,4,5889.2,performance_drift,2024-12,5753.639017
ID0002581,5/23/2024,2,7,17921,41,3,2,1.235,1.16,1.2,0.056,0,5800.68,performance_drift,2024-05,5753.639017
ID0002582,10/28/2024,3,7,19197,30,3,0,0.75,0.904,1.2,0.179,0,5169.77,performance_drift,2024-10,5753.639017
ID0002583,7/1/2024,1,12,8987,36,0,2,1.08,1.085,1.2,0.136,1,4835.47,performance_drift,2024-07,5041.324948
ID0002584,7/22/2024,2,14,9423,63,0,1,1.054,0.861,1.4,0.228,30,4873.94,performance_drift,2024-07,5041.324948
ID0002585,4/19/2024,3,20,6332,18,1,2,1.248,1.456,1.2,0.115,6,7007.33,performance_drift,2024-04,5041.324948
ID0002586,5/8/2024,3,4,23501,40,1,1,0.882,1.171,1.4,0.111,2,4826.39,performance_drift,2024-05,5041.324948
ID0002587,8/17/2024,2,5,19619,37,2,2,1.339,1.209,1.4,0.49,1,6113.15,performance_drift,2024-08,5753.639017
ID0002588,7/12/2024,4,10,23446,75,0,1,1.131,1.14,1,0.203,6,4214.48,performance_drift,2024-07,5041.324948
ID0002589,6/5/2024,2,11,13970,18,2,0,0.869,0.932,1.2,0.627,5,5796.82,performance_drift,2024-06,5753.639017
ID0002590,11/6/2024,3,8,17160,54,2,2,1.265,1,1.4,0.288,30,5986.83,performance_drift,2024-11,5753.639017
ID0002591,10/18/2024,1,15,8657,21,1,2,1.157,1.244,1.4,0.608,0,7370.47,performance_drift,2024-10,5041.324948
ID0002592,5/23/2024,2,0,27947,50,1,1,0.977,1.173,1,0.512,3,4939.98,performance_drift,2024-05,5041.324948
ID0002593,4/11/2024,3,12,14019,52,4,1,0.953,0.953,1.2,0.367,3,5880.73,performance_drift,2024-04,5753.639017
ID0002594,4/7/2024,1,7,16610,22,1,0,0.878,0.865,1.4,0.363,4,5689.11,performance_drift,2024-04,5041.324948
ID0002595,3/14/2024,2,1,40130,52,0,1,1.03,0.909,1.2,0.437,2,4371.29,performance_drift,2024-03,5041.324948
ID0002596,4/28/2024,1,6,16447,77,0,2,1.313,1.019,1.2,0.074,3,4113.95,performance_drift,2024-04,5041.324948
ID0002597,8/10/2024,1,9,9085,64,2,1,1.083,0.882,1.2,0.197,0,4657.02,performance_drift,2024-08,5753.639017
ID0002598,3/1/2024,2,0,40175,33,2,2,1.247,1.329,1.8,0.126,3,6527.65,performance_drift,2024-03,6733.38182
ID0002599,5/27/2024,1,15,5854,38,3,1,0.915,0.916,1.8,0.323,21,7005.77,performance_drift,2024-05,6733.38182
ID0002600,3/26/2024,1,6,13660,72,0,1,0.998,0.951,1.2,0.434,4,4098.96,performance_drift,2024-03,5041.324948
ID0002601,4/10/2024,4,10,20061,65,3,1,0.908,0.935,1,0.152,30,5339.12,performance_drift,2024-04,5753.639017
ID0002602,9/14/2024,2,6,22307,78,4,1,1.043,0.983,1.2,0.161,1,5374.81,performance_drift,2024-09,5753.639017
ID0002603,9/24/2024,2,6,19335,42,1,1,1.083,1.06,1.8,0.19,7,5830.08,performance_drift,2024-09,6069.48688
ID0002604,7/19/2024,3,8,17368,56,0,1,0.983,1.011,1.2,0.421,1,4594.77,performance_drift,2024-07,5041.324948
ID0002605,2/6/2024,1,3,14648,75,1,2,1.2,1.305,1.8,0.273,0,5970.4,performance_drift,2024-02,6069.48688
ID0002606,8/6/2024,1,9,11628,37,4,1,1.022,1.003,1.2,0.104,2,5822.23,performance_drift,2024-08,5753.639017
ID0002607,12/13/2024,0,15,5000,30,2,2,1.149,1.36,1.2,0.442,2,6312.39,performance_drift,2024-12,5753.639017
ID0002608,3/9/2024,3,18,8600,78,3,1,1.123,1.117,1.8,0.307,21,6917.48,performance_drift,2024-03,6733.38182
ID0002609,11/19/2024,1,8,12032,65,2,2,1.177,1.329,1.8,0.03,21,7029.92,performance_drift,2024-11,6733.38182
ID0002610,3/27/2024,2,9,14441,55,2,2,1.254,1.359,1.8,0.285,4,7096.41,performance_drift,2024-03,6733.38182
ID0002611,6/7/2024,0,9,7353,45,0,2,1.143,1.251,1.4,0.349,2,5743.74,performance_drift,2024-06,5041.324948
ID0002612,7/7/2024,1,1,10162,58,2,0,0.779,0.906,1.4,0.239,2,4831.98,performance_drift,2024-07,5753.639017
ID0002613,10/10/2024,0,5,16554,22,2,2,1.148,1.119,1.8,0.191,4,7228.64,performance_drift,2024-10,6733.38182
ID0002614,4/4/2024,1,8,13490,45,1,2,0.973,1.276,1.2,0.711,1,5679.29,performance_drift,2024-04,5041.324948
ID0002615,7/4/2024,3,5,24665,22,1,2,1.016,1.201,1.2,0.03,6,6178.35,performance_drift,2024-07,5041.324948
ID0002616,5/1/2024,2,13,11004,61,2,1,1.02,0.931,1.8,0.201,0,6314.74,performance_drift,2024-05,6733.38182
ID0002617,9/12/2024,0,6,11511,19,2,2,1.052,1.223,1.4,0.381,14,7092.01,performance_drift,2024-09,5753.639017
ID0002618,10/11/2024,2,14,15195,60,2,1,0.935,1.007,1.8,0.113,3,6038.4,performance_drift,2024-10,6733.38182
ID0002619,2/12/2024,4,13,19054,77,3,2,1.298,0.992,1.8,0.098,1,6557.85,performance_drift,2024-02,6733.38182
ID0002620,6/2/2024,2,2,27248,58,1,1,0.971,0.945,1.4,0.294,7,4681.84,performance_drift,2024-06,5041.324948
ID0002621,6/26/2024,0,8,10243,39,2,1,1.059,0.959,0.4,0.061,0,3566.21,performance_drift,2024-06,3601.604965
ID0002622,4/8/2024,1,11,6662,65,2,1,0.982,1.162,1.8,0.294,21,6390.26,performance_drift,2024-04,6733.38182
ID0002623,6/28/2024,3,10,20512,67,2,1,1.166,1.13,1.4,0.537,4,5530.76,performance_drift,2024-06,5753.639017
ID0002624,12/26/2024,2,8,17007,24,1,2,1.319,1.323,1.4,0.217,2,6402.51,performance_drift,2024-12,5041.324948
ID0002625,4/15/2024,3,8,23475,56,0,2,1.285,1.087,1.4,0.268,1,5325.24,performance_drift,2024-04,5041.324948
ID0002626,6/6/2024,3,5,18164,45,3,1,0.942,1.203,1.2,0.091,0,5453.8,performance_drift,2024-06,5753.639017
ID0002627,2/3/2024,1,1,14475,39,3,2,1.079,1.244,1.4,0.418,5,6551.32,performance_drift,2024-02,5753.639017
ID0002628,12/27/2024,2,16,7168,41,3,1,1.239,0.951,1.8,0.214,10,6923.6,performance_drift,2024-12,6733.38182
ID0002629,10/23/2024,4,1,45667,25,1,1,0.988,0.956,1.2,0.307,0,4852.57,performance_drift,2024-10,5041.324948
ID0002630,7/3/2024,3,12,12477,35,2,2,1.12,1.145,1.2,0.348,10,5941.28,performance_drift,2024-07,5753.639017
ID0002631,1/7/2024,2,3,26468,49,1,1,0.888,0.985,3.2,0.376,0,7957.8,performance_drift,2024-01,9219.214917
ID0002632,6/28/2024,3,5,35488,40,0,2,1.453,1.167,1.8,0.121,21,5883.09,performance_drift,2024-06,6069.48688
ID0002633,10/1/2024,2,14,11449,60,0,1,0.916,1.079,0.4,0.13,2,2847.26,performance_drift,2024-10,3601.604965
ID0002634,1/25/2024,0,3,9442,66,2,1,1.16,1.145,1.4,0.221,2,5525.19,performance_drift,2024-01,5753.639017
ID0002635,4/7/2024,2,7,9858,48,4,2,1.181,1.046,1.2,0.602,2,6521.69,performance_drift,2024-04,5753.639017
ID0002636,10/15/2024,2,9,22706,21,2,2,1.252,1.286,3.2,0.682,21,10837.46,performance_drift,2024-10,9219.214917
ID0002637,5/28/2024,1,2,20831,27,1,2,1.211,1.21,1.4,0.311,14,5803.08,performance_drift,2024-05,5041.324948
ID0002638,11/14/2024,1,6,12612,50,4,0,0.92,0.932,1.8,0.33,21,6893.71,performance_drift,2024-11,6733.38182
ID0002639,2/12/2024,3,14,10407,27,4,2,1.301,1.174,1.8,0.23,14,7906.15,performance_drift,2024-02,6733.38182
ID0002640,8/9/2024,1,10,8346,78,0,0,0.917,0.877,1.4,0.261,7,4376.4,performance_drift,2024-08,5041.324948
ID0002641,8/9/2024,2,9,19055,58,4,2,1.298,1.095,1.8,0.429,6,7382.08,performance_drift,2024-08,6733.38182
ID0002642,5/10/2024,3,8,19070,44,2,1,0.857,1.099,1.8,0.256,4,6353.6,performance_drift,2024-05,6733.38182
ID0002643,6/20/2024,3,14,10110,78,2,1,1.065,1.018,1.4,0.513,0,5522.02,performance_drift,2024-06,5753.639017
ID0002644,1/13/2024,1,19,5912,32,2,1,0.952,0.878,1,0.071,10,4912.87,performance_drift,2024-01,5753.639017
ID0002645,12/27/2024,1,13,10319,34,0,1,0.974,1.037,1,0.324,0,4199.62,performance_drift,2024-12,5041.324948
ID0002646,11/17/2024,1,10,10473,76,4,2,1.251,1.231,3.2,0.318,3,9761.16,performance_drift,2024-11,9219.214917
ID0002647,3/5/2024,3,13,11616,44,3,2,1.186,1.199,1.4,0.292,1,6408.46,performance_drift,2024-03,5753.639017
ID0002648,4/14/2024,2,15,11015,18,0,2,1.304,1.377,0.4,0.258,0,5062.98,performance_drift,2024-04,4284.85875
ID0002649,1/21/2024,0,3,10912,45,0,0,0.919,0.911,1.4,0.3,3,4525.93,performance_drift,2024-01,5041.324948
ID0002650,1/28/2024,2,6,23913,34,1,1,1.013,1.006,3.2,0.17,4,8568.04,performance_drift,2024-01,9219.214917
ID0002651,9/27/2024,2,11,13073,24,2,2,1.199,1.304,3.2,0.125,0,10102.6,performance_drift,2024-09,9219.214917
ID0002652,12/9/2024,2,6,16944,49,0,2,1.105,1.318,1.4,0.264,0,5359.02,performance_drift,2024-12,5041.324948
ID0002653,11/15/2024,1,5,19125,27,2,2,1.306,1.27,1,0.313,3,5668.26,performance_drift,2024-11,5753.639017
ID0002654,9/14/2024,2,8,24671,69,2,1,0.996,0.847,1.8,0.04,0,5695.86,performance_drift,2024-09,6733.38182
ID0002655,7/24/2024,0,13,5095,69,2,2,1.228,1.326,1.2,0.215,14,5725.59,performance_drift,2024-07,5753.639017
ID0002656,5/4/2024,1,10,8341,31,3,1,0.993,0.988,1.2,0.243,2,5728.95,performance_drift,2024-05,5753.639017
ID0002657,4/16/2024,2,4,27086,46,0,1,1.122,0.905,3.2,0.442,1,8118.18,performance_drift,2024-04,8216.463966
ID0002658,12/6/2024,4,17,11743,68,1,1,1.035,1.029,1.8,0.563,10,6500.07,performance_drift,2024-12,6069.48688
ID0002659,1/20/2024,1,4,11912,54,2,2,1.241,1.201,1.2,0.171,1,5562.34,performance_drift,2024-01,5753.639017
ID0002660,3/26/2024,1,12,9291,49,0,2,1.128,1.257,1.8,0.424,0,6235.56,performance_drift,2024-03,6069.48688
ID0002661,11/9/2024,1,6,14835,21,2,2,1.17,1.139,1.8,0.113,0,7533.85,performance_drift,2024-11,6733.38182
ID0002662,11/22/2024,3,9,11880,69,3,1,1.055,1.066,1.8,0.151,0,6501.1,performance_drift,2024-11,6733.38182
ID0002663,12/1/2024,1,8,10286,76,1,1,1.009,1.261,1,0.491,0,4344.47,performance_drift,2024-12,5041.324948
ID0002664,6/19/2024,3,14,13202,64,3,0,0.93,0.882,1.8,0.198,1,6328.17,performance_drift,2024-06,6733.38182
ID0002665,9/1/2024,2,14,8894,49,2,0,0.831,0.965,1,0.335,2,4785.37,performance_drift,2024-09,5753.639017
ID0002666,1/23/2024,3,7,15783,59,2,2,1.17,1.327,1.8,0.177,2,6787.99,performance_drift,2024-01,6733.38182
ID0002667,5/5/2024,1,4,15699,43,3,2,1.244,1.036,1.4,0.142,0,6313.29,performance_drift,2024-05,5753.639017
ID0002668,1/6/2024,2,7,14607,56,1,2,1.16,1.058,1.4,0.194,0,5460.18,performance_drift,2024-01,5041.324948
ID0002669,11/19/2024,2,16,8607,32,1,2,1.096,1.143,1.2,0.047,2,5625.15,performance_drift,2024-11,5041.324948
ID0002670,5/14/2024,2,13,7666,39,2,2,1.413,1.167,1.4,0.582,0,6532.98,performance_drift,2024-05,5753.639017
ID0002671,1/21/2024,3,3,28621,57,1,2,1.307,1.212,1.4,0.237,2,5358.98,performance_drift,2024-01,5041.324948
ID0002672,1/21/2024,2,8,17161,56,4,1,0.882,0.812,1.2,0.123,0,5446.03,performance_drift,2024-01,5753.639017
ID0002673,2/2/2024,0,13,8027,63,2,1,0.914,0.993,1.2,0.075,1,5038.6,performance_drift,2024-02,5753.639017
ID0002674,4/4/2024,1,8,10348,71,2,0,0.895,0.98,1.2,0.43,2,4787.93,performance_drift,2024-04,5753.639017
ID0002675,10/13/2024,0,8,9926,77,3,1,0.988,1.062,1.8,0.338,1,6705.11,performance_drift,2024-10,6733.38182
ID0002676,4/2/2024,2,15,6042,33,2,2,1.084,1.232,1.4,0.269,2,6136.84,performance_drift,2024-04,5753.639017
ID0002677,9/27/2024,1,7,9461,51,1,1,0.996,0.956,1.1,0.173,10,4561.82,performance_drift,2024-09,5041.324948
ID0002678,11/25/2024,1,12,11976,73,2,2,1.049,1.075,1.2,0.334,1,5249.57,performance_drift,2024-11,5753.639017
ID0002679,1/25/2024,0,10,6266,70,0,1,1.025,1.21,1.4,0.06,10,5139.42,performance_drift,2024-01,5041.324948
ID0002680,5/27/2024,1,12,7979,37,1,1,1.052,1.014,1.8,0.541,1,6416.5,performance_drift,2024-05,6069.48688
ID0002681,5/3/2024,3,4,36363,52,0,2,1.262,1.128,1.4,0.227,10,5329.88,performance_drift,2024-05,5041.324948
ID0002682,9/28/2024,3,13,11396,27,0,2,1.156,1.145,1.8,0.22,1,6007.09,performance_drift,2024-09,6069.48688
ID0002683,1/7/2024,1,10,9771,30,0,0,0.816,1.015,1,0.552,2,4266.16,performance_drift,2024-01,5041.324948
ID0002684,5/13/2024,1,9,6293,73,1,2,1.183,1.182,0.4,0.134,3,3664.21,performance_drift,2024-05,4284.85875
ID0002685,9/2/2024,3,15,8798,22,2,1,0.993,1.017,1.4,0.217,3,6371.99,performance_drift,2024-09,5753.639017
ID0002686,4/12/2024,1,15,5557,48,1,1,1.073,0.924,1.8,0.405,3,6312.69,performance_drift,2024-04,6069.48688
ID0002687,7/21/2024,2,14,11575,47,3,1,1.028,0.9,0.4,0.311,2,4512.76,performance_drift,2024-07,3601.604965
ID0002688,7/16/2024,2,18,9906,59,1,2,1.398,1.445,0.4,0.453,2,4398.54,performance_drift,2024-07,4284.85875
ID0002689,3/20/2024,1,13,10457,53,2,0,0.915,0.977,1.4,0.348,1,5420.76,performance_drift,2024-03,5753.639017
ID0002690,2/12/2024,1,13,6637,54,1,2,1.294,1.342,1,0.284,0,4993.75,performance_drift,2024-02,5041.324948
ID0002691,2/14/2024,1,12,7945,77,0,2,1.212,1.132,1,0.223,5,4339.27,performance_drift,2024-02,5041.324948
ID0002692,9/10/2024,1,3,24740,22,1,1,0.884,1.143,1.4,0.156,0,6149.76,performance_drift,2024-09,5041.324948
ID0002693,8/11/2024,0,9,12003,31,0,2,1.053,1.354,1.2,0.372,3,5428.18,performance_drift,2024-08,5041.324948
ID0002694,1/21/2024,1,8,12019,52,1,1,1.034,1.057,1.4,0.45,6,5537.21,performance_drift,2024-01,5041.324948
ID0002695,9/21/2024,2,8,14610,46,1,2,1.168,1.267,1.8,0.155,3,6370.52,performance_drift,2024-09,6069.48688
ID0002696,7/22/2024,1,4,11785,62,4,0,0.977,1.007,1,0.282,21,5311.96,performance_drift,2024-07,5753.639017
ID0002697,5/2/2024,1,6,14395,69,1,1,0.919,0.928,1.8,0.516,0,5370.9,performance_drift,2024-05,6069.48688
ID0002698,11/15/2024,1,15,6255,41,2,2,1.281,1.406,1,0.453,5,5729.08,performance_drift,2024-11,5753.639017
ID0002699,11/2/2024,1,9,15182,43,3,1,1.164,0.98,1.8,0.095,1,6430.89,performance_drift,2024-11,6733.38182
ID0002700,4/9/2024,2,16,12605,49,0,1,0.992,1.151,1.2,0.389,0,4822.78,performance_drift,2024-04,5041.324948
ID0002701,10/26/2024,3,2,19438,79,4,2,1.31,1.198,1.8,0.084,4,7187.08,performance_drift,2024-10,6733.38182
ID0002702,11/1/2024,0,12,5112,44,1,1,0.915,1.089,1.2,0.231,21,5364.2,performance_drift,2024-11,5041.324948
ID0002703,8/16/2024,1,13,7848,53,3,1,1.056,1.008,1.8,0.183,5,6617.08,performance_drift,2024-08,6733.38182
ID0002704,5/28/2024,3,10,12208,68,2,2,1.25,1.067,1.8,0.321,2,6397.9,performance_drift,2024-05,6733.38182
ID0002705,8/20/2024,2,12,12218,61,0,2,1.154,1.212,0.4,0.072,21,3437.81,performance_drift,2024-08,4284.85875
ID0002706,5/25/2024,0,7,10696,32,2,1,0.976,1.005,1,0.319,30,5129.83,performance_drift,2024-05,5753.639017
ID0002707,8/18/2024,1,6,14165,55,0,0,0.866,1.059,1.2,0.63,0,4333.55,performance_drift,2024-08,5041.324948
ID0002708,8/25/2024,1,12,6683,45,2,1,0.892,1.005,1.8,0.212,21,6551.64,performance_drift,2024-08,6733.38182
ID0002709,10/12/2024,3,10,14159,50,3,2,1.247,1.23,1.8,0.087,0,6947.12,performance_drift,2024-10,6733.38182
ID0002710,10/24/2024,1,6,10009,33,2,2,1.414,1.278,1,0.467,0,5418.09,performance_drift,2024-10,5753.639017
ID0002711,8/17/2024,1,10,8268,70,4,1,1.089,0.883,0.4,0.124,0,4015.93,performance_drift,2024-08,3601.604965
ID0002712,1/19/2024,3,9,20099,24,1,1,0.95,0.978,1.2,0.074,0,5647.18,performance_drift,2024-01,5041.324948
ID0002713,9/15/2024,3,4,28274,31,2,1,0.973,1.212,1.4,0.175,3,5742.15,performance_drift,2024-09,5753.639017
ID0002714,11/24/2024,3,13,16505,63,2,1,1.017,1.229,1.4,0.373,30,6188.47,performance_drift,2024-11,5753.639017
ID0002715,4/23/2024,1,12,6290,61,2,2,1.256,1.234,1,0.283,21,5412.68,performance_drift,2024-04,5753.639017
ID0002716,1/27/2024,0,4,13045,72,2,1,0.92,1.072,1.4,0.399,30,5807.96,performance_drift,2024-01,5753.639017
ID0002717,12/27/2024,1,10,15292,23,1,2,1.013,1.047,1.4,0.445,2,6643.69,performance_drift,2024-12,5041.324948
ID0002718,11/4/2024,1,5,13741,42,0,1,1.003,1.197,1.4,0.231,1,5283.7,performance_drift,2024-11,5041.324948
ID0002719,11/4/2024,2,11,9157,52,2,2,1.22,1.244,1.4,0.492,3,6308.78,performance_drift,2024-11,5753.639017
ID0002720,5/28/2024,0,10,6151,33,1,1,1.14,0.831,1.8,0.468,1,6194.66,performance_drift,2024-05,6069.48688
ID0002721,7/6/2024,2,9,14416,73,3,1,1.001,0.984,1,0.46,14,5122.2,performance_drift,2024-07,5753.639017
ID0002722,7/18/2024,0,8,9348,29,1,0,0.893,0.834,1,0.4,1,4317.96,performance_drift,2024-07,5041.324948
ID0002723,5/3/2024,3,9,18291,29,2,2,1.218,1.196,1.8,0.628,5,7131.89,performance_drift,2024-05,6733.38182
ID0002724,10/20/2024,2,10,13376,43,2,2,1.247,1.218,1.1,0.216,3,5382.25,performance_drift,2024-10,5753.639017
ID0002725,7/9/2024,4,4,44772,76,2,0,0.849,0.94,1.8,0.391,5,5615.88,performance_drift,2024-07,6733.38182
ID0002726,9/6/2024,2,11,13356,46,2,2,1.303,1.215,1.2,0.113,0,5548.93,performance_drift,2024-09,5753.639017
ID0002727,5/26/2024,1,0,24662,69,2,1,1.035,0.976,1,0.458,2,4566.38,performance_drift,2024-05,5753.639017
ID0002728,8/6/2024,3,12,9538,39,0,1,0.989,0.855,1.2,0.624,2,4750.88,performance_drift,2024-08,5041.324948
ID0002729,5/4/2024,4,4,49476,59,3,1,0.935,1.013,1.2,0.33,0,5312.43,performance_drift,2024-05,5753.639017
ID0002730,1/7/2024,3,10,18731,77,2,2,1.089,1.037,1.2,0.688,3,5332.5,performance_drift,2024-01,5753.639017
ID0002731,8/14/2024,1,1,26143,58,3,1,0.896,0.961,0.4,0.119,4,3792.8,performance_drift,2024-08,3601.604965
ID0002732,8/20/2024,2,9,13785,74,1,2,1.209,1.168,1.8,0.498,4,6495.61,performance_drift,2024-08,6069.48688
ID0002733,9/17/2024,1,9,6964,62,2,2,1.202,1.232,1.2,0.018,0,5241.76,performance_drift,2024-09,5753.639017
ID0002734,6/5/2024,2,3,23781,20,4,1,1,1.033,1.1,0.404,0,6528.54,performance_drift,2024-06,5753.639017
ID0002735,4/1/2024,1,10,8942,76,1,1,1.025,1.11,1.2,0.835,0,5339.11,performance_drift,2024-04,5041.324948
ID0002736,2/14/2024,1,14,7129,42,1,2,1.161,1.072,1.1,0.167,5,5149.21,performance_drift,2024-02,5041.324948
ID0002737,2/20/2024,3,9,21596,32,2,2,1.14,1.209,3.2,0.416,0,9474.29,performance_drift,2024-02,9219.214917
ID0002738,1/7/2024,0,7,11957,30,2,2,1.214,1.126,0.4,0.284,1,4529.26,performance_drift,2024-01,4284.85875
ID0002739,9/28/2024,1,3,12187,73,1,1,1.031,0.878,1.8,0.408,21,5695.19,performance_drift,2024-09,6069.48688
ID0002740,1/11/2024,1,0,18904,29,4,1,1.06,1.037,1.4,0.464,30,6726.95,performance_drift,2024-01,5753.639017
ID0002741,4/28/2024,1,0,23760,69,0,1,1.063,0.934,1,0.226,3,3714.87,performance_drift,2024-04,5041.324948
ID0002742,6/13/2024,0,0,19933,69,0,1,1.008,0.902,1.2,0.335,0,4005.55,performance_drift,2024-06,5041.324948
ID0002743,4/17/2024,2,3,27482,27,0,2,1.194,1.209,1.2,0.444,2,5099.54,performance_drift,2024-04,5041.324948
ID0002744,2/8/2024,1,17,7961,69,1,0,0.933,0.803,1.8,0.184,0,5254.39,performance_drift,2024-02,6069.48688
ID0002745,2/5/2024,3,4,20131,65,2,1,1.145,0.997,1.8,0.187,0,6001.14,performance_drift,2024-02,6733.38182
ID0002746,3/27/2024,1,0,33236,62,3,1,0.918,1.197,1.2,0.1,5,5357.44,performance_drift,2024-03,5753.639017
ID0002747,12/5/2024,0,2,11246,49,2,0,0.937,0.899,1.8,0.085,1,5564.79,performance_drift,2024-12,6733.38182
ID0002748,1/20/2024,3,6,23100,56,3,1,0.999,1.094,1.1,0.143,10,5070.92,performance_drift,2024-01,5753.639017
ID0002749,6/20/2024,1,8,13445,70,1,1,1.068,0.947,1.2,0.071,0,4333.04,performance_drift,2024-06,5041.324948
ID0002750,9/5/2024,3,5,28454,35,1,1,1.237,1.081,1.4,0.471,3,5267.05,performance_drift,2024-09,5041.324948
ID0002751,6/16/2024,1,9,10466,36,4,1,0.866,1.148,1.4,0.291,0,6607.88,performance_drift,2024-06,5753.639017
ID0002752,11/15/2024,2,14,9544,70,2,1,0.939,1.047,1.8,0.073,1,5977.26,performance_drift,2024-11,6733.38182
ID0002753,8/2/2024,1,13,7223,75,2,2,1.274,1.27,1.2,0.332,7,5595.2,performance_drift,2024-08,5753.639017
ID0002754,1/2/2024,3,20,7157,56,0,2,1.157,1.203,1.8,0.137,3,6076.53,performance_drift,2024-01,6069.48688
ID0002755,8/18/2024,1,12,7573,68,0,1,0.977,0.811,1.2,0.226,2,4264.77,performance_drift,2024-08,5041.324948
ID0002756,7/10/2024,2,9,16931,34,1,1,1.007,0.981,1.8,0.383,4,6194.61,performance_drift,2024-07,6069.48688
ID0002757,7/27/2024,4,2,49144,59,2,1,0.883,0.878,1.2,0.624,0,5046.87,performance_drift,2024-07,5753.639017
ID0002758,11/17/2024,2,14,8645,50,2,1,1.055,0.954,1,0.172,14,4957.33,performance_drift,2024-11,5753.639017
ID0002759,10/22/2024,3,4,30592,67,4,1,0.934,1.017,1.2,0.059,2,5400.99,performance_drift,2024-10,5753.639017
ID0002760,1/13/2024,2,9,15526,29,2,2,1.199,1.099,1.8,0.244,21,6856.39,performance_drift,2024-01,6733.38182
ID0002761,6/8/2024,1,0,15887,21,2,1,1.029,0.917,1.2,0.192,4,5703.46,performance_drift,2024-06,5753.639017
ID0002762,5/4/2024,3,4,32874,66,1,1,0.949,1.039,1.8,0.633,2,5934.84,performance_drift,2024-05,6069.48688
ID0002763,12/26/2024,4,18,14168,66,1,2,1.238,1.334,1.2,0.23,7,5567.55,performance_drift,2024-12,5041.324948
ID0002764,4/18/2024,3,7,17987,42,1,0,0.884,0.881,1.2,0.11,4,4599.49,performance_drift,2024-04,5041.324948
ID0002765,1/26/2024,2,8,17855,78,0,1,0.875,1.082,1.4,0.36,0,4866.6,performance_drift,2024-01,5041.324948
ID0002766,7/22/2024,1,6,16179,26,1,2,1.115,1.539,1.8,0.346,0,7180.86,performance_drift,2024-07,6069.48688
ID0002767,2/14/2024,2,2,34571,51,4,1,1.01,0.968,1.4,0.546,4,6271.61,performance_drift,2024-02,5753.639017
ID0002768,3/15/2024,3,4,20040,46,2,2,1.247,1.219,1.8,0.082,30,6817.29,performance_drift,2024-03,6733.38182
ID0002769,7/20/2024,1,4,12441,56,0,1,0.96,0.889,1.2,0.512,30,4363.97,performance_drift,2024-07,5041.324948
ID0002770,1/5/2024,4,13,17909,73,0,1,1.014,0.985,1.4,0.338,10,4727.9,performance_drift,2024-01,5041.324948
ID0002771,4/6/2024,1,8,11768,25,0,1,1.091,1.073,1.4,0.217,0,5152.97,performance_drift,2024-04,5041.324948
ID0002772,12/25/2024,0,11,8278,65,0,2,1.286,1.216,1.8,0.356,14,6310.73,performance_drift,2024-12,6069.48688
ID0002773,2/5/2024,1,12,11059,26,2,2,1.076,1.497,1,0.427,6,6199.52,performance_drift,2024-02,5753.639017
ID0002774,12/10/2024,3,8,15683,62,1,2,1.02,1.252,1.4,0.437,4,5814.83,performance_drift,2024-12,5041.324948
ID0002775,4/21/2024,1,3,22545,71,2,0,0.861,1.011,1.2,0.176,0,4870.28,performance_drift,2024-04,5753.639017
ID0002776,2/2/2024,1,5,16642,27,1,2,1.369,1.05,1.2,0.658,0,5536.31,performance_drift,2024-02,5041.324948
ID0002777,1/9/2024,0,2,16860,67,2,2,1.123,1.02,1.4,0.272,1,5596.11,performance_drift,2024-01,5753.639017
ID0002778,12/21/2024,3,5,19390,55,0,1,1.046,0.886,1.8,0.063,2,5578.73,performance_drift,2024-12,6069.48688
ID0002779,5/6/2024,1,15,8230,39,1,0,0.904,0.757,1.2,0.643,0,4620.74,performance_drift,2024-05,5041.324948
ID0002780,1/24/2024,1,12,9219,32,1,0,0.887,1.001,1.2,0.418,1,4711.9,performance_drift,2024-01,5041.324948
ID0002781,10/20/2024,0,5,11038,37,2,2,1.117,1.042,1.4,0.148,0,5821.26,performance_drift,2024-10,5753.639017
ID0002782,2/13/2024,3,2,22233,59,2,1,1.09,0.975,1.8,0.104,5,6034.67,performance_drift,2024-02,6733.38182
ID0002783,6/22/2024,3,5,15468,33,3,0,0.878,0.811,1,0.108,2,4301.34,performance_drift,2024-06,5753.639017
ID0002784,5/1/2024,0,9,7315,50,0,1,0.969,0.993,1.2,0.324,0,4615.06,performance_drift,2024-05,5041.324948
ID0002785,8/11/2024,1,12,9350,29,2,1,1.078,1.11,1.8,0.429,0,6858.98,performance_drift,2024-08,6733.38182
ID0002786,10/11/2024,4,2,43369,42,1,1,0.988,0.878,1.2,0.035,0,4626.47,performance_drift,2024-10,5041.324948
ID0002787,8/1/2024,3,4,32406,49,0,1,1.073,1.093,1.2,0.238,4,4739.22,performance_drift,2024-08,5041.324948
ID0002788,11/1/2024,1,6,19329,49,0,1,1.115,0.917,1.4,0.334,1,4497.12,performance_drift,2024-11,5041.324948
ID0002789,1/3/2024,2,0,31598,35,3,1,0.953,0.978,1,0.308,6,4947.28,performance_drift,2024-01,5753.639017
ID0002790,6/19/2024,2,11,17895,69,1,1,0.936,0.993,1.4,0.25,4,4855.36,performance_drift,2024-06,5041.324948
ID0002791,7/28/2024,3,11,18975,76,2,0,0.982,0.899,1.2,0.55,1,4891.76,performance_drift,2024-07,5753.639017
ID0002792,3/28/2024,3,5,20874,77,2,2,1.189,1.566,1.2,0.166,4,5414.1,performance_drift,2024-03,5753.639017
ID0002793,10/13/2024,2,7,28221,45,0,1,1.02,0.935,1.2,0.556,1,4697.34,performance_drift,2024-10,5041.324948
ID0002794,11/4/2024,1,5,11413,76,0,2,0.971,1.232,1.4,0.114,0,5044.37,performance_drift,2024-11,5041.324948
ID0002795,5/27/2024,2,9,15430,47,1,2,1.21,1.173,1.4,0.442,0,5690.42,performance_drift,2024-05,5041.324948
ID0002796,8/8/2024,0,9,7289,20,2,2,1.227,1.004,1.4,0.382,5,6804.9,performance_drift,2024-08,5753.639017
ID0002797,6/19/2024,1,13,6302,30,1,1,1.049,0.926,1.4,0.511,2,5368.95,performance_drift,2024-06,5041.324948
ID0002798,9/5/2024,1,10,7559,57,4,2,1.391,1.192,1.2,0.408,1,6280.06,performance_drift,2024-09,5753.639017
ID0002799,6/23/2024,3,10,14217,57,3,2,1.153,1.231,3.2,0.285,1,9637.72,performance_drift,2024-06,9219.214917
ID0002800,6/28/2024,2,10,16828,70,3,2,1.115,1.067,1.8,0.288,2,6973.66,performance_drift,2024-06,6733.38182
ID0002801,2/8/2024,0,5,11712,74,2,1,1.056,0.993,1.2,0.048,0,4915.28,performance_drift,2024-02,5753.639017
ID0002802,4/19/2024,2,12,8921,28,2,1,0.962,0.904,1.4,0.155,1,5792.77,performance_drift,2024-04,5753.639017
ID0002803,2/26/2024,2,7,16026,69,0,2,1.117,1.113,1.4,0.464,3,5022.87,performance_drift,2024-02,5041.324948
ID0002804,1/24/2024,2,14,12301,42,1,1,1.029,0.92,1,0.357,2,4301.21,performance_drift,2024-01,5041.324948
ID0002805,7/5/2024,2,16,11599,65,1,0,0.901,0.929,1.2,0.341,14,4724.75,performance_drift,2024-07,5041.324948
ID0002806,11/12/2024,0,7,12119,59,1,0,1.003,0.877,1.2,0.455,0,4465.61,performance_drift,2024-11,5041.324948
ID0002807,3/28/2024,0,19,5000,65,1,1,0.992,1.116,1.4,0.029,1,5152.32,performance_drift,2024-03,5041.324948
ID0002808,6/3/2024,0,16,5000,79,1,2,1.116,1.227,1.1,0.278,3,5328.63,performance_drift,2024-06,5041.324948
ID0002809,6/18/2024,2,12,12156,48,0,1,0.95,1.137,1,0.112,0,4567.82,performance_drift,2024-06,5041.324948
ID0002810,3/16/2024,3,18,12803,72,0,1,0.979,1.085,1.4,0.593,1,5059.53,performance_drift,2024-03,5041.324948
ID0002811,6/3/2024,1,8,13918,78,2,2,1.309,1.273,1,0.426,0,5188.75,performance_drift,2024-06,5753.639017
ID0002812,10/28/2024,2,10,10015,39,3,1,0.88,1.11,1.4,0.509,4,6275.99,performance_drift,2024-10,5753.639017
ID0002813,12/21/2024,3,6,26589,57,2,2,1.171,1.246,1,0.344,0,5105.96,performance_drift,2024-12,5753.639017
ID0002814,3/9/2024,3,6,21104,39,1,1,0.948,1.101,1.8,0.072,6,6062.67,performance_drift,2024-03,6069.48688
ID0002815,3/10/2024,2,13,11825,33,1,1,1.058,0.911,1.4,0.175,21,5343.21,performance_drift,2024-03,5041.324948
ID0002816,2/10/2024,1,17,6297,37,1,2,1.116,1.08,1.8,0.326,0,6912.75,performance_drift,2024-02,6069.48688
ID0002817,9/24/2024,2,8,12851,59,0,2,1.222,1.117,1.4,0.245,2,5439.78,performance_drift,2024-09,5041.324948
ID0002818,12/21/2024,3,2,44661,69,4,2,1.172,1.395,1.2,0.188,2,6107.5,performance_drift,2024-12,5753.639017
ID0002819,6/21/2024,2,7,15176,48,4,0,0.901,0.933,0.4,0.72,1,4210.05,performance_drift,2024-06,3601.604965
ID0002820,5/22/2024,4,9,31938,25,4,2,1.115,1.162,1.2,0.271,1,6550.32,performance_drift,2024-05,5753.639017
ID0002821,9/24/2024,2,9,17610,28,0,2,1.17,1.259,1.2,0.539,1,5774.33,performance_drift,2024-09,5041.324948
ID0002822,10/22/2024,3,5,24253,41,0,0,0.978,0.973,1.2,0.358,2,4200.44,performance_drift,2024-10,5041.324948
ID0002823,3/24/2024,3,10,19596,38,2,0,0.958,1.111,1.8,0.388,6,6562.16,performance_drift,2024-03,6733.38182
ID0002824,9/5/2024,3,6,17686,74,3,2,1.111,1.144,1.4,0.619,0,6405.22,performance_drift,2024-09,5753.639017
ID0002825,8/1/2024,3,11,19643,54,2,1,1.265,0.998,1,0.619,7,5164.57,performance_drift,2024-08,5753.639017
ID0002826,11/18/2024,3,7,23020,79,1,1,0.984,0.988,0.4,0.23,1,3238.98,performance_drift,2024-11,3601.604965
ID0002827,6/10/2024,1,17,5000,23,1,1,0.817,1.031,1.2,0.245,0,6152.64,performance_drift,2024-06,5041.324948
ID0002828,9/4/2024,0,14,5379,79,2,1,0.917,0.952,1.2,0.373,1,5019.38,performance_drift,2024-09,5753.639017
ID0002829,7/15/2024,0,6,10012,70,3,2,1.004,1.366,1.4,0.064,1,6303.35,performance_drift,2024-07,5753.639017
ID0002830,12/17/2024,2,7,19142,49,0,1,0.977,0.858,1.4,0.355,10,4724.99,performance_drift,2024-12,5041.324948
ID0002831,10/17/2024,2,6,15971,20,4,2,1.076,1.144,1,0.11,0,6560.66,performance_drift,2024-10,5753.639017
ID0002832,9/6/2024,1,5,12728,67,0,0,0.888,0.985,0.4,0.117,0,2583.48,performance_drift,2024-09,3601.604965
ID0002833,6/15/2024,2,4,29586,19,3,1,1.013,1.051,1.8,0.125,0,7181.95,performance_drift,2024-06,6733.38182
ID0002834,4/4/2024,0,3,15587,72,3,0,0.968,0.926,1.8,0.374,21,6146.25,performance_drift,2024-04,6733.38182
ID0002835,4/5/2024,1,15,6115,73,3,1,0.958,0.917,1,0.18,0,5208.39,performance_drift,2024-04,5753.639017
ID0002836,8/1/2024,1,15,6498,24,2,1,1.12,0.976,1,0.253,2,6134.01,performance_drift,2024-08,5753.639017
ID0002837,11/25/2024,4,5,35747,71,1,2,1.297,1.25,1.8,0.443,2,6291.68,performance_drift,2024-11,6069.48688
ID0002838,4/5/2024,3,7,22941,64,2,2,1.243,1.206,1.2,0.074,1,5467.9,performance_drift,2024-04,5753.639017
ID0002839,2/10/2024,0,10,5996,26,0,1,0.926,0.971,1,0.305,1,4237.14,performance_drift,2024-02,5041.324948
ID0002840,3/10/2024,2,15,5992,37,1,2,1.16,1.336,1,0.278,21,5396.8,performance_drift,2024-03,5041.324948
ID0002841,10/26/2024,3,13,9518,63,2,2,1.167,1.072,1.8,0.223,30,6770.09,performance_drift,2024-10,6733.38182
ID0002842,2/26/2024,0,13,7938,41,1,2,1.14,1.296,1.1,0.653,0,5647.28,performance_drift,2024-02,5041.324948
ID0002843,5/22/2024,3,10,16953,78,0,0,0.891,0.818,1.2,0.447,2,4136.28,performance_drift,2024-05,5041.324948
ID0002844,11/12/2024,2,5,15096,45,4,2,1.138,1.057,1.2,0.34,0,6296.4,performance_drift,2024-11,5753.639017
ID0002845,11/16/2024,4,17,17756,45,2,2,1.317,1.354,1.4,0.191,7,6416.58,performance_drift,2024-11,5753.639017
ID0002846,5/20/2024,0,13,6569,46,1,1,0.997,1.141,1.1,0.211,1,4975.99,performance_drift,2024-05,5041.324948
ID0002847,6/21/2024,2,2,17116,49,2,0,1.017,0.893,1.2,0.284,2,4716.37,performance_drift,2024-06,5753.639017
ID0002848,3/28/2024,1,3,23467,59,2,1,0.981,1.198,1.8,0.103,4,6389.87,performance_drift,2024-03,6733.38182
ID0002849,5/11/2024,1,11,8845,18,3,2,1.326,1.458,1.4,0.206,2,7669.17,performance_drift,2024-05,5753.639017
ID0002850,6/13/2024,1,8,9773,27,4,2,1.253,1.456,1.4,0.139,0,7231.41,performance_drift,2024-06,5753.639017
ID0002851,4/12/2024,2,3,19228,46,3,0,0.95,0.866,1.4,0.07,4,5508.82,performance_drift,2024-04,5753.639017
ID0002852,7/4/2024,3,6,26870,57,1,0,0.895,1.061,0.4,0.3,30,3521.66,performance_drift,2024-07,3601.604965
ID0002853,5/15/2024,2,3,23336,70,2,0,0.859,0.915,1.2,0.271,30,4860.46,performance_drift,2024-05,5753.639017
ID0002854,11/24/2024,1,10,7569,69,1,2,1.228,1.201,1.4,0.306,0,5462.36,performance_drift,2024-11,5041.324948
ID0002855,4/23/2024,1,12,8696,22,0,0,0.864,0.874,1.4,0.3,3,5582.33,performance_drift,2024-04,5041.324948
ID0002856,8/28/2024,0,11,11211,61,2,2,1.34,1.145,1,0.34,2,5145.32,performance_drift,2024-08,5753.639017
ID0002857,12/14/2024,2,10,18527,34,1,0,1.044,0.934,1.2,0.139,0,4306.02,performance_drift,2024-12,5041.324948
ID0002858,1/14/2024,1,10,8649,32,1,2,1.228,1.444,1.2,0.223,21,5995.74,performance_drift,2024-01,5041.324948
ID0002859,10/7/2024,1,15,5686,60,0,2,1.181,1.232,1.2,0.184,3,5121.22,performance_drift,2024-10,5041.324948
ID0002860,9/20/2024,4,4,36110,69,4,1,1.012,0.949,1.2,0.316,1,5624.49,performance_drift,2024-09,5753.639017
ID0002861,5/5/2024,1,13,7582,30,0,2,1.338,1.387,1.2,0.336,2,5507.63,performance_drift,2024-05,5041.324948
ID0002862,1/17/2024,2,7,19697,24,2,2,1.381,1.219,1.2,0.5,0,6542.28,performance_drift,2024-01,5753.639017
ID0002863,7/4/2024,1,10,14482,38,1,2,1.148,1.244,1.8,0.317,1,6648.87,performance_drift,2024-07,6069.48688
ID0002864,9/7/2024,0,12,8197,63,2,1,0.927,0.922,1.2,0.574,0,5440.13,performance_drift,2024-09,5753.639017
ID0002865,1/23/2024,2,4,28455,56,1,0,0.866,0.874,1,0.125,4,4003.12,performance_drift,2024-01,5041.324948
ID0002866,12/10/2024,1,2,17834,29,1,1,0.961,0.92,1.2,0.26,1,5019.29,performance_drift,2024-12,5041.324948
ID0002867,8/8/2024,2,6,17071,65,0,1,0.963,1.194,1,0.546,1,4286.89,performance_drift,2024-08,5041.324948
ID0002868,9/18/2024,1,14,7774,43,1,1,1.013,1.036,1.8,0.496,0,6246.69,performance_drift,2024-09,6069.48688
ID0002869,6/14/2024,2,6,21974,43,1,2,1.227,1.303,1.2,0.336,6,5286.93,performance_drift,2024-06,5041.324948
ID0002870,11/22/2024,2,19,8293,57,2,2,1.039,1.155,1,0.269,10,5751.86,performance_drift,2024-11,5753.639017
ID0002871,7/13/2024,3,17,10701,21,1,1,0.982,1.063,0.4,0.431,0,4716.18,performance_drift,2024-07,3601.604965
ID0002872,12/17/2024,3,3,18968,46,1,2,1.154,1.171,1.4,0.288,4,5817.62,performance_drift,2024-12,5041.324948
ID0002873,8/19/2024,2,5,21318,19,0,2,1.338,1.245,1.8,0.358,0,7020.98,performance_drift,2024-08,6069.48688
ID0002874,2/5/2024,0,10,9466,73,0,1,0.97,0.984,0.4,0.226,0,2791.95,performance_drift,2024-02,3601.604965
ID0002875,3/23/2024,2,0,24909,20,3,1,0.934,0.984,0.4,0.471,1,5099.98,performance_drift,2024-03,3601.604965
ID0002876,10/16/2024,3,10,11442,43,3,2,1.239,1.133,1.8,0.087,2,7054.93,performance_drift,2024-10,6733.38182
ID0002877,11/25/2024,1,11,10864,79,2,1,1.012,1.018,1.4,0.166,0,5094.75,performance_drift,2024-11,5753.639017
ID0002878,12/23/2024,3,5,23805,74,2,1,0.921,1.047,1.2,0.289,3,5196.34,performance_drift,2024-12,5753.639017
ID0002879,7/20/2024,2,3,20821,22,1,1,0.937,1,1.4,0.29,14,6465.27,performance_drift,2024-07,5041.324948
ID0002880,5/16/2024,2,7,21073,74,0,1,1.007,0.893,1.2,0.179,2,4020.48,performance_drift,2024-05,5041.324948
ID0002881,4/3/2024,3,11,19224,63,1,2,1.327,1.209,1.4,0.28,0,5442.56,performance_drift,2024-04,5041.324948
ID0002882,10/9/2024,1,3,21026,55,0,1,1.061,1.325,0.4,0.337,1,3407.57,performance_drift,2024-10,4284.85875
ID0002883,6/24/2024,1,14,6395,30,3,0,0.853,1.083,1.8,0.135,0,6541.74,performance_drift,2024-06,6733.38182
ID0002884,8/22/2024,3,5,20674,69,0,2,1.181,1.209,1.2,0.114,14,4858.77,performance_drift,2024-08,5041.324948
ID0002885,6/7/2024,0,7,8865,28,1,0,0.832,0.817,1.8,0.352,1,5528.87,performance_drift,2024-06,6069.48688
ID0002886,8/4/2024,2,2,25406,62,0,0,0.945,1.013,1.2,0.244,0,3876.14,performance_drift,2024-08,5041.324948
ID0002887,7/9/2024,2,12,12300,67,2,0,0.923,0.922,1,0.365,0,4334.86,performance_drift,2024-07,5753.639017
ID0002888,3/21/2024,2,7,16284,69,3,1,0.984,1.099,1.2,0.071,3,5255.44,performance_drift,2024-03,5753.639017
ID0002889,4/15/2024,1,6,13051,56,3,2,1.23,1.483,1.2,0.374,0,6151.81,performance_drift,2024-04,5753.639017
ID0002890,10/28/2024,1,3,16184,37,0,0,0.96,0.834,1.2,0.387,21,4195.51,performance_drift,2024-10,5041.324948
ID0002891,8/2/2024,1,5,15805,45,0,2,1.299,1.189,1,0.523,0,4516.63,performance_drift,2024-08,5041.324948
ID0002892,12/15/2024,2,11,11257,63,2,1,1.104,1.094,1.2,0.076,3,5178.44,performance_drift,2024-12,5753.639017
ID0002893,9/16/2024,1,13,10512,64,0,2,1.175,1.179,3.2,0.678,30,9327.76,performance_drift,2024-09,8216.463966
ID0002894,5/5/2024,1,15,7641,43,3,1,0.935,0.959,1.8,0.476,14,6997.78,performance_drift,2024-05,6733.38182
ID0002895,11/20/2024,3,11,13646,57,1,1,1.028,1.118,1.2,0.267,3,4864.79,performance_drift,2024-11,5041.324948
ID0002896,6/1/2024,0,3,16309,72,0,1,1.057,1.192,1.8,0.235,4,5166.19,performance_drift,2024-06,6069.48688
ID0002897,12/23/2024,1,11,10256,37,2,1,0.981,1.093,0.4,0.522,1,4211.41,performance_drift,2024-12,3601.604965
ID0002898,6/9/2024,2,4,35751,25,2,1,1.041,1.061,0.4,0.198,1,3985.96,performance_drift,2024-06,3601.604965
ID0002899,4/4/2024,0,4,8825,65,1,2,1.03,1.083,1,0.353,0,4471.64,performance_drift,2024-04,5041.324948
ID0002900,5/10/2024,1,3,18058,63,0,1,0.946,0.86,1.8,0.215,30,5556.97,performance_drift,2024-05,6069.48688
ID0002901,3/22/2024,2,12,14133,31,0,1,0.888,1.144,1.2,0.724,2,5100.75,performance_drift,2024-03,5041.324948
ID0002902,10/28/2024,2,5,29152,46,0,1,0.93,0.957,1,0.333,1,4182.58,performance_drift,2024-10,5041.324948
ID0002903,6/6/2024,2,8,15368,65,2,1,0.919,1.042,1,0.226,2,4516.92,performance_drift,2024-06,5753.639017
ID0002904,12/17/2024,0,0,13392,67,4,1,1.1,0.961,1.8,0.386,0,6639.71,performance_drift,2024-12,6733.38182
ID0002905,1/27/2024,2,3,23224,58,2,2,1.316,1.27,1.4,0.267,10,6188.52,performance_drift,2024-01,5753.639017
ID0002906,9/18/2024,4,14,15890,61,3,1,0.8,1.156,1.4,0.191,0,6013.7,performance_drift,2024-09,5753.639017
ID0002907,12/27/2024,1,11,11020,25,3,1,0.945,1.259,1.4,0.358,3,6474.22,performance_drift,2024-12,5753.639017
ID0002908,6/10/2024,1,15,5988,48,1,1,0.95,1.096,1.8,0.327,0,6106.41,performance_drift,2024-06,6069.48688
ID0002909,2/16/2024,1,0,20782,58,2,2,1.036,1.075,1.4,0.451,4,5823.14,performance_drift,2024-02,5753.639017
ID0002910,6/7/2024,2,19,5636,43,1,2,1.272,1.114,1.8,0.186,0,6321.45,performance_drift,2024-06,6069.48688
ID0002911,9/10/2024,1,8,11458,49,0,2,1.175,1.128,0.4,0.053,3,3201.35,performance_drift,2024-09,4284.85875
ID0002912,1/12/2024,3,10,14874,34,4,2,1.183,1.131,1.2,0.156,3,6237.08,performance_drift,2024-01,5753.639017
ID0002913,3/4/2024,3,16,12109,73,2,1,0.948,0.817,1.2,0.215,21,5012.7,performance_drift,2024-03,5753.639017
ID0002914,2/14/2024,0,6,15539,71,3,2,1.388,1.129,1.4,0.217,1,6172.5,performance_drift,2024-02,5753.639017
ID0002915,7/27/2024,2,3,23060,32,3,1,0.839,0.824,1.8,0.195,2,6162.37,performance_drift,2024-07,6733.38182
ID0002916,11/15/2024,1,10,14396,22,3,1,1.042,1.023,0.4,0.158,3,4791.55,performance_drift,2024-11,3601.604965
ID0002917,2/23/2024,2,8,17455,27,1,2,1.26,1.171,0.4,0.059,5,3924.72,performance_drift,2024-02,4284.85875
ID0002918,4/12/2024,1,6,9583,28,0,2,1.212,1.414,1.2,0.306,1,5307.34,performance_drift,2024-04,5041.324948
ID0002919,8/12/2024,3,10,21110,56,0,2,1.153,1.167,1.2,0.21,30,4980.72,performance_drift,2024-08,5041.324948
ID0002920,6/24/2024,3,6,19823,28,3,1,1.054,0.948,1.2,0.136,14,5567.85,performance_drift,2024-06,5753.639017
ID0002921,2/8/2024,2,6,28255,78,4,2,1.166,1.381,1.8,0.459,5,7151.65,performance_drift,2024-02,6733.38182
ID0002922,6/12/2024,1,3,27462,72,2,1,1.043,1.194,1,0.045,2,4529.44,performance_drift,2024-06,5753.639017
ID0002923,12/21/2024,1,4,12587,41,3,1,0.957,1.227,1.2,0.312,3,5890.59,performance_drift,2024-12,5753.639017
ID0002924,10/22/2024,1,12,7606,20,0,0,0.783,1.018,0.4,0.28,3,3865.59,performance_drift,2024-10,3601.604965
ID0002925,9/13/2024,2,13,18510,46,0,1,0.957,0.901,1.2,0.189,3,4530.19,performance_drift,2024-09,5041.324948
ID0002926,8/27/2024,1,9,9754,66,2,2,1.137,1.241,1.2,0.651,4,5885.35,performance_drift,2024-08,5753.639017
ID0002927,5/26/2024,2,18,7220,40,0,1,1.042,1.047,1.8,0.369,7,6004.44,performance_drift,2024-05,6069.48688
ID0002928,3/9/2024,2,12,15800,62,1,1,0.985,0.907,0.4,0.497,0,3437.29,performance_drift,2024-03,3601.604965
ID0002929,9/17/2024,1,11,7648,30,2,2,1.347,1.26,1.2,0.658,1,6071.19,performance_drift,2024-09,5753.639017
ID0002930,8/9/2024,3,8,15537,27,2,2,1.025,1.197,1.4,0.565,21,6610.02,performance_drift,2024-08,5753.639017
ID0002931,6/20/2024,2,9,14249,18,0,0,0.824,0.926,0.4,0.039,6,3352.1,performance_drift,2024-06,3601.604965
ID0002932,3/21/2024,1,17,6626,54,0,1,0.918,0.85,1.2,0.158,4,4450.22,performance_drift,2024-03,5041.324948
ID0002933,1/11/2024,3,14,9740,38,1,1,0.94,0.974,1.2,0.16,5,4935.82,performance_drift,2024-01,5041.324948
ID0002934,11/13/2024,2,6,20178,51,1,1,0.904,0.877,1.8,0.41,0,5791.72,performance_drift,2024-11,6069.48688
ID0002935,5/26/2024,1,9,9681,43,2,2,1.266,1.301,1.2,0.402,3,5851.04,performance_drift,2024-05,5753.639017
ID0002936,5/17/2024,1,11,8602,23,1,2,1.289,1.104,1.2,0.336,4,6105.24,performance_drift,2024-05,5041.324948
ID0002937,9/5/2024,1,11,8942,74,0,0,1.01,0.91,1.8,0.16,14,5205.6,performance_drift,2024-09,6069.48688
ID0002938,4/21/2024,2,8,15441,42,1,2,1.35,1.083,1.8,0.12,0,6416.21,performance_drift,2024-04,6069.48688
ID0002939,4/12/2024,0,6,9125,44,1,1,0.918,1.015,1.8,0.221,0,5741.74,performance_drift,2024-04,6069.48688
ID0002940,9/5/2024,1,9,8869,34,2,2,1.147,1.147,1.8,0.158,7,6712.69,performance_drift,2024-09,6733.38182
ID0002941,11/3/2024,0,3,17585,45,2,2,1.026,1.239,1.1,0.197,4,5476.1,performance_drift,2024-11,5753.639017
ID0002942,12/20/2024,1,15,8137,59,2,2,1.223,1.323,1.4,0.165,1,6272.68,performance_drift,2024-12,5753.639017
ID0002943,4/12/2024,3,8,19064,69,2,1,1.016,0.955,1.1,0.043,3,4857.58,performance_drift,2024-04,5753.639017
ID0002944,12/2/2024,1,8,13552,75,0,1,0.93,1.2,0.4,0.077,5,2928.82,performance_drift,2024-12,4284.85875
ID0002945,12/20/2024,4,4,36991,61,0,2,1.283,1.161,1,0.075,4,4419.42,performance_drift,2024-12,5041.324948
ID0002946,9/1/2024,0,11,9279,34,3,2,1.307,1.145,1.8,0.336,5,7206.18,performance_drift,2024-09,6733.38182
ID0002947,11/22/2024,0,0,15722,30,3,1,1.135,0.944,0.4,0.352,30,3998.6,performance_drift,2024-11,3601.604965
ID0002948,12/11/2024,2,10,15310,56,0,2,1.304,1.229,1.2,0.084,14,5036.5,performance_drift,2024-12,5041.324948
ID0002949,4/11/2024,2,11,15894,22,4,2,1.167,1.128,1.8,0.131,14,8211.21,performance_drift,2024-04,6733.38182
ID0002950,10/18/2024,1,7,15357,18,3,2,1.159,1.223,1.8,0.211,3,8146.36,performance_drift,2024-10,6733.38182
ID0002951,12/25/2024,2,7,18263,32,1,0,0.886,0.91,1.8,0.147,3,5763.54,performance_drift,2024-12,6069.48688
ID0002952,2/10/2024,2,7,17622,71,2,1,1.133,0.905,1,0.285,10,4338.17,performance_drift,2024-02,5753.639017
ID0002953,12/3/2024,2,15,13253,20,0,0,0.969,0.993,1.2,0.648,4,5556.4,performance_drift,2024-12,5041.324948
ID0002954,9/24/2024,0,3,14256,41,2,2,1.147,1.418,1,0.235,3,5666.01,performance_drift,2024-09,5753.639017
ID0002955,6/12/2024,3,13,12038,29,1,2,1.188,1.141,1.4,0.258,0,5764.04,performance_drift,2024-06,5041.324948
ID0002956,2/13/2024,2,11,11243,58,4,1,1.168,1.023,1.2,0.519,3,6265.51,performance_drift,2024-02,5753.639017
ID0002957,11/4/2024,4,5,39881,46,2,1,1.011,1.01,0.4,0.258,2,3671.48,performance_drift,2024-11,3601.604965
ID0002958,3/5/2024,2,1,34094,40,3,1,0.979,0.899,1.4,0.294,3,5705.54,performance_drift,2024-03,5753.639017
ID0002959,4/26/2024,1,12,6687,27,4,1,0.972,1.018,1.4,0.436,1,6484.03,performance_drift,2024-04,5753.639017
ID0002960,4/2/2024,2,11,14513,70,0,2,1.2,1.332,1.4,0.212,6,5294.65,performance_drift,2024-04,5041.324948
ID0002961,7/9/2024,3,8,12823,29,2,2,1.218,1.306,1.8,0.448,4,7264.24,performance_drift,2024-07,6733.38182
ID0002962,9/17/2024,1,5,14526,23,0,1,0.984,1.112,1.4,0.239,0,5876.92,performance_drift,2024-09,5041.324948
ID0002963,11/13/2024,2,10,18866,19,2,1,1.111,0.838,1.4,0.026,6,6316.03,performance_drift,2024-11,5753.639017
ID0002964,5/25/2024,3,11,13660,41,3,1,0.987,1.162,1.4,0.495,4,6411.98,performance_drift,2024-05,5753.639017
ID0002965,6/8/2024,3,13,11911,29,1,1,0.981,0.92,1,0.339,1,4536.33,performance_drift,2024-06,5041.324948
ID0002966,7/18/2024,3,10,13802,68,1,2,1.272,1.189,1.8,0.352,10,6525.59,performance_drift,2024-07,6069.48688
ID0002967,11/25/2024,0,10,7436,26,2,0,0.997,0.864,1.8,0.172,0,6460.49,performance_drift,2024-11,6733.38182
ID0002968,12/7/2024,3,5,18965,67,0,1,0.982,1.181,1.4,0.245,0,4798.37,performance_drift,2024-12,5041.324948
ID0002969,12/22/2024,4,1,47235,36,1,2,1.203,1.319,1.4,0.34,10,5956.86,performance_drift,2024-12,5041.324948
ID0002970,7/3/2024,3,6,19555,58,3,2,1.22,1.242,1,0.271,7,5799.27,performance_drift,2024-07,5753.639017
ID0002971,1/1/2024,4,12,21706,44,4,1,1.064,1.028,1.2,0.391,10,6064.84,performance_drift,2024-01,5753.639017
ID0002972,2/20/2024,2,9,25663,72,1,1,1.156,1.016,1.1,0.229,0,4293.17,performance_drift,2024-02,5041.324948
ID0002973,9/22/2024,2,1,31391,56,2,1,0.909,1.023,3.2,0.138,5,8564.23,performance_drift,2024-09,9219.214917
ID0002974,4/26/2024,1,3,23733,51,0,0,0.835,0.875,1.4,0.243,4,4014.07,performance_drift,2024-04,5041.324948
ID0002975,7/6/2024,0,13,7546,43,1,2,1.053,1.241,1,0.061,1,5141.98,performance_drift,2024-07,5041.324948
ID0002976,6/17/2024,1,13,6586,40,2,0,0.878,0.922,1.2,0.098,3,5181.71,performance_drift,2024-06,5753.639017
ID0002977,11/16/2024,3,10,18649,78,1,2,1.255,1.281,1.4,0.451,5,5894.81,performance_drift,2024-11,5041.324948
ID0002978,5/26/2024,2,4,23728,50,2,1,0.927,1.093,1.1,0.129,1,4839.48,performance_drift,2024-05,5753.639017
ID0002979,12/1/2024,2,13,11601,20,4,1,0.993,0.921,1.8,0.133,14,7895.62,performance_drift,2024-12,6733.38182
ID0002980,2/17/2024,2,17,5609,45,1,1,1.035,1.143,1.8,0.202,1,6270.25,performance_drift,2024-02,6069.48688
ID0002981,11/15/2024,2,2,22430,45,0,1,0.917,0.919,1.2,0.099,10,4126.88,performance_drift,2024-11,5041.324948
ID0002982,10/26/2024,3,4,25552,77,1,0,0.75,0.876,0.4,0.32,10,2640.95,performance_drift,2024-10,3601.604965
ID0002983,11/28/2024,3,5,18399,79,2,0,0.985,0.942,1.2,0.136,0,4492.91,performance_drift,2024-11,5753.639017
ID0002984,3/21/2024,3,0,37392,27,2,2,1.168,1.171,1.8,0.008,0,6578.43,performance_drift,2024-03,6733.38182
ID0002985,12/26/2024,2,16,10974,50,1,2,1.385,1.265,1.4,0.49,10,6157.44,performance_drift,2024-12,5041.324948
ID0002986,7/23/2024,1,5,17868,72,0,2,1.208,1.442,1.4,0.111,2,5450.77,performance_drift,2024-07,5041.324948
ID0002987,5/24/2024,3,9,14997,76,3,1,0.885,0.927,1.8,0.162,0,6081.09,performance_drift,2024-05,6733.38182
ID0002988,3/13/2024,4,6,35600,52,1,0,0.838,0.885,0.4,0.186,4,2821.39,performance_drift,2024-03,3601.604965
ID0002989,2/3/2024,4,9,20409,24,1,2,1.115,1.21,1.8,0.372,2,7344.94,performance_drift,2024-02,6069.48688
ID0002990,3/20/2024,2,14,14854,26,2,1,1.075,0.97,1.2,0.323,3,5495.33,performance_drift,2024-03,5753.639017
ID0002991,11/14/2024,2,2,22500,22,2,1,0.977,0.864,1.4,0.288,10,6148.7,performance_drift,2024-11,5753.639017
ID0002992,6/22/2024,3,6,15546,39,1,2,1.238,1.265,1.2,0.247,21,5629.32,performance_drift,2024-06,5041.324948
ID0002993,11/23/2024,2,3,25486,29,0,0,0.843,0.947,1.8,0.148,0,5158.77,performance_drift,2024-11,6069.48688
ID0002994,7/22/2024,2,12,14716,56,2,2,1.183,1.18,1,0.185,30,5379.51,performance_drift,2024-07,5753.639017
ID0002995,7/5/2024,2,10,15496,31,0,2,1.187,1.43,1.4,0.023,0,5695.1,performance_drift,2024-07,5041.324948
ID0002996,2/1/2024,2,2,19716,63,2,1,0.858,0.967,1.4,0.334,2,5254.48,performance_drift,2024-02,5753.639017
ID0002997,5/27/2024,3,4,26578,49,0,2,1.2,1.228,1,0.289,0,4450.68,performance_drift,2024-05,5041.324948
ID0002998,11/9/2024,2,6,21062,66,0,1,0.812,1.063,1.2,0.233,2,4414.95,performance_drift,2024-11,5041.324948
ID0002999,10/11/2024,1,8,14011,23,1,1,0.919,1.105,1,0.085,14,5542.87,performance_drift,2024-10,5041.324948
ID0003000,11/5/2024,3,3,25338,53,3,0,1.008,0.893,1.2,0.126,1,5032.99,performance_drift,2024-11,5753.639017
ID0003001,11/24/2024,2,15,10705,27,3,2,1.176,1.182,1.8,0.316,30,7343.58,performance_drift,2024-11,6733.38182
ID0003002,1/27/2024,2,10,20708,27,1,1,0.951,1.052,1,0.165,10,4740.09,performance_drift,2024-01,5041.324948
ID0003003,12/7/2024,2,0,34741,50,3,1,0.863,0.895,1.8,0.274,1,6224.26,performance_drift,2024-12,6733.38182
ID0003004,7/19/2024,0,15,5000,50,0,0,0.789,0.888,1.8,0.415,30,5486.3,performance_drift,2024-07,6069.48688
ID0003005,5/1/2024,0,2,16122,34,2,2,1.434,1.117,1.2,0.674,1,5586.76,performance_drift,2024-05,5753.639017
ID0003006,3/9/2024,1,11,11126,21,3,2,1.038,1.097,1.8,0.459,3,7805.11,performance_drift,2024-03,6733.38182
ID0003007,11/21/2024,2,14,8882,68,0,1,1.08,0.814,0.4,0.327,14,3074.15,performance_drift,2024-11,3601.604965
ID0003008,6/7/2024,4,15,19664,35,0,0,0.75,0.884,1.8,0.251,6,5332.1,performance_drift,2024-06,6069.48688
ID0003009,11/18/2024,3,5,22669,63,2,0,0.893,0.82,1.4,0.484,14,5286.78,performance_drift,2024-11,5753.639017
ID0003010,3/4/2024,3,8,16201,30,2,2,1.143,1.375,1.4,0.119,14,6399.97,performance_drift,2024-03,5753.639017
ID0003011,11/26/2024,1,0,29851,20,0,1,0.886,1.02,1,0.394,10,5190.27,performance_drift,2024-11,5041.324948
ID0003012,4/21/2024,1,8,9742,47,2,2,1.159,1.28,1.8,0.218,4,6838.2,performance_drift,2024-04,6733.38182
ID0003013,4/23/2024,2,7,25662,61,3,1,1.129,1.063,1.8,0.206,2,6592.81,performance_drift,2024-04,6733.38182
ID0003014,8/10/2024,2,0,38579,53,1,0,0.84,0.839,1.4,0.227,4,4419.73,performance_drift,2024-08,5041.324948
ID0003015,12/22/2024,1,6,18157,51,2,0,0.854,0.918,1.8,0.128,2,5571.91,performance_drift,2024-12,6733.38182
ID0003016,6/23/2024,3,13,16173,37,1,2,1.204,1.337,1.2,0.718,3,6001.07,performance_drift,2024-06,5041.324948
ID0003017,12/13/2024,1,0,13765,74,0,2,1.093,1.249,1.4,0.101,1,4861.47,performance_drift,2024-12,5041.324948
ID0003018,3/17/2024,2,3,27048,58,2,0,0.925,0.923,1.4,0.593,2,5224.85,performance_drift,2024-03,5753.639017
ID0003019,3/20/2024,3,4,28343,53,1,2,1.1,1.359,1.8,0.181,21,6806.78,performance_drift,2024-03,6069.48688
ID0003020,10/27/2024,0,7,8928,39,1,2,1.167,1.166,1.2,0.071,1,5281.24,performance_drift,2024-10,5041.324948
ID0003021,4/14/2024,2,8,14939,64,4,1,0.938,1.126,1,0.515,4,5888.62,performance_drift,2024-04,5753.639017
ID0003022,5/2/2024,0,7,14199,31,0,2,1.299,1.249,1.2,0.288,3,5263.11,performance_drift,2024-05,5041.324948
ID0003023,4/27/2024,1,7,12800,59,2,0,1.004,0.994,0.4,0.139,2,3156.38,performance_drift,2024-04,3601.604965
ID0003024,3/23/2024,2,13,8068,53,0,0,0.86,0.933,1,0.185,1,3964.96,performance_drift,2024-03,5041.324948
ID0003025,5/21/2024,2,8,12264,51,2,0,0.986,0.815,1.2,0.292,2,4636.8,performance_drift,2024-05,5753.639017
ID0003026,2/8/2024,2,5,21364,62,0,2,1.034,1.247,1.2,0.486,30,5555.77,performance_drift,2024-02,5041.324948
ID0003027,9/1/2024,2,9,13356,46,2,2,1.245,1.46,1.8,0.123,1,7000.72,performance_drift,2024-09,6733.38182
ID0003028,12/28/2024,2,15,9817,71,2,2,1.23,1.15,1,0.288,0,5540.82,performance_drift,2024-12,5753.639017
ID0003029,1/18/2024,4,9,30198,59,2,1,0.988,1.067,1,0.101,14,4693.2,performance_drift,2024-01,5753.639017
ID0003030,6/23/2024,3,13,15713,31,2,2,1.203,1.328,1,0.431,0,5945.84,performance_drift,2024-06,5753.639017
ID0003031,12/23/2024,2,9,17559,78,1,2,1.175,1.218,1.2,0.286,21,5330.06,performance_drift,2024-12,5041.324948
ID0003032,1/12/2024,3,7,27123,66,1,2,1.283,1.065,1.8,0.326,3,6087.56,performance_drift,2024-01,6069.48688
ID0003033,4/8/2024,0,5,13971,41,3,0,0.804,0.92,1.4,0.17,0,5358.68,performance_drift,2024-04,5753.639017
ID0003034,6/23/2024,0,10,6743,42,3,2,1.327,1.273,1,0.058,0,5677.09,performance_drift,2024-06,5753.639017
ID0003035,2/22/2024,3,4,24182,77,1,1,1.097,1.029,1.4,0.255,4,4943.57,performance_drift,2024-02,5041.324948
ID0003036,6/10/2024,1,1,27110,58,0,1,0.998,0.946,1.4,0.366,10,4612.7,performance_drift,2024-06,5041.324948
ID0003037,9/5/2024,3,16,10472,20,1,2,1.16,1.257,1.4,0.22,7,6806.3,performance_drift,2024-09,5041.324948
ID0003038,8/10/2024,1,4,20651,30,2,0,0.862,0.913,1,0.09,0,4130.02,performance_drift,2024-08,5753.639017
ID0003039,3/28/2024,3,14,11532,60,1,1,0.95,1.117,1.8,0.021,0,5675.28,performance_drift,2024-03,6069.48688
ID0003040,11/18/2024,1,20,5000,53,1,0,0.891,1.037,1.8,0.434,6,6108.85,performance_drift,2024-11,6069.48688
ID0003041,8/16/2024,3,15,10373,55,3,0,0.867,0.983,1.2,0.121,7,5334.37,performance_drift,2024-08,5753.639017
ID0003042,3/14/2024,2,10,16748,78,0,2,1.176,1.137,3.2,0.691,30,8912.59,performance_drift,2024-03,8216.463966
ID0003043,10/26/2024,4,6,26069,22,2,2,1.233,1.095,1.8,0.13,2,7243.06,performance_drift,2024-10,6733.38182
ID0003044,4/14/2024,1,20,5000,67,0,1,1.098,1.104,1.8,0.18,0,5888.82,performance_drift,2024-04,6069.48688
ID0003045,2/8/2024,1,4,21453,53,4,1,1.017,0.98,1.4,0.179,2,6019.78,performance_drift,2024-02,5753.639017
ID0003046,5/8/2024,0,14,5652,21,3,1,0.999,1.019,3.2,0.168,1,10452.88,performance_drift,2024-05,9219.214917
ID0003047,4/6/2024,1,8,8413,60,1,2,1.288,1.141,1.8,0.267,1,6335.5,performance_drift,2024-04,6069.48688
ID0003048,1/14/2024,2,15,7429,47,3,2,1.219,1.154,1.4,0.241,0,6470.03,performance_drift,2024-01,5753.639017
ID0003049,11/8/2024,2,10,12171,62,0,1,0.963,0.75,1.2,0.122,1,4078.15,performance_drift,2024-11,5041.324948
ID0003050,6/4/2024,2,2,30012,26,0,0,0.995,0.801,1.4,0.204,5,4153.32,performance_drift,2024-06,5041.324948
ID0003051,10/3/2024,2,16,12945,65,1,0,0.904,0.893,1.4,0.333,1,4727.73,performance_drift,2024-10,5041.324948
ID0003052,2/1/2024,1,7,11926,78,2,1,1.11,0.958,1,0.51,3,4653.17,performance_drift,2024-02,5753.639017
ID0003053,11/16/2024,1,7,11219,66,1,1,0.984,0.964,1.2,0.231,4,4569.41,performance_drift,2024-11,5041.324948
ID0003054,7/23/2024,0,3,14033,39,2,1,1.112,0.853,1.4,0.21,30,5445.39,performance_drift,2024-07,5753.639017
ID0003055,7/7/2024,2,5,23189,27,3,2,1.303,1.336,1.2,0.137,30,6440.89,performance_drift,2024-07,5753.639017
ID0003056,1/14/2024,2,13,9348,44,0,1,0.95,0.964,1,0.477,6,4550.5,performance_drift,2024-01,5041.324948
ID0003057,4/18/2024,4,13,17982,21,2,0,0.921,0.789,1.8,0.138,21,6988.67,performance_drift,2024-04,6733.38182
ID0003058,2/5/2024,1,9,9937,49,2,2,1.164,1.3,1,0.342,30,6032.18,performance_drift,2024-02,5753.639017
ID0003059,8/11/2024,3,18,6456,58,1,2,1.122,1.103,1.2,0.311,1,5315.15,performance_drift,2024-08,5041.324948
ID0003060,4/6/2024,1,10,8811,62,0,2,1.159,1.187,1.2,0.26,1,4889.08,performance_drift,2024-04,5041.324948
ID0003061,7/24/2024,2,2,25607,64,0,2,1.103,1.119,1.1,0.286,1,4441.72,performance_drift,2024-07,5041.324948
ID0003062,8/3/2024,2,10,21914,37,1,2,1.297,1.216,1,0.371,2,5327.37,performance_drift,2024-08,5041.324948
ID0003063,9/1/2024,1,6,13311,51,2,0,1.019,0.979,1.2,0.198,4,5038.57,performance_drift,2024-09,5753.639017
ID0003064,11/5/2024,2,0,24650,60,0,2,1.135,1.156,1.2,0.258,14,4692.44,performance_drift,2024-11,5041.324948
ID0003065,10/11/2024,1,10,12965,39,1,2,1.233,1.183,1,0.122,2,4957.61,performance_drift,2024-10,5041.324948
ID0003066,6/12/2024,2,9,13420,57,0,0,0.948,1.049,1.8,0.212,1,5061.5,performance_drift,2024-06,6069.48688
ID0003067,12/4/2024,2,18,5000,61,2,2,1.339,1.315,1.4,0.05,1,6180.12,performance_drift,2024-12,5753.639017
ID0003068,7/23/2024,2,11,14087,32,0,1,0.851,0.963,1.2,0.137,1,4429.91,performance_drift,2024-07,5041.324948
ID0003069,12/12/2024,2,0,31673,39,4,2,1.084,1.23,1.8,0.174,21,7254.5,performance_drift,2024-12,6733.38182
ID0003070,8/24/2024,2,8,22614,50,0,1,1.006,1.07,1.2,0.152,7,4574.12,performance_drift,2024-08,5041.324948
ID0003071,3/24/2024,3,13,14268,76,2,2,1.273,1.141,0.4,0.386,4,4106.7,performance_drift,2024-03,4284.85875
ID0003072,5/22/2024,1,10,7221,31,2,1,0.934,0.976,1.4,0.298,1,5829.87,performance_drift,2024-05,5753.639017
ID0003073,4/15/2024,1,9,8257,23,2,1,1.032,0.944,1.2,0.285,4,6020.78,performance_drift,2024-04,5753.639017
ID0003074,6/17/2024,4,2,53970,62,1,2,1.322,1.238,1.4,0.113,2,5272.79,performance_drift,2024-06,5041.324948
ID0003075,6/14/2024,3,15,8504,21,1,1,0.993,1.01,0.4,0.67,3,4670,performance_drift,2024-06,3601.604965
ID0003076,9/18/2024,3,7,18856,28,0,1,1.045,0.846,1.2,0.421,6,4484.42,performance_drift,2024-09,5041.324948
ID0003077,6/12/2024,1,10,12184,78,3,2,1.028,1.167,1.2,0.168,21,5809.05,performance_drift,2024-06,5753.639017
ID0003078,5/1/2024,0,9,7791,44,2,0,0.967,1.021,1.2,0.132,4,4608.17,performance_drift,2024-05,5753.639017
ID0003079,8/3/2024,4,10,35616,71,0,2,1.14,1.329,1.4,0.519,5,5536.55,performance_drift,2024-08,5041.324948
ID0003080,2/20/2024,2,5,31717,65,0,2,1.104,1.115,1.8,0.325,21,6056.37,performance_drift,2024-02,6069.48688
ID0003081,11/2/2024,0,11,8330,71,1,2,1.154,1.101,1.1,0.255,10,5389.29,performance_drift,2024-11,5041.324948
ID0003082,3/13/2024,2,17,7062,52,0,1,0.955,0.939,1.2,0.375,0,4877.36,performance_drift,2024-03,5041.324948
ID0003083,7/1/2024,2,12,15643,19,1,2,1.235,1.469,1.2,0.315,2,6908.24,performance_drift,2024-07,5041.324948
ID0003084,9/27/2024,2,9,15914,68,0,1,0.981,1.16,1.4,0.247,6,4938.69,performance_drift,2024-09,5041.324948
ID0003085,9/21/2024,1,13,8545,37,0,0,0.935,0.958,1.8,0.091,2,5157.46,performance_drift,2024-09,6069.48688
ID0003086,10/28/2024,2,1,23075,74,4,2,1.145,1.345,1.2,0.507,3,6440.91,performance_drift,2024-10,5753.639017
ID0003087,1/26/2024,1,16,6754,47,4,2,1.136,1.453,1.2,0.179,0,6711.1,performance_drift,2024-01,5753.639017
ID0003088,10/21/2024,1,7,13815,23,3,0,0.877,0.947,1.2,0.309,21,6106.59,performance_drift,2024-10,5753.639017
ID0003089,3/1/2024,3,10,13067,40,1,2,1.311,1.108,1.4,0.461,21,6095.55,performance_drift,2024-03,5041.324948
ID0003090,8/14/2024,0,11,7441,35,0,2,1.184,1.226,1.4,0.098,30,5687.88,performance_drift,2024-08,5041.324948
ID0003091,5/20/2024,4,7,37304,67,0,2,1.145,1.082,1.4,0.437,0,4900.85,performance_drift,2024-05,5041.324948
ID0003092,10/20/2024,0,9,8650,30,0,1,1.241,1.062,1.8,0.397,6,5767.75,performance_drift,2024-10,6069.48688
ID0003093,1/26/2024,2,16,8994,56,1,1,0.945,1.118,1.8,0.105,0,5791.13,performance_drift,2024-01,6069.48688
ID0003094,8/9/2024,0,12,9782,77,1,1,1.011,0.829,1.2,0.432,6,4673.83,performance_drift,2024-08,5041.324948
ID0003095,3/28/2024,1,2,19003,50,2,1,0.965,0.954,1.4,0.092,0,4999.35,performance_drift,2024-03,5753.639017
ID0003096,6/14/2024,1,10,10170,27,2,2,1.078,1.133,1.8,0.044,0,6615.41,performance_drift,2024-06,6733.38182
ID0003097,6/16/2024,1,7,13067,18,1,1,1.027,1.033,1.2,0.415,0,5494.7,performance_drift,2024-06,5041.324948
ID0003098,11/23/2024,2,4,32734,60,0,0,0.86,0.911,1.8,0.503,10,5338.85,performance_drift,2024-11,6069.48688
ID0003099,6/26/2024,3,13,9861,35,2,1,1.022,0.989,1.4,0.247,10,5550,performance_drift,2024-06,5753.639017
ID0003100,12/13/2024,1,11,8978,31,1,1,1.055,0.949,1.1,0.185,14,4766.75,performance_drift,2024-12,5041.324948
ID0003101,10/25/2024,2,6,20313,51,2,0,0.828,0.983,1.8,0.256,3,5998.45,performance_drift,2024-10,6733.38182
ID0003102,2/24/2024,0,13,8101,36,3,0,0.784,0.797,1.2,0.154,0,5268.13,performance_drift,2024-02,5753.639017
ID0003103,5/7/2024,1,14,6356,27,2,1,0.948,1.026,1.1,0.509,21,5878.25,performance_drift,2024-05,5753.639017
ID0003104,4/19/2024,2,5,30012,68,3,1,0.908,1.061,1.4,0.18,0,5824.23,performance_drift,2024-04,5753.639017
ID0003105,10/8/2024,3,9,14339,25,2,2,1.237,1.119,1.4,0.407,1,6248.29,performance_drift,2024-10,5753.639017
ID0003106,12/5/2024,2,4,26843,75,0,2,1.187,1.166,1.4,0.538,3,4976.05,performance_drift,2024-12,5041.324948
ID0003107,8/15/2024,1,5,12454,27,2,1,1.069,0.872,1.2,0.291,3,5269.8,performance_drift,2024-08,5753.639017
ID0003108,10/20/2024,1,8,10178,48,3,2,1.127,1.052,1.2,0.315,0,6237.27,performance_drift,2024-10,5753.639017
ID0003109,11/28/2024,2,11,22311,35,3,0,0.912,0.9,1.8,0.46,1,6295.18,performance_drift,2024-11,6733.38182
ID0003110,10/17/2024,1,4,11051,71,4,1,0.959,1.115,1.2,0.18,0,5565.86,performance_drift,2024-10,5753.639017
ID0003111,10/20/2024,1,16,8603,21,3,2,1.182,1.255,1.8,0.435,1,8508.82,performance_drift,2024-10,6733.38182
ID0003112,11/14/2024,1,6,14624,70,0,1,0.89,1.025,1.4,0.048,3,4511.55,performance_drift,2024-11,5041.324948
ID0003113,10/16/2024,1,8,13417,45,1,1,0.936,1.119,1.2,0.098,10,5176.17,performance_drift,2024-10,5041.324948
ID0003114,10/10/2024,0,9,10904,22,2,2,1.13,1.198,1.2,0.39,5,6702.38,performance_drift,2024-10,5753.639017
ID0003115,7/19/2024,3,14,6805,62,1,2,1.113,1.066,1,0.182,4,4730.46,performance_drift,2024-07,5041.324948
ID0003116,8/19/2024,1,8,11662,30,3,1,1.063,1.169,1.4,0.464,0,6365.11,performance_drift,2024-08,5753.639017
ID0003117,7/14/2024,1,8,14304,26,4,1,1.015,1.03,1.8,0.268,10,7038.75,performance_drift,2024-07,6733.38182
ID0003118,3/4/2024,3,13,14880,64,0,1,1.043,0.931,1.2,0.355,0,4294.51,performance_drift,2024-03,5041.324948
ID0003119,7/1/2024,0,14,5524,27,2,1,0.931,1.133,1.4,0.233,6,6196.05,performance_drift,2024-07,5753.639017
ID0003120,9/10/2024,3,16,9320,58,1,1,0.871,1.008,1.8,0.286,1,5952.07,performance_drift,2024-09,6069.48688
ID0003121,12/10/2024,2,14,10721,71,2,1,0.966,1.069,1.2,0.412,2,5635.97,performance_drift,2024-12,5753.639017
ID0003122,8/18/2024,4,12,21984,31,0,2,1.106,1.162,1.4,0.052,0,5512.53,performance_drift,2024-08,5041.324948
ID0003123,2/19/2024,2,9,17071,26,0,2,1.14,1.335,1,0.17,1,4714.99,performance_drift,2024-02,5041.324948
ID0003124,3/24/2024,1,6,15828,34,0,2,1.153,1.263,1,0.185,21,5047.34,performance_drift,2024-03,5041.324948
ID0003125,5/26/2024,1,10,9351,56,2,1,1.093,0.982,1.2,0.519,1,5344.46,performance_drift,2024-05,5753.639017
ID0003126,7/22/2024,3,9,15489,63,2,2,1.417,1.363,1.1,0.062,14,5473.84,performance_drift,2024-07,5753.639017
ID0003127,7/13/2024,1,7,8808,27,2,2,1.166,1.087,0.4,0.305,2,4698.88,performance_drift,2024-07,3601.604965
ID0003128,5/27/2024,3,19,8046,62,2,2,1.269,1.224,1.2,0.505,7,6236.34,performance_drift,2024-05,5753.639017
ID0003129,7/11/2024,0,4,12490,77,3,1,1.079,0.963,1.2,0.094,21,5012.83,performance_drift,2024-07,5753.639017
ID0003130,9/13/2024,2,12,16172,35,2,2,1.226,1.044,1.4,0.307,0,6129.31,performance_drift,2024-09,5753.639017
ID0003131,5/10/2024,2,14,11278,72,3,2,1.113,1.269,1.4,0.371,4,6558.03,performance_drift,2024-05,5753.639017
ID0003132,8/22/2024,3,2,34825,49,0,2,1.142,1.046,1.8,0.166,10,5893.61,performance_drift,2024-08,6069.48688
ID0003133,3/7/2024,2,9,21334,50,0,2,1.034,1.349,1,0.45,6,4912.8,performance_drift,2024-03,5041.324948
ID0003134,6/26/2024,0,6,14909,66,0,2,1.11,1.257,1.2,0.073,0,4518.18,performance_drift,2024-06,5041.324948
ID0003135,7/3/2024,1,7,14876,44,3,2,1.244,1.21,1.4,0.298,0,6512.45,performance_drift,2024-07,5753.639017
ID0003136,6/6/2024,2,9,18283,46,1,2,1.331,1.288,1.2,0.155,0,5585.75,performance_drift,2024-06,5041.324948
ID0003137,9/19/2024,1,11,11303,23,2,1,0.929,1.036,1,0.174,3,5582.88,performance_drift,2024-09,5753.639017
ID0003138,12/7/2024,2,9,24052,49,0,2,1.405,1.374,1.2,0.23,1,5232.46,performance_drift,2024-12,5041.324948
ID0003139,6/19/2024,2,14,12508,21,0,2,1.216,1.105,1.8,0.383,1,7185.37,performance_drift,2024-06,6069.48688
ID0003140,12/21/2024,3,4,31673,25,1,1,0.887,1.084,1.8,0.247,1,6190.78,performance_drift,2024-12,6069.48688
ID0003141,8/28/2024,2,5,18902,56,1,2,1.09,1.129,1.2,0.134,21,4999.46,performance_drift,2024-08,5041.324948
ID0003142,5/27/2024,1,10,12659,38,0,1,1.053,0.785,1.2,0.328,3,4245.1,performance_drift,2024-05,5041.324948
ID0003143,9/5/2024,2,8,16293,26,3,2,1.125,1.205,1.2,0.362,21,6544.26,performance_drift,2024-09,5753.639017
ID0003144,12/23/2024,2,4,32128,73,1,2,1.159,1.289,1.2,0.251,14,5242,performance_drift,2024-12,5041.324948
ID0003145,1/19/2024,2,20,5226,75,2,0,0.876,0.832,1.8,0.184,1,5900.97,performance_drift,2024-01,6733.38182
ID0003146,10/21/2024,1,3,16553,72,1,2,1.233,1.089,1.2,0.169,1,4816.69,performance_drift,2024-10,5041.324948
ID0003147,2/2/2024,1,13,8854,21,1,2,1.092,1.183,1.4,0.473,2,7021.14,performance_drift,2024-02,5041.324948
ID0003148,3/2/2024,1,2,21084,60,4,1,0.98,0.882,1.2,0.515,0,5475.79,performance_drift,2024-03,5753.639017
ID0003149,2/3/2024,0,8,9682,50,1,1,0.951,0.888,1,0.094,3,4038.37,performance_drift,2024-02,5041.324948
ID0003150,12/18/2024,0,7,13773,32,1,0,0.86,0.782,1.2,0.094,2,4060.29,performance_drift,2024-12,5041.324948
ID0003151,11/19/2024,0,8,9516,41,0,2,1.149,0.834,1.2,0.04,2,4420.23,performance_drift,2024-11,5041.324948
ID0003152,10/10/2024,0,12,5878,71,2,1,0.96,1.079,3.2,0.116,4,8872.73,performance_drift,2024-10,9219.214917
ID0003153,4/20/2024,1,12,10645,49,0,1,0.962,1.012,1.4,0.266,2,5013.86,performance_drift,2024-04,5041.324948
ID0003154,12/10/2024,1,4,17264,60,1,2,1.222,1.258,1.2,0.485,1,5458.7,performance_drift,2024-12,5041.324948
ID0003155,10/25/2024,2,2,22425,22,0,2,1.19,1.223,1.8,0.119,21,6821.37,performance_drift,2024-10,6069.48688
ID0003156,4/2/2024,0,5,10419,78,3,1,0.922,1.024,1.8,0.156,7,6467.61,performance_drift,2024-04,6733.38182
ID0003157,5/14/2024,2,3,34072,25,1,1,1.011,1.136,1.2,0.113,21,5279.44,performance_drift,2024-05,5041.324948
ID0003158,4/22/2024,0,4,12143,79,0,2,1.284,1.227,1.4,0.27,10,5162.89,performance_drift,2024-04,5041.324948
ID0003159,1/20/2024,1,6,15755,60,2,1,0.971,0.955,1,0.219,1,4736.98,performance_drift,2024-01,5753.639017
ID0003160,9/21/2024,4,13,15497,37,0,2,1.147,1.317,1.2,0.402,3,5238.61,performance_drift,2024-09,5041.324948
ID0003161,6/13/2024,4,13,22289,41,2,2,1.126,1.089,1.4,0.423,6,5927.29,performance_drift,2024-06,5753.639017
ID0003162,5/3/2024,2,18,9288,24,2,1,0.925,0.945,1.8,0.286,0,7103.2,performance_drift,2024-05,6733.38182
ID0003163,5/22/2024,3,12,12868,35,0,2,1.101,1.225,1.2,0.465,0,5073.77,performance_drift,2024-05,5041.324948
ID0003164,8/20/2024,3,6,28197,73,2,1,1.037,0.989,1.2,0.299,14,4954.02,performance_drift,2024-08,5753.639017
ID0003165,4/15/2024,1,6,10972,53,1,2,1.293,1.057,1.8,0.571,1,6587.36,performance_drift,2024-04,6069.48688
ID0003166,10/18/2024,4,10,32372,71,2,1,0.857,1.049,1.2,0.063,4,4811.57,performance_drift,2024-10,5753.639017
ID0003167,8/10/2024,1,13,16599,52,4,2,1.078,1.277,1.2,0.122,6,6587.32,performance_drift,2024-08,5753.639017
ID0003168,3/25/2024,2,4,27154,64,1,0,0.901,0.987,1.4,0.064,14,4352.68,performance_drift,2024-03,5041.324948
ID0003169,3/20/2024,0,15,6223,47,1,1,1.043,1.095,1.2,0.252,5,4754.7,performance_drift,2024-03,5041.324948
ID0003170,5/18/2024,1,0,25928,49,1,1,1.02,0.858,1.4,0.18,3,4837.04,performance_drift,2024-05,5041.324948
ID0003171,6/9/2024,2,10,11755,51,0,1,0.962,0.964,1.4,0.476,21,5107.37,performance_drift,2024-06,5041.324948
ID0003172,2/6/2024,3,9,17637,28,2,2,1.241,1.112,1,0.473,0,5372.39,performance_drift,2024-02,5753.639017
ID0003173,8/1/2024,0,5,7348,48,4,0,0.912,0.781,1.2,0.197,0,5403.36,performance_drift,2024-08,5753.639017
ID0003174,6/27/2024,0,6,12166,60,2,2,1.362,1.213,1.2,0.491,0,5566.76,performance_drift,2024-06,5753.639017
ID0003175,5/8/2024,3,3,36126,38,2,1,0.877,1.139,1.4,0.335,7,5761.82,performance_drift,2024-05,5753.639017
ID0003176,7/12/2024,3,17,6517,61,4,2,1.158,1.257,1.4,0.497,30,7364.54,performance_drift,2024-07,5753.639017
ID0003177,4/19/2024,3,12,10391,41,0,2,1.309,1.292,1.4,0.199,1,5666.04,performance_drift,2024-04,5041.324948
ID0003178,5/27/2024,2,15,11842,66,1,1,0.997,0.972,1.8,0.096,1,5769.3,performance_drift,2024-05,6069.48688
ID0003179,3/25/2024,1,6,15125,51,2,2,1.044,1.208,0.4,0.603,7,4572.87,performance_drift,2024-03,4284.85875
ID0003180,3/3/2024,2,14,11524,61,0,1,1.224,0.79,1.2,0.251,0,4321.01,performance_drift,2024-03,5041.324948
ID0003181,1/25/2024,2,8,20668,60,2,1,0.914,0.889,0.4,0.191,10,3571.1,performance_drift,2024-01,3601.604965
ID0003182,12/18/2024,1,6,12150,49,2,1,1.005,1.08,1.4,0.71,21,6097.05,performance_drift,2024-12,5753.639017
ID0003183,9/21/2024,1,11,8835,30,1,2,1.108,1.26,1.8,0.151,4,6878.53,performance_drift,2024-09,6069.48688
ID0003184,6/28/2024,4,10,29499,34,2,1,1.044,0.825,1.4,0.204,30,5936.49,performance_drift,2024-06,5753.639017
ID0003185,1/16/2024,4,4,31928,53,1,2,1.208,1.285,0.4,0.293,10,3664.12,performance_drift,2024-01,4284.85875
ID0003186,6/19/2024,4,10,20088,55,0,2,1.132,1.321,1.8,0.202,0,6034.14,performance_drift,2024-06,6069.48688
ID0003187,12/8/2024,0,9,9968,72,1,0,0.88,0.949,1.4,0.628,0,4913.84,performance_drift,2024-12,5041.324948
ID0003188,3/6/2024,2,7,19760,37,3,1,1.042,0.984,1.4,0.225,7,5878.56,performance_drift,2024-03,5753.639017
ID0003189,3/27/2024,4,5,26701,62,4,1,0.846,0.987,1.4,0.093,0,5815.56,performance_drift,2024-03,5753.639017
ID0003190,8/2/2024,4,14,14378,63,2,0,0.773,0.924,1.1,0.38,5,4944.38,performance_drift,2024-08,5753.639017
ID0003191,8/18/2024,2,2,34900,38,3,2,1.26,1.165,1.4,0.273,0,6564.84,performance_drift,2024-08,5753.639017
ID0003192,8/14/2024,3,0,53394,79,3,0,0.951,0.825,1.4,0.298,5,5170.73,performance_drift,2024-08,5753.639017
ID0003193,9/27/2024,2,7,11143,54,1,0,0.883,0.836,1.2,0.173,0,4163.16,performance_drift,2024-09,5041.324948
ID0003194,12/2/2024,2,18,9232,59,1,2,1.253,1.464,1,0.351,0,5376.59,performance_drift,2024-12,5041.324948
ID0003195,2/3/2024,3,17,6527,74,2,1,1.059,0.942,1.8,0.393,1,5958.2,performance_drift,2024-02,6733.38182
ID0003196,4/14/2024,3,0,31739,63,3,2,1.247,1.06,1,0.227,1,4761.67,performance_drift,2024-04,5753.639017
ID0003197,10/16/2024,2,7,30186,20,2,2,1.173,1.199,1,0.145,14,6413.91,performance_drift,2024-10,5753.639017
ID0003198,2/8/2024,3,12,12489,37,0,2,1.325,1.249,1,0.283,4,4845.76,performance_drift,2024-02,5041.324948
ID0003199,5/7/2024,1,19,5000,64,0,1,0.863,0.932,1.4,0.33,6,4738.99,performance_drift,2024-05,5041.324948
ID0003200,6/20/2024,1,10,13251,72,1,1,0.965,0.985,1.8,0.465,0,5658.31,performance_drift,2024-06,6069.48688
ID0003201,9/13/2024,0,8,7706,70,1,1,0.98,0.92,1.8,0.269,7,5527.75,performance_drift,2024-09,6069.48688
ID0003202,3/28/2024,2,13,7631,43,2,2,1.083,1.218,1.8,0.202,14,7271.83,performance_drift,2024-03,6733.38182
ID0003203,6/19/2024,4,5,37279,26,0,1,1.031,0.993,1,0.394,0,4245.11,performance_drift,2024-06,5041.324948
ID0003204,12/28/2024,1,13,7330,37,2,1,0.88,0.994,1.1,0.121,1,5087.64,performance_drift,2024-12,5753.639017
ID0003205,5/27/2024,3,10,14533,60,0,1,1.076,0.906,1.8,0.502,3,5698.52,performance_drift,2024-05,6069.48688
ID0003206,4/12/2024,2,1,34982,49,1,1,1.003,1.11,1.1,0.156,1,4293.95,performance_drift,2024-04,5041.324948
ID0003207,6/14/2024,0,4,12751,76,2,0,0.917,0.895,1.8,0.042,7,5512.65,performance_drift,2024-06,6733.38182
ID0003208,9/23/2024,3,4,21817,30,1,2,1.084,1.194,1,0.146,6,5190.14,performance_drift,2024-09,5041.324948
ID0003209,7/27/2024,1,7,11193,74,3,1,1.067,0.943,1.1,0.089,2,4898.48,performance_drift,2024-07,5753.639017
ID0003210,5/26/2024,2,12,12319,61,1,2,1.224,1.245,1.4,0.404,0,5769.36,performance_drift,2024-05,5041.324948
ID0003211,11/17/2024,4,4,48938,58,2,0,0.895,0.991,1.8,0.239,0,5950.04,performance_drift,2024-11,6733.38182
ID0003212,3/13/2024,1,14,9522,68,0,2,1.066,1.282,1.2,0.199,2,5031.92,performance_drift,2024-03,5041.324948
ID0003213,8/16/2024,0,12,7105,53,1,1,0.811,0.946,1.2,0.405,14,5090.52,performance_drift,2024-08,5041.324948
ID0003214,7/1/2024,0,12,7373,76,3,2,1.173,1.191,1.2,0.383,0,5916,performance_drift,2024-07,5753.639017
ID0003215,3/1/2024,1,2,17799,61,0,2,1.291,1.239,1.4,0.189,5,4993.51,performance_drift,2024-03,5041.324948
ID0003216,4/2/2024,1,5,21470,24,0,1,1.043,1.063,1.4,0.439,10,5948.6,performance_drift,2024-04,5041.324948
ID0003217,5/3/2024,2,12,10614,38,1,0,0.792,0.95,1,0.587,0,4851.9,performance_drift,2024-05,5041.324948
ID0003218,7/5/2024,4,6,26949,66,2,1,0.948,0.75,1.8,0.492,3,5854.64,performance_drift,2024-07,6733.38182
ID0003219,9/21/2024,0,7,9069,24,2,0,0.939,0.866,0.4,0.083,3,3803.72,performance_drift,2024-09,3601.604965
ID0003220,3/9/2024,3,0,41709,24,0,1,0.87,0.856,1.8,0.321,21,6194.93,performance_drift,2024-03,6069.48688
ID0003221,7/5/2024,2,9,13149,58,4,2,1.064,1.371,1,0.081,21,6206.24,performance_drift,2024-07,5753.639017
ID0003222,4/24/2024,2,6,19996,47,1,2,1.155,1.082,1.4,0.213,0,5560.04,performance_drift,2024-04,5041.324948
ID0003223,5/13/2024,1,12,9597,18,0,0,0.802,0.86,0.4,0.305,0,3545.52,performance_drift,2024-05,3601.604965
ID0003224,10/18/2024,1,9,10988,32,2,2,1.126,1.44,1,0.172,21,5861.08,performance_drift,2024-10,5753.639017
ID0003225,12/28/2024,1,6,11837,72,2,2,1.148,1.29,1.2,0.347,0,5795.73,performance_drift,2024-12,5753.639017
ID0003226,10/4/2024,0,14,6065,37,0,1,0.92,0.869,1.4,0.095,2,4950.94,performance_drift,2024-10,5041.324948
ID0003227,4/20/2024,0,8,9255,64,2,2,1.061,1.188,1.2,0.323,1,5191.78,performance_drift,2024-04,5753.639017
ID0003228,4/14/2024,0,10,8381,75,1,1,1.014,0.843,1.1,0.164,21,4351.68,performance_drift,2024-04,5041.324948
ID0003229,7/26/2024,0,12,6299,51,1,1,0.935,1.041,1.4,0.264,5,5080.66,performance_drift,2024-07,5041.324948
ID0003230,6/18/2024,2,8,14425,38,2,2,1.278,1.24,1.4,0.321,4,5998.36,performance_drift,2024-06,5753.639017
ID0003231,3/14/2024,3,8,24553,19,2,2,1.115,1.313,1,0.288,0,6573.15,performance_drift,2024-03,5753.639017
ID0003232,4/13/2024,3,18,7405,71,1,1,1.021,1.059,1.1,0.283,4,4490.81,performance_drift,2024-04,5041.324948
ID0003233,5/9/2024,0,20,5000,30,3,2,1.072,1.337,1.4,0.287,0,6896.38,performance_drift,2024-05,5753.639017
ID0003234,7/20/2024,2,2,32560,63,2,2,1.117,1.356,1.8,0.307,1,6993.81,performance_drift,2024-07,6733.38182
ID0003235,4/21/2024,2,7,15215,46,0,1,1.095,1.011,1.2,0.28,4,4208.52,performance_drift,2024-04,5041.324948
ID0003236,2/2/2024,2,9,22601,53,1,1,1.024,1.064,1.4,0.362,5,5322.25,performance_drift,2024-02,5041.324948
ID0003237,1/9/2024,3,4,25811,46,0,2,1.144,1.298,1.4,0.47,5,5292.54,performance_drift,2024-01,5041.324948
ID0003238,6/5/2024,1,8,13484,24,1,1,1.038,0.912,1.4,0.509,3,5980.77,performance_drift,2024-06,5041.324948
ID0003239,2/10/2024,1,4,10559,79,0,1,1.126,1.06,1.4,0.243,1,4557.61,performance_drift,2024-02,5041.324948
ID0003240,8/22/2024,2,8,21357,62,2,2,1.047,1.057,1.8,0.275,3,6347.56,performance_drift,2024-08,6733.38182
ID0003241,1/16/2024,1,0,20759,44,4,2,1.154,1.362,1.8,0.121,0,7444.55,performance_drift,2024-01,6733.38182
ID0003242,1/14/2024,0,10,10198,63,1,2,1.403,1.168,1.2,0.365,4,4971.68,performance_drift,2024-01,5041.324948
ID0003243,8/8/2024,2,6,26425,59,1,1,0.945,1.05,1.2,0.242,21,4685.93,performance_drift,2024-08,5041.324948
ID0003244,10/25/2024,1,9,9284,51,3,1,1.026,1.18,1.2,0.358,4,5884.36,performance_drift,2024-10,5753.639017
ID0003245,7/27/2024,0,5,12060,67,0,0,0.872,0.883,1,0.494,1,3680.18,performance_drift,2024-07,5041.324948
ID0003246,3/14/2024,3,9,25743,74,1,1,1.024,1.068,1.8,0.313,14,6177.25,performance_drift,2024-03,6069.48688
ID0003247,1/6/2024,3,10,14886,77,0,2,1.16,1.214,1.4,0.697,5,5492.91,performance_drift,2024-01,5041.324948
ID0003248,7/7/2024,1,5,12793,71,4,1,0.998,1.095,1.4,0.196,0,5768.21,performance_drift,2024-07,5753.639017
ID0003249,6/11/2024,4,13,15106,73,3,2,1.259,1.307,1.2,0.054,0,5841.88,performance_drift,2024-06,5753.639017
ID0003250,7/13/2024,2,7,19301,29,1,2,1.439,1.085,1.8,0.163,6,6241.23,performance_drift,2024-07,6069.48688
ID0003251,3/3/2024,1,9,11762,79,2,2,1.252,1.356,1.2,0.378,1,5669.92,performance_drift,2024-03,5753.639017
ID0003252,2/9/2024,2,8,23431,60,2,2,0.976,1.319,1.2,0.296,4,6001.64,performance_drift,2024-02,5753.639017
ID0003253,2/5/2024,2,1,38743,29,3,2,1.221,1.517,1.4,0.168,3,6783.19,performance_drift,2024-02,5753.639017
ID0003254,2/3/2024,2,2,48096,78,1,2,1.082,1.166,0.4,0.064,0,3250.37,performance_drift,2024-02,4284.85875
ID0003255,8/12/2024,2,2,34265,48,3,2,1.27,1.237,1.2,0.414,2,6015.61,performance_drift,2024-08,5753.639017
ID0003256,9/16/2024,2,11,9660,38,0,0,0.906,0.951,1.2,0.394,7,4495.96,performance_drift,2024-09,5041.324948
ID0003257,1/8/2024,2,20,6640,49,0,1,0.873,1.13,1.8,0.51,4,6313.24,performance_drift,2024-01,6069.48688
ID0003258,4/7/2024,2,13,10492,72,3,2,1.189,1.21,1.8,0.162,0,6924.77,performance_drift,2024-04,6733.38182
ID0003259,7/26/2024,1,14,9249,47,1,1,0.911,0.972,1,0.549,4,4773.63,performance_drift,2024-07,5041.324948
ID0003260,6/3/2024,4,0,50907,51,3,2,1.111,1.088,3.2,0.197,2,9456.67,performance_drift,2024-06,9219.214917
ID0003261,7/27/2024,2,7,13872,65,0,2,1.186,1.284,1.4,0.124,0,5397.57,performance_drift,2024-07,5041.324948
ID0003262,5/22/2024,1,0,28719,69,0,1,0.944,0.947,1.2,0.213,1,3863.1,performance_drift,2024-05,5041.324948
ID0003263,8/23/2024,2,1,27692,60,0,1,0.99,0.915,1.2,0.091,1,3969.23,performance_drift,2024-08,5041.324948
ID0003264,11/6/2024,2,8,16516,21,0,2,1.274,1.195,1.8,0.191,21,7056.25,performance_drift,2024-11,6069.48688
ID0003265,10/10/2024,1,2,19973,40,0,1,1.152,1.011,1.4,0.297,3,4866.77,performance_drift,2024-10,5041.324948
ID0003266,7/13/2024,0,1,17868,59,0,0,0.943,0.869,1,0.213,21,3352.1,performance_drift,2024-07,5041.324948
ID0003267,7/20/2024,0,6,11583,26,3,0,0.917,0.894,1.2,0.542,2,5409.11,performance_drift,2024-07,5753.639017
ID0003268,8/22/2024,2,11,12669,39,2,1,0.856,0.99,1.2,0.338,5,5332.29,performance_drift,2024-08,5753.639017
ID0003269,1/8/2024,2,14,10018,50,4,1,0.965,0.951,1.2,0.298,7,6144.63,performance_drift,2024-01,5753.639017
ID0003270,2/21/2024,1,5,22555,50,2,1,0.963,1.11,1.8,0.128,2,6150.85,performance_drift,2024-02,6733.38182
ID0003271,10/20/2024,1,7,17429,22,3,2,1.116,1.108,1.4,0.379,1,7353.47,performance_drift,2024-10,5753.639017
ID0003272,10/8/2024,1,17,7673,36,1,1,1.088,0.962,0.4,0.267,1,3649.8,performance_drift,2024-10,3601.604965
ID0003273,7/5/2024,2,16,10336,30,3,2,1.05,1.017,1.2,0.099,30,6424.88,performance_drift,2024-07,5753.639017
ID0003274,3/24/2024,2,12,13545,23,2,0,0.849,0.92,1.2,0.164,6,5775.43,performance_drift,2024-03,5753.639017
ID0003275,1/2/2024,0,4,10878,54,2,1,1.062,1.099,1.4,0.234,1,5459.6,performance_drift,2024-01,5753.639017
ID0003276,6/21/2024,0,10,7689,77,2,1,1.018,0.906,1.4,0.188,4,5314.34,performance_drift,2024-06,5753.639017
ID0003277,1/16/2024,2,0,36242,45,2,1,0.884,0.999,1.4,0.178,6,5516.1,performance_drift,2024-01,5753.639017
ID0003278,6/19/2024,2,4,24533,69,3,1,0.991,0.977,1.4,0.469,2,5686.4,performance_drift,2024-06,5753.639017
ID0003279,1/5/2024,4,8,26475,50,1,1,1.03,1.051,1.4,0.229,2,4895.22,performance_drift,2024-01,5041.324948
ID0003280,12/10/2024,3,6,24188,18,1,0,0.915,0.895,1.2,0.71,21,5821.57,performance_drift,2024-12,5041.324948
ID0003281,9/17/2024,3,2,25638,33,1,1,0.877,1.038,1,0.301,0,4528.68,performance_drift,2024-09,5041.324948
ID0003282,12/28/2024,2,2,28228,19,0,1,0.982,1.01,1.2,0.16,0,5099.89,performance_drift,2024-12,5041.324948
ID0003283,2/19/2024,2,4,26602,34,1,1,0.865,1.016,1.4,0.247,10,5076.95,performance_drift,2024-02,5041.324948
ID0003284,6/28/2024,1,7,15597,77,1,1,0.993,1.069,1.8,0.56,4,5784.71,performance_drift,2024-06,6069.48688
ID0003285,12/28/2024,1,5,16336,66,0,0,0.795,0.904,1.8,0.368,4,5033.2,performance_drift,2024-12,6069.48688
ID0003286,7/6/2024,1,7,17163,50,0,0,0.974,0.903,1.8,0.316,0,5238.24,performance_drift,2024-07,6069.48688
ID0003287,3/19/2024,2,10,15035,37,0,1,1.072,0.988,1.8,0.517,0,5996.8,performance_drift,2024-03,6069.48688
ID0003288,2/9/2024,0,8,8040,40,3,1,0.894,1.052,0.4,0.33,3,4250.21,performance_drift,2024-02,3601.604965
ID0003289,9/10/2024,0,13,5570,76,1,2,1.165,1.44,1,0.333,0,5354.04,performance_drift,2024-09,5041.324948
ID0003290,4/12/2024,1,3,20203,49,3,0,0.852,0.75,1.8,0.402,0,6103.56,performance_drift,2024-04,6733.38182
ID0003291,9/5/2024,1,8,20106,59,2,1,1.025,0.948,1.4,0.173,14,5530.81,performance_drift,2024-09,5753.639017
ID0003292,6/23/2024,4,7,30647,44,1,2,1.252,1.252,1.8,0.01,5,6440.76,performance_drift,2024-06,6069.48688
ID0003293,10/24/2024,0,6,9783,48,1,1,1.021,0.992,1.8,0.539,14,6137.87,performance_drift,2024-10,6069.48688
ID0003294,6/2/2024,2,14,10442,37,0,2,1.425,1.304,1.2,0.156,2,5380.59,performance_drift,2024-06,5041.324948
ID0003295,11/11/2024,2,4,17451,53,3,2,1.152,1.309,1.8,0.259,2,7176.75,performance_drift,2024-11,6733.38182
ID0003296,4/25/2024,0,12,11790,65,1,1,0.948,1.019,1.2,0.099,5,4760.05,performance_drift,2024-04,5041.324948
ID0003297,9/22/2024,1,8,8445,21,0,1,1.091,1.057,1.2,0.281,2,5823.63,performance_drift,2024-09,5041.324948
ID0003298,7/25/2024,4,0,81361,36,1,2,1.188,1.272,1.8,0.429,2,6506.09,performance_drift,2024-07,6069.48688
ID0003299,4/14/2024,3,6,26827,72,4,2,1.154,1.292,1,0.083,4,6008.51,performance_drift,2024-04,5753.639017
ID0003300,11/2/2024,3,5,28288,66,0,2,1.14,1.301,0.4,0.097,0,3039.79,performance_drift,2024-11,4284.85875
ID0003301,7/16/2024,2,11,14043,60,1,2,1.259,1.128,1.8,0.238,21,6679.09,performance_drift,2024-07,6069.48688
ID0003302,4/6/2024,1,8,18953,47,2,1,1.138,1.007,1.4,0.386,14,5870.4,performance_drift,2024-04,5753.639017
ID0003303,4/4/2024,3,7,24729,76,0,1,0.837,1.09,1.2,0.546,21,4652.51,performance_drift,2024-04,5041.324948
ID0003304,5/15/2024,1,11,8809,77,2,1,1.099,0.863,1.1,0.214,3,4627.78,performance_drift,2024-05,5753.639017
ID0003305,4/12/2024,0,15,10327,34,1,2,1.001,1.15,1.4,0.138,4,6070.77,performance_drift,2024-04,5041.324948
ID0003306,9/27/2024,2,7,15030,18,0,2,1.196,1.417,1.8,0.154,4,7287.66,performance_drift,2024-09,6069.48688
ID0003307,10/26/2024,1,12,9185,64,1,1,1.059,0.994,1,0.123,4,4346.08,performance_drift,2024-10,5041.324948
ID0003308,7/10/2024,3,14,12866,62,2,2,1.202,1.258,1.4,0.221,0,6087.74,performance_drift,2024-07,5753.639017
ID0003309,10/16/2024,2,4,22154,59,0,2,1.089,1.15,1.4,0.075,0,4968.36,performance_drift,2024-10,5041.324948
ID0003310,3/24/2024,2,0,32587,37,2,2,1.347,1.46,1.4,0.142,2,6255.22,performance_drift,2024-03,5753.639017
ID0003311,10/8/2024,1,14,5647,74,2,2,1.241,1.264,1.4,0.035,2,6179.03,performance_drift,2024-10,5753.639017
ID0003312,2/10/2024,0,0,16211,32,2,1,1.14,1.037,1.2,0.145,1,4937.81,performance_drift,2024-02,5753.639017
ID0003313,10/16/2024,0,14,5000,55,4,1,1.035,1.038,1.2,0.244,0,5995.68,performance_drift,2024-10,5753.639017
ID0003314,8/18/2024,0,0,19442,71,0,2,1.119,1.385,1.4,0.126,4,5245.11,performance_drift,2024-08,5041.324948
ID0003315,9/26/2024,1,3,18685,76,1,2,1.407,1.254,1.4,0.037,1,5362.81,performance_drift,2024-09,5041.324948
ID0003316,10/19/2024,1,0,18640,44,1,2,1.253,1.262,3.2,0.133,0,8648.87,performance_drift,2024-10,9219.214917
ID0003317,2/3/2024,2,4,29753,19,1,0,0.848,0.841,1.4,0.421,0,5717.32,performance_drift,2024-02,5041.324948
ID0003318,2/12/2024,1,13,6786,61,3,2,1.13,1.17,1.4,0.242,0,6021.69,performance_drift,2024-02,5753.639017
ID0003319,1/19/2024,1,3,20168,74,0,1,1.006,0.995,1.4,0.326,2,4625.07,performance_drift,2024-01,5041.324948
ID0003320,10/23/2024,0,15,5914,60,4,1,1.109,1.091,1.8,0.394,10,7296.06,performance_drift,2024-10,6733.38182
ID0003321,12/27/2024,2,7,13106,76,3,1,1.054,1.22,1.2,0.543,0,5570.59,performance_drift,2024-12,5753.639017
ID0003322,1/26/2024,2,9,19246,24,3,2,1.184,1.087,1.8,0.101,21,7921.76,performance_drift,2024-01,6733.38182
ID0003323,3/17/2024,2,2,29653,56,1,2,1.246,1.067,1.8,0.174,2,5807.47,performance_drift,2024-03,6069.48688
ID0003324,5/15/2024,0,5,13561,44,1,1,1.032,0.802,1.8,0.104,0,5574.8,performance_drift,2024-05,6069.48688
ID0003325,10/25/2024,3,13,12150,38,2,2,1.036,1.233,1.8,0.382,0,7081.8,performance_drift,2024-10,6733.38182
ID0003326,9/1/2024,1,15,9287,23,3,0,0.871,0.996,1.4,0.444,10,6851.21,performance_drift,2024-09,5753.639017
ID0003327,4/25/2024,1,10,8742,78,4,2,1.056,1.238,1.2,0.289,2,6452.34,performance_drift,2024-04,5753.639017
ID0003328,5/6/2024,1,9,13415,49,1,2,1.339,1.309,1.4,0.54,3,5895.45,performance_drift,2024-05,5041.324948
ID0003329,4/7/2024,2,15,9820,54,2,0,0.911,0.847,1.4,0.059,0,4972.06,performance_drift,2024-04,5753.639017
ID0003330,10/28/2024,1,13,9083,63,1,2,1.099,1.129,1.4,0.248,1,5698.52,performance_drift,2024-10,5041.324948
ID0003331,1/26/2024,1,9,12296,30,2,0,0.812,1.062,1.8,0.212,1,6322.01,performance_drift,2024-01,6733.38182
ID0003332,11/6/2024,2,15,7883,36,1,1,0.888,1.099,1,0.293,1,5093.04,performance_drift,2024-11,5041.324948
ID0003333,8/23/2024,0,11,7772,76,3,2,1.126,1.335,1,0.388,5,5581.27,performance_drift,2024-08,5753.639017
ID0003334,10/23/2024,1,9,8765,24,2,1,1.016,1.05,1.2,0.078,0,6071,performance_drift,2024-10,5753.639017
ID0003335,12/4/2024,0,8,8572,49,2,0,0.757,0.981,1.2,0.326,1,4927.89,performance_drift,2024-12,5753.639017
ID0003336,4/8/2024,2,10,12564,21,2,2,1.068,0.95,1.8,0.421,6,7707.18,performance_drift,2024-04,6733.38182
ID0003337,8/11/2024,1,8,12601,20,3,2,1.241,1.198,1,0.242,0,6546.48,performance_drift,2024-08,5753.639017
ID0003338,10/19/2024,3,1,25879,78,1,2,1.172,1.235,1.4,0.519,4,5330.99,performance_drift,2024-10,5041.324948
ID0003339,5/10/2024,2,9,18246,55,1,2,1.368,1.253,1.2,0.592,0,5610.14,performance_drift,2024-05,5041.324948
ID0003340,10/28/2024,2,10,14020,26,2,2,1.249,1.114,1.2,0.592,2,5832.73,performance_drift,2024-10,5753.639017
ID0003341,11/22/2024,3,13,11004,70,2,2,0.961,1.107,1.4,0.526,4,5814.8,performance_drift,2024-11,5753.639017
ID0003342,9/21/2024,2,14,12569,38,0,2,1.054,1.202,1.8,0.417,10,6449.72,performance_drift,2024-09,6069.48688
ID0003343,1/11/2024,1,14,8167,45,2,1,0.991,0.841,1.2,0.185,3,5247.22,performance_drift,2024-01,5753.639017
ID0003344,4/22/2024,2,5,23741,54,0,0,0.897,0.887,1.2,0.166,3,4217.67,performance_drift,2024-04,5041.324948
ID0003345,8/6/2024,1,11,10517,40,2,0,0.86,0.868,1.4,0.323,3,5199.1,performance_drift,2024-08,5753.639017
ID0003346,8/18/2024,3,2,29014,77,2,0,0.87,0.834,1.2,0.425,1,4389.51,performance_drift,2024-08,5753.639017
ID0003347,11/11/2024,2,8,15040,63,1,2,1.214,1.213,1.1,0.28,30,5347.64,performance_drift,2024-11,5041.324948
ID0003348,4/24/2024,3,0,38446,26,2,2,1.315,1.431,1,0.181,30,5873.94,performance_drift,2024-04,5753.639017
ID0003349,5/13/2024,1,10,10148,72,1,2,1.303,1.298,1.4,0.363,1,5980.07,performance_drift,2024-05,5041.324948
ID0003350,1/18/2024,4,13,26848,51,2,0,0.908,0.956,1.2,0.208,0,5022.8,performance_drift,2024-01,5753.639017
ID0003351,12/2/2024,0,10,10591,42,2,0,0.907,0.991,1.8,0.444,1,6208.32,performance_drift,2024-12,6733.38182
ID0003352,1/13/2024,3,12,15487,61,4,1,0.944,0.926,1.8,0.266,2,6927.08,performance_drift,2024-01,6733.38182
ID0003353,2/17/2024,2,11,9799,24,1,1,0.961,0.984,1.8,0.091,0,6724.55,performance_drift,2024-02,6069.48688
ID0003354,11/21/2024,2,10,20091,34,1,0,0.854,0.977,1.2,0.327,14,4762.06,performance_drift,2024-11,5041.324948
ID0003355,2/15/2024,3,9,14851,66,1,0,0.948,0.917,1.4,0.424,4,4816.24,performance_drift,2024-02,5041.324948
ID0003356,4/21/2024,0,10,8408,37,1,0,0.776,0.923,1,0.48,10,4216.71,performance_drift,2024-04,5041.324948
ID0003357,4/9/2024,2,0,22234,44,1,2,1.348,1.241,0.4,0.349,4,4262.42,performance_drift,2024-04,4284.85875
ID0003358,11/21/2024,1,5,18255,67,0,1,0.984,1.029,1.8,0.266,0,5481.67,performance_drift,2024-11,6069.48688
ID0003359,10/11/2024,3,16,12321,55,4,2,1.085,1.063,1.8,0.15,0,7473.3,performance_drift,2024-10,6733.38182
ID0003360,1/18/2024,4,8,30574,31,1,1,1.093,1.168,1.4,0.302,1,5714.69,performance_drift,2024-01,5041.324948
ID0003361,4/18/2024,0,2,15044,59,1,0,0.978,0.787,1.4,0.034,21,4375.91,performance_drift,2024-04,5041.324948
ID0003362,9/17/2024,0,6,9037,49,1,2,1.067,1.223,1.4,0.361,0,5750.38,performance_drift,2024-09,5041.324948
ID0003363,1/26/2024,0,11,6263,49,3,1,0.954,0.925,1.2,0.528,3,5798.98,performance_drift,2024-01,5753.639017
ID0003364,9/19/2024,0,6,8903,71,0,1,1.086,0.943,1.2,0.186,3,4394.57,performance_drift,2024-09,5041.324948
ID0003365,1/8/2024,2,9,14232,47,2,2,1.178,1.354,1.2,0.227,5,6087.14,performance_drift,2024-01,5753.639017
ID0003366,9/3/2024,0,15,5000,73,1,2,0.969,1.349,0.4,0.271,7,3939.91,performance_drift,2024-09,4284.85875
ID0003367,12/21/2024,3,7,15174,26,1,2,1.122,1.205,1.2,0.38,1,5536.38,performance_drift,2024-12,5041.324948
ID0003368,5/15/2024,2,8,15170,34,0,2,1.204,1.141,1.8,0.551,10,6364.84,performance_drift,2024-05,6069.48688
ID0003369,5/10/2024,1,13,8174,47,3,1,1.084,1.264,1.2,0.308,4,6008.54,performance_drift,2024-05,5753.639017
ID0003370,11/3/2024,1,11,12141,61,3,1,1.05,0.854,1.4,0.388,2,5969.59,performance_drift,2024-11,5753.639017
ID0003371,6/19/2024,4,9,34771,74,0,2,1.229,1.211,0.4,0.312,30,3664.9,performance_drift,2024-06,4284.85875
ID0003372,6/11/2024,1,5,10978,43,0,1,1.033,1.134,1.8,0.081,14,5543.54,performance_drift,2024-06,6069.48688
ID0003373,7/14/2024,2,5,21915,73,1,1,1.075,1.142,0.4,0.37,2,3356.25,performance_drift,2024-07,4284.85875
ID0003374,2/24/2024,3,11,18860,32,1,2,1.111,1.235,1.1,0.325,0,5547.79,performance_drift,2024-02,5041.324948
ID0003375,1/1/2024,4,0,44791,21,1,1,1.147,0.982,1.2,0.315,6,5556.76,performance_drift,2024-01,5041.324948
ID0003376,9/10/2024,1,15,5470,70,2,2,1.195,1.025,1.1,0.35,0,5377.36,performance_drift,2024-09,5753.639017
ID0003377,6/9/2024,2,6,16943,75,0,2,1.273,1.055,1.2,0.205,0,4486.96,performance_drift,2024-06,5041.324948
ID0003378,10/7/2024,4,15,24914,32,4,2,1.109,1.286,1.4,0.75,21,7902.4,performance_drift,2024-10,5753.639017
ID0003379,4/28/2024,2,8,19133,38,1,2,1.277,1.113,1.4,0.648,7,6066.07,performance_drift,2024-04,5041.324948
ID0003380,7/4/2024,2,15,15524,67,0,1,0.949,1.077,1,0.237,21,4581.96,performance_drift,2024-07,5041.324948
ID0003381,5/17/2024,2,10,12657,75,0,2,1.278,1.442,1.4,0.255,10,5448,performance_drift,2024-05,5041.324948
ID0003382,11/13/2024,3,17,7194,19,3,1,0.897,0.94,1.2,0.172,0,6392.1,performance_drift,2024-11,5753.639017
ID0003383,8/13/2024,2,1,24244,46,2,2,1.157,1.195,1,0.309,14,5328.38,performance_drift,2024-08,5753.639017
ID0003384,12/20/2024,3,11,14520,56,1,1,1.085,0.945,0.4,0.391,14,3469.36,performance_drift,2024-12,3601.604965
ID0003385,1/23/2024,1,9,12243,56,4,2,1.223,1.256,1.8,0.232,5,7495.22,performance_drift,2024-01,6733.38182
ID0003386,7/5/2024,1,14,5683,18,3,2,1.222,1.185,1.2,0.311,4,7102.53,performance_drift,2024-07,5753.639017
ID0003387,1/4/2024,2,7,18187,65,2,2,1.196,1.132,1.2,0.353,4,5570.11,performance_drift,2024-01,5753.639017
ID0003388,9/3/2024,3,7,24022,59,2,2,1.192,1.093,1,0.291,10,5192.11,performance_drift,2024-09,5753.639017
ID0003389,12/24/2024,1,9,9931,47,3,0,0.83,0.948,1.8,0.042,0,5931.3,performance_drift,2024-12,6733.38182
ID0003390,10/16/2024,3,8,21711,59,3,2,1.358,1.057,1.2,0.471,7,6015.47,performance_drift,2024-10,5753.639017
ID0003391,10/15/2024,2,8,19438,54,2,1,0.782,1.008,1.2,0.232,0,4942.84,performance_drift,2024-10,5753.639017
ID0003392,5/2/2024,2,12,20618,54,1,2,1.242,1.232,1,0.173,6,5124.69,performance_drift,2024-05,5041.324948
ID0003393,11/2/2024,1,14,5670,64,1,2,1.125,1.286,1.4,0.296,0,6071.88,performance_drift,2024-11,5041.324948
ID0003394,11/9/2024,3,16,9487,73,3,0,0.963,0.839,1.2,0.194,0,5164.86,performance_drift,2024-11,5753.639017
ID0003395,7/8/2024,3,9,18892,48,0,1,1.009,1.03,1.8,0.227,6,5560.41,performance_drift,2024-07,6069.48688
ID0003396,3/23/2024,3,6,22430,37,2,2,1.149,1.061,0.4,0.426,3,3966.47,performance_drift,2024-03,3601.604965
ID0003397,12/17/2024,1,8,12035,77,3,2,1.167,1.212,1.4,0.492,3,6681.2,performance_drift,2024-12,5753.639017
ID0003398,4/21/2024,3,11,10394,32,2,1,0.982,0.947,1,0.228,2,5011.72,performance_drift,2024-04,5753.639017
ID0003399,9/10/2024,3,5,21382,29,2,2,1.06,1.317,1.2,0.37,0,5855.59,performance_drift,2024-09,5753.639017
ID0003400,6/2/2024,2,15,10471,68,2,1,1.063,0.921,1,0.358,2,4537.29,performance_drift,2024-06,5753.639017
ID0003401,12/11/2024,1,6,12337,62,3,2,1.008,1.155,1,0.41,4,5577.77,performance_drift,2024-12,5753.639017
ID0003402,1/7/2024,1,2,15987,38,3,0,1.01,0.821,1.4,0.136,0,5333.27,performance_drift,2024-01,5753.639017
ID0003403,8/26/2024,4,3,28307,68,2,2,1.141,1.341,1.2,0.37,0,5682.79,performance_drift,2024-08,5753.639017
ID0003404,7/20/2024,2,10,17738,44,2,0,0.833,0.86,1.2,0.052,5,4788.79,performance_drift,2024-07,5753.639017
ID0003405,7/3/2024,2,10,16967,73,2,2,1.414,1.265,0.4,0.465,14,4673.17,performance_drift,2024-07,4284.85875
ID0003406,6/16/2024,2,10,16047,35,1,2,1.186,1.197,1.2,0.531,5,5545.7,performance_drift,2024-06,5041.324948
ID0003407,2/23/2024,1,4,15129,55,4,0,0.892,0.979,1,0.136,4,4897.74,performance_drift,2024-02,5753.639017
ID0003408,11/12/2024,1,4,13227,64,1,2,1.154,1.386,1.8,0.489,2,6579.47,performance_drift,2024-11,6069.48688
ID0003409,4/25/2024,0,15,6759,68,1,2,1.206,1.346,1.2,0.164,0,5520.81,performance_drift,2024-04,5041.324948
ID0003410,3/16/2024,1,9,14483,62,2,2,1.239,1.202,1,0.369,3,5318.53,performance_drift,2024-03,5753.639017
ID0003411,4/8/2024,1,14,7194,51,3,1,0.943,0.903,1.2,0.08,0,5430.91,performance_drift,2024-04,5753.639017
ID0003412,12/25/2024,0,7,7368,28,0,0,0.931,0.9,1.2,0.416,1,4365.51,performance_drift,2024-12,5041.324948
ID0003413,9/16/2024,3,9,17461,36,3,1,0.991,1.159,1.8,0.495,14,7300.39,performance_drift,2024-09,6733.38182
ID0003414,1/23/2024,3,9,17214,35,1,2,1.335,1.179,1.2,0.16,0,5198.58,performance_drift,2024-01,5041.324948
ID0003415,8/20/2024,1,0,23761,23,2,1,0.987,1.088,1.2,0.614,14,6190.56,performance_drift,2024-08,5753.639017
ID0003416,10/21/2024,1,6,16034,53,1,1,0.947,1.038,1.8,0.28,6,5794.8,performance_drift,2024-10,6069.48688
ID0003417,11/17/2024,1,3,18610,38,1,1,0.912,0.952,1.2,0.057,2,4457.37,performance_drift,2024-11,5041.324948
ID0003418,4/13/2024,1,11,10942,34,1,0,0.977,0.978,1.2,0.455,10,5212.71,performance_drift,2024-04,5041.324948
ID0003419,7/16/2024,1,12,9042,33,1,0,0.898,0.925,1.2,0.284,1,4632.4,performance_drift,2024-07,5041.324948
ID0003420,2/27/2024,3,7,25742,61,2,0,0.853,0.887,1.2,0.23,1,4681.76,performance_drift,2024-02,5753.639017
ID0003421,9/23/2024,2,13,11368,61,2,2,1.032,1.233,1.4,0.183,10,6081.74,performance_drift,2024-09,5753.639017
ID0003422,10/25/2024,1,9,9984,24,3,0,0.94,0.866,1.4,0.269,14,6446.55,performance_drift,2024-10,5753.639017
ID0003423,8/17/2024,3,9,16335,75,0,1,1.042,1.08,1.2,0.038,21,4458.85,performance_drift,2024-08,5041.324948
ID0003424,10/12/2024,2,12,9241,63,1,0,0.933,0.96,1.8,0.295,21,5957.81,performance_drift,2024-10,6069.48688
ID0003425,5/10/2024,3,7,19022,44,0,1,0.94,0.979,1.2,0.271,2,4544.93,performance_drift,2024-05,5041.324948
ID0003426,12/5/2024,2,15,10079,46,2,2,1.176,1.188,1.8,0.333,3,6901.01,performance_drift,2024-12,6733.38182
ID0003427,9/25/2024,2,19,10281,41,0,1,1.071,1.013,1.8,0.218,0,5591.87,performance_drift,2024-09,6069.48688
ID0003428,8/1/2024,2,4,32797,54,2,1,1.005,1.032,1.2,0.49,0,5221.83,performance_drift,2024-08,5753.639017
ID0003429,3/6/2024,0,6,12795,48,2,2,1.099,1.135,1.4,0.153,5,5758.33,performance_drift,2024-03,5753.639017
ID0003430,9/13/2024,0,8,11242,19,1,1,0.952,1.189,1.2,0.561,7,6151.13,performance_drift,2024-09,5041.324948
ID0003431,11/22/2024,4,15,14690,29,2,1,0.967,1.007,1.4,0.189,21,5955.17,performance_drift,2024-11,5753.639017
ID0003432,6/15/2024,3,13,15410,50,1,2,1.022,1.138,1.2,0.279,10,5374.38,performance_drift,2024-06,5041.324948
ID0003433,11/13/2024,2,0,29122,24,1,2,1.292,1.259,1.4,0.648,1,6674.1,performance_drift,2024-11,5041.324948
ID0003434,4/25/2024,1,17,5000,30,2,1,1.082,0.788,1.8,0.117,7,6221.4,performance_drift,2024-04,6733.38182
ID0003435,6/12/2024,3,8,13026,37,1,2,1.157,1.206,1.2,0.157,0,5312.66,performance_drift,2024-06,5041.324948
ID0003436,7/28/2024,4,9,26638,72,0,2,1.181,1.02,1.4,0.1,2,4899.58,performance_drift,2024-07,5041.324948
ID0003437,12/19/2024,0,5,10101,77,0,1,0.944,1.242,1.2,0.724,0,4481.03,performance_drift,2024-12,5041.324948
ID0003438,8/27/2024,2,1,61628,23,0,2,1.168,1.215,1.2,0.172,3,5415.9,performance_drift,2024-08,5041.324948
ID0003439,7/8/2024,2,14,10805,63,4,1,1.188,0.941,1.2,0.584,4,6271.34,performance_drift,2024-07,5753.639017
ID0003440,4/19/2024,3,5,40356,24,0,1,0.931,1.006,1,0.421,30,5480.08,performance_drift,2024-04,5041.324948
ID0003441,2/14/2024,1,6,14479,46,3,0,0.901,0.984,1.4,0.534,4,5738.03,performance_drift,2024-02,5753.639017
ID0003442,9/12/2024,2,0,38788,66,0,1,0.928,0.948,1.2,0.215,3,4259.51,performance_drift,2024-09,5041.324948
ID0003443,7/6/2024,2,13,17126,73,0,2,1.174,1.103,1.8,0.232,14,6140.84,performance_drift,2024-07,6069.48688
ID0003444,8/28/2024,1,15,9027,55,2,2,1.206,1.126,1,0.319,14,5605.48,performance_drift,2024-08,5753.639017
ID0003445,9/14/2024,1,14,5948,20,0,1,1.036,1.036,1.4,0.204,0,6088.2,performance_drift,2024-09,5041.324948
ID0003446,8/6/2024,2,0,45241,66,3,1,1.054,0.997,1,0.254,2,4627.43,performance_drift,2024-08,5753.639017
ID0003447,6/16/2024,1,7,15550,41,2,1,0.977,0.923,1.8,0.246,4,6147.2,performance_drift,2024-06,6733.38182
ID0003448,5/16/2024,3,8,19735,51,3,2,1.212,1.236,1.2,0.098,3,5702.24,performance_drift,2024-05,5753.639017
ID0003449,6/4/2024,2,0,26463,51,1,2,1.099,1.118,1.2,0.519,7,5200.29,performance_drift,2024-06,5041.324948
ID0003450,11/8/2024,3,11,15004,21,2,2,1.292,1.032,1.8,0.163,7,7520.12,performance_drift,2024-11,6733.38182
ID0003451,1/13/2024,3,12,13148,75,0,1,1.043,1.045,1.2,0.294,0,4524.02,performance_drift,2024-01,5041.324948
ID0003452,9/14/2024,2,18,6657,18,3,0,0.75,0.948,0.4,0.711,30,5559.2,performance_drift,2024-09,3601.604965
ID0003453,9/15/2024,2,4,17727,59,2,1,1.016,1.066,1.1,0.351,2,4902.78,performance_drift,2024-09,5753.639017
ID0003454,10/5/2024,2,11,12191,74,1,2,1.196,1.06,1.2,0.127,1,5074.08,performance_drift,2024-10,5041.324948
ID0003455,6/18/2024,1,16,8043,64,1,1,0.925,0.97,1.2,0.019,5,4582.5,performance_drift,2024-06,5041.324948
ID0003456,11/16/2024,3,0,34294,39,0,0,0.858,0.889,1.4,0.133,0,4030.84,performance_drift,2024-11,5041.324948
ID0003457,12/14/2024,2,11,11415,36,0,2,1.112,1.273,1,0.493,7,5155.99,performance_drift,2024-12,5041.324948
ID0003458,11/13/2024,0,4,10739,49,3,2,1.164,1.313,1.2,0.344,0,6199.45,performance_drift,2024-11,5753.639017
ID0003459,8/28/2024,1,8,14523,64,4,2,1.124,1.448,1.4,0.652,1,7091.96,performance_drift,2024-08,5753.639017
ID0003460,5/28/2024,3,5,25753,30,1,1,1.032,1.135,1.2,0.196,3,4999.79,performance_drift,2024-05,5041.324948
ID0003461,3/15/2024,2,2,22500,38,3,1,0.944,0.839,0.4,0.357,3,4018.41,performance_drift,2024-03,3601.604965
ID0003462,5/11/2024,1,13,7853,47,2,1,0.972,1.012,1.4,0.288,21,5960.95,performance_drift,2024-05,5753.639017
ID0003463,10/23/2024,2,9,15714,32,4,2,1.242,1.157,1.8,0.068,30,7452.71,performance_drift,2024-10,6733.38182
ID0003464,7/27/2024,1,9,9908,29,2,2,1.155,1.146,1.2,0.272,1,5738.07,performance_drift,2024-07,5753.639017
ID0003465,10/15/2024,1,18,8578,43,0,1,0.956,0.75,1.2,0.197,4,4237.28,performance_drift,2024-10,5041.324948
ID0003466,8/11/2024,2,3,29403,65,3,0,0.835,0.969,1.4,0.412,2,5342.24,performance_drift,2024-08,5753.639017
ID0003467,6/7/2024,2,10,16429,51,0,1,0.968,1.096,1.2,0.142,1,4485.96,performance_drift,2024-06,5041.324948
ID0003468,12/23/2024,0,10,6096,78,2,1,1.058,0.928,1.8,0.583,0,6215.91,performance_drift,2024-12,6733.38182
ID0003469,5/8/2024,2,3,20823,65,0,2,1.269,1.299,1.2,0.107,30,5319.61,performance_drift,2024-05,5041.324948
ID0003470,8/17/2024,1,6,18298,60,2,0,0.793,0.966,1,0.044,1,3925.58,performance_drift,2024-08,5753.639017
ID0003471,3/6/2024,0,8,7024,51,2,2,1.376,1.317,1.4,0.214,0,5824.26,performance_drift,2024-03,5753.639017
ID0003472,10/26/2024,2,10,21924,34,1,1,0.965,0.987,1.2,0.4,1,4842.77,performance_drift,2024-10,5041.324948
ID0003473,2/19/2024,1,0,16275,32,1,2,1.175,1.53,1.8,0.347,0,6854.88,performance_drift,2024-02,6069.48688
ID0003474,7/14/2024,0,3,13459,33,3,0,0.993,0.96,1.2,0.4,1,5262.12,performance_drift,2024-07,5753.639017
ID0003475,3/15/2024,0,6,9742,60,4,2,1.132,1.419,1.4,0.082,30,7002.76,performance_drift,2024-03,5753.639017
ID0003476,10/8/2024,2,8,20158,40,0,2,1.267,1.281,1.8,0.274,0,6404.35,performance_drift,2024-10,6069.48688
ID0003477,6/21/2024,2,16,7635,31,0,1,1.07,0.848,3.2,0.633,30,8725.72,performance_drift,2024-06,8216.463966
ID0003478,9/12/2024,0,4,17953,18,0,1,1.005,0.859,1.4,0.293,5,5325.8,performance_drift,2024-09,5041.324948
ID0003479,2/27/2024,1,7,12481,66,1,1,1.182,1.046,1.4,0.2,1,4897.84,performance_drift,2024-02,5041.324948
ID0003480,9/22/2024,3,14,9900,76,1,2,1.215,1.216,1.2,0.572,1,5400.14,performance_drift,2024-09,5041.324948
ID0003481,2/12/2024,1,6,12604,53,3,1,1.003,0.924,1.4,0.145,4,5619.66,performance_drift,2024-02,5753.639017
ID0003482,2/9/2024,1,15,5695,75,2,2,1.128,1.324,1.4,0.065,2,5893.38,performance_drift,2024-02,5753.639017
ID0003483,2/27/2024,2,10,14965,61,1,1,0.959,0.987,1.8,0.148,0,5524.68,performance_drift,2024-02,6069.48688
ID0003484,9/27/2024,3,4,39479,41,2,1,1.109,1.136,1.4,0.171,1,5349.15,performance_drift,2024-09,5753.639017
ID0003485,12/24/2024,2,0,30439,63,0,1,0.95,0.75,1.4,0.521,6,4256.05,performance_drift,2024-12,5041.324948
ID0003486,7/19/2024,1,10,13318,39,2,1,1.096,1.125,1.2,0.067,10,5432.28,performance_drift,2024-07,5753.639017
ID0003487,7/22/2024,1,4,14105,50,2,2,1.081,1.257,1.2,0.641,1,5733.04,performance_drift,2024-07,5753.639017
ID0003488,11/9/2024,4,11,33311,33,1,2,1.282,1.261,1.4,0.336,6,5837.44,performance_drift,2024-11,5041.324948
ID0003489,11/26/2024,2,9,15156,23,1,0,0.889,1.029,1.2,0.192,0,5676.73,performance_drift,2024-11,5041.324948
ID0003490,7/2/2024,2,11,14526,36,4,1,1.008,1.048,1.4,0.476,0,6556.25,performance_drift,2024-07,5753.639017
ID0003491,8/24/2024,2,2,20671,71,0,1,1.077,0.842,1.4,0.362,0,4281.24,performance_drift,2024-08,5041.324948
ID0003492,6/24/2024,1,6,16090,53,4,2,1.168,1.151,1.1,0.279,1,6185.59,performance_drift,2024-06,5753.639017
ID0003493,3/10/2024,2,6,24194,49,3,2,1.078,1.176,1.2,0.446,2,6408,performance_drift,2024-03,5753.639017
ID0003494,1/2/2024,2,19,5000,69,1,2,1.241,1.433,1.8,0.339,10,6712.7,performance_drift,2024-01,6069.48688
ID0003495,6/12/2024,4,14,14437,51,2,2,1.196,1.302,1.8,0.058,1,7055.63,performance_drift,2024-06,6733.38182
ID0003496,3/20/2024,2,8,22574,79,0,1,1.032,1.045,1.2,0.302,1,4298.39,performance_drift,2024-03,5041.324948
ID0003497,1/26/2024,2,4,22137,76,2,2,1.238,1.196,1.8,0.138,4,6244.85,performance_drift,2024-01,6733.38182
ID0003498,9/15/2024,4,9,32275,51,1,1,1.052,0.872,1.4,0.387,0,5133.03,performance_drift,2024-09,5041.324948
ID0003499,9/26/2024,0,16,5000,69,1,0,0.857,0.882,1.2,0.394,0,4355.12,performance_drift,2024-09,5041.324948
ID0003500,8/15/2024,3,8,26082,39,1,0,0.917,0.884,1.8,0.294,2,5346.71,performance_drift,2024-08,6069.48688
ID0003501,3/23/2024,3,10,12605,43,3,1,0.984,1.012,1.2,0.027,3,5454.17,performance_drift,2024-03,5753.639017
ID0003502,4/28/2024,0,10,8770,54,1,1,1.016,0.75,1.4,0.395,14,5294.23,performance_drift,2024-04,5041.324948
ID0003503,9/7/2024,0,6,13677,78,2,1,1.149,1.017,0.4,0.178,7,3329.59,performance_drift,2024-09,3601.604965
ID0003504,10/5/2024,2,13,12179,29,1,2,1.211,0.985,1.4,0.202,0,5437.46,performance_drift,2024-10,5041.324948
ID0003505,3/4/2024,3,0,26565,27,3,2,1.278,1.04,1.8,0.204,5,6710.08,performance_drift,2024-03,6733.38182
ID0003506,1/6/2024,4,6,49112,25,0,0,0.954,0.949,1.2,0.247,7,4479.17,performance_drift,2024-01,5041.324948
ID0003507,8/15/2024,1,8,9385,38,2,2,0.977,1.324,1.4,0.39,1,6370.32,performance_drift,2024-08,5753.639017
ID0003508,6/21/2024,0,14,5000,18,3,2,1.156,1.101,1.2,0.058,10,7196.51,performance_drift,2024-06,5753.639017
ID0003509,2/26/2024,4,3,51741,47,2,2,1.122,1.206,0.4,0.13,30,4232.59,performance_drift,2024-02,4284.85875
ID0003510,3/27/2024,3,4,19013,42,1,2,1.211,1.126,1.2,0.167,21,5277.46,performance_drift,2024-03,5041.324948
ID0003511,7/27/2024,2,4,27238,49,3,2,1.174,1.282,1.4,0.651,0,6423,performance_drift,2024-07,5753.639017
ID0003512,7/28/2024,1,15,7215,44,3,1,0.77,1.036,1.4,0.427,0,6359.11,performance_drift,2024-07,5753.639017
ID0003513,1/23/2024,1,10,13939,28,1,2,1.219,1.241,1.4,0.201,14,6120.41,performance_drift,2024-01,5041.324948
ID0003514,10/23/2024,2,7,21878,55,4,2,1.066,1.141,1.1,0.649,2,6576.15,performance_drift,2024-10,5753.639017
ID0003515,11/16/2024,2,7,18722,31,2,2,1.198,1.249,1.2,0.115,1,5822.7,performance_drift,2024-11,5753.639017
ID0003516,10/15/2024,2,1,35063,35,2,2,1.034,0.972,1.2,0.022,1,5087.4,performance_drift,2024-10,5753.639017
ID0003517,2/8/2024,0,6,13272,46,3,2,1.274,1.25,1.2,0.408,0,5929.62,performance_drift,2024-02,5753.639017
ID0003518,11/22/2024,3,10,21199,30,3,2,1.258,1.116,1.8,0.111,1,7098.96,performance_drift,2024-11,6733.38182
ID0003519,10/23/2024,2,15,7621,52,0,2,1.122,1.214,1.4,0.176,1,5383.71,performance_drift,2024-10,5041.324948
ID0003520,2/25/2024,0,17,5046,60,4,1,0.982,0.942,1,0.405,2,5398.77,performance_drift,2024-02,5753.639017
ID0003521,8/16/2024,2,10,10657,30,3,1,1.056,1.115,1.4,0.517,10,6250.6,performance_drift,2024-08,5753.639017
ID0003522,6/3/2024,4,2,52521,31,2,1,0.977,0.977,1.8,0.139,7,6081.05,performance_drift,2024-06,6733.38182
ID0003523,1/19/2024,0,3,10443,26,0,2,1.178,1.281,1.1,0.064,6,4795.43,performance_drift,2024-01,5041.324948
ID0003524,3/12/2024,1,7,17018,35,3,1,1.105,1.156,1.2,0.628,0,5996.47,performance_drift,2024-03,5753.639017
ID0003525,3/2/2024,2,8,16557,77,3,2,1.167,1.188,1.8,0.336,1,7218.84,performance_drift,2024-03,6733.38182
ID0003526,8/5/2024,0,16,6090,72,3,2,1.129,1.074,1.2,0.401,1,5678.01,performance_drift,2024-08,5753.639017
ID0003527,12/19/2024,1,9,12473,59,3,0,0.847,0.939,1.8,0.472,5,6344.85,performance_drift,2024-12,6733.38182
ID0003528,2/15/2024,1,12,7835,77,1,2,1.134,1.224,1.2,0.194,4,5047,performance_drift,2024-02,5041.324948
ID0003529,6/3/2024,1,7,20116,22,2,1,0.97,0.909,1.8,0.081,3,7072.87,performance_drift,2024-06,6733.38182
ID0003530,6/22/2024,0,19,5000,46,0,1,0.919,1.021,1,0.25,21,4815.95,performance_drift,2024-06,5041.324948
ID0003531,6/19/2024,2,6,19560,58,1,2,1.197,1.161,1,0.114,1,4592.94,performance_drift,2024-06,5041.324948
ID0003532,9/26/2024,2,12,11848,61,1,2,1.253,1.254,1.4,0.655,4,6116.39,performance_drift,2024-09,5041.324948
ID0003533,5/3/2024,3,5,23598,61,2,1,1.083,1.042,1.8,0.343,1,6353.05,performance_drift,2024-05,6733.38182
ID0003534,11/21/2024,3,10,18633,37,0,1,1.059,0.993,1.2,0.068,2,4378.27,performance_drift,2024-11,5041.324948
ID0003535,7/17/2024,3,9,17030,44,0,0,0.858,1.022,3.2,0.275,3,8050.91,performance_drift,2024-07,8216.463966
ID0003536,6/19/2024,1,12,8100,24,0,2,1.166,1.28,1.8,0.273,10,7225.03,performance_drift,2024-06,6069.48688
ID0003537,10/6/2024,2,6,18051,35,1,1,0.874,0.948,1.4,0.111,4,5030.65,performance_drift,2024-10,5041.324948
ID0003538,7/13/2024,2,9,11595,44,3,0,0.929,1.011,1,0.278,1,4819.21,performance_drift,2024-07,5753.639017
ID0003539,5/9/2024,3,10,25646,61,1,1,0.919,1.067,1.4,0.194,2,5048.59,performance_drift,2024-05,5041.324948
ID0003540,8/27/2024,2,9,18967,68,3,2,1.169,1.203,1.8,0.342,2,6964.35,performance_drift,2024-08,6733.38182
ID0003541,1/2/2024,1,13,11045,79,2,2,1.125,1.19,1.8,0.334,30,7056.31,performance_drift,2024-01,6733.38182
ID0003542,7/15/2024,1,6,13523,75,2,2,1.281,1.011,1.2,0.368,0,5042.04,performance_drift,2024-07,5753.639017
ID0003543,5/17/2024,0,8,7176,36,0,2,1.249,1.157,1.2,0.623,0,5154.25,performance_drift,2024-05,5041.324948
ID0003544,4/7/2024,1,10,10223,63,2,1,0.933,0.992,1.4,0.383,1,5626.13,performance_drift,2024-04,5753.639017
ID0003545,2/1/2024,0,8,8976,40,3,1,1.039,1.17,1.4,0.077,2,5793.28,performance_drift,2024-02,5753.639017
ID0003546,11/26/2024,2,9,12334,38,2,1,1.052,1.109,1.4,0.342,3,6088.16,performance_drift,2024-11,5753.639017
ID0003547,12/20/2024,1,4,21118,74,1,1,1.106,0.942,1.2,0.303,0,4590.76,performance_drift,2024-12,5041.324948
ID0003548,8/18/2024,1,10,9022,65,1,2,1.176,1.167,0.4,0.55,1,4029.38,performance_drift,2024-08,4284.85875
ID0003549,4/7/2024,2,7,13875,40,4,2,1.136,1.317,1.2,0.223,0,6298.15,performance_drift,2024-04,5753.639017
ID0003550,7/10/2024,1,10,10913,37,3,1,0.945,0.961,1.8,0.5,1,6697.5,performance_drift,2024-07,6733.38182
ID0003551,3/17/2024,2,14,7373,79,2,1,1.033,1.08,1.4,0.384,14,5852.94,performance_drift,2024-03,5753.639017
ID0003552,5/6/2024,2,11,14302,26,2,1,0.948,0.944,1.2,0.225,30,5704.8,performance_drift,2024-05,5753.639017
ID0003553,10/20/2024,3,6,20283,29,4,1,1.101,0.933,1.2,0.38,30,6278.57,performance_drift,2024-10,5753.639017
ID0003554,11/22/2024,3,5,20150,45,0,2,1.151,1.327,1,0.685,0,5048.58,performance_drift,2024-11,5041.324948
ID0003555,9/2/2024,0,5,13134,55,1,1,1.005,1.045,1.8,0.197,2,5654.65,performance_drift,2024-09,6069.48688
ID0003556,3/6/2024,2,0,29790,47,1,2,1.19,1.153,1.2,0.17,5,4872.63,performance_drift,2024-03,5041.324948
ID0003557,9/5/2024,1,0,14920,59,2,2,1.133,1.201,1.2,0.11,2,5066.75,performance_drift,2024-09,5753.639017
ID0003558,6/4/2024,0,7,6239,69,1,2,1.253,1.399,1.2,0.254,3,5412.06,performance_drift,2024-06,5041.324948
ID0003559,1/21/2024,1,16,5585,43,2,1,1.005,0.901,1.2,0.427,0,5687.46,performance_drift,2024-01,5753.639017
ID0003560,2/7/2024,3,10,15563,28,3,2,1.167,1.13,1,0.539,0,6087.42,performance_drift,2024-02,5753.639017
ID0003561,5/19/2024,3,13,18298,70,2,1,1.106,0.974,1.4,0.284,2,5681.13,performance_drift,2024-05,5753.639017
ID0003562,12/2/2024,3,14,19464,59,0,2,1.145,1.156,3.2,0.3,1,8877.59,performance_drift,2024-12,8216.463966
ID0003563,3/7/2024,1,8,11175,71,3,2,1.169,1.229,1.8,0.472,2,7099.62,performance_drift,2024-03,6733.38182
ID0003564,7/28/2024,2,6,26084,30,1,1,0.929,1.052,1.2,0.256,10,4955.87,performance_drift,2024-07,5041.324948
ID0003565,9/19/2024,3,3,45155,66,3,1,1.042,1.069,1.2,0.183,3,5364.21,performance_drift,2024-09,5753.639017
ID0003566,5/11/2024,3,13,12750,47,1,1,1.008,0.86,1.8,0.191,0,5741.4,performance_drift,2024-05,6069.48688
ID0003567,4/20/2024,1,7,10511,18,3,1,1.005,0.987,1.2,0.35,21,6526.09,performance_drift,2024-04,5753.639017
ID0003568,11/20/2024,3,15,10106,28,1,1,1.075,1.168,1.4,0.494,1,5923.43,performance_drift,2024-11,5041.324948
ID0003569,10/6/2024,2,12,14983,34,1,1,0.94,1.159,1.2,0.348,2,5205.15,performance_drift,2024-10,5041.324948
ID0003570,12/2/2024,0,8,10506,64,1,2,1.413,1.265,1.4,0.236,21,5825.06,performance_drift,2024-12,5041.324948
ID0003571,8/9/2024,3,9,11677,77,2,2,1.213,1.2,1.2,0.307,0,5398.68,performance_drift,2024-08,5753.639017
ID0003572,1/9/2024,1,6,9452,23,2,1,1.064,1.06,1.2,0.078,5,5796.37,performance_drift,2024-01,5753.639017
ID0003573,12/25/2024,4,11,24937,56,1,0,0.943,0.997,1.2,0.245,30,4572.76,performance_drift,2024-12,5041.324948
ID0003574,8/7/2024,2,14,10689,24,1,1,1.108,1.176,1.8,0.137,6,7064.92,performance_drift,2024-08,6069.48688
ID0003575,3/8/2024,1,8,11621,60,3,0,0.802,0.781,1.2,0.417,14,5166.66,performance_drift,2024-03,5753.639017
ID0003576,7/12/2024,1,9,14758,46,0,2,0.96,1.109,1.8,0.186,10,6146.45,performance_drift,2024-07,6069.48688
ID0003577,3/21/2024,3,9,18193,67,2,2,1.353,1.139,1.2,0.037,2,5474.46,performance_drift,2024-03,5753.639017
ID0003578,12/11/2024,1,10,10664,34,1,2,1.389,1.358,1.8,0.185,2,6776.49,performance_drift,2024-12,6069.48688
ID0003579,4/5/2024,3,2,36623,34,4,1,1.084,1.067,1.2,0.599,1,5997.03,performance_drift,2024-04,5753.639017
ID0003580,6/25/2024,1,8,12423,47,3,2,1.151,1.125,1.8,0.15,4,7108.56,performance_drift,2024-06,6733.38182
ID0003581,10/9/2024,0,11,7096,55,1,1,0.958,0.968,1.4,0.285,3,5245.42,performance_drift,2024-10,5041.324948
ID0003582,5/13/2024,2,6,25630,18,0,1,0.984,1.08,1.8,0.238,7,6532.87,performance_drift,2024-05,6069.48688
ID0003583,3/26/2024,2,4,30003,66,0,1,0.913,1.12,1.2,0.343,2,4355.43,performance_drift,2024-03,5041.324948
ID0003584,5/3/2024,2,6,23620,43,1,2,1.096,1.395,1.2,0.516,14,5917.4,performance_drift,2024-05,5041.324948
ID0003585,11/27/2024,1,9,12553,67,3,2,1.048,1.027,1.8,0.097,2,6856.12,performance_drift,2024-11,6733.38182
ID0003586,8/27/2024,4,13,25976,36,4,0,1.044,0.847,1,0.341,0,5491.56,performance_drift,2024-08,5753.639017
ID0003587,8/2/2024,2,2,20165,38,2,2,1.087,1.266,1.8,0.135,1,6843.13,performance_drift,2024-08,6733.38182
ID0003588,10/2/2024,1,15,7300,23,2,1,0.97,0.959,1,0.24,10,5691.32,performance_drift,2024-10,5753.639017
ID0003589,10/23/2024,1,6,10076,45,1,1,1.002,1.042,1.4,0.363,1,5352.01,performance_drift,2024-10,5041.324948
ID0003590,9/28/2024,2,15,9290,60,3,1,0.911,1.187,1.8,0.264,4,6860.45,performance_drift,2024-09,6733.38182
ID0003591,5/10/2024,4,1,69345,32,2,2,1.241,1.544,1.4,0.556,5,6719.82,performance_drift,2024-05,5753.639017
ID0003592,10/23/2024,3,14,14334,40,2,2,1.194,1.084,0.4,0.398,10,4377.72,performance_drift,2024-10,3601.604965
ID0003593,6/12/2024,2,10,18669,58,1,1,1.029,1.033,1.8,0.24,6,6127.11,performance_drift,2024-06,6069.48688
ID0003594,11/21/2024,3,5,23080,37,1,2,1.117,1.136,1.8,0.196,10,6334.81,performance_drift,2024-11,6069.48688
ID0003595,4/20/2024,3,7,17066,70,1,0,0.898,0.968,1.2,0.104,1,3976.88,performance_drift,2024-04,5041.324948
ID0003596,2/10/2024,2,5,28620,45,3,2,1.139,1.199,0.4,0.294,2,4621.17,performance_drift,2024-02,4284.85875
ID0003597,5/23/2024,1,6,13710,68,1,2,1.348,1.163,1.8,0.438,30,6576.45,performance_drift,2024-05,6069.48688
ID0003598,6/27/2024,1,12,8107,43,1,1,0.986,1.054,1.2,0.284,21,5275.3,performance_drift,2024-06,5041.324948
ID0003599,2/12/2024,2,14,9569,61,2,2,1.258,1.048,1.2,0.756,2,5978.05,performance_drift,2024-02,5753.639017
ID0003600,8/2/2024,2,8,21498,56,1,1,1.042,0.979,0.4,0.492,30,3980.44,performance_drift,2024-08,3601.604965
ID0003601,8/14/2024,0,9,8859,55,2,2,1.336,1.135,1.2,0.116,5,5581.49,performance_drift,2024-08,5753.639017
ID0003602,3/7/2024,3,10,20881,26,3,2,1.232,1.33,1.2,0.046,1,6142.43,performance_drift,2024-03,5753.639017
ID0003603,7/20/2024,2,5,19027,33,2,2,1.142,1.281,1.2,0.25,2,5983.97,performance_drift,2024-07,5753.639017
ID0003604,11/22/2024,1,9,15831,33,3,2,1.125,1.319,3.2,0.406,6,9967.44,performance_drift,2024-11,9219.214917
ID0003605,3/5/2024,1,4,10388,27,1,2,1.273,1.265,1.4,0.373,0,5892.13,performance_drift,2024-03,5041.324948
ID0003606,8/13/2024,1,17,5632,28,1,0,0.813,0.897,1.4,0.029,2,5016.85,performance_drift,2024-08,5041.324948
ID0003607,9/18/2024,1,6,15753,66,0,2,1.247,1.055,1,0.514,1,4187.17,performance_drift,2024-09,5041.324948
ID0003608,4/12/2024,2,9,13960,39,1,2,1.208,1.209,1.8,0.155,2,6640.43,performance_drift,2024-04,6069.48688
ID0003609,7/18/2024,1,5,12648,67,1,1,1.137,0.95,1,0.167,2,3975.08,performance_drift,2024-07,5041.324948
ID0003610,7/20/2024,1,8,16254,26,1,1,1.079,0.984,1.8,0.493,3,6207.5,performance_drift,2024-07,6069.48688
ID0003611,1/27/2024,1,16,7905,77,1,1,0.945,0.808,1.4,0.645,2,5370.16,performance_drift,2024-01,5041.324948
ID0003612,8/23/2024,1,1,16944,64,1,2,1.153,1.263,1.2,0.331,21,5554.44,performance_drift,2024-08,5041.324948
ID0003613,5/8/2024,1,10,13126,35,0,0,0.839,0.911,1,0.068,4,3638.77,performance_drift,2024-05,5041.324948
ID0003614,2/11/2024,1,17,5000,32,0,2,1.216,1.122,1.4,0.149,0,5609.62,performance_drift,2024-02,5041.324948
ID0003615,5/3/2024,1,6,11889,55,1,1,0.958,0.964,1,0.171,0,4165.55,performance_drift,2024-05,5041.324948
ID0003616,8/21/2024,1,8,9922,48,1,2,1.186,1.331,1.8,0.099,14,6504.72,performance_drift,2024-08,6069.48688
ID0003617,9/11/2024,2,11,15607,43,0,2,1.058,1.298,1.4,0.817,0,5903.69,performance_drift,2024-09,5041.324948
ID0003618,12/18/2024,2,14,12587,19,1,0,0.856,0.873,1.2,0.245,3,5612.89,performance_drift,2024-12,5041.324948
ID0003619,6/7/2024,1,11,10858,79,2,2,1.01,1.158,1.2,0.13,1,5586.64,performance_drift,2024-06,5753.639017
ID0003620,4/1/2024,1,4,15073,19,4,0,0.963,0.93,1.8,0.159,0,6954.51,performance_drift,2024-04,6733.38182
ID0003621,1/23/2024,2,4,25462,46,2,0,0.947,0.848,1.2,0.472,21,4917.79,performance_drift,2024-01,5753.639017
ID0003622,10/28/2024,3,8,12151,64,2,0,0.873,0.926,1.8,0.151,2,5809.89,performance_drift,2024-10,6733.38182
ID0003623,5/26/2024,1,13,7294,67,2,0,0.81,0.984,1.4,0.148,0,5053.16,performance_drift,2024-05,5753.639017
ID0003624,12/24/2024,3,0,33634,36,4,1,0.902,1.086,1.1,0.534,14,5952.37,performance_drift,2024-12,5753.639017
ID0003625,10/21/2024,1,15,10208,58,0,1,1.034,1.205,1.8,0.165,0,5951.09,performance_drift,2024-10,6069.48688
ID0003626,5/25/2024,2,6,17410,28,3,2,1.062,1.131,1.4,0.393,0,6804.45,performance_drift,2024-05,5753.639017
ID0003627,2/26/2024,2,20,6572,69,0,2,1.292,1.103,1.4,0.39,0,5323.37,performance_drift,2024-02,5041.324948
ID0003628,5/25/2024,2,14,11093,18,1,0,0.885,1.034,1.2,0.238,14,5794.99,performance_drift,2024-05,5041.324948
ID0003629,11/19/2024,1,6,10301,71,0,1,1.143,0.982,1.8,0.321,4,5334.34,performance_drift,2024-11,6069.48688
ID0003630,9/24/2024,1,6,16394,63,0,2,1.033,1.208,1.4,0.312,6,5104,performance_drift,2024-09,5041.324948
ID0003631,10/4/2024,3,8,23396,37,2,1,1.134,1.001,1.8,0.084,1,6125.45,performance_drift,2024-10,6733.38182
ID0003632,12/19/2024,2,10,18331,64,1,2,1.137,1.151,1.4,0.382,0,5651.5,performance_drift,2024-12,5041.324948
ID0003633,6/14/2024,2,9,16250,22,2,2,1.343,1.165,1.8,0.106,3,7556.52,performance_drift,2024-06,6733.38182
ID0003634,9/9/2024,2,9,17671,36,0,1,1.02,1.108,1.8,0.409,0,5967.5,performance_drift,2024-09,6069.48688
ID0003635,7/9/2024,1,8,11667,28,0,1,0.933,0.993,1.8,0.191,4,5737.42,performance_drift,2024-07,6069.48688
ID0003636,6/2/2024,2,1,42532,73,3,2,1.245,1.419,1.4,0.196,0,6077.17,performance_drift,2024-06,5753.639017
ID0003637,12/1/2024,3,8,19838,31,3,1,0.942,0.959,1.2,0.231,1,5537.2,performance_drift,2024-12,5753.639017
ID0003638,2/8/2024,4,9,26580,58,4,1,0.867,1.049,1.8,0.254,1,6708.82,performance_drift,2024-02,6733.38182
ID0003639,10/16/2024,3,8,16385,44,0,2,1.116,1.263,1.8,0.222,3,6174.74,performance_drift,2024-10,6069.48688
ID0003640,7/18/2024,1,11,12842,56,1,1,0.977,1,3.2,0.338,7,8505.29,performance_drift,2024-07,9219.214917
ID0003641,1/6/2024,3,2,23320,29,0,1,1.007,0.968,1.2,0.302,2,4742.21,performance_drift,2024-01,5041.324948
ID0003642,10/20/2024,0,18,5361,60,3,2,1.169,1.133,1.1,0.174,0,5935.93,performance_drift,2024-10,5753.639017
ID0003643,7/4/2024,2,9,19445,55,2,2,1.408,1.431,1.2,0.571,14,6411.68,performance_drift,2024-07,5753.639017
ID0003644,8/24/2024,3,14,13532,41,1,1,1.049,0.936,1.4,0.172,0,5143.69,performance_drift,2024-08,5041.324948
ID0003645,2/1/2024,1,6,13584,19,3,2,1.19,1.224,0.4,0.209,3,5485.67,performance_drift,2024-02,4284.85875
ID0003646,12/26/2024,4,13,20510,79,2,2,1.28,1.349,1.4,0.339,2,6060.27,performance_drift,2024-12,5753.639017
ID0003647,11/24/2024,2,8,15840,27,1,2,1.118,1.445,1.4,0.304,2,6539.12,performance_drift,2024-11,5041.324948
ID0003648,3/25/2024,1,16,6864,78,1,1,1.027,0.87,1.1,0.254,2,4492.4,performance_drift,2024-03,5041.324948
ID0003649,2/11/2024,2,10,22024,41,3,1,1.017,1.032,1.4,0.154,21,6232.3,performance_drift,2024-02,5753.639017
ID0003650,1/4/2024,3,6,20008,21,3,2,1.05,1.136,1.2,0.109,2,6632.33,performance_drift,2024-01,5753.639017
ID0003651,9/19/2024,4,13,20801,35,1,2,1.048,1.326,1.2,0.155,3,5608.94,performance_drift,2024-09,5041.324948
ID0003652,12/22/2024,2,3,24683,74,1,1,0.956,1.036,3.2,0.073,7,8004.6,performance_drift,2024-12,9219.214917
ID0003653,4/27/2024,4,5,39086,56,0,2,1.198,1.306,1.2,0.391,1,4905.65,performance_drift,2024-04,5041.324948
ID0003654,5/24/2024,1,13,6396,79,2,2,1.085,1.033,1.4,0.356,30,5920.11,performance_drift,2024-05,5753.639017
ID0003655,7/8/2024,2,5,18406,40,0,1,0.968,0.919,0.4,0.598,21,3495.08,performance_drift,2024-07,3601.604965
ID0003656,10/19/2024,2,13,7410,77,1,0,0.937,0.904,0.4,0.522,0,3236.98,performance_drift,2024-10,3601.604965
ID0003657,7/10/2024,2,15,7246,49,1,1,1.048,0.957,1.4,0.405,2,5359.25,performance_drift,2024-07,5041.324948
ID0003658,7/12/2024,2,2,26288,54,1,1,1.109,1.136,1.4,0.467,3,4982.14,performance_drift,2024-07,5041.324948
ID0003659,5/15/2024,2,13,9013,18,4,2,1.172,1.116,1.8,0.334,4,8540.36,performance_drift,2024-05,6733.38182
ID0003660,5/9/2024,2,4,25623,76,2,1,1.067,1.014,1.2,0.618,3,5195.39,performance_drift,2024-05,5753.639017
ID0003661,9/21/2024,0,10,10268,55,1,1,0.974,1.014,1.4,0.189,2,5329.16,performance_drift,2024-09,5041.324948
ID0003662,6/3/2024,1,5,13150,77,3,0,0.924,0.864,0.4,0.05,2,3091.91,performance_drift,2024-06,3601.604965
ID0003663,5/11/2024,1,11,9934,18,1,0,0.948,0.842,1.8,0.614,0,6656.09,performance_drift,2024-05,6069.48688
ID0003664,4/28/2024,4,0,60757,39,2,2,1.161,1.391,1.2,0.056,4,5669.38,performance_drift,2024-04,5753.639017
ID0003665,1/4/2024,1,12,7445,79,4,1,1.045,0.996,1.2,0.215,7,5680.7,performance_drift,2024-01,5753.639017
ID0003666,9/27/2024,0,4,13226,31,2,1,1.001,1.132,1,0.465,0,5021.97,performance_drift,2024-09,5753.639017
ID0003667,8/1/2024,3,3,29631,46,1,1,1.002,1.134,1,0.24,21,4640.92,performance_drift,2024-08,5041.324948
ID0003668,12/2/2024,2,3,26971,66,4,2,1.162,1.268,1.8,0.381,3,7334.21,performance_drift,2024-12,6733.38182
ID0003669,10/23/2024,3,10,19078,79,0,2,1.283,1.199,1.4,0.324,14,5148.98,performance_drift,2024-10,5041.324948
ID0003670,6/19/2024,1,11,7480,65,2,2,1.156,1.031,1.8,0.365,3,6368.52,performance_drift,2024-06,6733.38182
ID0003671,6/18/2024,1,11,8172,73,2,2,1.25,1.155,1.8,0.114,2,6495.67,performance_drift,2024-06,6733.38182
ID0003672,7/20/2024,2,6,18562,29,2,0,0.893,0.926,1.1,0.247,3,4847.51,performance_drift,2024-07,5753.639017
ID0003673,4/13/2024,2,6,20427,62,1,2,1.134,1.087,1.4,0.422,1,5139.8,performance_drift,2024-04,5041.324948
ID0003674,4/24/2024,3,8,24880,39,4,1,1.047,1.031,1.4,0.475,0,6131.02,performance_drift,2024-04,5753.639017
ID0003675,5/12/2024,2,10,9897,57,2,0,0.964,1.001,1.2,0.495,7,4960.43,performance_drift,2024-05,5753.639017
ID0003676,7/10/2024,1,2,16731,48,2,0,0.912,0.888,1.8,0.258,30,5723.58,performance_drift,2024-07,6733.38182
ID0003677,6/10/2024,1,10,8592,70,2,1,0.823,0.95,1.2,0.21,10,4887.67,performance_drift,2024-06,5753.639017
ID0003678,9/24/2024,0,8,7567,72,2,1,1.03,1.135,1.2,0.432,2,5412.38,performance_drift,2024-09,5753.639017
ID0003679,8/1/2024,1,6,20457,31,3,1,0.954,1.185,1.8,0.069,30,6893.8,performance_drift,2024-08,6733.38182
ID0003680,4/23/2024,1,4,17429,50,2,1,0.954,0.873,1.2,0.213,0,4949.6,performance_drift,2024-04,5753.639017
ID0003681,8/25/2024,4,10,25883,79,3,0,0.883,0.966,1.2,0.177,5,4834.87,performance_drift,2024-08,5753.639017
ID0003682,5/7/2024,3,2,32486,51,4,2,1.408,1.189,1.4,0.021,6,6603.11,performance_drift,2024-05,5753.639017
ID0003683,5/27/2024,2,0,19345,49,1,1,0.872,1.047,1.2,0.167,3,4682.81,performance_drift,2024-05,5041.324948
ID0003684,11/23/2024,1,7,15615,45,2,1,1.044,1.041,0.4,0.535,0,4110.56,performance_drift,2024-11,3601.604965
ID0003685,9/5/2024,2,5,23110,45,1,1,1.07,1.04,1.4,0.176,1,4937.92,performance_drift,2024-09,5041.324948
ID0003686,2/20/2024,3,8,20576,52,2,0,0.922,1.03,1,0.086,0,4568.01,performance_drift,2024-02,5753.639017
ID0003687,9/25/2024,0,12,7691,54,0,2,1.078,1.295,1.1,0.193,4,4964.59,performance_drift,2024-09,5041.324948
ID0003688,11/17/2024,2,1,28290,65,3,2,1.042,1.186,1.4,0.233,0,5963.86,performance_drift,2024-11,5753.639017
ID0003689,5/13/2024,0,7,8542,32,1,2,1.095,1.256,1.8,0.115,2,6426.53,performance_drift,2024-05,6069.48688
ID0003690,4/26/2024,1,9,12086,75,1,2,1.069,1.124,1.4,0.229,4,5457.67,performance_drift,2024-04,5041.324948
ID0003691,11/19/2024,4,3,38223,64,2,1,1.121,1.042,1.4,0.3,2,5331.89,performance_drift,2024-11,5753.639017
ID0003692,1/11/2024,1,9,8496,31,1,2,1.365,1.371,1.2,0.238,10,5780.02,performance_drift,2024-01,5041.324948
ID0003693,1/4/2024,2,2,22461,36,3,1,1.05,1.072,0.4,0.212,2,4087.58,performance_drift,2024-01,3601.604965
ID0003694,7/23/2024,0,6,8274,36,1,1,0.841,0.912,1.2,0.176,21,4674.36,performance_drift,2024-07,5041.324948
ID0003695,5/4/2024,4,7,39697,32,2,1,1.048,0.851,1.4,0.138,0,5405.53,performance_drift,2024-05,5753.639017
ID0003696,5/16/2024,0,16,5705,26,2,1,1.018,0.915,1.4,0.226,2,5814.98,performance_drift,2024-05,5753.639017
ID0003697,1/14/2024,4,14,17453,48,0,0,0.91,0.904,3.2,0.137,7,7872.2,performance_drift,2024-01,8216.463966
ID0003698,9/28/2024,2,15,8875,44,2,2,1.191,1.134,1.2,0.509,6,6095.24,performance_drift,2024-09,5753.639017
ID0003699,10/20/2024,3,13,21070,74,2,1,1.01,0.858,1.2,0.371,6,5106.04,performance_drift,2024-10,5753.639017
ID0003700,7/2/2024,1,6,10547,49,1,2,1.13,1.126,1.2,0.164,2,5017.85,performance_drift,2024-07,5041.324948
ID0003701,8/16/2024,1,13,9893,34,1,1,1.004,0.978,1.4,0.278,10,5527.19,performance_drift,2024-08,5041.324948
ID0003702,8/13/2024,3,17,8103,53,2,2,1.105,1.149,1.8,0.429,21,7051.98,performance_drift,2024-08,6733.38182
ID0003703,2/22/2024,2,2,31689,61,3,1,0.927,0.986,1.1,0.415,4,5100.83,performance_drift,2024-02,5753.639017
ID0003704,7/28/2024,4,5,49534,62,0,2,1.139,1.286,1.4,0.167,6,5299.15,performance_drift,2024-07,5041.324948
ID0003705,9/3/2024,2,3,29087,38,1,1,0.979,0.86,1.2,0.467,7,4924.56,performance_drift,2024-09,5041.324948
ID0003706,5/16/2024,1,8,16919,62,1,1,0.948,0.933,1.8,0.095,2,5659.99,performance_drift,2024-05,6069.48688
ID0003707,1/11/2024,1,10,11194,29,2,0,0.927,0.902,1.2,0.307,3,5318.69,performance_drift,2024-01,5753.639017
ID0003708,8/4/2024,1,3,18485,26,2,1,0.977,0.916,3.2,0.428,3,9001.06,performance_drift,2024-08,9219.214917
ID0003709,10/15/2024,0,14,7862,38,1,0,0.973,0.86,1,0.235,1,4374.71,performance_drift,2024-10,5041.324948
ID0003710,9/25/2024,2,16,9191,35,4,2,1.309,1.193,1.4,0.204,0,7001.1,performance_drift,2024-09,5753.639017
ID0003711,7/26/2024,1,11,11445,22,4,0,1.116,0.922,1.2,0.28,1,6341.23,performance_drift,2024-07,5753.639017
ID0003712,9/21/2024,1,11,10647,66,1,2,1.364,1.138,1.2,0.104,14,5297.84,performance_drift,2024-09,5041.324948
ID0003713,5/20/2024,0,17,5667,78,1,2,1.284,1.385,1.2,0.34,21,5577.6,performance_drift,2024-05,5041.324948
ID0003714,9/27/2024,4,13,22491,73,2,1,1.113,0.901,1.2,0.175,2,5034.66,performance_drift,2024-09,5753.639017
ID0003715,10/8/2024,0,5,12105,57,1,2,1.084,1.257,1.4,0.309,6,5562.1,performance_drift,2024-10,5041.324948
ID0003716,10/11/2024,1,4,19699,73,0,1,1.007,1.018,1.2,0.152,4,4252.68,performance_drift,2024-10,5041.324948
ID0003717,2/24/2024,0,11,5706,61,2,2,1.19,1.214,1.2,0.235,30,5990.77,performance_drift,2024-02,5753.639017
ID0003718,5/17/2024,4,13,23414,59,1,0,0.906,1.02,1.1,0.254,10,4537.31,performance_drift,2024-05,5041.324948
ID0003719,8/7/2024,1,7,10169,46,1,1,0.989,0.807,0.4,0.234,6,3286.82,performance_drift,2024-08,3601.604965
ID0003720,10/12/2024,2,14,8346,62,0,1,1.154,1.029,1,0.145,3,4236.52,performance_drift,2024-10,5041.324948
ID0003721,6/9/2024,0,5,10019,48,1,2,1.302,1.216,1.4,0.219,7,5541.21,performance_drift,2024-06,5041.324948
ID0003722,11/14/2024,0,0,11569,56,2,2,1.205,1.035,1.1,0.161,5,5158.8,performance_drift,2024-11,5753.639017
ID0003723,2/22/2024,2,13,16048,19,3,1,1.114,1.052,1.8,0.282,5,7839.26,performance_drift,2024-02,6733.38182
ID0003724,4/7/2024,2,7,20417,25,2,1,0.915,1.081,1.2,0.249,0,5415.41,performance_drift,2024-04,5753.639017
ID0003725,12/21/2024,1,4,16094,24,4,2,1.235,1.057,1.2,0.458,0,7236.81,performance_drift,2024-12,5753.639017
ID0003726,7/21/2024,1,13,8825,34,0,2,1.197,0.982,1.8,0.269,7,6078.74,performance_drift,2024-07,6069.48688
ID0003727,3/22/2024,3,14,11008,21,2,1,1.101,0.918,1.4,0.522,1,6868.02,performance_drift,2024-03,5753.639017
ID0003728,1/15/2024,0,16,5000,27,1,2,1.132,1.315,1.4,0.183,0,6302.21,performance_drift,2024-01,5041.324948
ID0003729,9/5/2024,1,10,12175,41,0,0,0.914,0.909,1.4,0.143,3,4518.6,performance_drift,2024-09,5041.324948
ID0003730,11/26/2024,3,19,6465,47,0,1,1.025,0.95,1.8,0.136,14,5623.6,performance_drift,2024-11,6069.48688
ID0003731,5/7/2024,0,2,19914,74,1,2,1.241,0.931,1.1,0.108,0,4355.61,performance_drift,2024-05,5041.324948
ID0003732,10/8/2024,0,5,11936,32,1,0,0.865,0.807,1.2,0.073,7,4289.95,performance_drift,2024-10,5041.324948
ID0003733,10/4/2024,2,10,15722,55,1,1,0.987,0.931,1.2,0.468,1,4939.35,performance_drift,2024-10,5041.324948
ID0003734,1/11/2024,2,3,21528,52,2,1,0.977,0.858,1.4,0.317,0,5349.15,performance_drift,2024-01,5753.639017
ID0003735,7/23/2024,0,13,7684,66,0,1,1.072,0.885,1,0.481,1,4147.38,performance_drift,2024-07,5041.324948
ID0003736,6/7/2024,3,5,26751,36,2,2,1.142,1.3,1.2,0.501,4,6300.12,performance_drift,2024-06,5753.639017
ID0003737,3/15/2024,1,6,12049,79,0,1,1.069,0.976,3.2,0.315,0,7940.74,performance_drift,2024-03,8216.463966
ID0003738,7/23/2024,1,7,15487,69,1,1,1.116,0.897,1,0.309,7,4013.29,performance_drift,2024-07,5041.324948
ID0003739,5/3/2024,1,1,19753,71,3,1,0.961,0.75,1,0.448,10,4673.84,performance_drift,2024-05,5753.639017
ID0003740,11/17/2024,1,7,11369,25,2,1,0.978,0.893,0.4,0.289,2,4015,performance_drift,2024-11,3601.604965
ID0003741,6/6/2024,0,10,8815,50,0,1,1.102,1.011,1.2,0.252,21,4793.44,performance_drift,2024-06,5041.324948
ID0003742,10/14/2024,3,7,21292,41,2,0,0.808,1.023,1.4,0.124,1,5292.84,performance_drift,2024-10,5753.639017
ID0003743,1/18/2024,3,15,8003,66,2,2,1.131,1.086,1.2,0.059,2,5345.57,performance_drift,2024-01,5753.639017
ID0003744,12/26/2024,0,8,9201,22,3,2,1.173,1.118,1.1,0.077,2,6475.76,performance_drift,2024-12,5753.639017
ID0003745,8/18/2024,2,8,14711,30,4,2,1.273,1.113,3.2,0.396,0,10177.04,performance_drift,2024-08,9219.214917
ID0003746,11/7/2024,3,10,12593,74,0,1,1.011,0.917,1.2,0.085,3,4152.99,performance_drift,2024-11,5041.324948
ID0003747,10/21/2024,2,8,14005,49,4,1,0.924,0.837,1.8,0.382,6,6554.54,performance_drift,2024-10,6733.38182
ID0003748,12/21/2024,3,6,25642,52,1,1,0.987,1.169,1.4,0.157,1,5362.38,performance_drift,2024-12,5041.324948
ID0003749,1/3/2024,3,4,27286,22,3,2,1.06,1.043,1,0.196,3,6435.1,performance_drift,2024-01,5753.639017
ID0003750,7/12/2024,0,15,8018,42,0,1,1.112,1.092,1.8,0.466,5,6118.2,performance_drift,2024-07,6069.48688
ID0003751,9/7/2024,1,8,8697,28,2,1,0.963,0.956,3.2,0.591,0,8895.82,performance_drift,2024-09,9219.214917
ID0003752,4/19/2024,1,5,15170,53,2,2,1.124,1.158,0.4,0.537,14,4456.78,performance_drift,2024-04,4284.85875
ID0003753,7/28/2024,1,7,9748,68,0,2,1.195,0.914,1.8,0.095,3,5475.88,performance_drift,2024-07,6069.48688
ID0003754,2/24/2024,0,9,11169,18,2,2,1.352,1.088,1.8,0.16,14,7509.85,performance_drift,2024-02,6733.38182
ID0003755,3/11/2024,4,11,24939,22,2,0,0.91,0.937,1.2,0.112,2,5748.12,performance_drift,2024-03,5753.639017
ID0003756,11/23/2024,2,5,27044,75,0,0,0.818,0.931,1.8,0.027,0,4248.94,performance_drift,2024-11,6069.48688
ID0003757,6/26/2024,1,14,9648,74,0,2,1.359,1.153,1.8,0.163,1,5989.34,performance_drift,2024-06,6069.48688
ID0003758,4/6/2024,2,12,7621,23,3,1,0.993,1.137,1.2,0.199,10,6791.55,performance_drift,2024-04,5753.639017
ID0003759,12/9/2024,1,14,7982,63,1,2,1.068,1.286,1.4,0.203,0,5674.74,performance_drift,2024-12,5041.324948
ID0003760,10/26/2024,2,12,10415,40,1,1,0.994,0.791,1.8,0.286,1,5848.08,performance_drift,2024-10,6069.48688
ID0003761,4/23/2024,2,10,19857,48,2,2,1.148,1.201,1.4,0.472,2,6278.02,performance_drift,2024-04,5753.639017
ID0003762,5/18/2024,3,0,33625,30,1,2,1.302,1.279,1,0.561,2,5190.6,performance_drift,2024-05,5041.324948
ID0003763,8/14/2024,3,3,19046,39,2,2,1.109,1.184,1,0.109,1,5386.15,performance_drift,2024-08,5753.639017
ID0003764,3/28/2024,1,6,18435,57,0,0,0.851,1.097,1.8,0.204,0,5457.66,performance_drift,2024-03,6069.48688
ID0003765,1/1/2024,1,13,5561,31,3,1,0.916,1.098,1.2,0.459,1,5937.42,performance_drift,2024-01,5753.639017
ID0003766,8/4/2024,1,6,13391,61,0,2,1.362,1.413,1.4,0.246,1,5542.63,performance_drift,2024-08,5041.324948
ID0003767,12/28/2024,3,19,5577,31,1,1,0.892,1.256,1,0.102,7,5332.84,performance_drift,2024-12,5041.324948
ID0003768,6/9/2024,0,12,8599,27,2,1,0.962,0.946,1.2,0.53,0,5850.6,performance_drift,2024-06,5753.639017
ID0003769,11/23/2024,2,14,16870,67,3,1,0.916,0.898,1.2,0.045,7,5417.06,performance_drift,2024-11,5753.639017
ID0003770,3/27/2024,1,1,24195,35,1,2,1.094,1.234,1.8,0.193,0,6482.07,performance_drift,2024-03,6069.48688
ID0003771,9/24/2024,2,14,8829,49,2,2,1.258,1.215,1.8,0.442,4,7350.09,performance_drift,2024-09,6733.38182
ID0003772,4/15/2024,3,8,24686,36,0,2,1.2,1.155,1.2,0.352,2,5461.79,performance_drift,2024-04,5041.324948
ID0003773,4/14/2024,4,20,14388,22,0,2,1.191,1.129,1.4,0.293,5,6641.9,performance_drift,2024-04,5041.324948
ID0003774,7/3/2024,1,0,34888,61,4,1,0.943,1.046,3.2,0.106,0,8953.75,performance_drift,2024-07,9219.214917
ID0003775,4/22/2024,0,7,8640,31,3,0,0.96,0.877,1.2,0.197,14,5234.16,performance_drift,2024-04,5753.639017
ID0003776,5/1/2024,2,8,14643,20,1,1,0.966,1.026,1.4,0.145,1,6203.19,performance_drift,2024-05,5041.324948
ID0003777,3/13/2024,2,14,14897,44,1,1,1.08,0.962,1.8,0.049,3,5973.57,performance_drift,2024-03,6069.48688
ID0003778,10/18/2024,1,9,12145,50,2,1,1.051,1.059,3.2,0.513,4,8846.93,performance_drift,2024-10,9219.214917
ID0003779,2/22/2024,2,10,12758,77,0,2,1.133,1.16,1.2,0.436,4,4862.87,performance_drift,2024-02,5041.324948
ID0003780,11/3/2024,3,6,17583,55,1,2,1.173,1.112,1.4,0.085,4,5616.36,performance_drift,2024-11,5041.324948
ID0003781,12/20/2024,1,9,11650,34,0,1,1.074,0.949,1.2,0.495,5,4760.5,performance_drift,2024-12,5041.324948
ID0003782,11/6/2024,3,17,10243,38,4,2,1.16,1.267,1.2,0.547,2,6843.3,performance_drift,2024-11,5753.639017
ID0003783,9/26/2024,1,6,13677,71,2,1,0.988,0.97,1.8,0.369,7,6296.47,performance_drift,2024-09,6733.38182
ID0003784,6/14/2024,0,7,12118,60,2,2,1.118,1.209,1.8,0.264,3,6637.71,performance_drift,2024-06,6733.38182
ID0003785,1/9/2024,1,8,11103,52,3,2,0.998,1.202,1.2,0.606,0,6074.18,performance_drift,2024-01,5753.639017
ID0003786,7/28/2024,3,6,22560,77,2,0,0.869,0.868,1.4,0.205,10,4788.75,performance_drift,2024-07,5753.639017
ID0003787,10/28/2024,3,8,17396,68,4,2,1.161,1.265,1.8,0.203,1,7444.31,performance_drift,2024-10,6733.38182
ID0003788,2/10/2024,4,0,62927,60,1,1,1.132,1.142,1.4,0.582,2,5218.45,performance_drift,2024-02,5041.324948
ID0003789,9/12/2024,1,0,16448,21,2,1,0.963,0.941,1,0.367,5,5471.76,performance_drift,2024-09,5753.639017
ID0003790,10/17/2024,1,6,12733,35,3,2,1.128,1.322,1.8,0.333,0,7375.21,performance_drift,2024-10,6733.38182
ID0003791,4/9/2024,2,5,24735,59,2,2,1.096,1.469,1,0.19,30,5870.73,performance_drift,2024-04,5753.639017
ID0003792,11/5/2024,1,10,10214,32,1,2,1.238,1.149,1.2,0.108,4,5388.17,performance_drift,2024-11,5041.324948
ID0003793,6/7/2024,2,2,28446,38,1,1,0.948,0.838,1,0.557,0,4513.1,performance_drift,2024-06,5041.324948
ID0003794,7/9/2024,0,9,8410,65,0,1,0.946,0.894,1.4,0.468,14,4789.15,performance_drift,2024-07,5041.324948
ID0003795,7/7/2024,2,6,22736,35,0,2,1.178,1.292,1.2,0.234,1,4960.67,performance_drift,2024-07,5041.324948
ID0003796,7/12/2024,3,0,45578,79,1,0,0.827,1.02,0.4,0.355,21,3054.64,performance_drift,2024-07,3601.604965
ID0003797,1/15/2024,1,11,8891,26,1,2,1.285,1.273,1.2,0.125,14,5710.38,performance_drift,2024-01,5041.324948
ID0003798,12/17/2024,0,2,10880,22,0,1,1.01,1.101,1.8,0.288,1,6339.36,performance_drift,2024-12,6069.48688
ID0003799,6/1/2024,0,10,7112,22,0,1,1.048,0.961,1.8,0.498,0,6468.33,performance_drift,2024-06,6069.48688
ID0003800,1/22/2024,1,0,24823,61,4,2,1.256,1.281,1.8,0.276,0,7470.34,performance_drift,2024-01,6733.38182
ID0003801,4/22/2024,0,16,5103,57,4,2,0.979,1.312,0.4,0.054,2,4983.52,performance_drift,2024-04,4284.85875
ID0003802,11/10/2024,3,5,33663,46,2,0,0.813,0.819,1,0.1,3,4093.89,performance_drift,2024-11,5753.639017
ID0003803,4/20/2024,0,6,11707,74,1,1,0.875,1.118,1.2,0.181,21,4957.25,performance_drift,2024-04,5041.324948
ID0003804,12/3/2024,1,4,26655,47,2,2,1.053,1.176,1.8,0.323,0,6527.49,performance_drift,2024-12,6733.38182
ID0003805,1/10/2024,2,16,9605,48,2,2,1.268,1.124,1.1,0.172,21,5935.82,performance_drift,2024-01,5753.639017
ID0003806,11/11/2024,2,8,22278,75,1,2,1.191,1.239,1,0.123,3,4585.95,performance_drift,2024-11,5041.324948
ID0003807,9/15/2024,1,9,10761,25,1,1,0.994,1.08,1.4,0.148,0,5480.32,performance_drift,2024-09,5041.324948
ID0003808,2/28/2024,0,10,6014,54,1,0,0.904,0.865,1.2,0.491,14,4688.25,performance_drift,2024-02,5041.324948
ID0003809,8/9/2024,2,10,19426,35,3,2,1.305,1.217,1.4,0.133,10,6425.45,performance_drift,2024-08,5753.639017
ID0003810,10/2/2024,0,13,5205,62,2,0,0.75,0.837,1.2,0.468,5,4922.96,performance_drift,2024-10,5753.639017
ID0003811,12/6/2024,2,7,17516,28,2,1,1.003,0.94,1.8,0.194,1,6180.78,performance_drift,2024-12,6733.38182
ID0003812,8/14/2024,1,0,25297,33,1,1,1.032,1.021,1.4,0.46,2,5329.52,performance_drift,2024-08,5041.324948
ID0003813,9/26/2024,3,14,8776,79,2,1,0.999,0.867,1,0.394,21,4891.41,performance_drift,2024-09,5753.639017
ID0003814,11/18/2024,3,10,14741,64,2,1,1.104,0.974,1.4,0.339,2,5325.92,performance_drift,2024-11,5753.639017
ID0003815,5/13/2024,4,11,18294,21,2,1,0.989,0.845,1,0.189,30,5880,performance_drift,2024-05,5753.639017
ID0003816,7/13/2024,4,9,27163,24,0,1,0.75,1.047,1.2,0.386,21,5805.7,performance_drift,2024-07,5041.324948
ID0003817,11/26/2024,2,4,24607,67,3,1,1.117,1.118,1.2,0.206,2,5488.41,performance_drift,2024-11,5753.639017
ID0003818,1/20/2024,2,9,13911,37,2,2,1.432,1.239,1.8,0.315,30,7251.18,performance_drift,2024-01,6733.38182
ID0003819,5/24/2024,4,6,31402,32,1,1,0.941,0.978,1,0.171,1,4336.82,performance_drift,2024-05,5041.324948
ID0003820,9/17/2024,0,7,9589,48,1,0,0.89,0.963,1.2,0.095,10,4319.15,performance_drift,2024-09,5041.324948
ID0003821,3/20/2024,2,12,10311,22,1,2,1.029,1.322,1.4,0.129,14,7075.24,performance_drift,2024-03,5041.324948
ID0003822,3/6/2024,3,7,26954,27,3,2,1.119,1.281,1.8,0.32,0,7520.01,performance_drift,2024-03,6733.38182
ID0003823,8/8/2024,2,0,23099,22,4,1,1.006,0.92,1.2,0.129,0,6249.92,performance_drift,2024-08,5753.639017
ID0003824,8/14/2024,0,10,8884,78,3,2,0.949,1.376,0.4,0.11,0,4519.14,performance_drift,2024-08,4284.85875
ID0003825,3/17/2024,2,8,13455,75,2,2,1.343,1.179,1,0.16,1,4849.99,performance_drift,2024-03,5753.639017
ID0003826,2/19/2024,1,11,9302,41,0,0,0.972,1.075,1.2,0.274,1,4512.21,performance_drift,2024-02,5041.324948
ID0003827,9/20/2024,0,12,7674,79,2,1,1.046,1.016,1.2,0.21,30,5091.95,performance_drift,2024-09,5753.639017
ID0003828,1/17/2024,4,7,26343,61,0,2,1.194,1.359,1,0.209,3,4492.76,performance_drift,2024-01,5041.324948
ID0003829,3/9/2024,3,1,25368,48,2,0,1.037,0.953,1.2,0.038,2,4812.91,performance_drift,2024-03,5753.639017
ID0003830,7/22/2024,1,7,17066,18,1,0,0.905,0.937,0.4,0.241,21,3887.95,performance_drift,2024-07,3601.604965
ID0003831,3/22/2024,0,17,5000,45,0,2,1.158,1.051,1,0.465,2,4569.83,performance_drift,2024-03,5041.324948
ID0003832,10/12/2024,1,2,15562,24,1,1,1.086,0.903,1.4,0.281,30,6029.75,performance_drift,2024-10,5041.324948
ID0003833,4/12/2024,3,7,22032,54,1,2,1.127,1.235,1.4,0.265,7,5668.19,performance_drift,2024-04,5041.324948
ID0003834,1/26/2024,0,9,11161,50,2,1,0.994,0.943,1.2,0.286,7,5126.07,performance_drift,2024-01,5753.639017
ID0003835,11/16/2024,0,6,12263,54,4,0,1.018,0.862,1.2,0.118,2,5412.21,performance_drift,2024-11,5753.639017
ID0003836,2/7/2024,3,9,17451,50,1,1,1.058,0.955,1.4,0.365,7,5432.52,performance_drift,2024-02,5041.324948
ID0003837,3/27/2024,3,6,21773,23,1,2,1.238,1.097,1.4,0.201,3,6486.9,performance_drift,2024-03,5041.324948
ID0003838,6/28/2024,1,8,12857,71,2,1,1.061,1.096,0.4,0.335,1,3661.35,performance_drift,2024-06,3601.604965
ID0003839,4/2/2024,1,13,8801,22,1,2,1.216,1.151,1,0.08,21,5722.11,performance_drift,2024-04,5041.324948
ID0003840,7/17/2024,2,13,15586,61,2,1,0.789,1.074,1,0.311,2,5070.38,performance_drift,2024-07,5753.639017
ID0003841,3/11/2024,2,9,18411,71,2,2,1.331,0.949,0.4,0.338,0,3868.5,performance_drift,2024-03,3601.604965
ID0003842,4/14/2024,1,12,7856,37,1,2,1.33,1.174,1.4,0.255,1,5861.5,performance_drift,2024-04,5041.324948
ID0003843,10/10/2024,1,7,11264,59,2,0,0.968,0.904,1.2,0.248,10,4544.29,performance_drift,2024-10,5753.639017
ID0003844,9/14/2024,2,5,32357,63,0,2,1.268,1.238,1.4,0.483,0,5324.93,performance_drift,2024-09,5041.324948
ID0003845,8/8/2024,2,9,11244,50,3,2,1.176,1.148,1.2,0.185,1,6126.1,performance_drift,2024-08,5753.639017
ID0003846,7/10/2024,2,7,16965,54,3,0,0.867,0.807,1.8,0.048,2,6195.73,performance_drift,2024-07,6733.38182
ID0003847,8/19/2024,4,8,34240,20,2,2,1.276,1.303,1.2,0.211,4,6676.9,performance_drift,2024-08,5753.639017
ID0003848,9/7/2024,0,17,5048,22,2,0,0.956,0.874,1.4,0.736,21,6808.72,performance_drift,2024-09,5753.639017
ID0003849,7/11/2024,1,3,14112,48,1,0,0.966,0.911,1.2,0.117,1,4305.09,performance_drift,2024-07,5041.324948
ID0003850,8/22/2024,2,18,6181,77,1,2,1.256,1.38,1.4,0.136,1,5765.93,performance_drift,2024-08,5041.324948
ID0003851,4/21/2024,2,0,40547,27,2,0,0.898,1,1.4,0.28,3,5417.98,performance_drift,2024-04,5753.639017
ID0003852,2/25/2024,1,3,19235,40,3,0,0.792,1.026,1.4,0.482,0,5939.32,performance_drift,2024-02,5753.639017
ID0003853,5/27/2024,2,18,5938,79,0,2,1.229,1.029,1.8,0.264,6,5760.87,performance_drift,2024-05,6069.48688
ID0003854,5/4/2024,4,2,53321,78,1,2,1.158,1.347,0.4,0.051,0,3872.07,performance_drift,2024-05,4284.85875
ID0003855,7/20/2024,2,9,14550,34,0,1,0.934,1.168,1,0.117,0,4430.76,performance_drift,2024-07,5041.324948
ID0003856,7/22/2024,2,8,12960,75,2,1,0.95,1.077,0.4,0.219,1,3853.37,performance_drift,2024-07,3601.604965
ID0003857,8/16/2024,3,2,31129,45,0,1,1.127,1.152,1.2,0.37,10,4969.19,performance_drift,2024-08,5041.324948
ID0003858,3/13/2024,2,13,14732,21,3,2,1.041,0.974,1,0.303,0,6587.51,performance_drift,2024-03,5753.639017
ID0003859,11/26/2024,2,9,18515,30,1,2,1.108,1.325,0.4,0.198,10,4219.61,performance_drift,2024-11,4284.85875
ID0003860,11/13/2024,0,3,13163,29,1,2,1.299,1.217,1.2,0.198,4,5384.69,performance_drift,2024-11,5041.324948
ID0003861,1/27/2024,1,17,5000,65,1,2,1.197,1.323,0.4,0.493,0,4351.02,performance_drift,2024-01,4284.85875
ID0003862,3/24/2024,2,5,28411,77,3,1,1.046,1.1,1.2,0.314,14,5680.07,performance_drift,2024-03,5753.639017
ID0003863,12/3/2024,1,5,19573,59,2,1,1.02,1.101,1.4,0.224,21,5555.75,performance_drift,2024-12,5753.639017
ID0003864,4/13/2024,2,1,22218,64,1,2,1.106,1.285,1.8,0.143,0,6184.83,performance_drift,2024-04,6069.48688
ID0003865,7/7/2024,3,5,30039,51,1,1,1.005,1.071,1.2,0.24,10,5066.85,performance_drift,2024-07,5041.324948
ID0003866,6/23/2024,1,10,7920,19,3,2,1.259,1.263,1.1,0.435,0,6822.05,performance_drift,2024-06,5753.639017
ID0003867,2/4/2024,0,16,6035,34,2,0,0.859,0.922,0.4,0.445,21,4129.48,performance_drift,2024-02,3601.604965
ID0003868,9/19/2024,3,7,17445,35,2,0,0.955,0.827,1.1,0.298,5,4626.61,performance_drift,2024-09,5753.639017
ID0003869,4/5/2024,1,9,9815,72,3,0,0.948,1.105,1,0.359,30,5042.52,performance_drift,2024-04,5753.639017
ID0003870,1/15/2024,1,10,12724,56,0,1,1.044,0.803,1.8,0.074,2,5168.62,performance_drift,2024-01,6069.48688
ID0003871,7/28/2024,2,4,25781,65,0,2,1.132,1.21,1.8,0.255,3,5651.12,performance_drift,2024-07,6069.48688
ID0003872,12/9/2024,2,9,13109,47,3,2,1.038,1.21,1.8,0.131,1,7311.44,performance_drift,2024-12,6733.38182
ID0003873,4/10/2024,0,14,5000,69,1,2,1.193,1.232,1.8,0.153,0,6237.23,performance_drift,2024-04,6069.48688
ID0003874,6/22/2024,0,11,8187,38,2,0,0.893,0.959,1.8,0.114,6,5843.3,performance_drift,2024-06,6733.38182
ID0003875,5/17/2024,3,9,22550,70,2,1,1.117,1.075,1.8,0.289,6,6198.93,performance_drift,2024-05,6733.38182
ID0003876,9/20/2024,1,5,12505,34,4,1,1.101,0.873,1.2,0.15,1,5673.83,performance_drift,2024-09,5753.639017
ID0003877,1/25/2024,2,13,12143,67,0,1,0.995,0.891,1.4,0.309,0,4595.31,performance_drift,2024-01,5041.324948
ID0003878,12/22/2024,4,10,17995,26,2,1,1.129,0.932,1.4,0.232,3,5899.54,performance_drift,2024-12,5753.639017
ID0003879,8/25/2024,1,2,19069,46,4,2,1.101,1.209,1.8,0.265,2,7528.7,performance_drift,2024-08,6733.38182
ID0003880,5/23/2024,1,14,6010,55,3,1,1.006,1.136,1.2,0.062,3,5520.04,performance_drift,2024-05,5753.639017
ID0003881,4/11/2024,4,8,28780,58,0,0,0.889,0.818,1.8,0.222,30,4886.89,performance_drift,2024-04,6069.48688
ID0003882,11/21/2024,3,8,18057,33,3,1,1.043,1.128,0.4,0.352,7,4716.96,performance_drift,2024-11,4284.85875
ID0003883,4/24/2024,2,14,10281,23,1,1,0.96,0.882,1.2,0.473,0,5799.99,performance_drift,2024-04,5041.324948
ID0003884,1/8/2024,2,12,17148,28,0,2,1.104,1.086,1.8,0.01,14,5989.24,performance_drift,2024-01,6069.48688
ID0003885,4/1/2024,0,7,8589,39,2,2,1.405,1.309,1.2,0.15,21,6242.7,performance_drift,2024-04,5753.639017
ID0003886,10/12/2024,1,16,5972,61,2,2,1.184,1.285,1,0.075,1,5406.38,performance_drift,2024-10,5753.639017
ID0003887,2/9/2024,1,4,19885,21,4,2,1.251,1.017,1,0.348,30,6795.86,performance_drift,2024-02,5753.639017
ID0003888,11/18/2024,2,7,14155,70,2,1,0.95,0.987,1.4,0.11,0,5061.8,performance_drift,2024-11,5753.639017
ID0003889,2/27/2024,4,15,14210,70,2,0,0.885,0.888,1.2,0.212,3,5022.39,performance_drift,2024-02,5753.639017
ID0003890,4/5/2024,3,8,21702,75,0,2,1.141,1.112,1.1,0.316,2,4738.07,performance_drift,2024-04,5041.324948
ID0003891,4/23/2024,1,10,8636,62,1,1,1.114,0.995,1.1,0.495,0,4732.51,performance_drift,2024-04,5041.324948
ID0003892,5/26/2024,2,7,15750,32,1,1,0.825,1.177,1.2,0.32,3,5319.42,performance_drift,2024-05,5041.324948
ID0003893,5/9/2024,3,3,27044,19,0,2,1.193,1.298,1.2,0.659,7,6228.06,performance_drift,2024-05,5041.324948
ID0003894,5/8/2024,1,7,11379,34,1,1,0.988,1.054,1.4,0.401,21,5583.53,performance_drift,2024-05,5041.324948
ID0003895,12/25/2024,2,14,10440,41,1,2,1.143,1.138,0.4,0.396,1,4233.97,performance_drift,2024-12,4284.85875
ID0003896,10/22/2024,1,7,9845,54,3,1,1.158,0.899,1.2,0.238,30,5601.83,performance_drift,2024-10,5753.639017
ID0003897,8/23/2024,3,12,10829,18,1,2,1.148,1.199,1,0.317,14,6282.67,performance_drift,2024-08,5041.324948
ID0003898,9/23/2024,2,10,13312,75,2,1,1.038,1.131,1.8,0.125,30,6539.06,performance_drift,2024-09,6733.38182
ID0003899,6/19/2024,2,18,11895,52,2,2,1.183,1.093,1.8,0.22,0,6998.05,performance_drift,2024-06,6733.38182
ID0003900,4/28/2024,2,7,23136,70,2,2,1.225,1.059,1.8,0.342,0,6226.04,performance_drift,2024-04,6733.38182
ID0003901,7/9/2024,1,10,6459,63,3,0,0.906,0.964,1,0.161,21,4639.07,performance_drift,2024-07,5753.639017
ID0003902,10/6/2024,2,0,27860,33,2,2,1.288,1.234,1.4,0.382,1,6067.45,performance_drift,2024-10,5753.639017
ID0003903,4/6/2024,2,9,14481,55,1,2,1.176,1.385,1.4,0.216,0,5583.8,performance_drift,2024-04,5041.324948
ID0003904,5/15/2024,1,13,9140,51,1,2,1.039,1.191,1.8,0.23,3,6505.12,performance_drift,2024-05,6069.48688
ID0003905,1/8/2024,3,4,20204,70,2,2,1.229,1.31,1.8,0.264,0,6650.83,performance_drift,2024-01,6733.38182
ID0003906,6/3/2024,2,5,30078,48,3,0,0.772,0.863,0.4,0.562,1,3799.88,performance_drift,2024-06,3601.604965
ID0003907,6/24/2024,1,16,7744,50,1,2,1.09,1.266,1.4,0.301,1,6190.35,performance_drift,2024-06,5041.324948
ID0003908,11/6/2024,2,12,12587,79,2,1,1.106,0.921,1.8,0.384,1,5902.38,performance_drift,2024-11,6733.38182
ID0003909,10/14/2024,3,5,27538,51,0,0,0.953,0.893,1.8,0.439,1,4934.4,performance_drift,2024-10,6069.48688
ID0003910,5/15/2024,3,0,35527,73,1,2,1.11,1.305,1.4,0.287,0,5504,performance_drift,2024-05,5041.324948
ID0003911,7/24/2024,3,2,31953,35,1,0,0.815,1.011,0.4,0.246,6,3012.35,performance_drift,2024-07,3601.604965
ID0003912,11/4/2024,2,2,25227,22,1,2,1.283,1.19,1.2,0.337,4,6169.91,performance_drift,2024-11,5041.324948
ID0003913,5/22/2024,3,11,9695,20,3,2,1.135,1.275,1.8,0.291,7,8448.04,performance_drift,2024-05,6733.38182
ID0003914,2/11/2024,0,7,11829,24,1,2,1.255,1.238,1.4,0.349,21,6957.27,performance_drift,2024-02,5041.324948
ID0003915,2/10/2024,1,8,13943,21,2,1,1.004,1.089,1.8,0.173,10,7255.71,performance_drift,2024-02,6733.38182
ID0003916,2/17/2024,0,4,11826,18,1,2,1.186,1.315,1.4,0.259,3,6982.48,performance_drift,2024-02,5041.324948
ID0003917,3/27/2024,0,13,9436,45,2,2,1.156,1.05,1,0.357,1,5196.24,performance_drift,2024-03,5753.639017
ID0003918,2/15/2024,1,9,8535,30,2,2,1.236,1.38,1,0.438,2,5839.51,performance_drift,2024-02,5753.639017
ID0003919,2/21/2024,0,7,7981,26,2,2,1.193,1.383,1.2,0.452,30,6274.66,performance_drift,2024-02,5753.639017
ID0003920,5/12/2024,2,12,16022,28,1,0,0.952,0.98,1.4,0.097,4,5066.21,performance_drift,2024-05,5041.324948
ID0003921,2/8/2024,3,6,18990,61,0,2,1.176,1.421,1.2,0.276,0,5139.72,performance_drift,2024-02,5041.324948
ID0003922,7/13/2024,0,9,11166,76,2,2,1.194,1.164,1.2,0.106,4,5220.13,performance_drift,2024-07,5753.639017
ID0003923,3/16/2024,1,10,11237,51,0,2,1.083,1.299,1.4,0.318,21,5925.79,performance_drift,2024-03,5041.324948
ID0003924,3/10/2024,2,20,5000,59,4,0,0.993,0.865,1.8,0.546,3,7065.52,performance_drift,2024-03,6733.38182
ID0003925,10/1/2024,4,10,22704,19,4,1,0.933,1.051,1.2,0.166,4,6970.13,performance_drift,2024-10,5753.639017
ID0003926,4/1/2024,1,9,9992,58,1,1,1.053,0.971,1.8,0.278,0,5973.19,performance_drift,2024-04,6069.48688
ID0003927,12/4/2024,3,4,19629,40,0,2,1.24,1.197,1.4,0.169,5,5557.46,performance_drift,2024-12,5041.324948
ID0003928,10/1/2024,2,6,19186,44,1,1,0.994,1.143,1.2,0.2,14,5007.99,performance_drift,2024-10,5041.324948
ID0003929,7/22/2024,2,13,8625,43,1,1,1.098,0.857,1,0.112,1,4147.47,performance_drift,2024-07,5041.324948
ID0003930,6/10/2024,0,14,8869,77,0,2,1.165,1.257,1.4,0.246,3,5255.47,performance_drift,2024-06,5041.324948
ID0003931,2/1/2024,3,1,25678,37,2,1,0.926,0.892,1.2,0.023,3,4603.86,performance_drift,2024-02,5753.639017
ID0003932,10/3/2024,1,0,22057,32,0,1,1.044,1.128,1.8,0.346,21,6019.08,performance_drift,2024-10,6069.48688
ID0003933,12/8/2024,1,9,9480,31,2,2,1.196,1.107,1.2,0.136,0,5510.17,performance_drift,2024-12,5753.639017
ID0003934,7/19/2024,2,11,14632,57,1,1,0.934,0.944,1.2,0.562,0,5032.02,performance_drift,2024-07,5041.324948
ID0003935,4/21/2024,3,5,22284,70,3,0,0.889,0.982,1.2,0.137,0,4724.59,performance_drift,2024-04,5753.639017
ID0003936,6/8/2024,1,0,21474,45,4,2,1.299,1.251,0.4,0.069,1,4735.94,performance_drift,2024-06,4284.85875
ID0003937,11/21/2024,3,8,14924,67,0,1,0.869,1.066,1.8,0.303,5,5304.48,performance_drift,2024-11,6069.48688
ID0003938,5/6/2024,3,13,12597,48,2,1,1.001,0.954,1.8,0.32,0,6401.72,performance_drift,2024-05,6733.38182
ID0003939,10/8/2024,2,0,36964,54,2,1,0.862,1.258,1.4,0.339,1,5635.59,performance_drift,2024-10,5753.639017
ID0003940,8/24/2024,3,10,19181,37,2,2,1.065,1.001,1.8,0.424,1,6692.13,performance_drift,2024-08,6733.38182
ID0003941,8/26/2024,1,5,11771,43,1,1,1.03,0.905,1.4,0.131,0,5084.6,performance_drift,2024-08,5041.324948
ID0003942,12/23/2024,3,12,20637,66,2,1,0.973,0.995,3.2,0.469,1,8848.49,performance_drift,2024-12,9219.214917
ID0003943,9/20/2024,2,17,8414,72,2,2,1.147,1.13,1.2,0.266,2,5593.7,performance_drift,2024-09,5753.639017
ID0003944,6/18/2024,0,10,7960,23,3,1,0.923,1.144,1.1,0.691,30,7129.04,performance_drift,2024-06,5753.639017
ID0003945,9/22/2024,2,0,36103,34,1,1,1.075,1.026,1.4,0.373,1,5293.7,performance_drift,2024-09,5041.324948
ID0003946,9/13/2024,1,14,11114,25,3,0,0.966,0.956,1.2,0.317,3,5562.59,performance_drift,2024-09,5753.639017
ID0003947,10/10/2024,4,1,60629,27,2,2,1.152,1.198,1,0.162,4,5626.77,performance_drift,2024-10,5753.639017
ID0003948,1/22/2024,1,11,9780,70,0,1,1.088,1.031,0.4,0.032,2,2974.15,performance_drift,2024-01,3601.604965
ID0003949,12/25/2024,3,11,13512,61,3,2,1.269,1.474,1.2,0.15,1,6395.24,performance_drift,2024-12,5753.639017
ID0003950,10/5/2024,1,8,10323,45,1,2,1.265,1.114,1,0.116,2,4856.66,performance_drift,2024-10,5041.324948
ID0003951,8/16/2024,1,13,8425,36,3,2,1.26,1.344,1.2,0.446,21,6638.55,performance_drift,2024-08,5753.639017
ID0003952,10/6/2024,2,6,29364,65,2,2,1.181,1.153,3.2,0.305,0,9277.21,performance_drift,2024-10,9219.214917
ID0003953,5/21/2024,1,4,12851,63,3,2,1.114,1.187,1,0.145,4,5298.55,performance_drift,2024-05,5753.639017
ID0003954,3/5/2024,2,17,8335,23,1,2,1.149,1.338,1.8,0.593,0,8030.65,performance_drift,2024-03,6069.48688
ID0003955,11/4/2024,0,15,7238,53,1,2,1.237,1.248,1.8,0.343,7,6748.99,performance_drift,2024-11,6069.48688
ID0003956,3/12/2024,2,6,30324,50,0,1,0.75,0.844,1.8,0.081,0,5166.77,performance_drift,2024-03,6069.48688
ID0003957,12/17/2024,4,13,21833,50,0,1,0.907,0.99,1.4,0.356,6,4878.39,performance_drift,2024-12,5041.324948
ID0003958,2/10/2024,2,1,23233,74,2,2,1.147,1.469,1.2,0.387,6,5942.77,performance_drift,2024-02,5753.639017
ID0003959,12/7/2024,3,14,11124,30,4,2,1.237,1.149,1,0.445,1,6682.95,performance_drift,2024-12,5753.639017
ID0003960,6/13/2024,0,10,8208,58,1,2,1.154,1.313,1.4,0.189,0,5754.28,performance_drift,2024-06,5041.324948
ID0003961,12/19/2024,1,13,6497,29,1,2,1.127,1.158,1.8,0.17,7,6540.21,performance_drift,2024-12,6069.48688
ID0003962,7/18/2024,3,8,12311,22,0,0,0.801,0.98,1.4,0.181,21,5531.84,performance_drift,2024-07,5041.324948
ID0003963,11/21/2024,2,8,16704,67,2,2,1.187,1.161,1.2,0.201,1,5524.86,performance_drift,2024-11,5753.639017
ID0003964,3/5/2024,3,11,18896,33,2,1,1.069,0.97,1.8,0.519,3,6626.97,performance_drift,2024-03,6733.38182
ID0003965,8/19/2024,1,14,8824,55,3,0,0.861,0.81,1.8,0.075,30,6581.23,performance_drift,2024-08,6733.38182
ID0003966,6/15/2024,2,7,21212,56,2,1,1.059,1.065,1.4,0.026,1,5366.35,performance_drift,2024-06,5753.639017
ID0003967,12/10/2024,3,1,40405,23,2,1,1.03,1.028,1.2,0.132,30,6086.72,performance_drift,2024-12,5753.639017
ID0003968,5/22/2024,1,9,11602,74,3,2,1.233,1.087,1.8,0.104,0,6859.72,performance_drift,2024-05,6733.38182
ID0003969,10/5/2024,2,18,10310,34,4,2,1.261,0.997,0.4,0.551,7,5047.78,performance_drift,2024-10,3601.604965
ID0003970,4/12/2024,2,10,14537,24,0,1,0.959,0.92,1.8,0.053,21,6288.08,performance_drift,2024-04,6069.48688
ID0003971,5/19/2024,3,10,20431,57,0,2,1.354,1.148,1.8,0.407,21,6091.86,performance_drift,2024-05,6069.48688
ID0003972,4/4/2024,3,6,24063,29,1,1,1.083,0.881,1.8,0.284,3,5878.58,performance_drift,2024-04,6069.48688
ID0003973,1/9/2024,2,6,22035,38,1,2,1.24,1.254,1.4,0.492,10,5893.8,performance_drift,2024-01,5041.324948
ID0003974,10/13/2024,2,3,25851,77,1,1,0.991,1.081,1.4,0.445,10,5108.66,performance_drift,2024-10,5041.324948
ID0003975,9/13/2024,0,0,18057,66,3,1,1.109,0.998,1.2,0.278,2,5057.41,performance_drift,2024-09,5753.639017
ID0003976,3/24/2024,0,9,7615,19,4,2,1.166,1.506,1.8,0.342,6,9203.83,performance_drift,2024-03,6733.38182
ID0003977,8/23/2024,1,10,7968,48,3,1,1,1.103,1.4,0.219,0,5996.8,performance_drift,2024-08,5753.639017
ID0003978,4/6/2024,2,16,9043,43,4,2,1.104,1.256,1.8,0.441,1,7799.26,performance_drift,2024-04,6733.38182
ID0003979,5/12/2024,2,6,19977,58,0,1,0.948,1.178,1.8,0.449,3,5752.49,performance_drift,2024-05,6069.48688
ID0003980,4/10/2024,3,6,27011,47,0,1,1.056,0.882,1.2,0.051,2,4294.48,performance_drift,2024-04,5041.324948
ID0003981,10/1/2024,3,2,24215,54,1,1,1.092,1.037,1.2,0.413,4,4954.4,performance_drift,2024-10,5041.324948
ID0003982,9/3/2024,0,4,12358,34,3,1,1.034,0.976,1.8,0.343,2,6517.12,performance_drift,2024-09,6733.38182
ID0003983,9/17/2024,3,11,9555,66,2,2,1.018,1.292,1.2,0.147,4,5756.66,performance_drift,2024-09,5753.639017
ID0003984,3/18/2024,1,4,17629,19,3,2,1.11,1.026,1.2,0.234,0,6495.65,performance_drift,2024-03,5753.639017
ID0003985,12/16/2024,4,14,17987,59,0,1,1.153,1.036,1.8,0.586,0,5944.78,performance_drift,2024-12,6069.48688
ID0003986,2/2/2024,3,0,29925,45,2,2,1.301,1.043,1.2,0.559,0,5835.25,performance_drift,2024-02,5753.639017
ID0003987,12/2/2024,1,6,13537,62,2,1,0.877,1.045,1.4,0.463,0,5550.86,performance_drift,2024-12,5753.639017
ID0003988,4/12/2024,3,8,16338,72,2,1,0.881,0.982,1,0.248,4,4783.77,performance_drift,2024-04,5753.639017
ID0003989,5/16/2024,0,8,6571,24,3,2,1.283,1.223,1.2,0.26,1,7041.68,performance_drift,2024-05,5753.639017
ID0003990,1/3/2024,3,19,6473,51,1,1,0.911,0.994,1.4,0.275,5,5487.36,performance_drift,2024-01,5041.324948
ID0003991,12/6/2024,1,4,12148,52,3,2,1.06,1.195,1,0.266,4,5481.59,performance_drift,2024-12,5753.639017
ID0003992,6/16/2024,2,7,21976,44,4,2,1.165,1.181,1.4,0.369,0,6713.94,performance_drift,2024-06,5753.639017
ID0003993,4/17/2024,2,10,13327,67,1,2,1.134,1.361,1.2,0.448,14,5736.17,performance_drift,2024-04,5041.324948
ID0003994,10/12/2024,1,4,15899,73,2,0,0.912,1.011,1.8,0.267,6,5709.83,performance_drift,2024-10,6733.38182
ID0003995,8/14/2024,2,9,20070,30,4,1,1.016,1.054,1.8,0.031,7,7078.34,performance_drift,2024-08,6733.38182
ID0003996,12/28/2024,1,7,15650,54,0,0,0.96,0.912,1.4,0.447,3,4591.09,performance_drift,2024-12,5041.324948
ID0003997,8/22/2024,2,8,14126,57,0,1,0.909,0.885,1.4,0.122,5,4163.45,performance_drift,2024-08,5041.324948
ID0003998,7/14/2024,0,20,5000,58,1,1,1.023,1.012,1.4,0.36,30,5983.77,performance_drift,2024-07,5041.324948
ID0003999,11/6/2024,1,15,7908,47,0,2,1.414,1.138,1.2,0.232,21,5059.36,performance_drift,2024-11,5041.324948
ID0004000,11/16/2024,2,2,26876,49,4,1,0.952,0.789,1,0.375,30,5359.92,performance_drift,2024-11,5753.639017
ID0004001,4/18/2024,3,0,36302,32,0,2,1.167,1.132,1.8,0.286,1,5798.99,performance_drift,2024-04,6069.48688
ID0004002,1/26/2024,2,8,10306,58,1,2,1.17,1.033,1.2,0.407,30,5437.59,performance_drift,2024-01,5041.324948
ID0004003,9/13/2024,1,7,12301,47,1,2,1.294,1.445,1.2,0.165,0,5563.36,performance_drift,2024-09,5041.324948
ID0004004,2/6/2024,2,10,16930,58,2,2,1.232,1.164,1.2,0.696,2,6061.59,performance_drift,2024-02,5753.639017
ID0004005,4/2/2024,2,4,24801,75,2,1,0.947,0.977,1.2,0.053,4,4636.59,performance_drift,2024-04,5753.639017
ID0004006,1/7/2024,1,3,13692,27,1,1,0.966,0.997,1.2,0.27,2,4640.08,performance_drift,2024-01,5041.324948
ID0004007,1/25/2024,1,10,12271,50,0,1,0.941,0.943,3.2,0.551,7,8284.14,performance_drift,2024-01,8216.463966
ID0004008,9/11/2024,1,8,11082,54,1,1,1.048,1.06,1.2,0.226,4,4938.14,performance_drift,2024-09,5041.324948
ID0004009,9/16/2024,3,9,17180,41,1,2,1.223,1.248,1.4,0.213,30,5812.52,performance_drift,2024-09,5041.324948
ID0004010,5/27/2024,1,11,7811,76,2,2,1.253,1.097,1.2,0.149,3,5405.21,performance_drift,2024-05,5753.639017
ID0004011,7/18/2024,2,5,23962,66,0,2,1.115,1.131,1.2,0.489,2,5019.51,performance_drift,2024-07,5041.324948
ID0004012,6/23/2024,2,10,16703,52,1,1,0.847,0.973,1.2,0.272,2,5260.9,performance_drift,2024-06,5041.324948
ID0004013,9/18/2024,4,4,30940,62,0,2,1.028,1.359,1.8,0.086,10,6000.19,performance_drift,2024-09,6069.48688
ID0004014,7/25/2024,3,8,17004,65,1,1,0.947,1.115,1.2,0.457,4,4934.32,performance_drift,2024-07,5041.324948
ID0004015,8/23/2024,4,11,20261,21,3,2,1.347,1.364,1.2,0.097,7,7115.12,performance_drift,2024-08,5753.639017
ID0004016,10/5/2024,3,9,22042,39,0,2,1.105,1.461,1.8,0.081,1,6316.04,performance_drift,2024-10,6069.48688
ID0004017,3/17/2024,1,10,8244,44,1,2,1.324,1.105,1,0.144,0,5041.43,performance_drift,2024-03,5041.324948
ID0004018,1/26/2024,1,7,10639,27,2,1,1.021,1.064,1.2,0.056,1,5281.56,performance_drift,2024-01,5753.639017
ID0004019,5/24/2024,1,4,9764,27,3,0,0.862,1.064,1.8,0.384,6,6607.32,performance_drift,2024-05,6733.38182
ID0004020,3/28/2024,2,12,12458,40,3,2,1.057,1.119,1.2,0.126,1,5890.02,performance_drift,2024-03,5753.639017
ID0004021,9/13/2024,0,11,6760,28,2,2,1.177,1.179,1,0.47,0,5711.09,performance_drift,2024-09,5753.639017
ID0004022,3/18/2024,2,7,17486,61,1,2,0.961,1.249,1.2,0.358,0,5353.9,performance_drift,2024-03,5041.324948
ID0004023,4/9/2024,1,2,18553,75,1,0,0.835,0.788,1.8,0.575,1,5317,performance_drift,2024-04,6069.48688
ID0004024,12/8/2024,2,9,11565,29,1,1,1.004,1.005,1,0.4,1,4758.97,performance_drift,2024-12,5041.324948
ID0004025,2/3/2024,1,11,10747,53,0,2,1.21,1.375,1.2,0.378,14,5665.4,performance_drift,2024-02,5041.324948
ID0004026,4/1/2024,2,6,14759,50,1,0,0.889,0.796,1.8,0.51,2,5294.52,performance_drift,2024-04,6069.48688
ID0004027,1/27/2024,2,11,11622,62,1,1,1.085,1.119,1,0.346,0,5034.88,performance_drift,2024-01,5041.324948
ID0004028,5/9/2024,2,11,14586,70,0,2,1.228,1.319,1.2,0.127,0,5095.85,performance_drift,2024-05,5041.324948
ID0004029,11/26/2024,0,15,5000,51,1,2,1.116,1.271,1.8,0.377,0,6818.07,performance_drift,2024-11,6069.48688
ID0004030,8/10/2024,1,9,11373,43,1,0,0.754,0.828,1.4,0.235,14,4912.87,performance_drift,2024-08,5041.324948
ID0004031,8/9/2024,3,8,23839,63,3,2,1.155,0.914,1.4,0.179,30,6090.23,performance_drift,2024-08,5753.639017
ID0004032,3/6/2024,3,9,17589,64,1,1,0.977,1.238,1.2,0.744,14,5266.84,performance_drift,2024-03,5041.324948
ID0004033,12/11/2024,1,11,10260,27,1,0,0.909,1.066,1.8,0.223,1,6040.39,performance_drift,2024-12,6069.48688
ID0004034,10/12/2024,1,14,5639,29,0,1,0.938,0.861,1.2,0.19,0,4525.37,performance_drift,2024-10,5041.324948
ID0004035,9/18/2024,3,0,28759,56,4,1,1.032,0.989,1.8,0.191,30,7125.63,performance_drift,2024-09,6733.38182
ID0004036,5/26/2024,2,12,13411,20,3,1,1.091,0.916,1.2,0.135,0,6540.62,performance_drift,2024-05,5753.639017
ID0004037,9/20/2024,4,6,25608,29,3,2,1.196,1.261,1.8,0.401,1,7312.15,performance_drift,2024-09,6733.38182
ID0004038,11/8/2024,2,14,8220,76,2,1,0.955,0.992,1.8,0.486,3,6093.04,performance_drift,2024-11,6733.38182
ID0004039,12/14/2024,2,9,18538,25,1,1,0.965,0.984,1.4,0.203,1,5475.98,performance_drift,2024-12,5041.324948
ID0004040,5/15/2024,3,3,25701,34,2,1,0.949,1.081,1.2,0.291,1,5170,performance_drift,2024-05,5753.639017
ID0004041,2/4/2024,3,13,17274,47,2,1,1.003,0.919,1.8,0.191,1,6319.39,performance_drift,2024-02,6733.38182
ID0004042,11/14/2024,0,3,14927,20,3,2,1.277,1.412,1.8,0.207,0,8082.29,performance_drift,2024-11,6733.38182
ID0004043,4/12/2024,2,5,20483,45,1,2,1.058,1.208,1.8,0.101,1,6545.98,performance_drift,2024-04,6069.48688
ID0004044,7/16/2024,1,12,8708,50,3,1,1.104,0.95,1.4,0.269,21,6341.78,performance_drift,2024-07,5753.639017
ID0004045,6/17/2024,3,3,29909,70,1,2,1.194,1.219,1,0.021,7,4764.38,performance_drift,2024-06,5041.324948
ID0004046,6/28/2024,2,16,8376,77,2,1,1.006,1.084,0.4,0.09,3,3564.26,performance_drift,2024-06,3601.604965
ID0004047,9/10/2024,2,5,17263,36,2,1,1.064,1.268,1.4,0.598,10,6424.22,performance_drift,2024-09,5753.639017
ID0004048,5/1/2024,1,3,15919,58,2,2,1.239,1.071,1.2,0.317,0,5329.23,performance_drift,2024-05,5753.639017
ID0004049,1/15/2024,2,3,30537,68,0,1,1.056,0.868,1.2,0.236,3,4001.57,performance_drift,2024-01,5041.324948
ID0004050,10/7/2024,2,14,9854,31,1,1,0.984,0.981,1.4,0.28,0,5539.33,performance_drift,2024-10,5041.324948
ID0004051,12/28/2024,1,2,29252,50,1,2,1.261,1.293,1.4,0.139,3,5543.16,performance_drift,2024-12,5041.324948
ID0004052,11/23/2024,2,10,12013,52,3,1,1.102,0.919,1.8,0.034,3,6100.73,performance_drift,2024-11,6733.38182
ID0004053,4/8/2024,2,20,6348,40,1,1,1.128,1.092,1.4,0.131,0,5542.45,performance_drift,2024-04,5041.324948
ID0004054,8/4/2024,0,9,9767,46,2,2,1.192,1.221,1.8,0.216,0,6873.29,performance_drift,2024-08,6733.38182
ID0004055,7/26/2024,4,6,30078,69,0,2,1.222,1.384,1.4,0.316,3,5295.31,performance_drift,2024-07,5041.324948
ID0004056,9/8/2024,1,9,10362,77,4,1,0.877,1.036,3.2,0.559,0,9289.92,performance_drift,2024-09,9219.214917
ID0004057,2/23/2024,3,17,11904,20,3,2,1.223,1.279,1,0.535,0,7031.55,performance_drift,2024-02,5753.639017
ID0004058,9/11/2024,0,8,8526,58,2,2,1.275,1.292,3.2,0.111,1,9060.41,performance_drift,2024-09,9219.214917
ID0004059,7/20/2024,1,0,33468,76,1,1,1.031,1.111,1,0.615,4,4571.61,performance_drift,2024-07,5041.324948
ID0004060,5/22/2024,1,15,6748,69,1,2,1.262,1.264,0.4,0.437,10,4158.56,performance_drift,2024-05,4284.85875
ID0004061,12/17/2024,1,6,15023,32,2,1,0.996,0.868,1,0.353,2,4680.69,performance_drift,2024-12,5753.639017
ID0004062,8/6/2024,2,8,19437,73,2,0,0.948,0.874,1.2,0.211,7,4340.78,performance_drift,2024-08,5753.639017
ID0004063,12/16/2024,0,16,5000,19,4,2,1.326,1.263,1.2,0.352,1,7892.32,performance_drift,2024-12,5753.639017
ID0004064,11/25/2024,0,3,12357,79,1,2,1.248,1.091,0.4,0.19,1,3709.99,performance_drift,2024-11,3601.604965
ID0004065,5/5/2024,1,14,7506,70,1,1,0.889,0.826,1,0.158,21,4515.14,performance_drift,2024-05,5041.324948
ID0004066,9/28/2024,4,6,29468,40,1,2,1.257,1.151,1.4,0.098,10,5985.15,performance_drift,2024-09,5041.324948
ID0004067,7/6/2024,2,7,22779,64,2,1,1.031,1.166,1.2,0.23,10,5129.57,performance_drift,2024-07,5753.639017
ID0004068,7/5/2024,1,8,11184,59,2,1,1.052,0.891,1,0.199,5,4453.49,performance_drift,2024-07,5753.639017
ID0004069,2/25/2024,3,3,21200,52,4,1,0.968,0.803,1.4,0.344,3,6040.82,performance_drift,2024-02,5753.639017
ID0004070,6/1/2024,3,7,21956,66,1,1,1.012,0.961,1.4,0.163,7,4898.22,performance_drift,2024-06,5041.324948
ID0004071,3/17/2024,3,11,12035,67,1,2,1.211,0.985,1.2,0.093,2,4794.26,performance_drift,2024-03,5041.324948
ID0004072,12/8/2024,3,3,19719,43,1,1,0.966,1.044,1.4,0.649,10,5238.34,performance_drift,2024-12,5041.324948
ID0004073,9/17/2024,2,7,18040,46,3,2,1.217,1.097,3.2,0.236,7,9549.35,performance_drift,2024-09,9219.214917
ID0004074,3/19/2024,3,3,24461,53,4,1,0.88,0.953,1,0.153,2,5420.99,performance_drift,2024-03,5753.639017
ID0004075,10/18/2024,1,8,11841,39,3,1,0.91,1.014,1.8,0.354,0,6266.78,performance_drift,2024-10,6733.38182
ID0004076,6/6/2024,4,1,53153,20,3,2,1.204,1.073,1.4,0.117,0,6900.05,performance_drift,2024-06,5753.639017
ID0004077,8/13/2024,2,0,39685,25,1,0,0.922,0.899,1.8,0.36,2,5594.43,performance_drift,2024-08,6069.48688
ID0004078,1/23/2024,1,10,10118,48,3,1,0.853,1.035,1.2,0.273,3,5769.26,performance_drift,2024-01,5753.639017
ID0004079,3/1/2024,0,8,7592,45,1,1,0.959,1.201,1.8,0.292,6,6437.44,performance_drift,2024-03,6069.48688
ID0004080,7/16/2024,1,5,14373,63,0,2,1.264,1.141,1.4,0.132,0,4839.24,performance_drift,2024-07,5041.324948
ID0004081,7/2/2024,0,11,11823,42,1,0,0.979,1.066,1,0.134,3,4649.01,performance_drift,2024-07,5041.324948
ID0004082,9/24/2024,0,8,12343,25,2,1,0.921,1.124,1.8,0.345,10,6694.59,performance_drift,2024-09,6733.38182
ID0004083,3/19/2024,2,10,11570,22,1,0,0.923,0.931,1.1,0.43,0,5435.35,performance_drift,2024-03,5041.324948
ID0004084,3/28/2024,0,5,13747,19,1,1,1.134,0.968,0.4,0.402,2,4545.53,performance_drift,2024-03,3601.604965
ID0004085,1/6/2024,2,9,11895,49,2,2,1.19,1.043,0.4,0.624,3,4530.18,performance_drift,2024-01,3601.604965
ID0004086,2/9/2024,2,9,16420,20,1,1,1.093,1.084,1.8,0.267,2,6974.03,performance_drift,2024-02,6069.48688
ID0004087,7/5/2024,2,17,7147,18,1,2,1.104,1.403,1,0.207,21,6664.2,performance_drift,2024-07,5041.324948
ID0004088,9/24/2024,1,4,11322,31,2,2,1.129,1.064,1.2,0.207,30,5711.29,performance_drift,2024-09,5753.639017
ID0004089,9/19/2024,1,0,32194,66,3,2,1.175,1.162,1,0.117,4,5156.69,performance_drift,2024-09,5753.639017
ID0004090,10/19/2024,2,8,16583,73,3,2,1.247,1.181,1.2,0.089,1,5757.37,performance_drift,2024-10,5753.639017
ID0004091,7/22/2024,1,12,9227,27,1,2,1.202,1.295,1.4,0.255,3,5897.06,performance_drift,2024-07,5041.324948
ID0004092,10/6/2024,2,9,16669,30,4,1,1.039,1.016,1,0.295,4,5656.67,performance_drift,2024-10,5753.639017
ID0004093,12/9/2024,0,7,10269,63,2,2,1.252,1.31,0.4,0.041,2,4162.41,performance_drift,2024-12,4284.85875
ID0004094,10/8/2024,2,11,12893,67,1,2,1.213,1.165,0.4,0.559,14,4253.62,performance_drift,2024-10,4284.85875
ID0004095,10/3/2024,2,11,11590,58,2,2,1.156,0.997,1.2,0.307,1,5822.53,performance_drift,2024-10,5753.639017
ID0004096,5/8/2024,1,12,9552,33,0,1,1.114,1.037,1,0.158,1,4019.77,performance_drift,2024-05,5041.324948
ID0004097,10/5/2024,0,7,8717,65,4,0,0.963,0.999,1.2,0.429,3,5609.11,performance_drift,2024-10,5753.639017
ID0004098,11/20/2024,1,11,12092,35,2,2,1.121,1.338,1.8,0.526,10,7288.94,performance_drift,2024-11,6733.38182
ID0004099,5/5/2024,0,0,12806,62,1,2,1.162,1.031,1,0.222,3,4230.67,performance_drift,2024-05,5041.324948
ID0004100,5/3/2024,3,6,21096,71,2,2,1.116,1.081,1.2,0.179,2,5445.87,performance_drift,2024-05,5753.639017
ID0004101,2/24/2024,2,13,9674,58,2,0,0.95,0.979,1.8,0.256,0,5902.75,performance_drift,2024-02,6733.38182
ID0004102,8/2/2024,1,6,13252,75,2,2,1.025,1.106,1.2,0.427,3,5618.27,performance_drift,2024-08,5753.639017
ID0004103,3/6/2024,2,0,26100,49,2,1,1.028,0.887,1,0.31,0,4382.73,performance_drift,2024-03,5753.639017
ID0004104,2/15/2024,1,1,20672,21,3,1,1.019,1.095,0.4,0.108,1,4744.25,performance_drift,2024-02,3601.604965
ID0004105,7/26/2024,1,5,24036,73,1,1,1.086,1.041,1.8,0.353,0,5613.82,performance_drift,2024-07,6069.48688
ID0004106,1/5/2024,3,4,17208,79,3,1,0.974,0.884,1.2,0.615,1,5410.62,performance_drift,2024-01,5753.639017
ID0004107,6/24/2024,1,15,5000,75,0,1,1.101,1.088,1,0.329,0,4250.39,performance_drift,2024-06,5041.324948
ID0004108,10/11/2024,1,1,24511,41,0,1,1.05,1.159,1.2,0.099,3,4327.29,performance_drift,2024-10,5041.324948
ID0004109,9/10/2024,2,7,17416,75,0,2,1.131,1.392,1.4,0.263,0,5312.07,performance_drift,2024-09,5041.324948
ID0004110,4/28/2024,2,16,6201,69,3,1,1.065,0.933,1.8,0.102,0,6204.39,performance_drift,2024-04,6733.38182
ID0004111,1/22/2024,1,11,6840,49,1,2,1.241,1.208,1.2,0.319,0,5443.27,performance_drift,2024-01,5041.324948
ID0004112,9/13/2024,3,7,18845,44,0,2,1.162,1.233,1.1,0.175,21,4895.07,performance_drift,2024-09,5041.324948
ID0004113,5/9/2024,0,15,5202,47,3,2,1.079,1.397,1.2,0.305,4,6712.93,performance_drift,2024-05,5753.639017
ID0004114,5/11/2024,0,14,5000,37,3,2,1.076,1.08,1.8,0.191,0,7091.07,performance_drift,2024-05,6733.38182
ID0004115,6/4/2024,1,6,9451,67,2,1,0.994,1.039,1.8,0.634,4,6573.2,performance_drift,2024-06,6733.38182
ID0004116,10/5/2024,4,6,34058,47,0,0,0.899,0.939,1.8,0.141,0,4873.16,performance_drift,2024-10,6069.48688
ID0004117,11/5/2024,1,9,8546,24,1,1,1.004,1.272,1.2,0.333,1,5982.58,performance_drift,2024-11,5041.324948
ID0004118,11/27/2024,4,3,51936,25,2,2,1.205,1.256,1.4,0.072,1,6023.11,performance_drift,2024-11,5753.639017
ID0004119,2/13/2024,2,9,17227,24,2,2,1.244,1.246,1.2,0.383,5,6884.76,performance_drift,2024-02,5753.639017
ID0004120,11/24/2024,4,10,26088,50,4,1,0.969,0.981,1.4,0.581,10,6697.4,performance_drift,2024-11,5753.639017
ID0004121,5/6/2024,1,11,10043,73,2,2,1.289,1.103,1.2,0.318,0,5372.36,performance_drift,2024-05,5753.639017
ID0004122,3/8/2024,3,0,34029,46,2,2,1.117,1.23,1.4,0.523,30,6502.16,performance_drift,2024-03,5753.639017
ID0004123,8/15/2024,2,10,13302,22,1,0,0.927,0.946,1.2,0.076,0,5306.2,performance_drift,2024-08,5041.324948
ID0004124,1/5/2024,1,2,19978,30,1,1,1.002,0.89,1.2,0.053,2,4821.21,performance_drift,2024-01,5041.324948
ID0004125,4/9/2024,2,4,27488,39,2,1,0.852,1.116,1.4,0.325,14,6036.16,performance_drift,2024-04,5753.639017
ID0004126,10/22/2024,2,13,11947,77,2,2,1.193,1.081,1,0.53,30,5615.42,performance_drift,2024-10,5753.639017
ID0004127,10/15/2024,3,4,30703,51,3,2,1.175,1.492,1.8,0.158,0,7417.14,performance_drift,2024-10,6733.38182
ID0004128,7/11/2024,2,12,11301,70,2,2,1.178,1.404,1.2,0.408,0,5934.3,performance_drift,2024-07,5753.639017
ID0004129,9/24/2024,1,2,18099,52,2,1,0.983,0.889,1.2,0.181,3,4596.49,performance_drift,2024-09,5753.639017
ID0004130,6/22/2024,4,7,38317,66,1,2,1.273,1.308,1.4,0.059,4,5591.18,performance_drift,2024-06,5041.324948
ID0004131,10/2/2024,3,13,14637,32,0,2,1.219,1.167,1.4,0.199,5,5370.88,performance_drift,2024-10,5041.324948
ID0004132,11/18/2024,1,9,15415,70,2,0,0.923,0.902,1.4,0.522,6,5165.54,performance_drift,2024-11,5753.639017
ID0004133,12/27/2024,3,4,26924,76,1,1,1.088,1.053,1.2,0.111,0,4253.37,performance_drift,2024-12,5041.324948
ID0004134,4/12/2024,2,8,20297,59,2,2,1.423,1.198,1.8,0.371,6,6917.27,performance_drift,2024-04,6733.38182
ID0004135,1/25/2024,3,4,29883,30,0,1,0.862,0.908,1.2,0.391,4,4416.52,performance_drift,2024-01,5041.324948
ID0004136,9/1/2024,1,10,8951,78,2,1,1.113,0.895,1.2,0.133,0,4647.47,performance_drift,2024-09,5753.639017
ID0004137,10/27/2024,4,11,37311,51,2,2,1.148,1.394,1.8,0.175,3,6741.07,performance_drift,2024-10,6733.38182
ID0004138,3/5/2024,2,6,23878,70,3,2,1.191,0.997,1.2,0.094,10,5333.61,performance_drift,2024-03,5753.639017
ID0004139,12/26/2024,2,17,9521,76,3,1,1.097,1.011,1.2,0.351,3,5655.55,performance_drift,2024-12,5753.639017
ID0004140,8/6/2024,1,6,16700,62,3,2,1.084,1.333,1,0.381,3,5826.26,performance_drift,2024-08,5753.639017
ID0004141,5/10/2024,3,0,30230,57,4,1,0.821,0.999,1.2,0.236,6,5646.54,performance_drift,2024-05,5753.639017
ID0004142,3/22/2024,2,20,7323,37,0,1,0.977,0.89,1.2,0.159,10,4767.89,performance_drift,2024-03,5041.324948
ID0004143,6/28/2024,2,10,10136,25,1,2,1.186,1.01,1,0.327,1,5164.47,performance_drift,2024-06,5041.324948
ID0004144,4/13/2024,1,12,9280,61,1,2,1.185,1.103,1.8,0.156,14,6353.22,performance_drift,2024-04,6069.48688
ID0004145,10/26/2024,2,6,18437,21,4,2,1.258,1.297,1.8,0.467,2,8447.18,performance_drift,2024-10,6733.38182
ID0004146,2/2/2024,3,10,16221,49,2,1,0.99,0.816,3.2,0.213,0,8599.26,performance_drift,2024-02,9219.214917
ID0004147,3/28/2024,2,4,26547,72,1,0,1.017,0.911,1.2,0.077,0,3965.06,performance_drift,2024-03,5041.324948
ID0004148,1/10/2024,1,9,11641,38,0,2,1.253,1.057,1.4,0.449,3,5666.14,performance_drift,2024-01,5041.324948
ID0004149,12/26/2024,1,14,14624,68,4,1,0.957,0.881,1.2,0.141,0,5336.48,performance_drift,2024-12,5753.639017
ID0004150,2/19/2024,2,13,8055,25,1,1,0.927,1.06,1.4,0.33,1,5574.76,performance_drift,2024-02,5041.324948
ID0004151,2/11/2024,3,4,22628,30,1,1,0.937,1.051,1.4,0.277,30,5520.61,performance_drift,2024-02,5041.324948
ID0004152,2/21/2024,4,8,34862,29,1,1,1.036,1.044,1.8,0.348,30,6750.77,performance_drift,2024-02,6069.48688
ID0004153,10/9/2024,3,6,19898,45,1,2,1.2,1.063,1.2,0.1,21,5153.06,performance_drift,2024-10,5041.324948
ID0004154,11/15/2024,3,8,21512,69,0,2,1.119,1.274,1.2,0.176,0,4562.99,performance_drift,2024-11,5041.324948
ID0004155,11/19/2024,2,6,27417,44,3,0,0.981,0.928,1.2,0.165,0,5070.47,performance_drift,2024-11,5753.639017
ID0004156,9/26/2024,3,9,17667,45,4,0,0.962,0.832,1.2,0.114,0,5098.54,performance_drift,2024-09,5753.639017
ID0004157,6/7/2024,2,12,11370,42,2,1,1.01,0.951,1.8,0.367,0,6571.88,performance_drift,2024-06,6733.38182
ID0004158,4/7/2024,3,7,18751,66,3,2,1.386,1.092,1,0.276,0,5449.58,performance_drift,2024-04,5753.639017
ID0004159,4/4/2024,0,0,17928,23,3,1,1.08,1.236,1.2,0.496,2,6669.84,performance_drift,2024-04,5753.639017
ID0004160,7/14/2024,3,16,7268,21,4,2,1.174,1.056,1.2,0.318,0,7365.01,performance_drift,2024-07,5753.639017
ID0004161,10/1/2024,2,17,9001,45,2,2,1.165,1.126,1.8,0.432,21,7204.96,performance_drift,2024-10,6733.38182
ID0004162,11/8/2024,3,15,13172,48,2,0,0.919,0.961,0.4,0.379,0,3664.19,performance_drift,2024-11,3601.604965
ID0004163,4/25/2024,2,15,8679,65,2,1,0.953,1.113,1.4,0.052,0,5351.44,performance_drift,2024-04,5753.639017
ID0004164,9/21/2024,4,17,13318,31,0,2,1.178,1.174,1,0.2,5,4720.09,performance_drift,2024-09,5041.324948
ID0004165,7/4/2024,0,12,7540,61,1,2,1.127,1.218,1.2,0.432,30,5740.39,performance_drift,2024-07,5041.324948
ID0004166,4/27/2024,3,0,33163,64,1,2,1.135,1.214,1,0.547,1,4966.32,performance_drift,2024-04,5041.324948
ID0004167,12/13/2024,3,9,20201,42,2,1,0.97,0.944,1.8,0.407,0,6673.13,performance_drift,2024-12,6733.38182
ID0004168,3/22/2024,0,11,5311,24,2,2,0.992,1.325,3.2,0.07,21,10537.3,performance_drift,2024-03,9219.214917
ID0004169,7/12/2024,2,13,10914,74,1,2,1.155,1.116,0.4,0.176,2,3642.38,performance_drift,2024-07,4284.85875
ID0004170,2/24/2024,2,10,15045,32,2,2,1.124,1.226,1.4,0.279,10,6333.43,performance_drift,2024-02,5753.639017
ID0004171,9/25/2024,2,8,9498,38,3,2,1.208,1.277,1.8,0.603,1,7635.2,performance_drift,2024-09,6733.38182
ID0004172,3/19/2024,2,4,20599,20,1,2,1.074,1.378,1.8,0.142,7,7530.63,performance_drift,2024-03,6069.48688
ID0004173,3/21/2024,1,0,18739,48,3,1,0.89,1.041,1.8,0.534,1,6671.57,performance_drift,2024-03,6733.38182
ID0004174,7/19/2024,0,9,6557,71,4,1,0.916,0.754,1.2,0.203,0,5593.72,performance_drift,2024-07,5753.639017
ID0004175,9/18/2024,2,6,15803,46,3,1,0.905,0.843,1.8,0.317,10,6538,performance_drift,2024-09,6733.38182
ID0004176,9/17/2024,1,15,5000,70,3,0,0.955,0.971,1,0.234,10,4696.69,performance_drift,2024-09,5753.639017
ID0004177,2/4/2024,2,0,33370,21,0,1,1.007,1.052,1.2,0.502,6,5417.74,performance_drift,2024-02,5041.324948
ID0004178,7/16/2024,2,7,15110,50,0,1,1.013,1.129,1.2,0.075,10,4452.18,performance_drift,2024-07,5041.324948
ID0004179,3/24/2024,3,7,16294,46,2,2,1.126,1.164,1.4,0.085,10,5885.94,performance_drift,2024-03,5753.639017
ID0004180,4/10/2024,2,6,24557,62,0,2,1.137,1.217,1.8,0.189,21,6409.17,performance_drift,2024-04,6069.48688
ID0004181,5/3/2024,1,11,11683,73,2,1,0.869,0.95,3.2,0.108,4,8263.88,performance_drift,2024-05,9219.214917
ID0004182,10/9/2024,1,0,29884,75,3,2,1.155,1.348,1.8,0.028,0,6526.07,performance_drift,2024-10,6733.38182
ID0004183,10/16/2024,1,20,5000,62,0,1,0.934,0.951,1,0.267,10,4442.09,performance_drift,2024-10,5041.324948
ID0004184,8/20/2024,3,10,12894,75,1,2,1.278,1.33,0.4,0.716,0,4063.2,performance_drift,2024-08,4284.85875
ID0004185,4/11/2024,3,8,22372,48,1,0,0.849,0.96,1.2,0.035,2,4464.91,performance_drift,2024-04,5041.324948
ID0004186,6/1/2024,1,10,8779,56,0,1,0.972,1.084,1.8,0.152,14,5866.4,performance_drift,2024-06,6069.48688
ID0004187,6/8/2024,2,14,10691,28,0,0,0.878,0.837,1.8,0.047,3,5099.78,performance_drift,2024-06,6069.48688
ID0004188,1/18/2024,0,0,22741,33,2,1,1.022,1.065,1.4,0.222,30,5775.62,performance_drift,2024-01,5753.639017
ID0004189,8/13/2024,1,4,16480,71,1,1,1.194,1.07,1.8,0.114,1,5610.12,performance_drift,2024-08,6069.48688
ID0004190,6/27/2024,3,12,17765,75,1,0,0.878,1.013,1.8,0.312,5,5316.52,performance_drift,2024-06,6069.48688
ID0004191,2/16/2024,2,5,23547,42,2,1,0.997,0.949,1.4,0.219,3,5423.25,performance_drift,2024-02,5753.639017
ID0004192,4/6/2024,2,3,19337,71,3,2,1.172,1.343,1.4,0.118,4,6323.31,performance_drift,2024-04,5753.639017
ID0004193,6/13/2024,4,13,14651,21,1,2,1.17,1.306,1,0.155,2,5909.51,performance_drift,2024-06,5041.324948
ID0004194,12/11/2024,1,6,11973,52,4,2,1.106,1.204,0.4,0.686,0,5387.8,performance_drift,2024-12,4284.85875
ID0004195,11/2/2024,1,9,9619,45,1,2,1.066,1.18,1.4,0.058,30,5697.83,performance_drift,2024-11,5041.324948
ID0004196,3/15/2024,2,3,21532,78,2,2,1.247,1.335,0.4,0.648,1,4568.34,performance_drift,2024-03,4284.85875
ID0004197,3/27/2024,2,15,9934,42,1,2,1.088,1.093,0.4,0.274,0,3902.1,performance_drift,2024-03,3601.604965
ID0004198,11/22/2024,2,8,19317,56,1,1,0.939,1.037,1,0.365,2,4469.04,performance_drift,2024-11,5041.324948
ID0004199,1/5/2024,3,7,11942,30,2,2,1.221,0.98,1.2,0.477,14,5701.81,performance_drift,2024-01,5753.639017
ID0004200,7/17/2024,4,2,56094,50,2,1,1.039,0.99,1.8,0.333,2,6324.18,performance_drift,2024-07,6733.38182
ID0004201,11/28/2024,3,6,15922,59,0,2,1.169,1.394,1.4,0.268,3,5521.51,performance_drift,2024-11,5041.324948
ID0004202,1/18/2024,3,4,21751,60,3,1,1.04,1.028,1.2,0.034,0,5148.83,performance_drift,2024-01,5753.639017
ID0004203,9/3/2024,2,5,13854,30,0,1,1.01,1.098,1.2,0.087,1,4610.27,performance_drift,2024-09,5041.324948
ID0004204,4/8/2024,1,10,10825,46,1,2,1.167,1.338,1.8,0.34,0,6546.43,performance_drift,2024-04,6069.48688
ID0004205,1/27/2024,0,18,5746,53,2,1,0.977,0.982,1.4,0.058,1,5528.78,performance_drift,2024-01,5753.639017
ID0004206,2/16/2024,2,3,25604,72,3,1,0.858,1.054,0.4,0.047,4,3898.73,performance_drift,2024-02,3601.604965
ID0004207,9/12/2024,4,7,19677,27,4,1,0.878,1.138,1.1,0.489,10,6331.82,performance_drift,2024-09,5753.639017
ID0004208,3/14/2024,1,3,24555,43,3,2,1.172,1.57,1.2,0.241,0,6330.52,performance_drift,2024-03,5753.639017
ID0004209,2/24/2024,1,2,19204,65,2,2,1.296,1.181,1,0.156,1,4901.23,performance_drift,2024-02,5753.639017
ID0004210,11/19/2024,1,4,14806,73,3,2,0.865,0.842,1.8,0.379,14,6693.21,performance_drift,2024-11,6733.38182
ID0004211,4/26/2024,0,4,14438,57,2,2,1.217,1.29,1.1,0.327,4,5455.88,performance_drift,2024-04,5753.639017
ID0004212,7/27/2024,3,5,28675,74,1,2,1.15,1.147,1.4,0.299,3,5298.07,performance_drift,2024-07,5041.324948
ID0004213,12/20/2024,1,1,16928,64,2,0,0.993,0.79,1,0.572,5,4215.07,performance_drift,2024-12,5753.639017
ID0004214,6/24/2024,0,7,10479,39,0,2,1.152,1.2,1.2,0.262,4,5231.45,performance_drift,2024-06,5041.324948
ID0004215,9/6/2024,4,0,42576,56,2,1,1.049,0.883,1,0.23,5,4399.78,performance_drift,2024-09,5753.639017
ID0004216,10/16/2024,1,8,12542,54,2,1,0.972,0.944,1.4,0.389,3,5431.98,performance_drift,2024-10,5753.639017
ID0004217,12/16/2024,3,3,30782,38,1,1,0.846,1.039,1.4,0.602,21,5584.33,performance_drift,2024-12,5041.324948
ID0004218,11/24/2024,0,6,9435,44,0,1,1.128,0.811,1.2,0.381,1,4547.31,performance_drift,2024-11,5041.324948
ID0004219,1/24/2024,3,9,16402,19,4,2,1.176,1.102,1.8,0.119,7,8583.72,performance_drift,2024-01,6733.38182
ID0004220,7/13/2024,0,12,5695,44,1,2,1.104,1.152,1.8,0.425,0,6576,performance_drift,2024-07,6069.48688
ID0004221,2/23/2024,0,6,16431,19,0,1,1.007,0.865,1.2,0.49,1,5482.83,performance_drift,2024-02,5041.324948
ID0004222,9/8/2024,2,8,15726,30,1,1,0.97,1.062,1.2,0.161,0,4895.13,performance_drift,2024-09,5041.324948
ID0004223,12/3/2024,3,7,14978,48,1,2,1.176,1.258,1.2,0.312,0,5661.7,performance_drift,2024-12,5041.324948
ID0004224,6/8/2024,1,0,22201,62,2,1,0.935,0.986,1,0.652,0,4659.28,performance_drift,2024-06,5753.639017
ID0004225,12/14/2024,1,13,7109,33,2,1,0.882,0.979,1.8,0.405,1,6603.25,performance_drift,2024-12,6733.38182
ID0004226,2/23/2024,0,6,12435,19,0,2,1.274,1.332,1.8,0.637,21,7438.9,performance_drift,2024-02,6069.48688
ID0004227,7/28/2024,2,13,10662,44,1,2,1.203,1.182,1.2,0.446,4,5500.54,performance_drift,2024-07,5041.324948
ID0004228,8/8/2024,4,13,15565,66,3,1,0.975,1.06,1.2,0.267,6,5877.5,performance_drift,2024-08,5753.639017
ID0004229,5/8/2024,4,9,34300,48,1,2,1.322,1.077,1.2,0.187,3,5290.86,performance_drift,2024-05,5041.324948
ID0004230,11/26/2024,3,10,14940,75,0,1,0.915,1.026,1.8,0.483,1,5814.27,performance_drift,2024-11,6069.48688
ID0004231,8/9/2024,2,0,29776,69,3,0,1.041,0.859,1.8,0.212,4,5734.97,performance_drift,2024-08,6733.38182
ID0004232,5/14/2024,1,12,10567,70,3,1,1.007,1.057,1.8,0.306,0,6623.15,performance_drift,2024-05,6733.38182
ID0004233,4/14/2024,0,1,13748,29,1,2,1.13,1.279,1.4,0.355,4,5862.14,performance_drift,2024-04,5041.324948
ID0004234,6/27/2024,2,6,18676,59,3,2,1.212,1.155,0.4,0.144,5,4502.65,performance_drift,2024-06,4284.85875
ID0004235,4/23/2024,0,1,14376,20,0,1,0.867,0.919,1.4,0.105,0,5475.12,performance_drift,2024-04,5041.324948
ID0004236,10/17/2024,3,10,11530,73,0,0,0.778,0.984,1.4,0.361,0,4520.36,performance_drift,2024-10,5041.324948
ID0004237,8/8/2024,1,10,12529,49,1,1,0.962,0.922,1.2,0.296,10,5009.89,performance_drift,2024-08,5041.324948
ID0004238,9/25/2024,0,10,8065,38,2,1,1.105,1.044,1.8,0.454,3,6722.63,performance_drift,2024-09,6733.38182
ID0004239,11/18/2024,4,11,20089,68,1,2,1.278,1.175,1.2,0.306,2,5508.73,performance_drift,2024-11,5041.324948
ID0004240,5/9/2024,1,3,16971,56,2,1,0.998,1.15,1.2,0.372,1,5393.13,performance_drift,2024-05,5753.639017
ID0004241,7/27/2024,0,0,14728,39,1,2,1.179,1.202,1.4,0.684,2,5638.14,performance_drift,2024-07,5041.324948
ID0004242,2/12/2024,2,5,22361,79,0,0,1.009,0.888,1.8,0.2,5,4681.99,performance_drift,2024-02,6069.48688
ID0004243,8/9/2024,2,1,27695,35,2,1,0.993,1.066,1.1,0.149,0,5029.85,performance_drift,2024-08,5753.639017
ID0004244,6/1/2024,1,4,23548,75,2,1,0.949,1.119,1.2,0.462,1,5164.43,performance_drift,2024-06,5753.639017
ID0004245,5/26/2024,1,7,14187,30,3,2,1.248,1.11,1.4,0.293,5,6484.85,performance_drift,2024-05,5753.639017
ID0004246,2/24/2024,2,18,6408,46,0,2,1.183,1.271,1.8,0.282,2,6476.49,performance_drift,2024-02,6069.48688
ID0004247,10/20/2024,0,2,13454,32,2,0,0.874,0.876,1.8,0.452,0,5913.39,performance_drift,2024-10,6733.38182
ID0004248,8/28/2024,2,2,14748,35,1,0,0.816,0.931,1.8,0.204,1,5287.16,performance_drift,2024-08,6069.48688
ID0004249,12/1/2024,0,7,9687,70,0,2,1.247,1.142,1.2,0.179,1,4783.92,performance_drift,2024-12,5041.324948
ID0004250,11/20/2024,1,3,13359,21,2,2,1.063,1.122,3.2,0.304,1,9638.6,performance_drift,2024-11,9219.214917
ID0004251,10/25/2024,3,7,25689,42,1,2,1.238,1.422,1,0.471,14,5589.33,performance_drift,2024-10,5041.324948
ID0004252,8/26/2024,0,9,6455,43,2,1,0.926,1.161,1.2,0.339,3,5413.75,performance_drift,2024-08,5753.639017
ID0004253,9/17/2024,4,8,22203,62,3,1,0.947,1.102,1.1,0.347,2,5293.79,performance_drift,2024-09,5753.639017
ID0004254,9/12/2024,3,9,18869,76,0,2,1.076,1.305,1.2,0.478,0,4892.15,performance_drift,2024-09,5041.324948
ID0004255,7/5/2024,4,3,36051,75,3,1,0.983,1.039,1.8,0.362,4,6459.57,performance_drift,2024-07,6733.38182
ID0004256,11/15/2024,1,5,17059,19,3,1,1.068,1.033,1.8,0.301,1,7675.88,performance_drift,2024-11,6733.38182
ID0004257,3/7/2024,1,6,15383,72,3,0,0.907,0.969,1.8,0.522,10,6384.44,performance_drift,2024-03,6733.38182
ID0004258,10/18/2024,1,11,7248,29,4,1,1.016,0.962,1.2,0.27,0,5989.52,performance_drift,2024-10,5753.639017
ID0004259,4/2/2024,2,13,9849,43,2,1,1.056,0.909,1.2,0.257,2,5139.9,performance_drift,2024-04,5753.639017
ID0004260,8/23/2024,1,15,6694,57,2,1,0.992,0.889,1,0.124,2,4523.7,performance_drift,2024-08,5753.639017
ID0004261,10/7/2024,2,2,48971,45,2,2,1.096,1.25,3.2,0.123,21,9299.77,performance_drift,2024-10,9219.214917
ID0004262,6/28/2024,2,11,13154,57,1,2,1.106,1.371,1,0.257,3,5061.77,performance_drift,2024-06,5041.324948
ID0004263,3/28/2024,1,5,20617,52,1,1,0.862,1.04,1.2,0.464,5,4912.12,performance_drift,2024-03,5041.324948
ID0004264,7/3/2024,3,13,11474,61,4,0,0.917,1.023,1.2,0.11,3,5461.8,performance_drift,2024-07,5753.639017
ID0004265,2/19/2024,1,7,12041,59,1,1,1.076,0.99,1.2,0.214,7,4549.68,performance_drift,2024-02,5041.324948
ID0004266,10/19/2024,2,1,29007,75,2,1,0.871,0.922,1.2,0.081,30,4860.77,performance_drift,2024-10,5753.639017
ID0004267,8/27/2024,2,3,19350,62,3,2,1.226,1.28,1.8,0.151,30,7248.13,performance_drift,2024-08,6733.38182
ID0004268,12/18/2024,0,8,8899,26,1,2,1.257,1.303,1.2,0.357,1,5882.34,performance_drift,2024-12,5041.324948
ID0004269,6/25/2024,4,7,40433,78,4,2,1.183,1.047,1.8,0.334,1,6882.94,performance_drift,2024-06,6733.38182
ID0004270,12/21/2024,3,15,10460,44,0,1,0.959,1.02,1,0.209,6,4262.1,performance_drift,2024-12,5041.324948
ID0004271,7/14/2024,1,11,13842,43,0,0,0.986,0.75,1.2,0.329,2,3963.33,performance_drift,2024-07,5041.324948
ID0004272,5/14/2024,2,20,6491,72,0,0,0.833,0.999,1.4,0.462,0,4684.76,performance_drift,2024-05,5041.324948
ID0004273,5/5/2024,3,9,20801,77,1,2,1.418,1.22,1.2,0.102,30,4940.1,performance_drift,2024-05,5041.324948
ID0004274,3/9/2024,2,1,24610,37,0,1,0.951,0.987,1.8,0.659,14,5724.46,performance_drift,2024-03,6069.48688
ID0004275,7/17/2024,2,12,14613,37,3,2,1.187,1.108,1,0.447,5,5906.25,performance_drift,2024-07,5753.639017
ID0004276,6/15/2024,1,9,12309,22,0,1,0.94,1.026,1.8,0.24,2,6550.13,performance_drift,2024-06,6069.48688
ID0004277,6/4/2024,2,7,28741,24,2,2,1.248,1.053,1.2,0.303,21,6826.65,performance_drift,2024-06,5753.639017
ID0004278,8/21/2024,2,9,14090,44,2,1,0.918,1.042,1,0.155,3,4617.03,performance_drift,2024-08,5753.639017
ID0004279,2/7/2024,1,5,16492,75,3,0,0.901,0.975,1.1,0.131,7,4608.91,performance_drift,2024-02,5753.639017
ID0004280,4/25/2024,1,5,19605,53,3,1,1.092,0.893,1.8,0.218,1,6260.95,performance_drift,2024-04,6733.38182
ID0004281,3/25/2024,4,6,36646,33,0,2,1.216,1.225,1.2,0.075,0,4973.79,performance_drift,2024-03,5041.324948
ID0004282,4/24/2024,3,5,21118,65,1,1,0.959,0.872,1.8,0.293,5,5450.29,performance_drift,2024-04,6069.48688
ID0004283,7/24/2024,3,0,53571,51,3,2,1.195,1.281,1.8,0.318,0,6982.72,performance_drift,2024-07,6733.38182
ID0004284,10/2/2024,0,14,6953,35,3,2,1.364,1.288,1.4,0.234,0,6502.57,performance_drift,2024-10,5753.639017
ID0004285,4/26/2024,2,9,13043,40,0,0,0.938,0.901,1.2,0.32,1,4026.67,performance_drift,2024-04,5041.324948
ID0004286,6/26/2024,1,2,17914,46,1,2,1.301,1.194,1,0.164,5,4887.08,performance_drift,2024-06,5041.324948
ID0004287,6/8/2024,1,9,11659,58,1,1,1.076,1.092,1.2,0.047,3,4693.06,performance_drift,2024-06,5041.324948
ID0004288,3/1/2024,3,6,24757,67,1,1,0.955,0.973,1.8,0.524,6,5750.94,performance_drift,2024-03,6069.48688
ID0004289,4/18/2024,0,12,6570,60,0,1,0.891,0.936,1.2,0.251,3,4286.12,performance_drift,2024-04,5041.324948
ID0004290,7/14/2024,1,20,5000,74,4,1,1.041,0.829,1.2,0.342,10,5929.91,performance_drift,2024-07,5753.639017
ID0004291,5/26/2024,1,0,23412,19,1,0,1.042,0.752,1.8,0.517,2,5990.41,performance_drift,2024-05,6069.48688
ID0004292,9/4/2024,0,12,7086,24,1,1,0.874,0.987,1.4,0.298,4,6690.16,performance_drift,2024-09,5041.324948
ID0004293,5/24/2024,1,10,8106,30,1,2,1.222,1.053,1,0.198,0,4946.17,performance_drift,2024-05,5041.324948
ID0004294,9/13/2024,1,16,5000,64,1,1,0.989,0.962,1.8,0.278,0,5827.48,performance_drift,2024-09,6069.48688
ID0004295,6/3/2024,3,1,31972,51,0,0,0.988,0.901,1.2,0.442,1,3786.88,performance_drift,2024-06,5041.324948
ID0004296,3/11/2024,1,0,23453,62,3,0,0.886,0.927,1.4,0.37,30,5763.3,performance_drift,2024-03,5753.639017
ID0004297,4/8/2024,2,7,16248,21,1,0,1.07,0.933,1,0.269,21,5206.42,performance_drift,2024-04,5041.324948
ID0004298,7/6/2024,2,2,14134,27,2,2,1.285,1.173,0.4,0.5,0,4232.53,performance_drift,2024-07,4284.85875
ID0004299,6/13/2024,1,9,11958,20,3,2,1.261,1.185,1,0.659,0,6758.82,performance_drift,2024-06,5753.639017
ID0004300,11/3/2024,2,4,22871,25,1,2,1.219,1.121,1.2,0.478,30,5575.78,performance_drift,2024-11,5041.324948
ID0004301,1/17/2024,2,0,28180,73,2,0,0.94,0.837,1.8,0.101,6,5175.13,performance_drift,2024-01,6733.38182
ID0004302,2/11/2024,2,11,9604,46,1,2,0.905,1.081,1.2,0.125,4,5038.17,performance_drift,2024-02,5041.324948
ID0004303,5/28/2024,3,8,17215,56,4,2,1.18,1.258,1.4,0.317,10,7024.48,performance_drift,2024-05,5753.639017
ID0004304,9/1/2024,0,12,7382,38,3,2,1.142,1.281,1.4,0.557,0,7035.74,performance_drift,2024-09,5753.639017
ID0004305,8/9/2024,4,7,31682,24,0,2,1.255,1.271,1.2,0.248,5,6044.76,performance_drift,2024-08,5041.324948
ID0004306,10/22/2024,2,12,16298,77,3,1,0.972,0.966,1.2,0.296,2,5109.4,performance_drift,2024-10,5753.639017
ID0004307,9/18/2024,3,9,20084,60,1,2,1.103,1.242,1.4,0.457,10,5771.58,performance_drift,2024-09,5041.324948
ID0004308,2/20/2024,3,5,25895,42,1,1,1.017,1.106,1.2,0.164,0,5024.1,performance_drift,2024-02,5041.324948
ID0004309,6/27/2024,1,8,11482,46,0,1,1.05,0.916,1.8,0.438,4,5504.83,performance_drift,2024-06,6069.48688
ID0004310,11/6/2024,3,18,10155,65,3,1,0.898,0.881,1.2,0.076,3,5537.92,performance_drift,2024-11,5753.639017
ID0004311,7/22/2024,3,6,27226,26,1,1,1.067,0.976,1.4,0.211,0,5250.35,performance_drift,2024-07,5041.324948
ID0004312,5/28/2024,4,19,11952,59,0,1,0.944,0.849,1.4,0.437,0,4797.15,performance_drift,2024-05,5041.324948
ID0004313,7/27/2024,1,14,6921,23,4,2,1.31,1.241,1.8,0.26,1,8691.67,performance_drift,2024-07,6733.38182
ID0004314,3/11/2024,1,15,8596,34,1,1,0.947,1.144,3.2,0.152,0,8842.7,performance_drift,2024-03,9219.214917
ID0004315,1/9/2024,1,7,15405,32,3,2,1.348,1.285,1.4,0.579,21,7077.58,performance_drift,2024-01,5753.639017
ID0004316,3/7/2024,2,4,31184,64,4,2,1.271,1.182,1.2,0.331,21,6501.96,performance_drift,2024-03,5753.639017
ID0004317,8/22/2024,3,0,29079,46,0,2,1.282,1.095,1.8,0.062,2,5789.77,performance_drift,2024-08,6069.48688
ID0004318,7/27/2024,2,3,34184,41,1,1,1.011,0.976,1.2,0.326,21,4766.34,performance_drift,2024-07,5041.324948
ID0004319,10/21/2024,2,6,14367,41,1,1,1.055,1.028,1.8,0.424,0,5988.01,performance_drift,2024-10,6069.48688
ID0004320,2/7/2024,1,8,8804,40,1,2,1.09,1.099,1.2,0.182,10,5186.65,performance_drift,2024-02,5041.324948
ID0004321,9/1/2024,3,9,17968,76,3,2,1.291,1.223,1.2,0.463,3,5722.89,performance_drift,2024-09,5753.639017
ID0004322,2/25/2024,1,7,19535,47,0,2,1.154,1.355,1.8,0.491,10,6466.16,performance_drift,2024-02,6069.48688
ID0004323,3/28/2024,4,4,42829,66,2,2,1.169,1.22,1.2,0.292,4,5705.08,performance_drift,2024-03,5753.639017
ID0004324,1/12/2024,2,7,17011,73,1,1,0.949,1.093,1,0.388,1,4370.26,performance_drift,2024-01,5041.324948
ID0004325,10/20/2024,4,9,26857,42,2,2,1.114,1.176,1.8,0.096,1,6979.09,performance_drift,2024-10,6733.38182
ID0004326,4/3/2024,1,7,11956,25,0,1,0.954,1.014,1.8,0.156,4,5721.2,performance_drift,2024-04,6069.48688
ID0004327,1/4/2024,2,8,10992,42,0,2,1.31,1.232,1.2,0.015,0,4983.37,performance_drift,2024-01,5041.324948
ID0004328,1/10/2024,1,8,11110,74,0,2,1.124,1.184,1,0.062,0,4322.44,performance_drift,2024-01,5041.324948
ID0004329,5/22/2024,1,11,10710,39,1,1,0.934,1.148,1.1,0.37,0,4957.62,performance_drift,2024-05,5041.324948
ID0004330,8/2/2024,4,0,42424,78,0,2,1.197,1.18,1.8,0.139,4,5712.8,performance_drift,2024-08,6069.48688
ID0004331,7/6/2024,2,10,15721,35,0,1,0.845,1.035,1.8,0.495,0,5957.85,performance_drift,2024-07,6069.48688
ID0004332,11/21/2024,2,18,9579,33,2,1,0.927,0.993,1.2,0.465,1,5463.86,performance_drift,2024-11,5753.639017
ID0004333,2/21/2024,3,9,15218,73,0,0,0.899,0.861,1.4,0.112,4,4115.57,performance_drift,2024-02,5041.324948
ID0004334,5/18/2024,1,4,17274,49,1,2,1.309,1.221,1.4,0.404,0,5763.26,performance_drift,2024-05,5041.324948
ID0004335,7/14/2024,1,3,16645,24,1,2,1.189,1.408,1,0.443,30,6447.36,performance_drift,2024-07,5041.324948
ID0004336,11/18/2024,1,8,10577,29,1,0,0.784,0.913,1.2,0.294,1,4763.98,performance_drift,2024-11,5041.324948
ID0004337,4/23/2024,2,7,17046,22,3,0,0.94,0.834,1.2,0.388,1,5947.73,performance_drift,2024-04,5753.639017
ID0004338,8/28/2024,1,9,11816,55,2,1,1.116,0.96,1.4,0.219,1,5594.17,performance_drift,2024-08,5753.639017
ID0004339,12/3/2024,4,8,35922,65,1,1,0.899,0.915,1.2,0.482,0,4789.55,performance_drift,2024-12,5041.324948
ID0004340,11/8/2024,3,14,14817,35,0,2,1.146,1.226,1,0.231,2,5092.03,performance_drift,2024-11,5041.324948
ID0004341,2/19/2024,1,4,16939,31,0,0,0.816,0.972,1,0.321,7,3799.24,performance_drift,2024-02,5041.324948
ID0004342,5/26/2024,0,6,11351,75,3,1,0.976,0.953,1,0.692,21,5288.02,performance_drift,2024-05,5753.639017
ID0004343,10/12/2024,3,0,39525,57,2,0,0.97,0.866,1.2,0.489,2,4289.04,performance_drift,2024-10,5753.639017
ID0004344,12/15/2024,2,6,15611,30,1,2,1.219,1.256,1.2,0.455,2,5714.27,performance_drift,2024-12,5041.324948
ID0004345,6/20/2024,3,13,11298,21,0,1,1.075,1.095,1.2,0.275,3,5800.95,performance_drift,2024-06,5041.324948
ID0004346,4/22/2024,2,16,9759,51,1,2,1.269,1.203,1.8,0.171,14,6355.82,performance_drift,2024-04,6069.48688
ID0004347,5/8/2024,3,6,23972,31,3,1,0.973,1.114,1.4,0.4,0,6238.83,performance_drift,2024-05,5753.639017
ID0004348,10/11/2024,1,2,26297,53,0,2,1.037,1.194,1,0.399,2,4633.55,performance_drift,2024-10,5041.324948
ID0004349,5/20/2024,3,19,8689,58,1,0,0.972,0.871,1.8,0.105,14,5728.93,performance_drift,2024-05,6069.48688
ID0004350,5/24/2024,2,5,22178,40,2,1,0.964,1.144,1.2,0.055,5,5257.51,performance_drift,2024-05,5753.639017
ID0004351,2/19/2024,2,13,15030,25,2,2,1.229,1.212,1.4,0.044,10,6197.86,performance_drift,2024-02,5753.639017
ID0004352,12/8/2024,2,17,7529,48,1,1,0.973,1.137,1.8,0.228,0,6134.84,performance_drift,2024-12,6069.48688
ID0004353,2/23/2024,3,6,21822,40,3,2,1.317,1.154,1.8,0.284,4,7029.61,performance_drift,2024-02,6733.38182
ID0004354,7/15/2024,3,11,10208,27,0,1,1.013,0.994,1.8,0.143,2,5814.6,performance_drift,2024-07,6069.48688
ID0004355,2/11/2024,0,4,12472,78,2,2,1.235,1.112,1.2,0.314,0,5384.81,performance_drift,2024-02,5753.639017
ID0004356,1/27/2024,3,10,7006,55,2,1,0.865,0.886,1.8,0.352,21,6363.96,performance_drift,2024-01,6733.38182
ID0004357,11/10/2024,0,0,16993,24,4,2,1.128,1.048,1.1,0.318,7,6981.38,performance_drift,2024-11,5753.639017
ID0004358,8/13/2024,1,3,14840,49,1,1,1.017,0.904,0.4,0.393,0,3376.94,performance_drift,2024-08,3601.604965
ID0004359,6/21/2024,2,9,18565,45,1,2,1.3,1.43,1,0.215,30,5597.47,performance_drift,2024-06,5041.324948
ID0004360,3/6/2024,1,1,20544,41,0,1,0.884,0.977,1.8,0.631,21,5948.38,performance_drift,2024-03,6069.48688
ID0004361,1/24/2024,2,12,11684,19,2,2,1.161,1.215,1.8,0.176,10,7551.89,performance_drift,2024-01,6733.38182
ID0004362,7/18/2024,3,8,14149,54,4,2,1.072,1.424,1.8,0.125,3,7726.94,performance_drift,2024-07,6733.38182
ID0004363,7/20/2024,2,18,5203,52,2,1,1.035,1.1,1.4,0.249,0,5948.31,performance_drift,2024-07,5753.639017
ID0004364,7/9/2024,2,7,18047,26,1,0,0.826,1.041,1.2,0.478,21,5152.93,performance_drift,2024-07,5041.324948
ID0004365,11/2/2024,2,9,14432,46,2,1,1.079,0.972,1.2,0.082,2,5193.74,performance_drift,2024-11,5753.639017
ID0004366,7/27/2024,0,7,13307,19,1,0,0.913,0.784,1.8,0.288,0,6234.38,performance_drift,2024-07,6069.48688
ID0004367,9/12/2024,0,11,11798,71,0,1,1.14,1.086,1.8,0.442,4,5904.86,performance_drift,2024-09,6069.48688
ID0004368,7/12/2024,3,7,15974,18,2,2,1.323,1.07,1.8,0.16,0,7608.49,performance_drift,2024-07,6733.38182
ID0004369,6/5/2024,4,4,46892,22,0,1,1.054,0.998,1.8,0.484,1,6478.15,performance_drift,2024-06,6069.48688
ID0004370,8/6/2024,3,11,12192,29,1,1,1.004,1.066,1.8,0.12,0,6273.27,performance_drift,2024-08,6069.48688
ID0004371,6/1/2024,1,11,10185,36,4,2,1.152,1.242,1.1,0.637,14,6827.16,performance_drift,2024-06,5753.639017
ID0004372,3/9/2024,2,6,15691,60,0,1,0.918,0.987,1.2,0.396,6,4347.95,performance_drift,2024-03,5041.324948
ID0004373,11/14/2024,2,3,23295,24,3,0,0.899,0.909,1.4,0.222,6,6293.36,performance_drift,2024-11,5753.639017
ID0004374,11/17/2024,0,8,7483,37,4,2,1.09,1.134,1.2,0.581,10,6709.8,performance_drift,2024-11,5753.639017
ID0004375,8/17/2024,4,4,30364,53,3,2,1.138,1.247,1.8,0.359,6,6770.04,performance_drift,2024-08,6733.38182
ID0004376,2/23/2024,1,17,5161,69,3,2,1.086,1.194,1.2,0.022,4,5858.98,performance_drift,2024-02,5753.639017
ID0004377,6/22/2024,3,11,12175,61,1,1,1.001,1.152,1.2,0.068,1,4620.64,performance_drift,2024-06,5041.324948
ID0004378,10/2/2024,2,6,22150,75,4,1,1.024,0.897,1.4,0.197,4,5988.42,performance_drift,2024-10,5753.639017
ID0004379,6/14/2024,1,7,9072,74,2,1,1.035,0.99,1.2,0.102,21,4899.58,performance_drift,2024-06,5753.639017
ID0004380,12/11/2024,4,16,12616,32,2,2,1.301,1.381,1.2,0.197,0,6228.3,performance_drift,2024-12,5753.639017
ID0004381,2/5/2024,3,5,21785,24,1,2,1.274,1.244,1.8,0.17,30,7743.64,performance_drift,2024-02,6069.48688
ID0004382,7/13/2024,3,3,24212,26,0,1,1.03,1.073,1.4,0.079,0,4781.48,performance_drift,2024-07,5041.324948
ID0004383,11/28/2024,2,7,16443,24,1,1,1.107,0.77,1.1,0.566,2,5524.01,performance_drift,2024-11,5041.324948
ID0004384,7/3/2024,4,8,21759,78,3,2,1.029,1.19,1.8,0.279,4,6888.55,performance_drift,2024-07,6733.38182
ID0004385,10/10/2024,4,9,30629,27,4,1,1.106,0.967,1.4,0.137,0,6156.02,performance_drift,2024-10,5753.639017
ID0004386,8/2/2024,4,7,25687,18,1,2,1.269,1.09,1.4,0.155,3,6381.1,performance_drift,2024-08,5041.324948
ID0004387,5/10/2024,0,9,11143,65,2,2,1.158,1.217,1.2,0.373,1,5712.13,performance_drift,2024-05,5753.639017
ID0004388,5/1/2024,0,7,10580,53,2,1,1.122,1.074,1.4,0.163,3,5623.51,performance_drift,2024-05,5753.639017
ID0004389,3/16/2024,1,9,10513,43,2,1,1.004,1.053,1.8,0.432,10,6569.35,performance_drift,2024-03,6733.38182
ID0004390,12/24/2024,3,5,18575,53,4,2,0.923,0.892,1.4,0.312,7,6397.53,performance_drift,2024-12,5753.639017
ID0004391,12/24/2024,3,4,24883,29,2,1,1.074,1.141,1.2,0.175,3,5191.12,performance_drift,2024-12,5753.639017
ID0004392,8/15/2024,1,11,14123,23,1,2,1.296,1.273,1.8,0.318,0,7348.5,performance_drift,2024-08,6069.48688
ID0004393,5/22/2024,2,11,12340,70,1,1,1.048,1.036,1.2,0.158,2,4963.33,performance_drift,2024-05,5041.324948
ID0004394,6/1/2024,0,10,8292,19,1,0,0.843,0.787,1.2,0.165,4,5209.14,performance_drift,2024-06,5041.324948
ID0004395,5/15/2024,0,8,9862,43,2,2,1.259,1.114,1.2,0.53,30,6113.31,performance_drift,2024-05,5753.639017
ID0004396,7/13/2024,1,15,5256,20,2,1,1.033,0.985,1.2,0.105,2,6026.48,performance_drift,2024-07,5753.639017
ID0004397,7/27/2024,1,14,6742,61,2,1,1.04,1.008,3.2,0.405,0,8633.86,performance_drift,2024-07,9219.214917
ID0004398,6/20/2024,1,9,11458,62,3,2,1.228,1.06,1,0.375,0,5343.76,performance_drift,2024-06,5753.639017
ID0004399,2/21/2024,0,2,10255,56,2,2,1.376,1.256,3.2,0.176,5,9240.31,performance_drift,2024-02,9219.214917
ID0004400,6/7/2024,3,6,17330,25,2,2,1.153,1.098,1.2,0.35,2,5652.65,performance_drift,2024-06,5753.639017
ID0004401,7/22/2024,3,15,21250,21,2,2,1.218,1.188,1.8,0.099,0,7818.35,performance_drift,2024-07,6733.38182
ID0004402,7/21/2024,0,12,6431,45,1,1,1.196,1.122,3.2,0.344,5,8746.2,performance_drift,2024-07,9219.214917
ID0004403,11/20/2024,2,12,16491,58,2,1,0.978,1.135,1.2,0.571,4,5654.13,performance_drift,2024-11,5753.639017
ID0004404,5/20/2024,0,8,8251,35,3,1,1.002,0.9,1.2,0.151,0,5251.04,performance_drift,2024-05,5753.639017
ID0004405,6/13/2024,3,8,15117,22,1,1,1.202,0.957,1.8,0.303,2,6825.8,performance_drift,2024-06,6069.48688
ID0004406,3/26/2024,1,13,8568,34,2,2,1.177,1.245,1.4,0.491,1,6403.37,performance_drift,2024-03,5753.639017
ID0004407,12/16/2024,2,16,9524,23,2,0,1.056,0.966,1.4,0.602,1,6644.91,performance_drift,2024-12,5753.639017
ID0004408,3/8/2024,2,9,15670,23,3,2,1.258,1.215,1.2,0.307,2,6822.72,performance_drift,2024-03,5753.639017
ID0004409,11/9/2024,1,10,9789,67,1,2,1.1,1.491,1.2,0.22,21,5837.52,performance_drift,2024-11,5041.324948
ID0004410,9/8/2024,0,10,7877,67,3,1,0.94,1.215,1.1,0.399,2,5626.9,performance_drift,2024-09,5753.639017
ID0004411,1/13/2024,4,2,31082,33,0,1,1.026,0.942,3.2,0.349,14,7851.08,performance_drift,2024-01,8216.463966
ID0004412,3/25/2024,3,5,26828,53,0,2,1.161,1.288,1.4,0.198,0,5406.38,performance_drift,2024-03,5041.324948
ID0004413,12/26/2024,1,13,9223,59,2,2,1.136,1.241,0.4,0.563,0,4460.1,performance_drift,2024-12,4284.85875
ID0004414,5/24/2024,0,0,19633,79,1,2,1.204,1.366,1.8,0.038,1,6038.59,performance_drift,2024-05,6069.48688
ID0004415,11/8/2024,2,2,21619,50,0,0,0.883,0.907,1.2,0.094,4,3624.89,performance_drift,2024-11,5041.324948
ID0004416,10/10/2024,0,8,9597,44,2,1,0.854,1.114,1.2,0.21,2,5161.46,performance_drift,2024-10,5753.639017
ID0004417,9/27/2024,1,11,9282,34,0,2,0.983,1.176,1.8,0.229,1,6481.05,performance_drift,2024-09,6069.48688
ID0004418,2/10/2024,1,5,14063,18,1,1,1.019,0.994,1.2,0.326,14,5751.48,performance_drift,2024-02,5041.324948
ID0004419,12/25/2024,2,0,32246,35,3,1,1.051,0.921,1.2,0.2,4,5367.44,performance_drift,2024-12,5753.639017
ID0004420,4/17/2024,4,11,29870,40,2,1,0.849,1.011,1.2,0.071,2,5456.8,performance_drift,2024-04,5753.639017
ID0004421,9/19/2024,0,7,10299,61,1,1,0.983,0.943,0.4,0.181,0,3000.12,performance_drift,2024-09,3601.604965
ID0004422,6/23/2024,1,7,14046,33,3,1,0.955,1.056,1,0.271,0,5119.32,performance_drift,2024-06,5753.639017
ID0004423,4/13/2024,0,6,13060,31,0,1,0.895,0.918,1.8,0.244,10,5787.51,performance_drift,2024-04,6069.48688
ID0004424,5/13/2024,4,0,67657,71,2,2,1.115,1.176,1.2,0.172,4,5166.27,performance_drift,2024-05,5753.639017
ID0004425,1/7/2024,0,8,7089,66,1,1,0.952,1.071,1.1,0.041,10,4654.82,performance_drift,2024-01,5041.324948
ID0004426,4/14/2024,2,0,33111,27,3,0,0.895,0.892,1.4,0.433,0,5310.13,performance_drift,2024-04,5753.639017
ID0004427,10/9/2024,0,5,11515,44,0,0,0.813,0.892,1.2,0.247,0,3807.59,performance_drift,2024-10,5041.324948
ID0004428,12/5/2024,3,6,22486,40,0,0,0.835,0.906,1.2,0.298,10,4356.94,performance_drift,2024-12,5041.324948
ID0004429,1/15/2024,0,11,11667,28,1,1,1.014,1.146,1,0.246,10,4865.01,performance_drift,2024-01,5041.324948
ID0004430,4/10/2024,1,9,13077,58,2,2,1.041,1.161,1.2,0.416,0,5974.26,performance_drift,2024-04,5753.639017
ID0004431,5/4/2024,0,10,8963,71,2,1,1.165,0.839,1,0.205,1,4320.61,performance_drift,2024-05,5753.639017
ID0004432,2/28/2024,4,6,35454,67,2,2,1.275,1.224,1.2,0.516,0,5707.62,performance_drift,2024-02,5753.639017
ID0004433,10/20/2024,0,19,5000,46,3,1,1.028,1.072,1.4,0.706,0,6387.74,performance_drift,2024-10,5753.639017
ID0004434,8/20/2024,0,18,5000,70,3,2,1.217,1.262,1.8,0.187,4,7149.03,performance_drift,2024-08,6733.38182
ID0004435,10/15/2024,3,4,20800,61,1,1,1.108,1.068,0.4,0.196,0,3140.45,performance_drift,2024-10,3601.604965
ID0004436,2/6/2024,1,12,5771,43,1,2,1.242,1.12,1.2,0.381,0,5395.1,performance_drift,2024-02,5041.324948
ID0004437,2/26/2024,1,3,17717,46,2,2,1.158,1.307,1.2,0.385,1,5608.27,performance_drift,2024-02,5753.639017
ID0004438,4/25/2024,2,11,13654,52,2,1,0.971,0.9,1.4,0.583,10,5877.74,performance_drift,2024-04,5753.639017
ID0004439,6/1/2024,2,12,21472,78,1,0,0.92,1.003,0.4,0.198,2,2984.59,performance_drift,2024-06,3601.604965
ID0004440,7/23/2024,4,9,29706,62,0,1,0.878,1.015,1.1,0.291,3,4305.23,performance_drift,2024-07,5041.324948
ID0004441,3/15/2024,4,8,23103,67,2,1,1.046,0.964,1.2,0.671,0,5372.78,performance_drift,2024-03,5753.639017
ID0004442,3/13/2024,2,0,25490,59,1,0,0.892,0.801,1.8,0.321,2,5241.91,performance_drift,2024-03,6069.48688
ID0004443,4/24/2024,1,0,22601,60,1,0,0.939,1.031,3.2,0.6,1,8320.76,performance_drift,2024-04,9219.214917
ID0004444,11/21/2024,2,12,11772,37,4,1,0.993,1.115,0.4,0.179,1,4641.9,performance_drift,2024-11,4284.85875
ID0004445,7/7/2024,1,8,8844,58,1,1,0.975,0.896,1.2,0.282,30,5038.34,performance_drift,2024-07,5041.324948
ID0004446,6/15/2024,1,4,12761,29,1,2,1.048,1.243,1.8,0.409,4,6493.33,performance_drift,2024-06,6069.48688
ID0004447,8/21/2024,4,3,35761,60,1,1,0.931,0.955,1.2,0.136,0,4565.26,performance_drift,2024-08,5041.324948
ID0004448,10/11/2024,1,10,10310,24,1,2,1.268,1.021,1.8,0.104,5,7080.49,performance_drift,2024-10,6069.48688
ID0004449,12/7/2024,1,15,7527,78,0,1,0.902,0.924,1.4,0.587,1,4867.96,performance_drift,2024-12,5041.324948
ID0004450,10/26/2024,2,14,13420,75,3,1,1.096,0.947,1.2,0.461,14,5682.39,performance_drift,2024-10,5753.639017
ID0004451,10/13/2024,1,3,18116,58,4,2,1.085,1.404,1.8,0.247,0,7607.23,performance_drift,2024-10,6733.38182
ID0004452,2/9/2024,3,20,7438,34,2,2,1.291,1.299,1.4,0.254,6,6792.89,performance_drift,2024-02,5753.639017
ID0004453,5/21/2024,2,7,18947,60,3,2,1.068,1.02,1.2,0.184,6,5230.49,performance_drift,2024-05,5753.639017
ID0004454,7/6/2024,2,3,24829,52,1,1,1.014,0.93,1.2,0.266,0,4482.55,performance_drift,2024-07,5041.324948
ID0004455,10/5/2024,0,0,18313,31,2,2,1.124,1.073,1.2,0.297,21,5656.47,performance_drift,2024-10,5753.639017
ID0004456,2/6/2024,0,3,15514,55,1,1,1.012,0.858,1.2,0.211,30,4504.33,performance_drift,2024-02,5041.324948
ID0004457,7/12/2024,0,8,9329,52,2,2,1.097,1.133,1.8,0.185,0,6578.15,performance_drift,2024-07,6733.38182
ID0004458,2/27/2024,1,1,23483,79,0,0,0.879,0.891,1.4,0.343,10,4574.2,performance_drift,2024-02,5041.324948
ID0004459,11/11/2024,2,8,18127,22,4,1,0.957,1.113,1.2,0.471,0,7154.71,performance_drift,2024-11,5753.639017
ID0004460,5/18/2024,3,0,37352,24,1,1,0.979,0.971,1.4,0.286,1,5764.37,performance_drift,2024-05,5041.324948
ID0004461,3/27/2024,1,15,8035,46,0,1,1.042,1.117,1.8,0.217,0,5831.06,performance_drift,2024-03,6069.48688
ID0004462,5/21/2024,2,6,17486,60,2,1,1.01,0.983,1.1,0.26,1,4843.37,performance_drift,2024-05,5753.639017
ID0004463,12/28/2024,0,5,7603,51,1,1,0.98,0.959,1.2,0.508,0,4917.93,performance_drift,2024-12,5041.324948
ID0004464,10/27/2024,1,17,5000,27,3,0,0.928,1.013,1,0.272,7,5241.96,performance_drift,2024-10,5753.639017
ID0004465,10/13/2024,1,2,19874,29,1,0,0.75,0.922,0.4,0.287,0,3128.82,performance_drift,2024-10,3601.604965
ID0004466,9/3/2024,1,15,5000,76,3,1,0.936,0.969,1.2,0.144,3,5170.17,performance_drift,2024-09,5753.639017
ID0004467,6/14/2024,1,9,8081,37,1,2,1.362,1.07,1.4,0.593,0,6296.25,performance_drift,2024-06,5041.324948
ID0004468,1/28/2024,0,10,6833,24,0,0,0.839,0.809,1.2,0.563,0,5330.06,performance_drift,2024-01,5041.324948
ID0004469,1/21/2024,2,9,19634,68,0,1,1,1.159,1.2,0.184,1,4533.99,performance_drift,2024-01,5041.324948
ID0004470,6/2/2024,1,2,16947,20,1,0,0.949,0.969,1.4,0.133,0,5672.76,performance_drift,2024-06,5041.324948
ID0004471,1/22/2024,3,6,20976,79,1,2,1.029,1.201,1.2,0.236,3,5080.67,performance_drift,2024-01,5041.324948
ID0004472,3/15/2024,1,13,11624,66,0,1,1.122,1.016,1.8,0.435,0,5707.87,performance_drift,2024-03,6069.48688
ID0004473,5/27/2024,2,1,24704,26,0,2,1.166,1.249,1.2,0.274,3,4985.25,performance_drift,2024-05,5041.324948
ID0004474,2/5/2024,0,16,5000,21,1,1,1.075,1.126,1.4,0.563,0,6637.27,performance_drift,2024-02,5041.324948
ID0004475,6/21/2024,2,10,14901,56,1,1,0.901,0.933,0.4,0.144,10,3118.07,performance_drift,2024-06,3601.604965
ID0004476,9/28/2024,3,9,17413,70,1,2,1.103,1.142,1,0.254,1,4704.59,performance_drift,2024-09,5041.324948
ID0004477,3/20/2024,3,11,24775,54,0,2,1.308,1.507,1.4,0.266,4,5994.89,performance_drift,2024-03,5041.324948
ID0004478,7/12/2024,2,12,10397,75,3,2,1.174,1.394,1.4,0.06,10,6278.85,performance_drift,2024-07,5753.639017
ID0004479,4/4/2024,3,13,9271,41,0,0,0.91,0.837,1.2,0.264,4,4567.37,performance_drift,2024-04,5041.324948
ID0004480,12/23/2024,0,0,20770,26,1,1,1.076,1.125,1.2,0.486,6,5038.77,performance_drift,2024-12,5041.324948
ID0004481,6/20/2024,3,8,15886,34,2,1,1.146,0.915,1.4,0.395,0,5682.5,performance_drift,2024-06,5753.639017
ID0004482,12/3/2024,0,7,8218,58,2,1,0.969,0.929,1.2,0.229,10,4908.24,performance_drift,2024-12,5753.639017
ID0004483,7/24/2024,1,8,8317,23,1,2,1.286,1.039,1.8,0.274,2,7112.53,performance_drift,2024-07,6069.48688
ID0004484,10/24/2024,2,12,11954,34,0,1,1.068,0.922,0.4,0.331,0,3260.25,performance_drift,2024-10,3601.604965
ID0004485,7/25/2024,2,15,9860,18,0,1,1.073,0.826,1,0.032,6,4682.93,performance_drift,2024-07,5041.324948
ID0004486,4/13/2024,1,9,6537,26,0,0,0.788,0.804,1.8,0.204,0,5118.09,performance_drift,2024-04,6069.48688
ID0004487,3/22/2024,0,0,25645,56,1,1,1.008,0.801,1.2,0.291,0,4190.67,performance_drift,2024-03,5041.324948
ID0004488,10/20/2024,2,15,9311,75,2,0,0.849,0.975,1.8,0.092,21,5892.36,performance_drift,2024-10,6733.38182
ID0004489,7/14/2024,3,3,20803,47,3,2,1.11,1.126,1.8,0.222,21,7029.02,performance_drift,2024-07,6733.38182
ID0004490,6/16/2024,0,12,9837,48,0,1,1.071,0.888,1.4,0.199,2,4663.66,performance_drift,2024-06,5041.324948
ID0004491,9/7/2024,1,4,13417,55,3,1,0.917,0.995,1.8,0.086,3,6171.68,performance_drift,2024-09,6733.38182
ID0004492,9/25/2024,1,1,26709,55,4,1,1.046,1.148,3.2,0.308,0,9306.08,performance_drift,2024-09,9219.214917
ID0004493,8/20/2024,4,15,19941,42,0,1,0.952,1.141,1.4,0.18,1,4821.99,performance_drift,2024-08,5041.324948
ID0004494,7/16/2024,1,7,15032,34,2,1,0.918,1.213,1.2,0.019,3,5510.74,performance_drift,2024-07,5753.639017
ID0004495,8/26/2024,1,11,9380,25,0,2,1.104,1.152,1,0.171,0,4777.78,performance_drift,2024-08,5041.324948
ID0004496,12/5/2024,1,3,11714,21,1,2,1.264,1.124,1.2,0.066,0,6129.39,performance_drift,2024-12,5041.324948
ID0004497,3/1/2024,1,14,6007,54,2,1,0.926,1.227,1.4,0.147,5,6020.66,performance_drift,2024-03,5753.639017
ID0004498,8/24/2024,0,3,11882,44,2,2,1.117,0.982,1.2,0.276,5,5266.07,performance_drift,2024-08,5753.639017
ID0004499,12/28/2024,2,12,10142,54,2,0,0.814,0.931,1.2,0.388,0,4521.31,performance_drift,2024-12,5753.639017
ID0004500,7/23/2024,3,4,31744,75,1,1,1.069,0.965,1.8,0.224,4,5698.47,performance_drift,2024-07,6069.48688
ID0004501,7/5/2024,2,5,17493,45,2,1,1.083,0.998,1.4,0.219,4,5573.91,performance_drift,2024-07,5753.639017
ID0004502,3/2/2024,0,5,12079,30,2,2,1.191,1.096,1.2,0.474,0,5781.51,performance_drift,2024-03,5753.639017
ID0004503,9/10/2024,0,10,9818,46,2,1,1.036,1.045,0.4,0.305,2,3688.55,performance_drift,2024-09,3601.604965
ID0004504,4/16/2024,0,5,13216,22,0,0,0.814,0.986,1.8,0.397,21,6446.65,performance_drift,2024-04,6069.48688
ID0004505,8/28/2024,1,0,20386,64,2,2,1.356,1.198,1.2,0.171,0,5214.59,performance_drift,2024-08,5753.639017
ID0004506,8/18/2024,0,7,12022,43,2,1,0.894,1.138,0.4,0.262,4,3823.23,performance_drift,2024-08,4284.85875
ID0004507,7/4/2024,2,0,36306,47,2,2,1.12,1.148,1.4,0.548,14,5870.09,performance_drift,2024-07,5753.639017
ID0004508,11/23/2024,1,13,5807,47,2,1,1.107,0.88,1,0.115,1,4664.17,performance_drift,2024-11,5753.639017
ID0004509,10/28/2024,0,11,8057,54,2,0,0.966,0.886,1.4,0.243,0,5203.5,performance_drift,2024-10,5753.639017
ID0004510,3/25/2024,2,19,8801,50,2,0,0.888,0.897,1,0.119,2,4753.92,performance_drift,2024-03,5753.639017
ID0004511,1/9/2024,2,5,11840,42,4,2,0.848,1.241,1.2,0.443,4,6413.11,performance_drift,2024-01,5753.639017
ID0004512,3/7/2024,1,9,9992,22,2,1,1.104,1.068,1,0.521,1,6084.54,performance_drift,2024-03,5753.639017
ID0004513,5/16/2024,2,4,21704,47,3,2,1.196,1.126,1.8,0.251,3,6878.58,performance_drift,2024-05,6733.38182
ID0004514,7/22/2024,2,4,32364,48,0,2,1.168,1.247,1.1,0.27,2,4626.14,performance_drift,2024-07,5041.324948
ID0004515,9/8/2024,0,12,8908,49,1,0,0.904,0.952,1.1,0.25,14,4552.16,performance_drift,2024-09,5041.324948
ID0004516,12/22/2024,2,10,13340,39,1,1,1.056,0.914,1.2,0.199,1,4969.46,performance_drift,2024-12,5041.324948
ID0004517,4/23/2024,3,15,10131,34,2,1,0.894,0.944,1.2,0.336,4,5217.58,performance_drift,2024-04,5753.639017
ID0004518,2/9/2024,1,7,15993,49,2,2,1.192,1.285,1.2,0.153,1,5961.93,performance_drift,2024-02,5753.639017
ID0004519,7/14/2024,1,6,13053,56,4,2,1.194,1.14,1.4,0.295,0,6461.26,performance_drift,2024-07,5753.639017
ID0004520,12/2/2024,4,11,30345,71,1,0,0.87,0.927,1.2,0.647,3,4541.92,performance_drift,2024-12,5041.324948
ID0004521,1/22/2024,2,13,12740,26,1,0,0.89,1.006,1.2,0.443,0,5089.06,performance_drift,2024-01,5041.324948
ID0004522,2/12/2024,1,4,15352,24,2,1,0.905,1.069,0.4,0.261,14,5101.26,performance_drift,2024-02,3601.604965
ID0004523,9/2/2024,0,8,12206,52,2,2,1.131,1.432,1.2,0.497,0,6165.52,performance_drift,2024-09,5753.639017
ID0004524,12/21/2024,0,8,9443,34,0,1,1.016,0.958,1.2,0.246,0,4604.61,performance_drift,2024-12,5041.324948
ID0004525,10/16/2024,2,7,16196,34,1,2,1.084,1.277,0.4,0.038,10,3961.33,performance_drift,2024-10,4284.85875
ID0004526,11/21/2024,2,6,22210,62,1,1,0.971,1.149,1.2,0.386,10,4920.69,performance_drift,2024-11,5041.324948
ID0004527,8/5/2024,3,6,32309,32,1,2,1.131,1.398,1.2,0.219,2,5892.97,performance_drift,2024-08,5041.324948
ID0004528,10/3/2024,1,8,10776,49,1,2,1.286,1.106,1.4,0.191,3,5782.79,performance_drift,2024-10,5041.324948
ID0004529,1/3/2024,2,15,13148,52,2,2,1.305,1.226,1,0.266,0,5478.48,performance_drift,2024-01,5753.639017
ID0004530,7/26/2024,2,7,16626,45,3,1,0.989,1.025,1.2,0.081,0,5357.6,performance_drift,2024-07,5753.639017
ID0004531,7/12/2024,3,3,44850,40,0,1,0.979,0.9,1.4,0.732,2,4886.21,performance_drift,2024-07,5041.324948
ID0004532,12/4/2024,2,15,14695,79,0,1,1.006,0.835,1.4,0.22,10,4527.68,performance_drift,2024-12,5041.324948
ID0004533,3/28/2024,1,12,12160,26,0,1,1.026,0.984,1.4,0.545,2,5398.66,performance_drift,2024-03,5041.324948
ID0004534,6/2/2024,1,2,21639,46,1,1,0.798,0.88,1.4,0.215,21,4957.8,performance_drift,2024-06,5041.324948
ID0004535,2/22/2024,3,8,24991,55,2,1,0.947,1.157,1.4,0.43,1,5750.76,performance_drift,2024-02,5753.639017
ID0004536,1/22/2024,0,7,7065,55,2,2,1.164,1.182,1.4,0.129,0,5716.13,performance_drift,2024-01,5753.639017
ID0004537,4/5/2024,1,2,20423,31,1,2,1.127,0.996,1.8,0.5,0,6482.47,performance_drift,2024-04,6069.48688
ID0004538,8/3/2024,3,17,8283,63,3,1,0.952,0.971,1,0.42,2,5423.21,performance_drift,2024-08,5753.639017
ID0004539,10/2/2024,2,8,9522,58,2,1,1.044,1.027,1.4,0.124,0,5608.29,performance_drift,2024-10,5753.639017
ID0004540,3/26/2024,2,1,25365,36,1,1,1.116,1.066,1.2,0.129,14,4747.37,performance_drift,2024-03,5041.324948
ID0004541,8/4/2024,1,7,11363,25,3,1,0.895,0.987,1.4,0.599,21,6315.14,performance_drift,2024-08,5753.639017
ID0004542,5/3/2024,1,8,14772,51,1,1,1.012,0.997,1.2,0.14,1,4719.53,performance_drift,2024-05,5041.324948
ID0004543,1/12/2024,2,10,11858,69,1,2,1.288,1.108,1.2,0.112,1,5281.19,performance_drift,2024-01,5041.324948
ID0004544,9/16/2024,0,0,14277,43,1,2,1.156,1.441,1.8,0.136,0,6439.58,performance_drift,2024-09,6069.48688
ID0004545,2/10/2024,1,6,13110,50,1,2,1.2,1.173,1.2,0.183,3,5292.01,performance_drift,2024-02,5041.324948
ID0004546,1/19/2024,0,8,10255,77,0,2,1.016,1.114,1.4,0.445,6,4956.31,performance_drift,2024-01,5041.324948
ID0004547,4/12/2024,1,2,15206,24,3,1,1.148,0.826,1.4,0.408,14,6501.88,performance_drift,2024-04,5753.639017
ID0004548,10/9/2024,4,6,27674,33,1,1,0.973,1.118,1.2,0.45,1,5060.9,performance_drift,2024-10,5041.324948
ID0004549,5/17/2024,0,11,6492,56,2,1,0.984,1.08,1.8,0.139,21,6622.62,performance_drift,2024-05,6733.38182
ID0004550,6/20/2024,1,7,18800,65,3,1,0.942,0.963,0.4,0.362,0,3733.47,performance_drift,2024-06,3601.604965
ID0004551,4/6/2024,2,6,14730,33,2,1,1.149,1.052,1.4,0.095,2,5312.81,performance_drift,2024-04,5753.639017
ID0004552,5/23/2024,1,14,6872,28,1,1,1.032,0.883,1.2,0.101,5,4939.89,performance_drift,2024-05,5041.324948
ID0004553,5/13/2024,1,8,10984,53,0,2,1.227,0.989,1.8,0.204,4,5608.93,performance_drift,2024-05,6069.48688
ID0004554,2/17/2024,1,15,6262,53,1,1,1.072,0.94,1.8,0.548,0,6129.05,performance_drift,2024-02,6069.48688
ID0004555,6/7/2024,2,9,11505,20,0,2,1.298,1.297,1.2,0.165,0,6005.95,performance_drift,2024-06,5041.324948
ID0004556,4/10/2024,0,9,8168,72,2,2,1.046,1.387,1.1,0.376,30,5818.99,performance_drift,2024-04,5753.639017
ID0004557,9/18/2024,1,0,18245,77,2,0,0.947,0.932,1.4,0.339,1,4904.94,performance_drift,2024-09,5753.639017
ID0004558,5/20/2024,3,2,39907,42,4,2,1.201,1.321,1.2,0.183,4,6528.57,performance_drift,2024-05,5753.639017
ID0004559,4/3/2024,2,2,25782,69,0,0,0.904,0.987,1.2,0.284,4,4011.39,performance_drift,2024-04,5041.324948
ID0004560,11/16/2024,1,6,14283,50,4,2,1.286,1.235,1.2,0.448,1,6705.61,performance_drift,2024-11,5753.639017
ID0004561,5/26/2024,1,12,6913,35,2,1,1.041,0.887,0.4,0.21,0,3757.64,performance_drift,2024-05,3601.604965
ID0004562,11/14/2024,2,12,9787,67,3,2,1.295,1.234,0.4,0.564,2,4872.03,performance_drift,2024-11,4284.85875
ID0004563,2/18/2024,3,7,18902,33,1,1,1.091,0.975,1.2,0.134,21,5080.87,performance_drift,2024-02,5041.324948
ID0004564,2/10/2024,2,11,13068,69,2,1,0.972,0.964,1.2,0.257,4,5114.83,performance_drift,2024-02,5753.639017
ID0004565,9/10/2024,4,17,16317,67,1,2,1.294,1.284,0.4,0.259,0,4121.15,performance_drift,2024-09,4284.85875
ID0004566,10/3/2024,0,11,8758,25,0,1,1.057,1.015,1.2,0.208,10,4664.77,performance_drift,2024-10,5041.324948
ID0004567,11/11/2024,1,2,23047,37,1,1,0.911,1.018,1.4,0.147,14,5383.2,performance_drift,2024-11,5041.324948
ID0004568,9/6/2024,1,14,8033,48,4,0,0.885,1.025,1,0.16,1,5241.75,performance_drift,2024-09,5753.639017
ID0004569,8/21/2024,1,4,11334,58,1,2,1.07,1.123,0.4,0.076,2,3398.98,performance_drift,2024-08,4284.85875
ID0004570,10/3/2024,1,5,16244,21,1,1,1,1.067,1.4,0.15,21,6041.41,performance_drift,2024-10,5041.324948
ID0004571,2/17/2024,1,11,5643,71,1,2,1.294,1.053,3.2,0.17,0,8620.86,performance_drift,2024-02,9219.214917
ID0004572,9/25/2024,4,10,35397,32,2,2,1.151,1.195,1.4,0.29,7,6198.09,performance_drift,2024-09,5753.639017
ID0004573,1/1/2024,2,8,15745,65,2,1,0.905,1.016,1,0.678,2,4911.61,performance_drift,2024-01,5753.639017
ID0004574,9/22/2024,4,6,27751,26,4,1,0.955,1.292,1.4,0.172,2,6750.34,performance_drift,2024-09,5753.639017
ID0004575,4/18/2024,2,13,7808,25,2,1,1.077,0.892,1.4,0.247,7,5541.02,performance_drift,2024-04,5753.639017
ID0004576,7/9/2024,2,9,16359,23,1,2,1.133,1.29,1.2,0.111,2,6433.89,performance_drift,2024-07,5041.324948
ID0004577,7/7/2024,2,5,22428,52,1,2,1.2,1.321,1.8,0.158,0,6449.89,performance_drift,2024-07,6069.48688
ID0004578,10/9/2024,4,11,21761,31,0,0,1.014,0.925,1.2,0.1,0,3925.77,performance_drift,2024-10,5041.324948
ID0004579,2/8/2024,0,0,13878,79,4,2,1.025,1.274,1,0.264,1,5888.27,performance_drift,2024-02,5753.639017
ID0004580,8/4/2024,2,11,17675,56,2,1,0.943,1.084,1.2,0.299,10,5341.62,performance_drift,2024-08,5753.639017
ID0004581,12/10/2024,0,8,8110,75,2,1,1.101,0.882,1.2,0.159,7,4874.28,performance_drift,2024-12,5753.639017
ID0004582,4/7/2024,4,12,18036,56,1,2,1.034,1.432,1.2,0.307,0,5731.33,performance_drift,2024-04,5041.324948
ID0004583,10/3/2024,1,5,18828,48,0,0,0.813,0.967,1.2,0.043,14,3686.26,performance_drift,2024-10,5041.324948
ID0004584,1/20/2024,0,11,7146,61,1,2,1.237,1.274,1.4,0.344,2,5997.69,performance_drift,2024-01,5041.324948
ID0004585,6/6/2024,1,5,16885,23,3,2,1.291,1.135,1.8,0.445,2,7854.09,performance_drift,2024-06,6733.38182
ID0004586,12/15/2024,2,6,31358,37,0,1,0.914,0.856,1.2,0.193,2,4287.71,performance_drift,2024-12,5041.324948
ID0004587,11/27/2024,1,3,20909,57,4,1,0.992,1.059,1.8,0.029,2,6613.26,performance_drift,2024-11,6733.38182
ID0004588,4/9/2024,3,9,18605,36,0,1,1.109,1.195,1.8,0.325,0,6237.88,performance_drift,2024-04,6069.48688
ID0004589,6/12/2024,4,9,24506,19,1,1,0.83,1.053,1.1,0.551,21,6277.14,performance_drift,2024-06,5041.324948
ID0004590,3/1/2024,2,6,18135,24,0,1,0.919,0.843,0.4,0.064,0,3596.67,performance_drift,2024-03,3601.604965
ID0004591,9/26/2024,1,8,10081,23,2,2,1.061,1.127,1.8,0.319,0,7676.51,performance_drift,2024-09,6733.38182
ID0004592,3/14/2024,0,7,9413,36,3,2,1.019,0.969,1,0.062,4,5320.35,performance_drift,2024-03,5753.639017
ID0004593,12/7/2024,0,16,6799,68,1,2,1.1,1.106,1.2,0.319,3,5267.81,performance_drift,2024-12,5041.324948
ID0004594,3/11/2024,0,15,5172,55,3,1,1.186,0.888,1.2,0.431,0,5436.75,performance_drift,2024-03,5753.639017
ID0004595,8/21/2024,3,12,14185,71,2,1,0.957,1.037,1.8,0.101,7,6013.3,performance_drift,2024-08,6733.38182
ID0004596,2/26/2024,2,7,16408,53,2,1,1.123,1.012,1.2,0.163,10,5071.97,performance_drift,2024-02,5753.639017
ID0004597,1/21/2024,2,3,21905,49,2,1,0.953,1.239,3.2,0.151,1,8533.9,performance_drift,2024-01,9219.214917
ID0004598,5/25/2024,3,12,13719,23,1,2,1.102,1.537,1.4,0.707,2,7505.2,performance_drift,2024-05,5041.324948
ID0004599,5/3/2024,0,0,21131,41,2,2,1.212,1.138,1.2,0.616,0,5418.05,performance_drift,2024-05,5753.639017
ID0004600,2/16/2024,4,8,28911,53,1,1,1.006,1.029,1.8,0.172,10,6085.93,performance_drift,2024-02,6069.48688
ID0004601,12/10/2024,4,1,53753,23,2,2,1.247,1.177,1.4,0.09,21,7004.07,performance_drift,2024-12,5753.639017
ID0004602,10/11/2024,1,16,6835,75,1,2,1.194,1.231,3.2,0.46,30,9355.06,performance_drift,2024-10,9219.214917
ID0004603,10/12/2024,3,14,11403,79,1,2,1.123,1.334,1.8,0.141,0,6556.59,performance_drift,2024-10,6069.48688
ID0004604,9/2/2024,4,4,38978,50,1,2,1.222,1.025,1.8,0.471,2,6448.07,performance_drift,2024-09,6069.48688
ID0004605,11/20/2024,1,4,13815,59,2,1,0.972,1.1,1.4,0.853,2,5790.16,performance_drift,2024-11,5753.639017
ID0004606,8/18/2024,2,15,10807,48,0,0,0.977,0.771,0.4,0.211,0,2657.46,performance_drift,2024-08,3601.604965
ID0004607,5/6/2024,1,5,15006,30,0,2,1.22,1.224,1.2,0.393,1,5264.24,performance_drift,2024-05,5041.324948
ID0004608,7/4/2024,2,5,16114,56,1,2,1.155,1.069,1.4,0.246,4,5367.69,performance_drift,2024-07,5041.324948
ID0004609,10/4/2024,4,6,26234,18,1,2,1.154,1.167,0.4,0.169,21,4638.53,performance_drift,2024-10,4284.85875
ID0004610,11/11/2024,2,6,14623,52,1,2,1.25,1.173,1.8,0.129,1,6223.72,performance_drift,2024-11,6069.48688
ID0004611,3/19/2024,1,4,13693,40,2,2,1.207,1.233,1.4,0.18,3,6084.38,performance_drift,2024-03,5753.639017
ID0004612,11/10/2024,0,11,9155,43,0,1,0.968,0.963,0.4,0.269,6,3187.67,performance_drift,2024-11,3601.604965
ID0004613,6/27/2024,1,8,10101,74,1,2,1.224,1.113,1.8,0.514,3,6459.71,performance_drift,2024-06,6069.48688
ID0004614,6/4/2024,1,15,5228,70,2,2,1.029,1.286,1.4,0.64,6,6551.11,performance_drift,2024-06,5753.639017
ID0004615,9/12/2024,3,5,26574,56,2,1,1.068,1.013,1.2,0.299,0,4885.92,performance_drift,2024-09,5753.639017
ID0004616,5/4/2024,2,13,13940,35,0,2,1.283,1.248,1.2,0.335,21,5407.11,performance_drift,2024-05,5041.324948
ID0004617,11/25/2024,1,5,11580,34,2,2,1.299,1.273,0.4,0.103,5,4391.97,performance_drift,2024-11,4284.85875
ID0004618,8/7/2024,2,13,11322,27,2,2,1.154,1.337,1.4,0.574,21,7107.59,performance_drift,2024-08,5753.639017
ID0004619,4/3/2024,2,13,13235,22,0,2,1.29,1.258,1.8,0.5,7,7640.77,performance_drift,2024-04,6069.48688
ID0004620,10/6/2024,4,4,39739,34,0,2,1.281,1.506,1.2,0.35,2,5383.13,performance_drift,2024-10,5041.324948
ID0004621,10/21/2024,3,6,33827,39,3,0,0.871,0.906,3.2,0.1,21,9200.53,performance_drift,2024-10,9219.214917
ID0004622,8/26/2024,3,10,20591,40,4,2,1.404,1.509,1.2,0.55,0,6867.36,performance_drift,2024-08,5753.639017
ID0004623,3/18/2024,1,16,5580,66,1,2,1.22,1.275,1.8,0.181,5,6485.26,performance_drift,2024-03,6069.48688
ID0004624,2/18/2024,2,4,16421,19,3,1,0.872,0.885,1,0.247,4,5607.29,performance_drift,2024-02,5753.639017
ID0004625,9/6/2024,0,9,9856,22,1,2,1.054,1.317,1.4,0.132,0,6512.7,performance_drift,2024-09,5041.324948
ID0004626,3/13/2024,2,10,8765,24,2,1,1.045,0.822,1.2,0.262,14,6332.36,performance_drift,2024-03,5753.639017
ID0004627,11/27/2024,1,5,14855,59,0,2,1.271,1.182,1.2,0.116,30,5068.55,performance_drift,2024-11,5041.324948
ID0004628,9/5/2024,1,8,11057,61,0,1,0.961,1.187,1.8,0.085,30,5770.12,performance_drift,2024-09,6069.48688
ID0004629,4/23/2024,3,8,11729,27,4,0,0.877,0.877,1.4,0.289,0,6000.39,performance_drift,2024-04,5753.639017
ID0004630,9/6/2024,1,11,11345,54,1,0,0.916,0.861,1,0.115,5,3791.79,performance_drift,2024-09,5041.324948
ID0004631,5/18/2024,3,1,35718,21,1,1,0.913,0.842,1.2,0.379,0,5594.64,performance_drift,2024-05,5041.324948
ID0004632,1/15/2024,1,1,28268,73,0,2,1.093,1.36,1,0.3,14,4688.83,performance_drift,2024-01,5041.324948
ID0004633,12/25/2024,1,11,7371,78,1,1,0.981,0.941,1.2,0.634,14,4751.57,performance_drift,2024-12,5041.324948
ID0004634,2/7/2024,1,4,18389,42,1,2,1.091,1.282,1.4,0.305,4,5736.76,performance_drift,2024-02,5041.324948
ID0004635,8/6/2024,4,15,9142,49,1,1,1.159,1.009,1.8,0.389,7,6601.58,performance_drift,2024-08,6069.48688
ID0004636,4/26/2024,1,15,7244,39,3,1,0.986,1.011,1,0.584,1,5333.22,performance_drift,2024-04,5753.639017
ID0004637,9/2/2024,2,9,16761,72,1,0,0.977,0.912,1,0.109,0,3847.04,performance_drift,2024-09,5041.324948
ID0004638,10/9/2024,2,13,12907,42,1,0,0.947,0.868,1.4,0.253,30,5002.05,performance_drift,2024-10,5041.324948
ID0004639,5/28/2024,1,6,11039,43,2,2,1.14,1.387,1.4,0.201,2,6290.37,performance_drift,2024-05,5753.639017
ID0004640,3/10/2024,1,12,12941,43,2,2,1.093,1.297,1.2,0.545,4,6074.64,performance_drift,2024-03,5753.639017
ID0004641,9/15/2024,2,10,12251,60,1,2,1.215,1.247,0.4,0.074,3,3802.27,performance_drift,2024-09,4284.85875
ID0004642,2/14/2024,1,12,9893,79,2,2,1.191,1.272,1.2,0.188,1,5493.44,performance_drift,2024-02,5753.639017
ID0004643,4/10/2024,1,1,19990,53,2,1,0.943,0.946,1.1,0.015,3,4364.68,performance_drift,2024-04,5753.639017
ID0004644,2/28/2024,2,11,11655,62,3,1,0.888,1.094,1.4,0.326,2,5951.24,performance_drift,2024-02,5753.639017
ID0004645,11/20/2024,1,4,16861,64,4,0,0.914,0.969,1.2,0.25,0,5155.91,performance_drift,2024-11,5753.639017
ID0004646,11/27/2024,3,10,16110,21,1,2,1.198,1.022,1,0.04,4,5594.64,performance_drift,2024-11,5041.324948
ID0004647,4/1/2024,2,2,25837,28,0,1,1.115,0.968,1,0.409,3,4288.1,performance_drift,2024-04,5041.324948
ID0004648,9/18/2024,0,14,5395,19,0,0,1.009,0.963,1.2,0.258,0,5063.78,performance_drift,2024-09,5041.324948
ID0004649,9/11/2024,2,10,13306,29,4,2,1.234,1.402,1.4,0.093,14,7353.14,performance_drift,2024-09,5753.639017
ID0004650,1/14/2024,1,10,9316,61,0,1,0.961,1.029,1.8,0.55,3,5658.96,performance_drift,2024-01,6069.48688
ID0004651,8/28/2024,1,4,14332,34,1,0,0.983,0.997,1.4,0.317,0,4917.71,performance_drift,2024-08,5041.324948
ID0004652,9/3/2024,0,6,10431,67,4,2,1.409,1.206,1.4,0.492,7,6733.63,performance_drift,2024-09,5753.639017
ID0004653,8/7/2024,2,2,30707,73,0,2,1.178,1.13,1.4,0.343,30,5023.66,performance_drift,2024-08,5041.324948
ID0004654,7/12/2024,2,1,30152,74,0,2,1.014,1.405,1.2,0.32,0,4570.29,performance_drift,2024-07,5041.324948
ID0004655,12/16/2024,3,9,14144,41,2,1,1.126,0.908,3.2,0.603,30,9315.03,performance_drift,2024-12,9219.214917
ID0004656,4/27/2024,4,10,30398,73,0,1,1.021,0.948,1.8,0.078,0,5243.31,performance_drift,2024-04,6069.48688
ID0004657,7/25/2024,2,5,13387,36,1,2,1.315,1.077,1,0.206,4,4955.83,performance_drift,2024-07,5041.324948
ID0004658,4/16/2024,1,17,5504,69,0,2,1.085,1.058,1.2,0.108,4,5002.72,performance_drift,2024-04,5041.324948
ID0004659,1/22/2024,1,7,16576,53,1,2,1.221,0.959,1.8,0.447,5,6251.38,performance_drift,2024-01,6069.48688
ID0004660,2/7/2024,1,8,8766,54,2,2,1.11,1.077,1.4,0.543,2,5773.56,performance_drift,2024-02,5753.639017
ID0004661,1/9/2024,2,18,6452,74,4,1,0.944,0.979,1.2,0.503,1,5888.56,performance_drift,2024-01,5753.639017
ID0004662,2/22/2024,3,12,11556,63,2,1,0.958,0.901,1.4,0.312,4,5396.43,performance_drift,2024-02,5753.639017
ID0004663,9/9/2024,0,9,13640,70,2,0,0.926,0.808,3.2,0.417,5,7973.69,performance_drift,2024-09,9219.214917
ID0004664,8/7/2024,3,12,11284,50,4,2,1.221,1.413,1.2,0.418,10,6925.43,performance_drift,2024-08,5753.639017
ID0004665,9/13/2024,1,0,29481,71,2,1,0.921,0.908,1.2,0.192,6,4618.55,performance_drift,2024-09,5753.639017
ID0004666,7/11/2024,2,11,12842,56,0,0,0.806,0.81,0.4,0.132,14,2433.35,performance_drift,2024-07,3601.604965
ID0004667,2/15/2024,2,8,22263,22,2,2,1.319,1.028,1.8,0.098,0,7417.82,performance_drift,2024-02,6733.38182
ID0004668,7/3/2024,3,2,42706,23,0,1,0.789,1.014,1.2,0.271,2,5019.96,performance_drift,2024-07,5041.324948
ID0004669,4/13/2024,0,2,16323,71,1,2,1.376,1.297,1.8,0.704,3,6544.21,performance_drift,2024-04,6069.48688
ID0004670,11/9/2024,4,12,22012,48,0,1,0.932,0.963,1.2,0.394,0,4691.23,performance_drift,2024-11,5041.324948
ID0004671,3/13/2024,3,8,16923,55,2,1,1.041,0.865,1.8,0.33,2,5858.73,performance_drift,2024-03,6733.38182
ID0004672,5/18/2024,2,17,6746,21,0,2,1.388,1.245,1.4,0.399,4,6610.89,performance_drift,2024-05,5041.324948
ID0004673,9/8/2024,1,15,8656,52,0,1,0.985,0.972,1.1,0.107,2,4338.46,performance_drift,2024-09,5041.324948
ID0004674,9/19/2024,4,12,18147,43,1,2,1.324,1.067,1,0.13,2,5006.96,performance_drift,2024-09,5041.324948
ID0004675,2/25/2024,3,7,22772,78,2,2,1.067,1.141,1.2,0.229,0,5447.45,performance_drift,2024-02,5753.639017
ID0004676,9/17/2024,0,7,9377,28,3,2,1.139,1.001,1.8,0.147,1,6699.88,performance_drift,2024-09,6733.38182
ID0004677,9/10/2024,1,8,11189,54,2,2,1.381,1.241,1.2,0.518,0,5941.03,performance_drift,2024-09,5753.639017
ID0004678,7/8/2024,3,12,13421,50,1,1,0.906,0.921,1.4,0.156,1,5184.86,performance_drift,2024-07,5041.324948
ID0004679,1/24/2024,1,7,15769,48,3,2,1.145,1.163,1.2,0.114,14,5858.08,performance_drift,2024-01,5753.639017
ID0004680,10/15/2024,0,8,8329,59,2,2,1.107,1.016,1,0.13,0,5006.39,performance_drift,2024-10,5753.639017
ID0004681,6/14/2024,3,6,23840,42,1,1,0.921,0.965,1.2,0.171,10,4741.22,performance_drift,2024-06,5041.324948
ID0004682,10/3/2024,3,6,20582,23,3,1,1.001,0.966,1.2,0.35,0,6404.07,performance_drift,2024-10,5753.639017
ID0004683,9/5/2024,2,14,9721,56,2,2,1.163,1.098,1.8,0.092,21,6873.36,performance_drift,2024-09,6733.38182
ID0004684,4/4/2024,0,6,12065,64,1,0,0.968,0.776,1.2,0.042,0,3915.27,performance_drift,2024-04,5041.324948
ID0004685,4/21/2024,1,13,6427,42,0,2,1.088,1.212,1.2,0.534,5,5534.08,performance_drift,2024-04,5041.324948
ID0004686,3/22/2024,3,0,30554,25,1,1,1.126,1.114,1.8,0.405,6,6415.94,performance_drift,2024-03,6069.48688
ID0004687,3/5/2024,2,13,9003,78,0,2,1.18,1.083,1.8,0.272,3,6019.49,performance_drift,2024-03,6069.48688
ID0004688,11/17/2024,1,6,14374,73,2,0,0.877,0.872,1,0.344,2,3997.85,performance_drift,2024-11,5753.639017
ID0004689,4/8/2024,1,14,8530,53,1,2,1.229,1.047,1.8,0.306,2,6317.46,performance_drift,2024-04,6069.48688
ID0004690,1/4/2024,0,14,7750,38,2,2,1.198,1.359,1.4,0.271,0,6408.01,performance_drift,2024-01,5753.639017
ID0004691,2/19/2024,2,4,38837,29,1,0,0.988,0.896,1.2,0.333,2,4616.83,performance_drift,2024-02,5041.324948
ID0004692,2/3/2024,0,10,8516,35,2,1,0.96,0.971,1.4,0.077,5,5740.03,performance_drift,2024-02,5753.639017
ID0004693,6/14/2024,1,12,7180,79,4,1,1.179,0.942,1.2,0.073,1,5415.51,performance_drift,2024-06,5753.639017
ID0004694,10/7/2024,4,6,27042,68,3,2,1.041,1.241,1.2,0.219,7,5965.8,performance_drift,2024-10,5753.639017
ID0004695,7/22/2024,2,6,15943,79,1,2,1.329,1.413,1.4,0.112,30,5483.01,performance_drift,2024-07,5041.324948
ID0004696,3/11/2024,2,13,8589,77,2,0,1.058,0.953,1,0.692,3,4633.49,performance_drift,2024-03,5753.639017
ID0004697,12/9/2024,0,6,9846,76,0,0,0.872,0.879,3.2,0.36,3,7605.14,performance_drift,2024-12,8216.463966
ID0004698,6/24/2024,0,16,5458,37,4,2,1.185,1.3,1.4,0.361,21,7461.99,performance_drift,2024-06,5753.639017
ID0004699,11/19/2024,2,14,8166,43,1,2,1.177,1.065,1.4,0.501,0,5885.9,performance_drift,2024-11,5041.324948
ID0004700,3/25/2024,1,0,22525,41,1,0,0.863,1.024,1.8,0.137,4,5527.46,performance_drift,2024-03,6069.48688
ID0004701,2/4/2024,0,5,14698,39,1,1,0.927,0.795,1.2,0.198,3,4555.77,performance_drift,2024-02,5041.324948
ID0004702,3/8/2024,2,5,15631,41,2,1,0.95,0.883,1.4,0.324,21,5685.43,performance_drift,2024-03,5753.639017
ID0004703,2/26/2024,2,6,20195,41,4,0,0.805,0.84,1.8,0.144,0,6438.68,performance_drift,2024-02,6733.38182
ID0004704,9/1/2024,3,13,13877,37,3,1,0.976,0.855,1.8,0.022,1,6624.17,performance_drift,2024-09,6733.38182
ID0004705,4/11/2024,2,9,13537,61,1,2,1.24,1.267,1.4,0.073,0,5773.87,performance_drift,2024-04,5041.324948
ID0004706,1/21/2024,1,11,9624,67,0,1,1.051,1.037,1.2,0.295,2,4446.04,performance_drift,2024-01,5041.324948
ID0004707,3/21/2024,1,3,17753,30,0,0,0.889,0.921,1.4,0.612,10,4784.85,performance_drift,2024-03,5041.324948
ID0004708,8/4/2024,1,4,12018,26,2,2,1.201,1.296,1.4,0.078,4,6445.01,performance_drift,2024-08,5753.639017
ID0004709,12/9/2024,0,10,6598,53,1,2,1.066,1.273,1.8,0.324,0,6718.08,performance_drift,2024-12,6069.48688
ID0004710,10/8/2024,1,12,7373,32,0,2,1.149,1.278,1.2,0.168,4,5238.19,performance_drift,2024-10,5041.324948
ID0004711,5/27/2024,2,13,13624,26,1,1,1.109,1.11,1.8,0.418,0,6459.69,performance_drift,2024-05,6069.48688
ID0004712,4/14/2024,0,10,6693,63,1,1,1.204,0.868,0.4,0.628,10,3502.57,performance_drift,2024-04,3601.604965
ID0004713,7/16/2024,0,7,10618,36,1,2,1.077,1.349,1.8,0.37,6,6872.94,performance_drift,2024-07,6069.48688
ID0004714,11/1/2024,1,13,7800,19,1,1,0.984,0.75,1.2,0.398,0,5284.17,performance_drift,2024-11,5041.324948
ID0004715,6/4/2024,1,1,14756,32,0,2,0.979,1.211,1.2,0.418,3,5064.27,performance_drift,2024-06,5041.324948
ID0004716,1/10/2024,1,3,17534,46,2,0,0.947,0.951,1.4,0.194,10,5157.89,performance_drift,2024-01,5753.639017
ID0004717,8/22/2024,3,8,27655,33,0,2,1.2,1.049,1.2,0.543,5,5181.2,performance_drift,2024-08,5041.324948
ID0004718,5/28/2024,1,8,9239,72,0,1,0.952,0.835,1.2,0.184,2,4077.01,performance_drift,2024-05,5041.324948
ID0004719,8/2/2024,4,13,17751,45,3,1,0.879,0.976,1.8,0.121,30,6829.6,performance_drift,2024-08,6733.38182
ID0004720,6/18/2024,0,0,17903,62,2,2,1.091,1.062,1.8,0.061,0,6196.91,performance_drift,2024-06,6733.38182
ID0004721,9/4/2024,1,7,12168,54,4,1,1.018,0.86,1.8,0.301,14,6811.44,performance_drift,2024-09,6733.38182
ID0004722,2/27/2024,2,1,23960,71,1,2,1.093,1.083,1.2,0.452,1,4977.79,performance_drift,2024-02,5041.324948
ID0004723,7/19/2024,2,3,25629,45,1,2,1.303,1.148,1,0.34,3,4581.15,performance_drift,2024-07,5041.324948
ID0004724,12/26/2024,4,11,25423,45,1,2,1.263,1.196,1.2,0.056,0,5334.13,performance_drift,2024-12,5041.324948
ID0004725,10/22/2024,1,5,20212,19,3,1,0.923,1.05,1.4,0.463,5,6881.95,performance_drift,2024-10,5753.639017
ID0004726,2/16/2024,1,0,20792,55,0,1,1.046,1.259,1.2,0.4,0,4823.88,performance_drift,2024-02,5041.324948
ID0004727,5/6/2024,2,6,19169,68,0,1,0.924,1.045,1.1,0.549,7,4486.63,performance_drift,2024-05,5041.324948
ID0004728,11/18/2024,1,10,7949,43,0,1,0.934,1.145,1.2,0.198,1,4651.84,performance_drift,2024-11,5041.324948
ID0004729,6/9/2024,1,12,10849,29,0,2,1.068,1.233,1,0.209,5,4761.18,performance_drift,2024-06,5041.324948
ID0004730,1/9/2024,1,7,18643,53,0,2,1.163,1.249,1.8,0.51,3,6391.79,performance_drift,2024-01,6069.48688
ID0004731,9/27/2024,4,12,25032,58,0,2,1.253,1.191,1.2,0.654,5,5309.5,performance_drift,2024-09,5041.324948
ID0004732,12/10/2024,2,11,7323,67,1,1,0.945,0.912,1.4,0.514,0,5074.85,performance_drift,2024-12,5041.324948
ID0004733,6/17/2024,3,13,12542,48,2,1,1.094,0.896,1,0.729,6,5068.88,performance_drift,2024-06,5753.639017
ID0004734,3/12/2024,3,10,12816,58,2,2,1.254,1.207,3.2,0.289,14,9172.75,performance_drift,2024-03,9219.214917
ID0004735,7/17/2024,1,7,13958,38,3,1,0.891,1.056,0.4,0.635,4,4082.15,performance_drift,2024-07,3601.604965
ID0004736,5/23/2024,0,9,8112,51,2,1,1.101,1.186,1.2,0.165,1,5167.8,performance_drift,2024-05,5753.639017
ID0004737,2/21/2024,1,4,14272,44,2,2,1.373,1.227,1.8,0.575,21,7187.46,performance_drift,2024-02,6733.38182
ID0004738,9/21/2024,3,4,25384,72,3,0,0.98,0.849,1,0.514,1,4339.71,performance_drift,2024-09,5753.639017
ID0004739,7/7/2024,1,10,9738,75,0,2,1.096,0.886,1.2,0.391,1,4853.25,performance_drift,2024-07,5041.324948
ID0004740,8/18/2024,4,10,30302,75,3,1,1.004,1.007,1,0.155,21,5063.18,performance_drift,2024-08,5753.639017
ID0004741,1/4/2024,3,6,26695,58,0,1,0.956,1.175,1.2,0.081,2,4303.12,performance_drift,2024-01,5041.324948
ID0004742,1/16/2024,2,8,12342,19,1,2,1.175,1.135,3.2,0.044,0,9938.31,performance_drift,2024-01,9219.214917
ID0004743,2/17/2024,3,17,9238,77,1,1,0.914,1.012,1.4,0.205,1,5313.79,performance_drift,2024-02,5041.324948
ID0004744,3/28/2024,4,14,12415,70,3,1,0.995,0.975,1.8,0.247,0,6554.11,performance_drift,2024-03,6733.38182
ID0004745,3/18/2024,1,10,10569,38,1,1,0.945,1.001,1.2,0.049,30,5034.27,performance_drift,2024-03,5041.324948
ID0004746,5/1/2024,1,11,10810,33,1,2,1.116,1.146,1.8,0.516,0,6624.57,performance_drift,2024-05,6069.48688
ID0004747,12/14/2024,0,15,9266,35,1,2,1.129,1.495,1.2,0.368,5,5943.3,performance_drift,2024-12,5041.324948
ID0004748,7/5/2024,1,5,17837,31,2,2,1.336,1.134,0.4,0.106,5,4137.75,performance_drift,2024-07,4284.85875
ID0004749,8/28/2024,3,10,17817,30,0,2,1.261,1.314,1.4,0.091,4,5588.05,performance_drift,2024-08,5041.324948
ID0004750,3/23/2024,1,1,17706,34,1,2,1.156,1.41,1.2,0.224,10,5715.62,performance_drift,2024-03,5041.324948
ID0004751,9/14/2024,2,6,20193,62,1,2,1.13,1.257,1.2,0.534,21,5574.41,performance_drift,2024-09,5041.324948
ID0004752,10/19/2024,2,8,15050,68,4,2,1.127,1.331,1.4,0.307,1,6728.49,performance_drift,2024-10,5753.639017
ID0004753,3/9/2024,3,6,21874,40,2,1,0.829,0.953,1.4,0.303,1,5493.64,performance_drift,2024-03,5753.639017
ID0004754,2/15/2024,1,16,5994,57,1,2,1.153,1.181,1.2,0.168,0,5671.2,performance_drift,2024-02,5041.324948
ID0004755,2/19/2024,0,5,12934,25,1,1,0.967,0.838,1.8,0.278,21,6015.86,performance_drift,2024-02,6069.48688
ID0004756,4/26/2024,3,5,22898,46,0,1,0.897,1.06,1.8,0.278,21,5862.07,performance_drift,2024-04,6069.48688
ID0004757,7/23/2024,3,10,15767,25,2,1,1.09,1.002,1.4,0.432,0,5846.95,performance_drift,2024-07,5753.639017
ID0004758,1/7/2024,2,12,11216,55,2,1,0.929,0.953,1.2,0.151,30,5280.25,performance_drift,2024-01,5753.639017
ID0004759,4/22/2024,1,0,20695,51,2,1,1.109,0.94,1.4,0.299,30,5256.33,performance_drift,2024-04,5753.639017
ID0004760,10/8/2024,1,14,10127,56,2,0,0.915,0.933,1.8,0.545,3,6217.47,performance_drift,2024-10,6733.38182
ID0004761,2/9/2024,3,7,30051,57,1,2,1.166,1.265,1.8,0.386,10,6573.03,performance_drift,2024-02,6069.48688
ID0004762,11/18/2024,3,8,21542,70,2,0,0.985,0.876,1,0.163,6,4170.47,performance_drift,2024-11,5753.639017
ID0004763,7/9/2024,1,6,12947,25,2,2,1.212,1.391,0.4,0.161,3,4403.99,performance_drift,2024-07,4284.85875
ID0004764,11/3/2024,1,9,10127,26,2,0,0.818,0.916,0.4,0.127,0,3405.86,performance_drift,2024-11,3601.604965
ID0004765,4/2/2024,0,12,7870,28,4,2,1.115,1.248,1.4,0.315,14,6994.86,performance_drift,2024-04,5753.639017
ID0004766,7/5/2024,2,13,12157,60,0,2,1.184,1.252,1.8,0.229,21,6399.13,performance_drift,2024-07,6069.48688
ID0004767,6/19/2024,4,9,21811,69,2,2,1.215,1.208,1.8,0.414,0,6720.18,performance_drift,2024-06,6733.38182
ID0004768,3/5/2024,4,6,34784,28,2,2,1.083,1.105,1,0.402,21,5713.53,performance_drift,2024-03,5753.639017
ID0004769,7/20/2024,1,17,5964,63,1,1,1.049,0.867,1.4,0.159,1,5191.75,performance_drift,2024-07,5041.324948
ID0004770,2/28/2024,1,8,9007,70,1,1,1.001,0.999,1.8,0.27,0,5789.35,performance_drift,2024-02,6069.48688
ID0004771,6/9/2024,3,15,11755,60,1,2,1.264,1.168,3.2,0.202,30,8915.07,performance_drift,2024-06,9219.214917
ID0004772,2/18/2024,2,6,23759,65,3,1,0.982,0.853,1,0.037,30,4837.29,performance_drift,2024-02,5753.639017
ID0004773,8/22/2024,2,6,19686,31,2,1,1.031,1.081,1.4,0.447,6,5726.88,performance_drift,2024-08,5753.639017
ID0004774,3/17/2024,1,1,29725,79,0,2,1.102,1.31,1.4,0.573,30,5425.57,performance_drift,2024-03,5041.324948
ID0004775,6/23/2024,2,20,7764,63,1,1,0.969,1.105,1,0.29,14,4886.71,performance_drift,2024-06,5041.324948
ID0004776,8/20/2024,4,10,27867,62,2,1,1.077,0.787,0.4,0.447,0,3728.82,performance_drift,2024-08,3601.604965
ID0004777,9/12/2024,4,10,29666,36,2,2,1.232,1.36,1,0.45,1,5930.1,performance_drift,2024-09,5753.639017
ID0004778,12/10/2024,1,4,12418,60,0,1,1.017,0.978,1.2,0.263,21,4303.99,performance_drift,2024-12,5041.324948
ID0004779,12/20/2024,2,4,37770,70,2,1,1.07,0.956,1.2,0.399,10,4957.04,performance_drift,2024-12,5753.639017
ID0004780,9/14/2024,1,10,12973,66,3,0,0.929,0.934,1.2,0.382,2,5097.82,performance_drift,2024-09,5753.639017
ID0004781,6/8/2024,2,8,15854,63,2,1,1.086,0.997,1,0.179,1,4680.91,performance_drift,2024-06,5753.639017
ID0004782,1/6/2024,2,18,6524,30,2,2,1.266,1.148,1.2,0.253,7,5994.94,performance_drift,2024-01,5753.639017
ID0004783,6/22/2024,3,9,16246,67,1,1,0.969,1.057,1.2,0.227,30,4974.18,performance_drift,2024-06,5041.324948
ID0004784,5/17/2024,2,8,18592,39,1,2,1.272,1.015,1.2,0.442,21,5407.73,performance_drift,2024-05,5041.324948
ID0004785,1/1/2024,2,6,16627,34,1,1,1.203,0.936,0.4,0.316,21,3825.32,performance_drift,2024-01,3601.604965
ID0004786,3/28/2024,0,10,6206,68,1,0,1.021,0.978,1.2,0.187,1,4368.95,performance_drift,2024-03,5041.324948
ID0004787,12/10/2024,1,10,8121,59,3,0,0.924,0.91,1.2,0.195,2,5184.72,performance_drift,2024-12,5753.639017
ID0004788,12/11/2024,2,4,25386,34,4,0,0.854,0.949,1.4,0.455,21,6282.16,performance_drift,2024-12,5753.639017
ID0004789,3/17/2024,1,10,11235,68,4,1,0.947,1.005,1.8,0.481,4,6737.41,performance_drift,2024-03,6733.38182
ID0004790,10/8/2024,4,4,52014,77,2,2,1.284,1.07,1,0.235,2,4875.45,performance_drift,2024-10,5753.639017
ID0004791,4/27/2024,1,7,8523,54,2,2,1.159,1.131,1.4,0.185,30,5933.76,performance_drift,2024-04,5753.639017
ID0004792,9/8/2024,2,8,14054,36,3,2,1.149,1.109,1.8,0.203,0,6962.9,performance_drift,2024-09,6733.38182
ID0004793,8/20/2024,2,8,17813,33,0,2,1.145,1.269,1.4,0.377,1,5545.5,performance_drift,2024-08,5041.324948
ID0004794,6/22/2024,2,11,12130,62,3,1,1.073,0.903,1,0.281,0,4947.08,performance_drift,2024-06,5753.639017
ID0004795,3/26/2024,3,7,18488,30,1,0,0.754,0.929,1.2,0.24,2,4688.81,performance_drift,2024-03,5041.324948
ID0004796,3/27/2024,1,13,7051,70,2,2,1.05,1.238,1.4,0.467,1,6088.95,performance_drift,2024-03,5753.639017
ID0004797,9/27/2024,2,8,12951,66,0,1,1.109,0.954,1,0.429,1,4022.31,performance_drift,2024-09,5041.324948
ID0004798,2/15/2024,4,4,35423,23,2,0,0.842,0.984,1.4,0.645,1,6353.59,performance_drift,2024-02,5753.639017
ID0004799,12/20/2024,4,16,14761,39,3,0,0.789,1.014,1.2,0.149,6,5312.25,performance_drift,2024-12,5753.639017
ID0004800,7/18/2024,3,10,16442,45,0,2,1.13,1.227,1.2,0.347,7,5350.5,performance_drift,2024-07,5041.324948
ID0004801,8/13/2024,3,15,12487,78,4,0,0.932,0.856,1.2,0.101,14,5254.09,performance_drift,2024-08,5753.639017
ID0004802,3/28/2024,1,14,6482,63,2,1,0.997,1.018,1.1,0.036,4,5043.57,performance_drift,2024-03,5753.639017
ID0004803,9/27/2024,3,4,31707,40,2,1,1.019,0.994,0.4,0.197,14,4019.56,performance_drift,2024-09,3601.604965
ID0004804,1/23/2024,2,7,10250,76,4,2,1.141,1.307,0.4,0.459,5,4872.22,performance_drift,2024-01,4284.85875
ID0004805,8/28/2024,1,9,9650,31,0,1,0.924,0.899,1.8,0.193,1,5840.43,performance_drift,2024-08,6069.48688
ID0004806,4/1/2024,2,5,26360,29,0,2,1.236,1.215,1.4,0.177,1,5511.96,performance_drift,2024-04,5041.324948
ID0004807,2/1/2024,1,16,5119,77,3,1,0.996,1.126,1.2,0.583,2,6105.58,performance_drift,2024-02,5753.639017
ID0004808,1/12/2024,0,18,5000,39,0,2,1.109,1.274,1.4,0.082,1,5823.09,performance_drift,2024-01,5041.324948
ID0004809,3/19/2024,2,6,15729,76,0,1,1.066,1.115,0.4,0.424,14,2721.07,performance_drift,2024-03,4284.85875
ID0004810,5/19/2024,1,7,17605,79,3,1,1.007,0.847,1.8,0.515,21,6138.33,performance_drift,2024-05,6733.38182
ID0004811,11/1/2024,1,0,18553,59,1,2,1.321,1.128,1.8,0.308,2,6010.85,performance_drift,2024-11,6069.48688
ID0004812,10/7/2024,4,1,49055,18,0,2,1.243,1.212,1.8,0.147,4,6869.86,performance_drift,2024-10,6069.48688
ID0004813,5/27/2024,0,8,6565,26,2,2,1.152,1.201,1.8,0.062,21,6807.14,performance_drift,2024-05,6733.38182
ID0004814,2/14/2024,3,11,11254,30,1,2,1.076,1.273,1,0.26,0,5331.92,performance_drift,2024-02,5041.324948
ID0004815,9/2/2024,2,12,8562,28,0,1,0.929,1.015,1.2,0.199,2,4686.96,performance_drift,2024-09,5041.324948
ID0004816,12/13/2024,2,11,11992,25,4,1,0.814,1.038,1.2,0.044,0,6043.02,performance_drift,2024-12,5753.639017
ID0004817,10/25/2024,2,3,23680,26,0,2,1.175,1.329,1.8,0.449,5,6496.64,performance_drift,2024-10,6069.48688
ID0004818,5/5/2024,2,4,20236,76,1,0,1.026,0.811,0.4,0.363,21,2729.56,performance_drift,2024-05,3601.604965
ID0004819,2/15/2024,1,0,22181,76,1,0,0.965,1,0.4,0.2,0,2854.11,performance_drift,2024-02,3601.604965
ID0004820,2/9/2024,2,11,19022,35,3,1,1.06,1.044,1.2,0.144,0,5846.45,performance_drift,2024-02,5753.639017
ID0004821,2/28/2024,2,13,11154,38,3,2,1.351,1.422,1.4,0.334,2,6962.76,performance_drift,2024-02,5753.639017
ID0004822,9/2/2024,2,10,17431,32,2,0,0.853,0.918,1,0.191,1,4646.61,performance_drift,2024-09,5753.639017
ID0004823,4/21/2024,2,11,16341,33,3,0,0.824,1.012,1.8,0.123,2,6231.05,performance_drift,2024-04,6733.38182
ID0004824,6/14/2024,1,11,9110,60,1,2,1.266,1.485,1.2,0.272,30,5602.4,performance_drift,2024-06,5041.324948
ID0004825,10/12/2024,3,12,13296,40,1,1,1.004,0.88,1,0.558,1,4686.72,performance_drift,2024-10,5041.324948
ID0004826,6/7/2024,3,0,30398,67,4,1,0.96,1.263,1.2,0.255,3,5678.63,performance_drift,2024-06,5753.639017
ID0004827,4/3/2024,3,14,9850,33,2,1,1.047,0.948,1.4,0.13,21,5841.73,performance_drift,2024-04,5753.639017
ID0004828,9/27/2024,4,11,19807,70,0,1,0.957,0.987,1.2,0.157,5,4102.43,performance_drift,2024-09,5041.324948
ID0004829,11/21/2024,0,6,12980,76,3,1,1.018,0.966,1,0.297,0,4713.12,performance_drift,2024-11,5753.639017
ID0004830,5/11/2024,4,12,21425,30,0,1,0.93,1.121,1,0.766,4,5004.75,performance_drift,2024-05,5041.324948
ID0004831,5/7/2024,3,4,18881,55,2,1,0.979,0.962,1.2,0.229,0,4686.83,performance_drift,2024-05,5753.639017
ID0004832,11/8/2024,2,6,14947,56,2,1,1.053,1.012,1.4,0.244,30,5796.24,performance_drift,2024-11,5753.639017
ID0004833,1/24/2024,1,7,16158,37,1,2,1.189,1.148,1.4,0.334,0,5702.71,performance_drift,2024-01,5041.324948
ID0004834,8/15/2024,1,5,15747,57,2,0,0.831,1.062,1.4,0.263,4,4945.94,performance_drift,2024-08,5753.639017
ID0004835,8/6/2024,2,0,33172,52,1,2,1.019,1.35,1.8,0.056,3,6031.86,performance_drift,2024-08,6069.48688
ID0004836,7/28/2024,3,0,29073,23,0,2,1.128,1.161,1,0.47,1,5047.02,performance_drift,2024-07,5041.324948
ID0004837,2/26/2024,4,12,21118,51,2,1,1.043,0.954,1.2,0.264,30,5270.1,performance_drift,2024-02,5753.639017
ID0004838,2/4/2024,0,9,6892,72,1,2,1.1,1.337,3.2,0.738,1,9359,performance_drift,2024-02,9219.214917
ID0004839,2/11/2024,1,3,14090,38,0,2,1.383,1.064,1.8,0.402,0,5643.41,performance_drift,2024-02,6069.48688
ID0004840,4/27/2024,3,6,25117,18,3,2,1.167,1.002,1.4,0.086,0,6896.45,performance_drift,2024-04,5753.639017
ID0004841,3/22/2024,3,11,23895,28,3,0,0.793,0.905,1.4,0.227,5,5963.39,performance_drift,2024-03,5753.639017
ID0004842,11/24/2024,3,9,20113,71,3,2,1.055,1.058,1,0.26,0,5189.06,performance_drift,2024-11,5753.639017
ID0004843,9/22/2024,2,5,18433,65,1,1,1.139,1.067,1,0.121,1,4437.56,performance_drift,2024-09,5041.324948
ID0004844,4/15/2024,0,8,10719,37,2,2,1.108,1.159,0.4,0.234,7,4070.3,performance_drift,2024-04,4284.85875
ID0004845,5/20/2024,0,13,5000,68,3,1,0.977,1.024,1,0.083,3,5156.94,performance_drift,2024-05,5753.639017
ID0004846,6/15/2024,3,0,28936,39,2,1,0.997,1.042,1.8,0.265,4,6161.32,performance_drift,2024-06,6733.38182
ID0004847,7/12/2024,1,18,5000,76,1,2,1.05,1.361,1.2,0.277,1,5556.67,performance_drift,2024-07,5041.324948
ID0004848,11/28/2024,2,7,23549,27,1,0,0.948,0.932,1,0.621,6,4598.72,performance_drift,2024-11,5041.324948
ID0004849,9/7/2024,2,15,6617,19,3,1,1.134,1.066,1.4,0.573,0,7159.45,performance_drift,2024-09,5753.639017
ID0004850,10/9/2024,1,0,23387,38,1,1,0.95,1.023,1.2,0.165,3,4582.91,performance_drift,2024-10,5041.324948
ID0004851,11/4/2024,2,8,20579,36,2,2,1.159,1.176,1.2,0.518,6,5968.36,performance_drift,2024-11,5753.639017
ID0004852,6/22/2024,2,10,17066,25,0,0,0.824,1.009,1.2,0.273,5,4760.78,performance_drift,2024-06,5041.324948
ID0004853,3/21/2024,3,4,26852,79,1,1,1.009,0.931,1.4,0.623,21,5607.67,performance_drift,2024-03,5041.324948
ID0004854,12/6/2024,1,9,11683,75,2,2,1.308,1.068,1.8,0.08,1,6239.32,performance_drift,2024-12,6733.38182
ID0004855,9/16/2024,2,12,16326,25,2,2,1.277,1.406,1.2,0.057,0,6094.91,performance_drift,2024-09,5753.639017
ID0004856,7/24/2024,1,3,14761,71,4,1,0.923,0.992,1.2,0.158,2,5335.87,performance_drift,2024-07,5753.639017
ID0004857,8/10/2024,1,10,14981,19,4,1,0.912,0.986,3.2,0.33,0,10829,performance_drift,2024-08,9219.214917
ID0004858,2/18/2024,2,12,16712,21,0,2,1.255,1.293,1.4,0.565,3,6678.2,performance_drift,2024-02,5041.324948
ID0004859,12/16/2024,4,10,20375,63,2,2,0.986,1.298,1.4,0.371,2,6346.23,performance_drift,2024-12,5753.639017
ID0004860,11/10/2024,0,5,15746,49,3,2,1.3,1.094,1.8,0.288,5,6859.19,performance_drift,2024-11,6733.38182
ID0004861,5/24/2024,2,0,28536,45,0,1,0.89,1.06,1.4,0.329,30,4968.21,performance_drift,2024-05,5041.324948
ID0004862,7/21/2024,1,10,10457,69,1,2,1.289,1.044,1.8,0.51,3,6256.01,performance_drift,2024-07,6069.48688
ID0004863,2/17/2024,0,3,15090,39,1,1,1.091,1.044,1.4,0.291,0,5065.53,performance_drift,2024-02,5041.324948
ID0004864,9/2/2024,2,0,29857,71,1,1,0.977,0.997,1,0.373,0,4218.13,performance_drift,2024-09,5041.324948
ID0004865,6/15/2024,2,7,17518,20,2,2,1.142,0.917,1.8,0.303,5,7499.59,performance_drift,2024-06,6733.38182
ID0004866,9/18/2024,1,8,13142,57,0,1,1.098,0.953,1.4,0.322,1,4943.54,performance_drift,2024-09,5041.324948
ID0004867,2/1/2024,1,12,8343,63,1,0,0.75,1.049,1.2,0.102,6,4400.33,performance_drift,2024-02,5041.324948
ID0004868,8/28/2024,1,8,9107,68,4,2,1.245,1.234,1.8,0.222,3,7138.47,performance_drift,2024-08,6733.38182
ID0004869,10/18/2024,2,8,19297,43,4,1,0.987,1.159,1.1,0.556,0,6217.85,performance_drift,2024-10,5753.639017
ID0004870,9/9/2024,2,19,5736,47,2,2,1.25,1.173,1.2,0.295,2,5978.1,performance_drift,2024-09,5753.639017
ID0004871,3/20/2024,2,3,16491,73,2,1,1.035,0.904,1.2,0.386,3,4778.57,performance_drift,2024-03,5753.639017
ID0004872,3/18/2024,1,6,14839,24,4,1,1.044,0.949,1.8,0.597,5,8112.31,performance_drift,2024-03,6733.38182
ID0004873,9/9/2024,1,11,11651,25,0,2,1.449,1.254,1.2,0.252,0,5515.42,performance_drift,2024-09,5041.324948
ID0004874,6/13/2024,2,5,26067,29,2,1,0.937,1.001,1.2,0.246,2,5422.49,performance_drift,2024-06,5753.639017
ID0004875,9/24/2024,2,0,31692,30,3,1,1.038,0.847,1,0.182,3,4764.54,performance_drift,2024-09,5753.639017
ID0004876,5/9/2024,2,14,8143,23,3,1,1.005,0.922,1.2,0.268,1,6484.7,performance_drift,2024-05,5753.639017
ID0004877,8/27/2024,2,9,9680,18,0,1,1.071,1.224,1,0.102,2,5022.85,performance_drift,2024-08,5041.324948
ID0004878,10/20/2024,2,9,19490,58,2,0,0.824,0.931,1.2,0.585,2,4877.51,performance_drift,2024-10,5753.639017
ID0004879,3/2/2024,2,6,20057,32,1,1,0.986,0.813,1.8,0.043,14,5595.09,performance_drift,2024-03,6069.48688
ID0004880,5/5/2024,1,6,14598,59,0,2,1.144,1.358,1.4,0.221,2,5030.61,performance_drift,2024-05,5041.324948
ID0004881,2/17/2024,1,5,16729,33,0,2,1.155,1.237,1.4,0.164,7,5317.64,performance_drift,2024-02,5041.324948
ID0004882,10/21/2024,3,4,24986,35,3,1,1.179,0.998,1,0.595,3,5466.53,performance_drift,2024-10,5753.639017
ID0004883,9/5/2024,1,6,11721,56,4,1,0.976,1.062,1.4,0.295,0,5954.33,performance_drift,2024-09,5753.639017
ID0004884,3/13/2024,2,16,9704,53,0,2,1.096,1.126,1.2,0.142,0,5115.26,performance_drift,2024-03,5041.324948
ID0004885,3/20/2024,1,0,30992,56,1,2,1.11,1.31,1.4,0.271,1,5535.57,performance_drift,2024-03,5041.324948
ID0004886,1/9/2024,2,5,15179,28,0,2,1.089,1.174,1.4,0.369,3,5217.01,performance_drift,2024-01,5041.324948
ID0004887,3/26/2024,3,8,15267,41,3,1,1.089,0.891,1.2,0.271,0,5434.07,performance_drift,2024-03,5753.639017
ID0004888,10/25/2024,1,3,18552,47,3,2,1.083,1.009,1.4,0.05,0,5956.01,performance_drift,2024-10,5753.639017
ID0004889,10/13/2024,3,12,20092,69,4,2,1.157,1.099,1.8,0.115,4,7296.66,performance_drift,2024-10,6733.38182
ID0004890,2/17/2024,4,10,28005,66,0,2,1.103,1.334,1.2,0.638,2,5405.42,performance_drift,2024-02,5041.324948
ID0004891,8/19/2024,3,10,16673,64,0,1,1.064,1.126,1.8,0.144,0,5669.23,performance_drift,2024-08,6069.48688
ID0004892,5/26/2024,2,18,8807,77,2,1,1.065,1.011,1.8,0.497,7,6543.96,performance_drift,2024-05,6733.38182
ID0004893,2/19/2024,1,9,9335,79,1,2,1.142,1.33,1.4,0.57,0,5835.84,performance_drift,2024-02,5041.324948
ID0004894,3/12/2024,2,14,12555,41,2,1,0.901,1.044,1.8,0.658,14,6857.01,performance_drift,2024-03,6733.38182
ID0004895,2/10/2024,1,2,22456,63,0,1,0.953,0.827,1.8,0.123,2,4780.96,performance_drift,2024-02,6069.48688
ID0004896,7/24/2024,1,19,6145,63,0,2,1.066,1.08,1.2,0.15,4,5193.4,performance_drift,2024-07,5041.324948
ID0004897,11/4/2024,3,6,31416,47,1,2,0.957,1.256,1.4,0.078,0,5693.71,performance_drift,2024-11,5041.324948
ID0004898,9/1/2024,1,18,5000,42,0,1,1.101,0.993,1.4,0.244,2,5127.69,performance_drift,2024-09,5041.324948
ID0004899,9/20/2024,3,13,11329,19,3,1,0.911,1.002,1.2,0.051,5,6537.86,performance_drift,2024-09,5753.639017
ID0004900,3/3/2024,2,4,16558,41,0,2,1.157,1.398,0.4,0.143,5,3745.05,performance_drift,2024-03,4284.85875
ID0004901,1/14/2024,2,0,45117,39,3,2,1.111,1.144,1.8,0.374,30,7112.17,performance_drift,2024-01,6733.38182
ID0004902,7/20/2024,2,9,19491,42,2,2,1.22,1.371,0.4,0.511,21,4657.91,performance_drift,2024-07,4284.85875
ID0004903,10/10/2024,4,15,22705,75,0,0,1.056,1.061,3.2,0.303,2,8043.53,performance_drift,2024-10,8216.463966
ID0004904,4/20/2024,2,9,16503,52,3,1,0.945,1.012,1.2,0.392,14,5809.13,performance_drift,2024-04,5753.639017
ID0004905,5/5/2024,3,1,34916,40,0,0,0.902,0.902,1,0.215,7,3660.7,performance_drift,2024-05,5041.324948
ID0004906,5/1/2024,2,5,13084,62,0,1,0.922,1.124,1.2,0.181,1,4565.94,performance_drift,2024-05,5041.324948
ID0004907,9/16/2024,1,0,20944,55,1,2,1.402,1.239,1.8,0.02,0,6127.12,performance_drift,2024-09,6069.48688
ID0004908,6/4/2024,4,7,38443,75,1,1,1.142,0.996,3.2,0.108,30,8357.92,performance_drift,2024-06,9219.214917
ID0004909,9/17/2024,2,6,22629,21,2,0,0.891,0.864,1,0.38,0,5345.55,performance_drift,2024-09,5753.639017
ID0004910,5/11/2024,3,5,23125,71,0,2,1.206,1.289,1.2,0.321,2,4931.75,performance_drift,2024-05,5041.324948
ID0004911,3/15/2024,0,5,12782,35,1,2,1.207,1.022,1,0.517,4,5170.5,performance_drift,2024-03,5041.324948
ID0004912,4/4/2024,1,12,7507,79,1,0,0.851,1.056,0.4,0.246,4,3225.6,performance_drift,2024-04,3601.604965
ID0004913,11/16/2024,2,8,21542,54,0,1,1.077,1.132,1.2,0.254,0,4522.22,performance_drift,2024-11,5041.324948
ID0004914,3/5/2024,2,11,15054,34,4,2,1.328,1.422,1.2,0.393,0,6850.41,performance_drift,2024-03,5753.639017
ID0004915,11/12/2024,2,9,18133,43,2,1,0.905,1.069,1.8,0.193,4,6405.33,performance_drift,2024-11,6733.38182
ID0004916,10/13/2024,0,0,26704,60,3,2,1.045,1.376,1.4,0.113,0,6146.96,performance_drift,2024-10,5753.639017
ID0004917,11/17/2024,2,4,26148,49,2,1,0.958,0.993,1.8,0.227,2,6215.16,performance_drift,2024-11,6733.38182
ID0004918,2/18/2024,2,3,29261,70,2,1,1.074,1.115,1,0.414,10,4652.41,performance_drift,2024-02,5753.639017
ID0004919,1/15/2024,1,4,15679,76,1,0,0.838,0.827,1.4,0.157,4,4350.94,performance_drift,2024-01,5041.324948
ID0004920,9/24/2024,2,17,6215,49,2,0,0.824,0.91,1.4,0.444,4,5488.32,performance_drift,2024-09,5753.639017
ID0004921,1/13/2024,1,5,11236,70,2,2,1.03,1.396,1.8,0.093,1,6607.54,performance_drift,2024-01,6733.38182
ID0004922,8/22/2024,3,8,9513,37,0,1,1.061,0.798,1.8,0.02,30,5317.12,performance_drift,2024-08,6069.48688
ID0004923,6/18/2024,2,9,15296,22,1,2,1.03,1.582,1.4,0.214,7,7254.98,performance_drift,2024-06,5041.324948
ID0004924,3/17/2024,1,12,7450,70,1,1,1.036,0.989,1.2,0.363,6,4864.46,performance_drift,2024-03,5041.324948
ID0004925,10/28/2024,1,6,13170,48,0,0,0.828,0.965,1.2,0.748,0,4580.16,performance_drift,2024-10,5041.324948
ID0004926,9/20/2024,1,10,11494,52,0,2,1.314,1.005,1.2,0.296,14,4930.17,performance_drift,2024-09,5041.324948
ID0004927,9/6/2024,1,14,6620,39,1,1,1.051,0.999,1.2,0.267,30,5241.26,performance_drift,2024-09,5041.324948
ID0004928,11/5/2024,2,11,10730,30,4,1,1.076,1.086,1.8,0.647,2,7636.84,performance_drift,2024-11,6733.38182
ID0004929,10/7/2024,1,12,8022,37,0,1,0.855,1.16,1.8,0.304,0,6099.44,performance_drift,2024-10,6069.48688
ID0004930,7/28/2024,3,7,18777,21,2,1,1.003,1.165,1.2,0.136,0,6074.09,performance_drift,2024-07,5753.639017
ID0004931,8/17/2024,0,9,8907,32,3,0,0.923,0.879,1.2,0.257,5,5236.73,performance_drift,2024-08,5753.639017
ID0004932,5/25/2024,0,0,11770,35,2,1,0.994,1.081,1.4,0.101,4,5327.55,performance_drift,2024-05,5753.639017
ID0004933,6/15/2024,3,14,9142,19,0,0,0.909,0.996,1.2,0.16,1,5261.34,performance_drift,2024-06,5041.324948
ID0004934,4/13/2024,3,5,16168,54,0,1,1.03,1.076,1.8,0.243,7,5332.35,performance_drift,2024-04,6069.48688
ID0004935,12/7/2024,0,8,6815,61,2,1,1.013,1.149,1,0.571,1,5226.47,performance_drift,2024-12,5753.639017
ID0004936,11/23/2024,1,11,8510,27,0,1,1.126,0.946,1.8,0.158,2,5690.24,performance_drift,2024-11,6069.48688
ID0004937,1/6/2024,1,10,11718,34,1,2,1.254,1.381,1.8,0.268,6,6866.08,performance_drift,2024-01,6069.48688
ID0004938,1/23/2024,0,7,16908,34,3,2,1.063,1.319,1.8,0.468,0,7663.82,performance_drift,2024-01,6733.38182
ID0004939,8/22/2024,2,3,26180,44,0,2,1.203,1.252,1,0.322,0,4937.31,performance_drift,2024-08,5041.324948
ID0004940,12/12/2024,3,9,13495,67,1,2,1.123,0.921,1.8,0.043,0,5854.6,performance_drift,2024-12,6069.48688
ID0004941,5/2/2024,2,0,36308,42,2,2,1.171,1.293,1.2,0.464,0,5660.47,performance_drift,2024-05,5753.639017
ID0004942,6/20/2024,4,6,35558,73,3,1,0.883,0.902,1,0.493,21,5071.31,performance_drift,2024-06,5753.639017
ID0004943,12/17/2024,2,7,14692,36,1,2,1.222,1.216,1.4,0.645,21,6283.62,performance_drift,2024-12,5041.324948
ID0004944,6/16/2024,4,9,24068,34,4,2,1.232,1.244,1,0.288,7,6461.62,performance_drift,2024-06,5753.639017
ID0004945,2/13/2024,3,2,47219,60,1,2,1.395,1.283,1.2,0.08,30,5238.73,performance_drift,2024-02,5041.324948
ID0004946,10/21/2024,3,14,10690,38,1,0,0.939,0.882,1,0.379,0,4362.69,performance_drift,2024-10,5041.324948
ID0004947,4/28/2024,2,9,15702,34,3,2,1.103,1.079,1.2,0.193,5,6233.52,performance_drift,2024-04,5753.639017
ID0004948,3/14/2024,2,8,12450,18,0,2,1.298,1.252,1.1,0.241,0,5723.95,performance_drift,2024-03,5041.324948
ID0004949,3/14/2024,2,13,14175,20,0,0,0.889,0.865,1.8,0.306,4,6458.21,performance_drift,2024-03,6069.48688
ID0004950,10/25/2024,1,5,15120,41,2,1,1.089,0.884,1.2,0.573,7,5201.2,performance_drift,2024-10,5753.639017
ID0004951,3/22/2024,4,5,31129,19,1,2,0.958,1.147,3.2,0.357,1,9748.95,performance_drift,2024-03,9219.214917
ID0004952,9/20/2024,0,2,14930,41,2,2,1.14,1.153,1.8,0.554,21,6731.16,performance_drift,2024-09,6733.38182
ID0004953,5/20/2024,2,3,23978,71,0,1,1.056,0.988,1.2,0.549,4,4359.62,performance_drift,2024-05,5041.324948
ID0004954,10/15/2024,1,10,10541,32,2,2,1.233,1.267,1,0.588,14,5835.21,performance_drift,2024-10,5753.639017
ID0004955,9/8/2024,4,8,32165,36,0,2,1.233,1.123,1.2,0.573,4,5419.26,performance_drift,2024-09,5041.324948
ID0004956,8/24/2024,1,11,7528,45,0,1,1.04,1.184,1.2,0.207,0,4753.11,performance_drift,2024-08,5041.324948
ID0004957,8/11/2024,2,20,6413,48,2,2,1.299,1.325,1.2,0.207,4,6005.1,performance_drift,2024-08,5753.639017
ID0004958,4/15/2024,1,10,6980,25,2,1,1.111,1.015,1.4,0.226,4,5510.93,performance_drift,2024-04,5753.639017
ID0004959,12/21/2024,2,2,29884,54,2,1,1.085,0.835,1.4,0.331,0,4965.83,performance_drift,2024-12,5753.639017
ID0004960,10/15/2024,2,8,15455,32,2,2,0.984,1.169,1.2,0.059,0,5889.78,performance_drift,2024-10,5753.639017
ID0004961,12/23/2024,3,7,16269,36,0,2,1.054,1.157,1.2,0.368,1,5427.11,performance_drift,2024-12,5041.324948
ID0004962,11/14/2024,2,9,18833,58,2,0,0.878,0.958,1.2,0.179,5,4960.73,performance_drift,2024-11,5753.639017
ID0004963,7/28/2024,3,0,46360,32,1,1,0.982,1.015,1.8,0.435,21,5930.12,performance_drift,2024-07,6069.48688
ID0004964,8/17/2024,0,5,12842,69,0,1,1.006,0.934,1.2,0.243,4,4293.49,performance_drift,2024-08,5041.324948
ID0004965,1/27/2024,2,5,17479,79,1,2,0.982,1.24,1,0.128,1,4622.26,performance_drift,2024-01,5041.324948
ID0004966,3/15/2024,1,12,7671,43,1,2,1.012,1.285,1.2,0.245,5,5703.45,performance_drift,2024-03,5041.324948
ID0004967,4/22/2024,1,10,11107,23,2,2,1.161,1.325,1.4,0.252,0,7004.46,performance_drift,2024-04,5753.639017
ID0004968,5/5/2024,0,20,5000,71,4,1,1.051,1.071,1.4,0.601,1,6663.79,performance_drift,2024-05,5753.639017
ID0004969,12/5/2024,3,15,10115,59,1,2,1.127,1.194,1.8,0.176,0,6483.37,performance_drift,2024-12,6069.48688
ID0004970,5/25/2024,1,10,10315,73,1,1,1.061,1.018,1.2,0.29,0,4556.88,performance_drift,2024-05,5041.324948
ID0004971,2/10/2024,4,5,40504,27,2,1,1.005,1.015,1.2,0.269,0,5387.63,performance_drift,2024-02,5753.639017
ID0004972,5/15/2024,3,6,23435,75,1,1,1.037,0.943,1.2,0.293,0,4335.71,performance_drift,2024-05,5041.324948
ID0004973,3/20/2024,1,5,15252,47,0,2,1.257,1.28,1.8,0.275,4,6205.28,performance_drift,2024-03,6069.48688
ID0004974,5/24/2024,2,5,13276,41,0,2,1.161,1.117,1.8,0.487,10,6281.08,performance_drift,2024-05,6069.48688
ID0004975,4/4/2024,0,3,13434,50,1,0,0.849,0.871,1.2,0.376,30,4519.52,performance_drift,2024-04,5041.324948
ID0004976,9/21/2024,3,9,23307,56,1,2,1.259,1.346,1.4,0.331,2,5653.16,performance_drift,2024-09,5041.324948
ID0004977,5/28/2024,2,2,30365,51,0,1,0.885,0.923,1.2,0.198,10,4110.28,performance_drift,2024-05,5041.324948
ID0004978,9/11/2024,2,18,8204,58,3,1,0.938,1.021,1.4,0.237,5,6144.43,performance_drift,2024-09,5753.639017
ID0004979,1/20/2024,2,10,15136,21,2,2,1.225,1.172,1.1,0.359,0,6578.89,performance_drift,2024-01,5753.639017
ID0004980,8/18/2024,2,10,16483,35,0,1,1.035,1.133,1.2,0.254,21,4961.38,performance_drift,2024-08,5041.324948
ID0004981,4/27/2024,2,11,15440,38,4,2,1.124,1.255,1.2,0.262,4,6699.85,performance_drift,2024-04,5753.639017
ID0004982,9/19/2024,1,10,9847,56,3,2,1.243,1.393,1.8,0.13,0,7018.07,performance_drift,2024-09,6733.38182
ID0004983,10/2/2024,0,17,5000,64,3,2,1.257,1.223,1.4,0.307,2,6719.76,performance_drift,2024-10,5753.639017
ID0004984,11/22/2024,0,4,16442,35,1,2,1.011,1.237,1.2,0.174,1,5087.24,performance_drift,2024-11,5041.324948
ID0004985,9/16/2024,3,6,22193,73,0,2,1.165,1.263,1.2,0.031,5,4774.02,performance_drift,2024-09,5041.324948
ID0004986,1/10/2024,2,0,28411,62,2,1,1.133,1.051,1,0.389,21,4776.93,performance_drift,2024-01,5753.639017
ID0004987,7/18/2024,1,19,5000,49,2,0,0.846,0.957,1.8,0.367,1,6134.55,performance_drift,2024-07,6733.38182
ID0004988,9/26/2024,1,4,16006,45,3,0,0.924,0.805,1.8,0.211,2,6003.67,performance_drift,2024-09,6733.38182
ID0004989,9/27/2024,1,13,6929,40,0,1,0.978,0.979,3.2,0.455,14,8356.86,performance_drift,2024-09,8216.463966
ID0004990,7/8/2024,0,16,5000,49,3,2,1.215,1.086,0.4,0.264,2,4614.67,performance_drift,2024-07,3601.604965
ID0004991,6/17/2024,0,11,9715,38,1,1,0.911,0.861,1.4,0.366,6,5186.35,performance_drift,2024-06,5041.324948
ID0004992,6/13/2024,3,2,34446,55,2,2,1.358,1.181,1.4,0.404,0,6112.2,performance_drift,2024-06,5753.639017
ID0004993,10/27/2024,2,1,22614,22,1,1,0.983,1.06,1.8,0.191,2,6714.48,performance_drift,2024-10,6069.48688
ID0004994,11/18/2024,3,9,15873,73,1,2,1.245,1.1,1.8,0.535,5,6391.28,performance_drift,2024-11,6069.48688
ID0004995,2/24/2024,3,12,11965,41,4,2,1.055,1.133,0.4,0.609,14,5499.23,performance_drift,2024-02,4284.85875
ID0004996,3/18/2024,1,5,14013,21,2,2,1.268,1.277,1.2,0.593,1,6967.21,performance_drift,2024-03,5753.639017
ID0004997,7/1/2024,2,6,19845,41,1,2,1.073,1.086,1.2,0.298,1,5233.99,performance_drift,2024-07,5041.324948
ID0004998,11/26/2024,2,9,12106,54,3,1,1.03,1.123,1.2,0.363,1,5551.48,performance_drift,2024-11,5753.639017
ID0004999,10/19/2024,1,7,15505,20,3,0,0.853,0.996,1,0.1,0,5622.37,performance_drift,2024-10,5753.639017
ID0005000,6/15/2024,2,4,18606,58,2,0,0.776,1.009,1.8,0.098,2,5874.81,performance_drift,2024-06,6733.38182
