ID,date_of_loss,vehicle_type_code,vehicle_age_years,vehicle_acv,driver_age,ins_score,urbanicity_code,repair_cost_index,medical_cost_index,collision_sev,weather_cat_risk_index,report_lag_days,loss_amount,scenario,month,pred_model
ID0000001,2024-09-21,0,17,4087.0,39,3,2,1.395,1.443,1.8,0.659,6,7842.62,data_drift,2024-09,7636.8984948011675
ID0000002,2024-04-03,2,3,18031.0,34,1,1,1.111,1.282,1.8,0.575,30,6470.28,data_drift,2024-04,6562.100286079625
ID0000003,2024-03-06,2,20,5878.0,30,2,1,1.02,1.518,1.4,0.684,23,7025.86,data_drift,2024-03,6991.009788218407
ID0000004,2024-12-26,0,3,11107.0,69,3,2,1.477,0.926,1.8,0.423,2,6851.04,data_drift,2024-12,6516.756497232787
ID0000005,2024-03-10,3,11,21013.0,29,1,2,1.263,1.219,1.0,0.76,8,5229.29,data_drift,2024-03,5753.903187031591
ID0000006,2024-04-13,3,15,11332.0,46,0,2,1.441,1.58,3.2,0.896,13,9472.91,data_drift,2024-04,9766.789287415544
ID0000007,2024-08-20,2,17,10803.0,43,0,2,1.275,1.482,3.2,0.696,30,8622.53,data_drift,2024-08,9644.967896847455
ID0000008,2024-10-10,3,7,27642.0,26,4,1,1.08,1.156,1.8,0.571,3,7234.67,data_drift,2024-10,7371.646009444157
ID0000009,2024-08-10,4,21,35035.0,60,1,2,1.38,1.583,0.4,0.948,30,4705.1,data_drift,2024-08,5635.84499067084
ID0000010,2024-11-22,2,17,7748.0,35,2,2,1.194,1.107,1.8,0.463,7,7362.56,data_drift,2024-11,7128.299762781324
ID0000011,2024-01-28,2,11,15614.0,73,3,1,0.978,1.52,0.4,0.888,3,4854.91,data_drift,2024-01,4696.904838605339
ID0000012,2024-05-08,2,11,14751.0,69,3,1,1.178,1.277,1.4,0.622,15,6979.18,data_drift,2024-05,6415.875852577292
ID0000013,2024-07-15,2,19,30067.0,61,1,2,1.426,1.176,1.8,0.505,11,6943.52,data_drift,2024-07,6870.7301161278465
ID0000014,2024-06-03,2,11,9993.0,39,2,1,0.969,1.309,1.8,0.465,7,6695.24,data_drift,2024-06,6985.252237048633
ID0000015,2024-05-24,2,12,9751.0,73,3,2,1.078,1.454,1.8,0.856,23,8195.98,data_drift,2024-05,8112.34380945279
ID0000016,2024-05-26,4,16,17820.0,55,0,2,1.15,1.405,1.8,0.544,30,7005.55,data_drift,2024-05,7045.496166671805
ID0000017,2024-01-06,4,3,72758.0,61,0,1,1.01,1.398,1.4,0.776,4,4691.81,data_drift,2024-01,5489.011259893272
ID0000018,2024-02-03,1,20,5605.0,49,4,2,1.356,1.284,1.8,0.616,2,8389.89,data_drift,2024-02,7942.049724537471
ID0000019,2024-07-11,2,8,6940.0,36,4,2,1.48,1.584,1.4,0.933,13,7890.34,data_drift,2024-07,7410.204752253463
ID0000020,2024-06-16,3,14,5792.0,24,3,2,1.337,1.399,1.8,0.743,2,9509.73,data_drift,2024-06,8547.618515997532
ID0000021,2024-12-11,3,22,10375.0,44,2,0,0.838,1.347,1.8,0.921,3,6385.83,data_drift,2024-12,7117.211191306152
ID0000022,2024-03-27,3,13,16745.0,68,2,1,1.172,1.477,0.4,0.771,3,4598.87,data_drift,2024-03,4574.654018332441
ID0000023,2024-11-25,2,7,18888.0,21,2,2,1.124,1.416,1.4,0.738,23,7630.52,data_drift,2024-11,7578.891782231508
ID0000024,2024-04-19,3,13,9584.0,23,2,2,1.421,1.392,1.8,0.799,4,8557.68,data_drift,2024-04,8484.376476298992
ID0000025,2024-02-14,2,13,6346.0,77,1,0,1.027,1.412,1.4,0.857,30,6138.99,data_drift,2024-02,6124.17821507263
ID0000026,2024-03-02,4,14,20050.0,58,2,2,1.371,1.414,1.4,0.749,8,6901.6,data_drift,2024-03,6742.190040331983
ID0000027,2024-05-20,2,20,6167.0,22,1,1,1.138,1.091,1.2,0.502,4,6812.46,data_drift,2024-05,6207.366292597379
ID0000028,2024-03-10,2,4,18644.0,43,2,1,1.083,1.429,1.4,0.905,6,6299.29,data_drift,2024-03,5986.314780643879
ID0000029,2024-11-13,4,10,20733.0,61,2,2,1.24,1.323,3.2,0.623,22,8081.93,data_drift,2024-11,9966.28804652487
ID0000030,2024-10-15,3,22,3512.0,26,3,1,1.079,1.115,1.4,0.785,7,6940.82,data_drift,2024-10,6824.69349563235
ID0000031,2024-10-21,1,17,10484.0,58,1,2,1.268,1.475,1.4,0.816,7,6881.51,data_drift,2024-10,6708.888026833183
ID0000032,2024-06-20,2,4,32436.0,18,0,1,0.809,1.488,1.4,0.761,30,5911.28,data_drift,2024-06,6789.994291384711
ID0000033,2024-01-12,1,23,5194.0,79,3,1,1.048,1.639,0.4,0.979,30,5872.44,data_drift,2024-01,6016.410505806063
ID0000034,2024-04-15,2,2,56500.0,21,1,2,1.376,1.527,1.4,0.825,5,6018.27,data_drift,2024-04,7335.873433362366
ID0000035,2024-06-14,2,6,31684.0,19,0,1,1.116,1.755,0.4,0.973,14,5588.46,data_drift,2024-06,4934.221830727415
ID0000036,2024-08-23,3,19,17680.0,27,1,2,1.326,1.818,0.4,0.976,30,5844.45,data_drift,2024-08,5942.75054565903
ID0000037,2024-06-04,1,9,23805.0,33,1,2,1.187,1.06,1.2,0.331,0,5378.0,data_drift,2024-06,5295.173548709067
ID0000038,2024-08-26,2,8,28017.0,59,2,2,1.372,0.997,1.8,0.388,0,6752.37,data_drift,2024-08,6505.7697590946955
ID0000039,2024-05-16,2,6,14043.0,74,1,2,1.354,1.034,1.8,0.611,6,5994.63,data_drift,2024-05,6267.627935446329
ID0000040,2024-08-02,2,25,11839.0,21,2,2,1.359,1.084,1.2,0.405,15,6974.15,data_drift,2024-08,6700.294343686462
ID0000041,2024-01-07,3,8,31105.0,19,0,2,1.566,1.263,1.0,0.531,3,6625.57,data_drift,2024-01,5954.179000208652
ID0000042,2024-11-03,4,15,14118.0,45,3,2,1.42,1.296,1.8,0.65,15,8184.52,data_drift,2024-11,7850.897081281021
ID0000043,2024-07-25,0,25,3784.0,68,1,2,1.27,1.419,1.0,0.889,7,5777.61,data_drift,2024-07,5808.907177510535
ID0000044,2024-02-17,3,0,52908.0,70,4,2,1.184,1.625,1.4,0.912,3,7958.55,data_drift,2024-02,7021.078355630106
ID0000045,2024-10-23,3,8,17180.0,20,1,2,1.502,1.492,1.4,0.947,8,8022.16,data_drift,2024-10,7020.212605743145
ID0000046,2024-05-09,2,13,20770.0,45,3,1,1.108,1.434,1.4,0.52,3,7291.59,data_drift,2024-05,6708.035436995146
ID0000047,2024-11-05,3,18,8958.0,54,0,1,0.932,1.231,1.8,0.692,4,6782.7,data_drift,2024-11,6306.599059989962
ID0000048,2024-04-22,2,7,20033.0,22,1,1,0.879,1.42,3.2,0.832,30,10946.14,data_drift,2024-04,10556.493379891297
ID0000049,2024-11-15,1,7,36087.0,60,0,2,1.309,1.311,1.4,0.666,3,6109.97,data_drift,2024-11,5586.789335952905
ID0000050,2024-01-19,2,18,21830.0,40,2,1,1.098,1.068,1.4,0.734,2,6305.81,data_drift,2024-01,6243.2245744723905
ID0000051,2024-06-16,0,16,5268.0,20,0,2,1.325,1.235,1.8,0.714,2,8233.29,data_drift,2024-06,7485.446192761184
ID0000052,2024-03-20,2,3,21743.0,46,0,1,1.148,1.147,1.8,0.632,4,6362.66,data_drift,2024-03,5959.380005828075
ID0000053,2024-06-16,2,9,11610.0,29,2,2,1.246,1.145,1.8,0.832,2,6360.25,data_drift,2024-06,7088.55726020866
ID0000054,2024-05-24,0,13,17104.0,44,1,2,1.282,1.305,1.8,0.782,16,7298.83,data_drift,2024-05,7192.726525185857
ID0000055,2024-12-17,3,8,9251.0,40,3,2,1.559,1.193,1.4,0.52,3,5974.03,data_drift,2024-12,6437.274057728407
ID0000056,2024-05-15,4,13,18158.0,56,4,2,1.284,0.879,1.2,0.231,30,7235.72,data_drift,2024-05,6296.714670026782
ID0000057,2024-10-26,3,24,6747.0,26,3,2,1.422,1.618,1.4,0.911,5,8399.23,data_drift,2024-10,7461.302070318592
ID0000058,2024-08-10,2,10,18233.0,53,2,1,1.132,1.231,1.8,0.728,11,7067.1,data_drift,2024-08,6798.364711285583
ID0000059,2024-05-01,4,23,8884.0,54,4,2,1.372,1.288,1.8,0.791,16,7984.63,data_drift,2024-05,8340.60860324652
ID0000060,2024-06-16,2,13,11988.0,31,2,2,1.146,1.419,1.0,0.886,30,7016.64,data_drift,2024-06,6432.849033331386
ID0000061,2024-01-11,1,0,37313.0,71,2,2,1.465,1.649,1.4,0.937,10,7312.53,data_drift,2024-01,6378.3971206563265
ID0000062,2024-08-27,2,25,7355.0,51,0,1,1.145,0.85,1.2,0.247,30,4859.31,data_drift,2024-08,4867.394719084028
ID0000063,2024-05-02,1,24,3311.0,64,1,1,1.031,1.108,1.8,0.569,2,6536.46,data_drift,2024-05,6257.516824524277
ID0000064,2024-03-20,2,11,22349.0,78,1,1,1.163,1.278,3.2,0.495,30,9777.6,data_drift,2024-03,9352.471254374988
ID0000065,2024-02-06,1,17,9495.0,42,1,2,1.207,1.247,1.8,0.527,2,6933.83,data_drift,2024-02,6978.941722855682
ID0000066,2024-02-05,3,18,15380.0,31,1,2,1.297,1.028,1.2,0.279,2,5457.06,data_drift,2024-02,5448.951160603725
ID0000067,2024-11-23,2,7,17754.0,28,3,0,1.069,1.092,1.8,0.495,2,5912.39,data_drift,2024-11,6697.546439897246
ID0000068,2024-04-08,3,0,40820.0,79,1,2,1.388,1.095,1.8,0.467,15,5446.27,data_drift,2024-04,5998.285195840412
ID0000069,2024-11-17,3,20,4917.0,58,4,2,1.499,1.66,1.4,0.797,17,8382.71,data_drift,2024-11,7645.780430955886
ID0000070,2024-02-08,4,15,24620.0,52,1,2,1.389,1.131,1.8,0.377,4,6693.62,data_drift,2024-02,6743.877428296555
ID0000071,2024-01-26,1,7,26155.0,71,1,2,1.128,1.491,1.4,0.921,13,7045.83,data_drift,2024-01,6112.101760095408
ID0000072,2024-05-03,3,1,38851.0,78,3,2,1.544,1.518,1.4,0.925,7,7206.05,data_drift,2024-05,6537.48500321917
ID0000073,2024-12-09,3,17,6870.0,49,0,2,1.211,1.203,1.8,0.775,1,6753.67,data_drift,2024-12,6761.701325396839
ID0000074,2024-06-26,1,16,8780.0,67,1,2,1.217,1.388,1.8,0.88,8,7189.39,data_drift,2024-06,7107.930990934435
ID0000075,2024-09-26,2,23,4161.0,57,3,1,1.053,1.323,1.8,0.675,4,7618.58,data_drift,2024-09,7307.7513883178435
ID0000076,2024-09-20,2,19,10460.0,33,0,2,1.242,1.594,1.4,0.892,13,6807.04,data_drift,2024-09,6684.217124250947
ID0000077,2024-08-28,4,25,5799.0,78,2,1,1.164,1.325,1.8,0.9,9,6886.15,data_drift,2024-08,7040.308175353746
ID0000078,2024-11-10,4,3,52074.0,20,2,2,1.538,1.306,1.4,0.83,16,6999.17,data_drift,2024-11,7737.914060521193
ID0000079,2024-04-21,2,17,11255.0,39,0,2,1.625,1.529,1.4,0.947,10,6793.19,data_drift,2024-04,6334.227986457002
ID0000080,2024-01-07,2,25,7082.0,67,2,2,1.141,1.039,1.2,0.635,1,5867.19,data_drift,2024-01,5871.825659994749
ID0000081,2024-02-16,4,10,46836.0,79,3,1,0.926,1.459,1.4,0.862,16,6890.63,data_drift,2024-02,6648.501321747779
ID0000082,2024-12-05,4,25,16259.0,27,2,2,1.328,1.273,1.8,0.554,5,6498.51,data_drift,2024-12,7393.0524681841425
ID0000083,2024-02-11,3,4,18544.0,52,2,1,1.05,1.327,1.8,0.637,2,6509.72,data_drift,2024-02,6715.518561388926
ID0000084,2024-09-15,0,12,16557.0,38,1,2,1.024,1.497,1.4,0.952,30,6167.01,data_drift,2024-09,6845.278973248276
ID0000085,2024-06-11,2,3,23957.0,36,4,2,1.287,1.773,1.1,0.994,8,7306.68,data_drift,2024-06,6653.929495154102
ID0000086,2024-12-27,3,18,28574.0,20,1,2,1.103,1.785,1.1,0.984,5,8178.99,data_drift,2024-12,6935.40629303819
ID0000087,2024-12-16,0,25,2500.0,38,2,2,1.217,0.894,1.8,0.609,2,7805.66,data_drift,2024-12,7040.498682685988
ID0000088,2024-02-23,2,17,9370.0,58,0,0,1.129,1.155,1.8,0.701,1,5790.78,data_drift,2024-02,5939.16382088148
ID0000089,2024-01-28,2,11,20971.0,73,2,2,1.23,1.371,1.4,0.914,2,6517.11,data_drift,2024-01,6577.3913135960565
ID0000090,2024-05-28,3,5,23817.0,32,0,2,1.319,0.85,1.2,0.279,3,4870.36,data_drift,2024-05,4629.522774159521
ID0000091,2024-06-15,2,2,37807.0,64,0,2,1.261,1.209,3.2,0.395,30,8744.49,data_drift,2024-06,8573.121527475305
ID0000092,2024-07-11,4,19,9714.0,78,0,2,1.038,1.223,3.2,0.656,30,9892.99,data_drift,2024-07,9001.877028671795
ID0000093,2024-03-23,2,14,3306.0,35,0,2,1.515,1.33,1.8,0.727,2,6951.07,data_drift,2024-03,6467.96832529011
ID0000094,2024-09-07,2,12,14669.0,57,2,2,1.102,1.472,1.4,0.772,12,6841.02,data_drift,2024-09,6682.456082543431
ID0000095,2024-07-22,2,18,6951.0,53,1,2,1.463,1.283,1.4,0.705,6,6609.82,data_drift,2024-07,6290.341699149884
ID0000096,2024-04-12,1,20,3028.0,58,1,2,1.296,1.114,1.2,0.595,15,5719.98,data_drift,2024-04,5722.000019488405
ID0000097,2024-02-21,4,6,35758.0,24,1,2,1.187,1.68,1.4,0.975,3,8078.13,data_drift,2024-02,7000.44846871723
ID0000098,2024-06-28,4,13,7841.0,20,3,2,1.132,1.427,1.4,0.78,5,8539.42,data_drift,2024-06,7955.740168500365
ID0000099,2024-11-08,3,7,22846.0,57,0,0,0.956,1.175,1.8,0.444,5,5442.88,data_drift,2024-11,5660.949323950772
ID0000100,2024-04-10,3,0,8304.0,57,3,0,0.949,1.16,1.2,0.603,5,4727.11,data_drift,2024-04,5673.12945605175
ID0000101,2024-04-03,2,17,9588.0,64,1,2,1.344,1.296,1.8,0.618,3,5660.18,data_drift,2024-04,6908.658474482994
ID0000102,2024-06-02,2,14,11738.0,18,0,1,1.108,1.236,1.8,0.672,15,6901.57,data_drift,2024-06,7244.781710317286
ID0000103,2024-09-03,3,8,13060.0,60,1,2,1.489,1.655,1.1,0.989,5,6518.15,data_drift,2024-09,5574.091983126403
ID0000104,2024-07-21,1,16,3802.0,58,0,2,1.158,1.388,3.2,0.731,6,9616.23,data_drift,2024-07,9014.67503509425
ID0000105,2024-08-13,1,6,13890.0,22,0,2,1.213,1.729,1.1,0.992,9,6643.96,data_drift,2024-08,6158.38558405188
ID0000106,2024-07-25,2,15,19589.0,24,2,2,1.416,0.918,1.2,0.262,2,6955.84,data_drift,2024-07,6574.220374819424
ID0000107,2024-06-16,2,15,14927.0,52,1,1,1.098,1.462,1.4,0.891,13,6299.38,data_drift,2024-06,6232.252583741257
ID0000108,2024-09-20,4,14,12397.0,31,0,2,1.521,1.485,1.0,0.764,30,5207.14,data_drift,2024-09,6205.280917007577
ID0000109,2024-11-23,0,18,3911.0,40,2,2,1.411,1.587,1.4,0.828,24,7405.45,data_drift,2024-11,7682.801710346332
ID0000110,2024-03-15,1,11,13771.0,30,2,2,1.53,1.467,1.4,0.828,3,7334.24,data_drift,2024-03,6747.532170914821
ID0000111,2024-09-24,1,7,10381.0,60,0,2,1.31,1.471,1.4,0.681,3,5944.18,data_drift,2024-09,5598.874694951726
ID0000112,2024-08-13,3,16,4521.0,23,1,2,1.085,1.6,1.4,0.91,8,7604.4,data_drift,2024-08,7407.691325148345
ID0000113,2024-03-28,2,14,11206.0,75,2,2,1.469,1.65,1.4,0.899,24,6505.47,data_drift,2024-03,7288.353117910994
ID0000114,2024-02-01,1,7,10326.0,23,3,2,1.352,1.436,1.4,0.845,30,8660.48,data_drift,2024-02,8322.803732359152
ID0000115,2024-09-24,1,25,3376.0,25,2,0,1.023,2.0,1.1,0.995,7,7900.62,data_drift,2024-09,6248.163942092906
ID0000116,2024-08-07,1,12,7503.0,32,0,2,1.166,1.393,1.8,0.699,4,6039.83,data_drift,2024-08,6640.674616177896
ID0000117,2024-07-01,2,12,8804.0,22,2,2,1.345,1.512,1.4,0.872,7,7647.19,data_drift,2024-07,7605.51713018745
ID0000118,2024-06-14,3,16,23349.0,76,0,2,1.387,1.695,1.1,0.974,3,5125.2,data_drift,2024-06,5622.303564263955
ID0000119,2024-05-16,1,11,6857.0,47,0,2,1.352,1.74,1.1,0.976,11,6096.51,data_drift,2024-05,5600.402627864955
ID0000120,2024-02-12,0,13,5872.0,19,1,2,1.22,1.598,0.4,0.925,7,5956.27,data_drift,2024-02,5793.547917591776
ID0000121,2024-05-28,3,13,41357.0,64,2,2,1.553,1.538,1.4,0.866,7,6710.42,data_drift,2024-05,6586.526000428839
ID0000122,2024-04-15,1,19,4591.0,39,3,2,1.263,1.166,1.8,0.684,2,6989.48,data_drift,2024-04,7400.476624861437
ID0000123,2024-11-16,4,15,19769.0,74,2,2,1.138,1.185,1.8,0.757,4,7545.63,data_drift,2024-11,7300.720394175068
ID0000124,2024-01-25,2,10,17205.0,48,2,2,1.421,1.411,3.2,0.647,8,8699.49,data_drift,2024-01,10158.33455332024
ID0000125,2024-12-15,1,17,13779.0,22,4,1,0.91,1.276,1.8,0.633,4,8022.39,data_drift,2024-12,8593.818736674177
ID0000126,2024-05-09,1,7,12581.0,46,3,2,1.261,1.403,0.4,0.835,2,5149.41,data_drift,2024-05,5132.709665651179
ID0000127,2024-04-19,4,25,12694.0,36,0,2,1.122,1.364,1.8,0.79,2,6364.17,data_drift,2024-04,7141.438129257898
ID0000128,2024-05-10,2,3,39033.0,18,2,1,1.026,1.298,1.8,0.577,2,7534.84,data_drift,2024-05,7541.390611977541
ID0000129,2024-06-24,3,1,104098.0,67,2,2,1.442,1.131,1.8,0.454,4,7276.76,data_drift,2024-06,6246.720375720906
ID0000130,2024-06-13,2,25,7598.0,70,2,2,1.373,1.498,1.4,0.814,8,7528.45,data_drift,2024-06,6866.619915495683
ID0000131,2024-09-09,4,17,8413.0,65,1,2,1.028,1.416,1.8,0.784,16,7275.8,data_drift,2024-09,7206.847670403547
ID0000132,2024-01-18,2,1,42371.0,57,0,2,1.274,1.167,1.4,0.856,23,5294.4,data_drift,2024-01,5617.519987364279
ID0000133,2024-11-08,3,23,5127.0,42,3,2,1.009,0.929,1.2,0.358,5,6711.71,data_drift,2024-11,6216.612704037971
ID0000134,2024-09-21,4,8,28451.0,65,1,2,1.343,1.281,1.8,0.568,2,6239.99,data_drift,2024-09,6653.99461717383
ID0000135,2024-03-14,1,9,19225.0,59,3,2,1.172,1.402,1.8,0.67,16,8023.35,data_drift,2024-03,7453.136943120562
ID0000136,2024-04-14,3,17,10245.0,37,4,2,1.378,1.37,3.2,0.91,30,11150.8,data_drift,2024-04,11665.662370793605
ID0000137,2024-11-12,2,6,5487.0,52,2,2,1.372,1.467,0.4,0.848,2,5391.88,data_drift,2024-11,4643.91314947167
ID0000138,2024-04-21,3,7,17057.0,20,2,2,1.229,1.462,1.4,0.851,16,7570.83,data_drift,2024-04,7467.191618437719
ID0000139,2024-04-18,2,8,14636.0,50,0,1,1.154,1.353,3.2,0.894,2,8976.42,data_drift,2024-04,8576.860427753327
ID0000140,2024-11-05,3,13,17176.0,64,2,2,1.466,1.522,1.4,0.794,9,6705.18,data_drift,2024-11,6783.910324549612
ID0000141,2024-05-05,4,23,32455.0,23,1,1,1.06,1.27,1.8,0.855,7,8627.69,data_drift,2024-05,7665.930523024968
ID0000142,2024-08-14,1,19,3789.0,28,2,2,1.069,1.876,1.1,0.989,4,7645.11,data_drift,2024-08,6681.199314514521
ID0000143,2024-09-17,1,9,13026.0,28,2,2,1.362,1.514,1.4,0.573,5,6630.35,data_drift,2024-09,6813.78714931393
ID0000144,2024-08-16,3,6,21107.0,35,4,2,1.082,1.133,1.8,0.423,3,7187.96,data_drift,2024-08,7421.832206139609
ID0000145,2024-07-06,2,0,18707.0,65,0,1,0.884,2.0,1.1,0.996,25,5703.59,data_drift,2024-07,4967.912721059584
ID0000146,2024-07-10,4,17,7866.0,22,3,2,1.533,1.575,1.4,0.984,24,7789.51,data_drift,2024-07,8927.443690291215
ID0000147,2024-08-16,2,4,9658.0,65,1,2,1.486,1.17,1.8,0.46,8,6240.07,data_drift,2024-08,6131.361430313432
ID0000148,2024-03-11,4,6,19399.0,34,1,2,1.199,1.163,1.8,0.562,4,6214.4,data_drift,2024-03,6657.3272521944355
ID0000149,2024-11-09,2,23,10024.0,66,0,2,1.312,1.58,1.1,0.954,17,6671.57,data_drift,2024-11,5919.5993581263865
ID0000150,2024-02-09,1,11,7143.0,22,1,2,1.463,1.445,1.4,0.863,2,8113.2,data_drift,2024-02,7104.753108940998
ID0000151,2024-11-03,3,16,8542.0,58,0,2,1.485,1.38,3.2,0.754,9,9413.94,data_drift,2024-11,9188.73675431955
ID0000152,2024-03-08,2,7,19363.0,53,4,1,1.106,1.726,0.4,0.769,7,5545.45,data_drift,2024-03,5375.1670901598545
ID0000153,2024-07-12,3,21,7183.0,42,3,2,1.674,1.15,1.2,0.667,1,6325.84,data_drift,2024-07,6249.448198119107
ID0000154,2024-05-01,1,19,5617.0,33,2,1,0.897,1.275,1.8,0.528,11,7626.15,data_drift,2024-05,7121.017674656298
ID0000155,2024-06-08,2,15,21056.0,39,4,0,0.874,1.276,1.8,0.712,7,7811.08,data_drift,2024-06,7587.690496709784
ID0000156,2024-03-13,3,8,37320.0,74,3,2,1.347,1.667,1.4,0.876,8,6501.95,data_drift,2024-03,6785.739857634761
ID0000157,2024-05-19,3,12,14012.0,57,3,2,1.521,1.708,1.4,0.99,3,8008.31,data_drift,2024-05,6985.556883475949
ID0000158,2024-06-14,2,10,19761.0,19,0,2,1.382,1.232,1.8,0.406,4,8185.97,data_drift,2024-06,7228.948878796859
ID0000159,2024-10-05,1,2,38536.0,22,4,2,1.02,1.504,1.4,0.918,24,9082.22,data_drift,2024-10,8258.758578102717
ID0000160,2024-12-11,1,2,8050.0,37,0,2,1.4,1.304,1.0,0.564,2,5478.7,data_drift,2024-12,5039.595132512335
ID0000161,2024-10-11,3,8,20442.0,27,0,2,1.341,1.159,1.8,0.548,30,5735.08,data_drift,2024-10,6723.396222745739
ID0000162,2024-09-21,3,12,11778.0,47,1,2,1.059,1.479,1.4,0.904,24,6406.88,data_drift,2024-09,6756.2378255163685
ID0000163,2024-12-05,2,12,14854.0,24,2,2,1.351,1.561,1.8,0.939,10,9607.06,data_drift,2024-12,8388.943221257903
ID0000164,2024-04-12,3,19,5736.0,72,2,2,1.247,1.193,1.8,0.467,15,6911.06,data_drift,2024-04,7181.233116384664
ID0000165,2024-12-04,2,15,6302.0,53,4,2,1.165,1.518,1.4,0.884,8,6422.68,data_drift,2024-12,7526.341285262668
ID0000166,2024-04-20,2,2,15158.0,64,2,2,1.344,1.541,1.4,0.983,3,6193.21,data_drift,2024-04,6127.805839261153
ID0000167,2024-01-15,3,12,9239.0,44,1,2,1.411,0.995,1.2,0.336,30,6282.83,data_drift,2024-01,5626.232141281813
ID0000168,2024-10-10,3,8,36662.0,74,1,2,1.055,0.969,1.8,0.406,22,6868.18,data_drift,2024-10,6217.747512999809
ID0000169,2024-03-03,2,25,5753.0,29,0,2,1.135,1.594,3.2,0.779,24,9804.35,data_drift,2024-03,10409.381590746241
ID0000170,2024-12-07,3,14,4183.0,54,2,0,1.043,1.529,3.2,0.777,16,9613.77,data_drift,2024-12,9632.538130578214
ID0000171,2024-10-08,2,10,37664.0,60,4,0,0.868,1.387,1.4,0.838,9,6498.29,data_drift,2024-10,6477.046029333799
ID0000172,2024-08-13,2,10,17016.0,64,0,2,1.315,1.791,1.1,0.97,30,5876.66,data_drift,2024-08,5856.5133673220125
ID0000173,2024-07-22,3,6,24709.0,48,1,0,0.985,1.258,1.8,0.555,3,6166.62,data_drift,2024-07,6167.6543188850255
ID0000174,2024-04-08,0,11,6350.0,42,2,2,1.493,1.508,1.8,0.797,2,6848.99,data_drift,2024-04,7291.515103697133
ID0000175,2024-10-16,2,9,30370.0,70,3,2,1.447,1.482,1.4,0.866,17,6586.37,data_drift,2024-10,6844.576250490772
ID0000176,2024-06-26,2,9,25837.0,40,3,1,1.125,1.383,1.4,0.719,4,7208.43,data_drift,2024-06,6537.3820979107695
ID0000177,2024-11-27,4,5,21155.0,66,0,2,1.388,1.351,1.8,0.753,23,6061.64,data_drift,2024-11,6537.9497920952435
ID0000178,2024-02-15,1,25,3021.0,33,4,2,1.313,1.599,1.4,0.978,17,8657.56,data_drift,2024-02,7915.0046051575155
ID0000179,2024-07-27,4,25,5483.0,20,2,2,1.482,1.7,1.4,0.985,3,8913.29,data_drift,2024-07,7666.991861654044
ID0000180,2024-06-16,4,11,34049.0,47,2,2,1.486,1.449,3.2,0.765,3,9735.82,data_drift,2024-06,10030.431815914846
ID0000181,2024-02-28,3,21,8536.0,30,3,0,0.937,1.021,1.2,0.342,3,4847.97,data_drift,2024-02,5839.0095315198505
ID0000182,2024-11-24,3,20,6202.0,46,0,2,1.536,1.066,1.2,0.417,22,5358.94,data_drift,2024-11,5318.995695445768
ID0000183,2024-01-25,2,13,13412.0,46,0,2,1.241,1.376,1.4,0.884,2,6140.79,data_drift,2024-01,6043.689664034047
ID0000184,2024-03-19,2,11,13949.0,18,4,2,1.035,0.895,1.8,0.208,21,7763.97,data_drift,2024-03,8102.143291097268
ID0000185,2024-03-10,2,3,14302.0,67,0,2,1.147,1.179,1.8,0.602,4,6453.05,data_drift,2024-03,5979.3574397154025
ID0000186,2024-06-12,4,4,35408.0,44,2,2,1.031,1.67,0.4,0.968,30,5426.69,data_drift,2024-06,5230.593436508932
ID0000187,2024-02-11,2,14,18874.0,59,2,2,1.012,1.339,1.4,0.811,6,6983.52,data_drift,2024-02,6901.658514208202
ID0000188,2024-08-07,3,8,25256.0,62,3,1,1.187,1.625,1.1,0.988,3,7016.23,data_drift,2024-08,6161.892520985709
ID0000189,2024-01-15,4,19,17724.0,57,1,2,1.484,1.641,0.4,0.967,24,4953.61,data_drift,2024-01,5489.629840415698
ID0000190,2024-12-25,3,25,5158.0,61,3,2,1.522,1.174,1.0,0.719,2,6776.94,data_drift,2024-12,6098.245450347555
ID0000191,2024-09-16,1,17,10878.0,34,0,2,1.313,0.903,1.2,0.319,30,5348.85,data_drift,2024-09,5194.799235508709
ID0000192,2024-08-04,3,15,9426.0,67,2,0,0.94,1.169,1.8,0.542,2,6082.58,data_drift,2024-08,6426.3865263432035
ID0000193,2024-11-03,3,5,14761.0,42,1,0,1.055,1.763,1.1,0.971,6,6466.04,data_drift,2024-11,5146.530771765362
ID0000194,2024-06-02,4,14,31117.0,65,0,2,1.373,1.222,1.0,0.624,30,5278.34,data_drift,2024-06,5349.666886934883
ID0000195,2024-10-10,3,11,9440.0,39,2,1,0.991,1.055,1.2,0.298,0,5326.73,data_drift,2024-10,5373.272523962696
ID0000196,2024-08-02,3,0,38548.0,58,1,2,1.529,1.546,3.2,0.896,8,9355.0,data_drift,2024-08,9443.749237708864
ID0000197,2024-06-21,3,12,13986.0,33,2,2,1.349,1.351,1.4,0.831,6,7634.59,data_drift,2024-06,6864.744515612472
ID0000198,2024-04-17,2,17,12432.0,67,0,2,1.275,1.358,1.0,0.834,2,5325.3,data_drift,2024-04,5284.577109711692
ID0000199,2024-05-11,2,2,17735.0,78,4,1,1.035,1.503,1.4,0.862,10,6806.87,data_drift,2024-05,6497.460911852309
ID0000200,2024-02-26,0,18,8140.0,73,3,2,1.428,1.431,1.4,0.846,23,7456.61,data_drift,2024-02,7463.908301323238
ID0000201,2024-02-19,3,9,24083.0,21,2,1,0.965,1.635,0.4,0.935,3,6069.9,data_drift,2024-02,5489.5700673228075
ID0000202,2024-10-01,2,13,16893.0,49,0,2,1.375,1.193,1.8,0.846,2,6396.48,data_drift,2024-10,6640.487818283644
ID0000203,2024-09-16,1,13,16635.0,76,2,2,1.157,1.338,1.4,0.634,11,6957.37,data_drift,2024-09,6491.763605457184
ID0000204,2024-06-01,2,13,11482.0,28,0,2,1.275,1.398,3.2,0.836,7,9228.23,data_drift,2024-06,9301.147615364613
ID0000205,2024-06-25,2,22,15115.0,37,0,0,0.96,1.287,3.2,0.631,6,9934.61,data_drift,2024-06,8838.870303708143
ID0000206,2024-12-21,1,8,13420.0,40,4,2,1.119,1.658,1.1,0.872,24,8929.41,data_drift,2024-12,7265.223367027414
ID0000207,2024-09-19,2,19,10066.0,33,2,1,0.872,1.669,0.4,0.943,30,5734.43,data_drift,2024-09,5945.086002436859
ID0000208,2024-03-10,1,19,4330.0,35,0,2,1.267,1.494,3.2,0.628,9,9756.13,data_drift,2024-03,9652.217228527135
ID0000209,2024-10-04,4,20,16221.0,22,2,2,1.281,1.347,1.4,0.821,2,8360.35,data_drift,2024-10,7826.015670360723
ID0000210,2024-01-21,3,20,20178.0,77,0,1,1.063,0.998,1.2,0.431,6,4471.44,data_drift,2024-01,4952.143701373959
ID0000211,2024-11-11,1,16,6271.0,36,1,2,1.419,1.234,1.0,0.686,30,6043.12,data_drift,2024-11,6019.427378477452
ID0000212,2024-07-17,3,25,4596.0,37,1,2,1.309,1.023,1.2,0.629,11,6241.3,data_drift,2024-07,5742.787864818314
ID0000213,2024-09-13,3,9,23978.0,61,1,2,1.566,1.429,3.2,0.839,2,8947.44,data_drift,2024-09,9480.262418705908
ID0000214,2024-09-04,3,25,7388.0,21,2,2,1.357,1.504,1.4,0.741,4,8020.08,data_drift,2024-09,7662.274729826425
ID0000215,2024-04-02,3,19,5172.0,78,1,2,1.144,1.277,1.4,0.683,30,6692.95,data_drift,2024-04,6442.215088194078
ID0000216,2024-12-13,1,21,8373.0,53,0,2,1.269,1.449,0.4,0.946,3,5134.53,data_drift,2024-12,4431.084839077413
ID0000217,2024-03-26,1,9,7336.0,54,1,2,1.055,1.113,1.4,0.851,7,5116.72,data_drift,2024-03,5847.446248653377
ID0000218,2024-08-19,4,19,16506.0,45,0,1,0.961,1.553,1.8,0.908,4,8456.06,data_drift,2024-08,6453.939229715424
ID0000219,2024-03-28,3,8,13645.0,32,1,2,1.388,1.058,1.8,0.492,30,7021.2,data_drift,2024-03,6805.432205165083
ID0000220,2024-02-23,3,8,14624.0,37,1,1,1.128,1.385,1.4,0.737,16,6572.2,data_drift,2024-02,5998.923992851046
ID0000221,2024-01-09,1,25,5717.0,57,0,1,1.09,1.44,1.4,0.917,5,5539.9,data_drift,2024-01,5707.167241522541
ID0000222,2024-07-07,2,14,5951.0,30,2,2,1.338,1.387,3.2,0.805,12,9806.6,data_drift,2024-07,10480.988475430295
ID0000223,2024-08-13,1,12,6098.0,64,2,2,1.243,1.446,1.8,0.919,4,7994.24,data_drift,2024-08,7115.936463119743
ID0000224,2024-05-20,1,20,6717.0,48,0,2,1.299,1.19,3.2,0.677,3,9176.35,data_drift,2024-05,9032.83298737866
ID0000225,2024-08-10,2,11,8685.0,48,0,2,1.482,1.163,1.8,0.77,2,5978.29,data_drift,2024-08,6260.965228293855
ID0000226,2024-03-03,3,13,19386.0,40,2,2,1.19,1.343,1.0,0.788,8,5808.96,data_drift,2024-03,6220.223095296341
ID0000227,2024-06-03,1,16,21412.0,60,3,2,1.252,1.269,1.4,0.819,6,6460.1,data_drift,2024-06,7183.297607248155
ID0000228,2024-10-01,3,0,29472.0,53,1,2,1.207,1.473,1.4,0.962,6,5782.0,data_drift,2024-10,5885.030194489424
ID0000229,2024-01-19,3,7,13499.0,33,3,2,1.498,1.374,3.2,0.925,30,10892.44,data_drift,2024-01,10473.50613024473
ID0000230,2024-09-21,4,4,37113.0,26,3,2,1.393,1.436,1.4,0.926,17,7876.87,data_drift,2024-09,6999.377719317184
ID0000231,2024-09-17,2,17,10765.0,23,1,0,0.8,1.494,1.4,0.604,3,6154.49,data_drift,2024-09,6885.498383391296
ID0000232,2024-10-09,4,1,85277.0,56,3,1,1.159,1.239,1.8,0.568,4,6713.94,data_drift,2024-10,6793.062233481452
ID0000233,2024-04-12,0,16,2718.0,36,0,2,1.623,1.555,1.4,0.971,9,6585.07,data_drift,2024-04,5970.067873682062
ID0000234,2024-08-24,2,14,23714.0,20,1,1,0.936,1.536,1.4,0.891,3,7494.82,data_drift,2024-08,6973.913360881913
ID0000235,2024-04-15,3,10,14204.0,24,2,1,1.094,1.422,3.2,0.88,9,10875.35,data_drift,2024-04,10410.427984355434
ID0000236,2024-09-07,1,14,18617.0,38,2,1,0.878,1.679,1.1,0.997,3,6897.15,data_drift,2024-09,6214.811739967176
ID0000237,2024-08-12,2,9,13858.0,28,0,0,1.13,1.211,1.8,0.477,22,5599.38,data_drift,2024-08,6096.663032820037
ID0000238,2024-09-05,2,22,4855.0,47,2,0,0.918,1.715,0.4,0.986,14,5038.66,data_drift,2024-09,4900.256509947918
ID0000239,2024-10-16,2,12,16194.0,27,2,2,1.426,1.454,3.2,0.832,5,10019.12,data_drift,2024-10,10219.271074108767
ID0000240,2024-04-21,2,22,6169.0,65,1,0,0.927,1.738,1.1,0.993,11,6026.76,data_drift,2024-04,5682.322943115698
ID0000241,2024-10-03,3,5,26684.0,77,3,2,1.209,1.536,0.4,0.729,9,5487.65,data_drift,2024-10,4861.641587045894
ID0000242,2024-07-02,3,19,18360.0,78,2,2,1.353,1.667,0.4,0.988,9,4485.58,data_drift,2024-07,5221.854058162805
ID0000243,2024-09-12,1,4,19717.0,76,3,1,1.031,1.149,1.8,0.766,15,7725.01,data_drift,2024-09,6758.907957690174
ID0000244,2024-11-07,1,9,15932.0,22,0,1,1.038,1.148,1.2,0.502,1,5949.67,data_drift,2024-11,5759.835729999721
ID0000245,2024-03-27,1,5,14324.0,77,0,2,1.177,1.639,1.1,0.922,13,6042.84,data_drift,2024-03,5025.119682952468
ID0000246,2024-05-21,1,15,8537.0,33,0,1,1.102,1.532,0.4,0.863,17,4037.17,data_drift,2024-05,4381.1429965281295
ID0000247,2024-06-05,1,11,11118.0,56,4,2,1.171,1.448,0.4,0.915,5,5445.92,data_drift,2024-06,5578.281210987758
ID0000248,2024-02-07,1,1,25578.0,60,1,2,1.391,1.176,1.0,0.877,30,5497.99,data_drift,2024-02,5464.330148523407
ID0000249,2024-07-23,1,12,7874.0,29,2,2,1.364,1.551,1.4,0.905,24,7643.44,data_drift,2024-07,7341.87763872563
ID0000250,2024-01-17,2,16,9838.0,74,1,2,1.314,1.292,3.2,0.678,15,10318.48,data_drift,2024-01,9589.818889430448
ID0000251,2024-06-17,4,8,37698.0,68,4,2,1.343,1.497,1.1,0.932,3,5917.78,data_drift,2024-06,6512.889468019095
ID0000252,2024-01-24,0,5,17524.0,50,1,2,1.471,1.503,0.4,0.884,9,4548.89,data_drift,2024-01,4526.352105847542
ID0000253,2024-05-12,3,25,3387.0,53,0,2,1.345,1.646,1.4,0.864,7,6562.49,data_drift,2024-05,6269.432925095658
ID0000254,2024-06-07,2,3,26138.0,19,1,2,1.205,1.078,1.8,0.468,7,5962.48,data_drift,2024-06,7162.861681068417
ID0000255,2024-08-26,1,12,7487.0,51,1,1,1.074,1.191,1.8,0.292,2,7248.43,data_drift,2024-08,6231.995068489134
ID0000256,2024-01-28,3,4,25915.0,45,2,2,1.493,1.207,3.2,0.866,23,8911.13,data_drift,2024-01,9792.593919853838
ID0000257,2024-04-14,3,0,44784.0,28,1,2,1.207,1.438,1.4,0.618,9,6711.97,data_drift,2024-04,6286.267729701038
ID0000258,2024-09-02,2,6,15578.0,76,0,2,1.356,1.222,1.2,0.285,0,4713.55,data_drift,2024-09,4719.706841219853
ID0000259,2024-12-08,3,20,5211.0,44,0,2,1.525,1.427,1.4,0.9,30,6730.14,data_drift,2024-12,6938.636381508495
ID0000260,2024-09-03,3,11,10834.0,36,2,1,1.116,1.687,1.1,0.928,10,6455.24,data_drift,2024-09,6196.24737248657
ID0000261,2024-07-06,1,3,19007.0,50,2,1,1.014,1.525,1.4,0.914,13,6575.67,data_drift,2024-07,6090.6745762027185
ID0000262,2024-12-05,2,7,18992.0,27,1,2,1.217,1.257,1.4,0.806,30,7380.57,data_drift,2024-12,6686.2871648149685
ID0000263,2024-12-07,2,14,6164.0,34,1,0,0.966,1.592,1.4,0.932,30,6564.58,data_drift,2024-12,6877.196337638467
ID0000264,2024-09-01,3,6,26911.0,38,3,1,0.855,1.461,3.2,0.836,4,11385.0,data_drift,2024-09,9956.585205066453
ID0000265,2024-08-25,1,4,12298.0,35,2,2,1.262,1.222,1.4,0.777,3,6434.1,data_drift,2024-08,6487.966801529662
ID0000266,2024-06-19,2,12,9495.0,72,0,2,1.232,1.331,3.2,0.728,7,8786.77,data_drift,2024-06,8637.174475179343
ID0000267,2024-11-27,3,3,22057.0,34,3,1,0.981,1.297,1.8,0.704,5,8187.99,data_drift,2024-11,7162.9886690079
ID0000268,2024-10-18,4,25,10282.0,50,1,2,1.426,1.177,1.8,0.377,10,7220.68,data_drift,2024-10,6804.062998205352
ID0000269,2024-07-03,4,20,12130.0,22,1,2,1.137,1.643,1.1,0.995,3,8000.19,data_drift,2024-07,6984.59385184756
ID0000270,2024-10-28,3,8,24460.0,66,1,1,1.243,1.374,1.0,0.766,30,5963.83,data_drift,2024-10,5411.417742771141
ID0000271,2024-12-28,4,18,23185.0,48,1,2,1.17,1.55,1.4,0.881,3,7315.49,data_drift,2024-12,6588.285688081003
ID0000272,2024-01-28,3,18,12210.0,41,1,2,1.252,1.102,1.8,0.409,5,6754.74,data_drift,2024-01,6679.9912579739685
ID0000273,2024-05-08,3,1,26728.0,32,2,2,1.106,1.236,1.8,0.547,1,7247.51,data_drift,2024-05,6955.788735386743
ID0000274,2024-01-02,3,5,38300.0,68,0,1,1.071,1.471,1.4,0.595,6,4517.07,data_drift,2024-01,5378.137306263505
ID0000275,2024-10-09,1,6,7391.0,40,2,0,0.95,1.66,1.4,0.904,6,6483.93,data_drift,2024-10,6097.640804368756
ID0000276,2024-03-07,1,16,5091.0,46,2,2,1.142,1.484,1.4,0.947,4,6763.46,data_drift,2024-03,7033.588811909797
ID0000277,2024-08-15,2,9,14616.0,60,3,2,1.39,1.231,1.8,0.572,2,6760.44,data_drift,2024-08,7341.958792832642
ID0000278,2024-12-10,1,15,7458.0,34,1,1,0.966,1.012,1.8,0.579,6,6526.75,data_drift,2024-12,6590.391167830809
ID0000279,2024-05-14,4,13,18664.0,55,1,2,1.456,1.254,1.8,0.454,3,5642.18,data_drift,2024-05,6700.84435910252
ID0000280,2024-05-24,1,19,11981.0,49,2,2,1.42,1.976,1.1,0.987,18,6717.18,data_drift,2024-05,7073.209552101843
ID0000281,2024-06-09,3,7,14930.0,20,1,2,1.326,0.865,1.2,0.246,6,6129.47,data_drift,2024-06,5792.806675801777
ID0000282,2024-10-20,3,21,12876.0,50,3,2,1.389,1.546,1.0,0.529,3,6638.29,data_drift,2024-10,6448.4019709400745
ID0000283,2024-03-02,2,14,5193.0,33,0,2,1.538,1.324,1.8,0.477,6,6401.37,data_drift,2024-03,6591.272151926111
ID0000284,2024-05-27,2,25,7360.0,50,0,1,1.143,1.411,1.4,0.897,9,5714.78,data_drift,2024-05,5925.261218761611
ID0000285,2024-06-09,2,14,14509.0,32,1,0,1.118,1.234,1.8,0.705,2,6935.01,data_drift,2024-06,6535.261544827526
ID0000286,2024-08-14,2,22,3140.0,31,3,2,1.115,1.097,1.8,0.536,8,8008.42,data_drift,2024-08,7382.552960752517
ID0000287,2024-09-01,4,13,29436.0,78,1,0,0.835,1.555,1.4,0.764,2,6359.85,data_drift,2024-09,5500.417542035477
ID0000288,2024-05-22,4,18,18284.0,65,2,0,0.925,1.584,0.4,0.84,3,4663.77,data_drift,2024-05,4469.40111351576
ID0000289,2024-07-03,1,13,7277.0,70,2,2,1.324,1.346,1.8,0.75,3,7175.13,data_drift,2024-07,7202.824661024511
ID0000290,2024-10-26,2,16,9709.0,30,3,0,1.129,1.407,1.4,0.862,2,7372.14,data_drift,2024-10,6771.8164793329
ID0000291,2024-09-15,1,16,4236.0,31,0,2,1.476,1.334,1.4,0.739,3,6362.81,data_drift,2024-09,5928.386567965196
ID0000292,2024-07-23,2,9,10032.0,61,0,2,1.305,1.152,1.8,0.516,5,5267.63,data_drift,2024-07,6133.212381604477
ID0000293,2024-03-04,2,4,24423.0,38,1,2,1.233,1.314,1.8,0.62,22,6812.87,data_drift,2024-03,6874.581018887776
ID0000294,2024-12-26,1,19,3720.0,32,1,2,1.481,1.291,1.8,0.706,9,7231.51,data_drift,2024-12,6789.177432756784
ID0000295,2024-05-21,2,22,4083.0,28,2,2,0.8,1.55,1.4,0.955,10,8120.06,data_drift,2024-05,7004.284600831095
ID0000296,2024-10-04,2,15,12716.0,57,3,2,0.951,1.038,1.8,0.415,4,6832.73,data_drift,2024-10,7115.95855885613
ID0000297,2024-04-25,4,18,19882.0,45,1,2,1.361,1.512,0.4,0.897,9,4812.04,data_drift,2024-04,5175.943662716579
ID0000298,2024-12-15,1,6,29766.0,44,0,2,1.308,1.159,1.2,0.387,30,5082.48,data_drift,2024-12,5246.189849635053
ID0000299,2024-07-11,3,5,20047.0,40,1,1,1.107,1.48,1.4,0.809,23,6207.72,data_drift,2024-07,6269.63203302464
ID0000300,2024-04-14,3,18,6806.0,46,2,2,1.035,1.237,1.8,0.62,22,7253.52,data_drift,2024-04,7623.198878858053
ID0000301,2024-07-19,2,14,8681.0,37,1,2,1.147,1.016,1.2,0.347,14,5194.34,data_drift,2024-07,5565.394127639319
ID0000302,2024-04-04,3,14,11908.0,41,4,2,1.323,1.501,1.4,0.653,2,8073.09,data_drift,2024-04,7458.908811246697
ID0000303,2024-12-08,1,18,6331.0,19,2,2,1.164,1.545,1.8,0.487,3,8863.1,data_drift,2024-12,8364.775320297422
ID0000304,2024-08-26,2,12,13134.0,50,0,2,1.391,1.707,1.4,0.937,8,6930.32,data_drift,2024-08,6275.162474343604
ID0000305,2024-07-26,2,9,22552.0,42,3,1,1.188,1.285,1.8,0.603,15,7159.98,data_drift,2024-07,7264.050092030461
ID0000306,2024-09-28,3,24,8717.0,58,0,2,1.181,1.216,1.8,0.435,15,5927.58,data_drift,2024-09,6580.300241469078
ID0000307,2024-10-22,2,25,5815.0,57,0,2,1.06,1.322,1.8,0.776,12,7914.09,data_drift,2024-10,6831.353584063743
ID0000308,2024-06-16,2,18,15252.0,54,4,2,1.173,1.156,1.8,0.552,3,7528.16,data_drift,2024-06,7677.196196530717
ID0000309,2024-09-14,1,10,15293.0,50,2,2,1.13,1.238,1.8,0.686,15,7101.23,data_drift,2024-09,7258.625812356547
ID0000310,2024-02-28,3,7,42926.0,63,1,1,1.022,1.201,1.8,0.514,15,6395.99,data_drift,2024-02,6295.795151095077
ID0000311,2024-08-20,3,25,7571.0,40,1,1,1.125,1.415,1.0,0.643,23,5716.53,data_drift,2024-08,6051.749037259416
ID0000312,2024-03-23,4,5,46089.0,45,4,2,1.082,1.412,1.8,0.782,6,8004.13,data_drift,2024-03,7808.757851841661
ID0000313,2024-09-01,3,8,18442.0,19,2,2,1.462,1.365,1.8,0.669,2,6992.38,data_drift,2024-09,8275.316400700878
ID0000314,2024-12-25,1,22,4097.0,57,3,2,0.977,1.135,1.8,0.627,1,7405.73,data_drift,2024-12,7306.487344725257
ID0000315,2024-03-14,4,17,11935.0,42,1,2,1.12,1.35,1.8,0.695,23,7449.51,data_drift,2024-03,7379.042417605782
ID0000316,2024-04-08,3,0,19635.0,56,1,1,0.885,1.677,0.4,0.953,8,4135.03,data_drift,2024-04,4046.556957734118
ID0000317,2024-01-01,1,15,3826.0,27,2,2,1.025,1.007,1.2,0.26,1,6173.53,data_drift,2024-01,5740.321254399652
ID0000318,2024-04-22,1,12,21638.0,24,2,2,1.009,1.226,1.0,0.739,8,5643.7,data_drift,2024-04,6708.1362806362185
ID0000319,2024-07-06,2,18,14649.0,38,2,1,1.094,1.185,1.8,0.663,22,7083.45,data_drift,2024-07,7229.821547908701
ID0000320,2024-07-09,3,18,4085.0,68,2,1,1.196,1.253,3.2,0.855,8,11045.71,data_drift,2024-07,9578.53956722172
ID0000321,2024-10-04,2,13,17926.0,26,1,1,0.953,1.55,3.2,0.88,30,10058.63,data_drift,2024-10,10162.961128643177
ID0000322,2024-02-13,2,14,19789.0,69,1,1,0.973,1.411,1.0,0.898,2,5475.85,data_drift,2024-02,5228.246900985302
ID0000323,2024-09-11,0,3,22210.0,22,1,2,1.3,1.485,1.8,0.912,7,8132.5,data_drift,2024-09,7474.70475983461
ID0000324,2024-02-08,3,11,14669.0,42,2,1,0.93,1.406,1.4,0.632,7,7401.88,data_drift,2024-02,6315.797026953326
ID0000325,2024-11-17,0,16,3036.0,24,1,2,1.517,1.108,1.2,0.35,0,6980.81,data_drift,2024-11,6024.946765451137
ID0000326,2024-10-10,2,25,5106.0,30,3,2,1.424,1.373,1.8,0.765,4,8082.35,data_drift,2024-10,8186.13963454584
ID0000327,2024-05-02,3,17,14606.0,21,3,1,1.058,1.374,1.0,0.583,30,6804.17,data_drift,2024-05,6987.667697496463
ID0000328,2024-06-20,3,21,5316.0,39,4,2,1.326,1.172,1.8,0.434,22,8735.04,data_drift,2024-06,7974.914335263865
ID0000329,2024-04-27,4,12,33536.0,20,4,1,1.071,1.126,1.8,0.596,1,8114.05,data_drift,2024-04,8000.753103920435
ID0000330,2024-03-21,4,7,40507.0,62,2,2,1.332,1.439,0.4,0.912,23,5473.7,data_drift,2024-03,4995.3503369652435
ID0000331,2024-11-04,0,17,7432.0,44,1,2,1.356,1.299,1.8,0.463,3,6469.99,data_drift,2024-11,6847.110541867287
ID0000332,2024-11-14,2,0,38397.0,52,4,2,1.462,1.428,1.4,0.705,30,7497.02,data_drift,2024-11,7290.224725291821
ID0000333,2024-03-06,3,15,9419.0,65,2,2,1.42,1.376,1.4,0.638,2,6295.32,data_drift,2024-03,6754.405971847788
ID0000334,2024-04-11,1,1,6869.0,19,4,2,1.369,1.315,1.4,0.799,2,7893.74,data_drift,2024-04,8390.024080572784
ID0000335,2024-04-13,4,12,27241.0,33,1,2,1.169,1.377,1.4,0.918,30,7373.46,data_drift,2024-04,6849.848463531111
ID0000336,2024-09-26,1,18,7732.0,21,2,2,1.412,1.245,3.2,0.604,22,9580.5,data_drift,2024-09,11095.223326969412
ID0000337,2024-01-21,3,8,10808.0,43,4,2,1.47,1.836,1.1,0.953,4,8024.53,data_drift,2024-01,6926.660033280282
ID0000338,2024-09-14,0,13,5825.0,65,0,2,1.351,0.972,1.2,0.291,3,4681.39,data_drift,2024-09,4647.334922492514
ID0000339,2024-02-19,1,11,12052.0,77,0,0,0.908,1.516,1.4,0.973,30,5371.16,data_drift,2024-02,5365.442056270704
ID0000340,2024-02-08,3,22,9985.0,56,3,1,1.053,1.082,1.2,0.29,4,5401.07,data_drift,2024-02,5853.390943685599
ID0000341,2024-02-02,1,13,19009.0,62,3,2,1.57,1.554,1.4,0.884,5,6462.62,data_drift,2024-02,6757.538320550762
ID0000342,2024-01-27,1,22,6237.0,73,3,2,1.443,1.352,1.8,0.82,23,8658.17,data_drift,2024-01,8185.872194626806
ID0000343,2024-01-02,4,16,27409.0,44,3,1,1.236,1.4,1.4,0.887,4,6963.94,data_drift,2024-01,6834.318201028532
ID0000344,2024-10-10,0,11,12896.0,34,1,2,1.368,1.766,1.4,0.864,30,7570.26,data_drift,2024-10,7149.143615472232
ID0000345,2024-11-08,3,8,20370.0,20,1,2,1.281,1.185,1.8,0.581,5,8988.72,data_drift,2024-11,7483.888010210109
ID0000346,2024-02-26,1,11,8685.0,27,1,1,0.99,1.655,1.1,0.996,3,6323.3,data_drift,2024-02,5960.353258326132
ID0000347,2024-10-16,0,9,11203.0,66,2,1,1.035,1.424,1.0,0.698,6,5164.62,data_drift,2024-10,5284.375818695512
ID0000348,2024-03-18,1,18,5941.0,73,3,2,1.42,1.32,1.8,0.582,5,7298.12,data_drift,2024-03,7415.413314395907
ID0000349,2024-10-24,2,13,7199.0,79,4,2,1.371,0.874,1.2,0.293,1,5825.41,data_drift,2024-10,6020.802133111702
ID0000350,2024-11-10,0,9,3265.0,46,3,0,0.887,1.464,3.2,0.868,3,10907.66,data_drift,2024-11,9449.515828475947
ID0000351,2024-09-08,3,9,35528.0,20,3,1,1.154,1.18,3.2,0.65,6,11777.91,data_drift,2024-09,10521.682417830036
ID0000352,2024-07-02,1,15,7895.0,66,3,1,1.01,1.332,1.8,0.589,11,7051.71,data_drift,2024-07,7424.388768201501
ID0000353,2024-11-18,2,5,14803.0,36,1,2,1.483,1.738,0.4,0.973,10,6591.6,data_drift,2024-11,4719.020304980861
ID0000354,2024-11-20,2,16,6462.0,38,2,2,1.08,1.202,1.8,0.578,6,7345.28,data_drift,2024-11,7349.154992909524
ID0000355,2024-02-19,4,17,19193.0,19,0,1,1.01,1.253,1.8,0.613,15,7393.26,data_drift,2024-02,7362.74538796885
ID0000356,2024-11-21,3,9,19550.0,48,1,2,1.125,1.443,1.4,0.705,9,5458.31,data_drift,2024-11,6272.915985037358
ID0000357,2024-02-25,3,7,17927.0,34,0,1,1.072,1.59,1.4,0.851,3,5518.6,data_drift,2024-02,5769.360631355401
ID0000358,2024-09-25,3,13,18128.0,43,4,2,1.552,1.492,3.2,0.842,30,11615.5,data_drift,2024-09,11377.919377832983
ID0000359,2024-11-10,4,4,34603.0,54,3,2,1.299,1.48,1.4,0.969,3,6801.2,data_drift,2024-11,6619.35678581839
ID0000360,2024-02-09,2,4,24243.0,46,1,2,1.437,1.487,1.4,0.823,7,7021.11,data_drift,2024-02,6164.357108870187
ID0000361,2024-07-17,2,13,15060.0,44,0,2,1.371,1.687,1.4,0.979,30,6749.03,data_drift,2024-07,6877.488564974113
ID0000362,2024-07-24,1,11,13511.0,19,1,2,1.28,1.213,1.8,0.416,15,7907.22,data_drift,2024-07,7497.785641639034
ID0000363,2024-12-27,2,19,8217.0,60,0,2,1.484,1.321,1.4,0.907,16,6350.08,data_drift,2024-12,6039.561213699379
ID0000364,2024-04-10,4,15,18260.0,47,2,2,1.421,1.285,1.8,0.617,4,7189.2,data_drift,2024-04,7394.591852002441
ID0000365,2024-06-20,1,12,18860.0,33,4,1,1.061,1.623,1.1,0.99,30,6947.74,data_drift,2024-06,7186.499564051703
ID0000366,2024-03-11,1,9,11646.0,31,0,1,1.051,1.364,1.8,0.712,6,6024.92,data_drift,2024-03,6349.900429620648
ID0000367,2024-10-06,1,7,10235.0,28,4,2,1.151,1.508,1.4,0.863,4,7742.48,data_drift,2024-10,7353.89384909989
ID0000368,2024-06-09,2,22,8476.0,22,0,2,1.512,1.552,1.4,0.927,17,7851.14,data_drift,2024-06,7024.694238844723
ID0000369,2024-11-25,3,8,14367.0,69,2,2,1.384,1.362,1.8,0.877,16,7919.17,data_drift,2024-11,7130.346822239112
ID0000370,2024-10-13,1,0,40928.0,68,0,2,1.456,1.254,1.8,0.489,11,6002.35,data_drift,2024-10,6099.958662831788
ID0000371,2024-11-02,3,4,73462.0,36,1,2,1.22,1.334,1.4,0.865,3,7131.5,data_drift,2024-11,6471.862654567076
ID0000372,2024-12-11,2,5,32899.0,39,0,2,1.642,1.523,1.4,0.942,17,5461.56,data_drift,2024-12,5957.847215797007
ID0000373,2024-01-19,2,24,5777.0,45,1,2,1.275,1.086,1.8,0.622,2,6551.92,data_drift,2024-01,6842.024982747883
ID0000374,2024-07-08,2,13,14528.0,45,1,2,1.486,1.364,1.4,0.872,2,6617.6,data_drift,2024-07,6346.378237706465
ID0000375,2024-04-15,2,18,7804.0,68,3,2,1.373,1.651,1.4,0.902,5,7937.02,data_drift,2024-04,7220.162089968324
ID0000376,2024-07-03,1,14,9626.0,28,2,1,1.094,1.412,0.4,0.658,8,4692.5,data_drift,2024-07,4919.789094114374
ID0000377,2024-01-24,4,2,70808.0,78,0,2,1.491,1.561,1.4,0.952,17,6176.8,data_drift,2024-01,5777.022273746507
ID0000378,2024-11-10,3,21,13082.0,44,3,1,1.175,1.572,1.4,0.919,13,7899.85,data_drift,2024-11,7132.5488009336605
ID0000379,2024-09-15,1,7,14292.0,41,2,2,1.418,1.365,3.2,0.861,23,11016.5,data_drift,2024-09,10173.355567988112
ID0000380,2024-07-20,2,15,16690.0,24,2,0,0.873,1.291,3.2,0.607,3,10294.48,data_drift,2024-07,10287.033548539624
ID0000381,2024-12-18,2,5,17145.0,47,3,1,1.173,1.609,1.1,0.979,3,7154.07,data_drift,2024-12,6152.777893086374
ID0000382,2024-10-20,3,18,14975.0,36,3,2,1.503,1.098,1.8,0.396,0,6570.05,data_drift,2024-10,6940.367327465077
ID0000383,2024-06-14,1,0,48509.0,77,1,2,1.385,1.804,0.4,0.979,6,4694.32,data_drift,2024-06,4366.113016333335
ID0000384,2024-06-05,2,8,18940.0,58,2,2,1.461,1.614,1.4,0.895,4,6478.67,data_drift,2024-06,6640.2882597651205
ID0000385,2024-01-08,2,5,39840.0,48,4,2,1.361,1.311,1.8,0.615,3,7239.62,data_drift,2024-01,7623.68222399549
ID0000386,2024-12-25,4,0,56799.0,38,1,2,1.233,1.17,1.8,0.671,7,6637.07,data_drift,2024-12,6588.6571138506615
ID0000387,2024-02-15,1,17,5885.0,25,0,1,0.867,1.753,1.4,0.99,18,7723.09,data_drift,2024-02,6770.229622901817
ID0000388,2024-09-10,2,21,6003.0,38,3,0,0.872,1.852,0.4,0.971,5,5917.11,data_drift,2024-09,5320.825408178179
ID0000389,2024-06-21,3,18,9411.0,43,0,2,1.262,1.602,0.4,0.942,17,5667.61,data_drift,2024-06,4871.619952418448
ID0000390,2024-06-16,4,7,53030.0,52,1,2,1.22,1.31,1.8,0.595,8,7320.18,data_drift,2024-06,6906.236892865597
ID0000391,2024-03-27,2,17,7943.0,74,2,1,1.134,1.159,1.4,0.857,23,6227.71,data_drift,2024-03,6549.052254448776
ID0000392,2024-02-05,1,14,5153.0,37,3,1,1.012,0.911,1.2,0.257,2,5757.93,data_drift,2024-02,5659.563165788516
ID0000393,2024-12-23,1,24,3816.0,24,2,1,0.996,1.38,1.8,0.943,12,9364.06,data_drift,2024-12,8206.14852634179
ID0000394,2024-11-13,4,12,23180.0,73,3,2,1.119,1.034,1.8,0.413,1,7108.91,data_drift,2024-11,6904.042895628368
ID0000395,2024-06-11,2,5,55801.0,68,2,1,1.003,1.014,1.2,0.33,4,4302.57,data_drift,2024-06,5137.211645133138
ID0000396,2024-01-20,1,16,6219.0,65,3,2,1.343,1.253,1.8,0.64,7,7081.73,data_drift,2024-01,7636.961726405017
ID0000397,2024-08-16,2,16,12785.0,41,0,2,1.057,1.186,1.8,0.483,30,6815.17,data_drift,2024-08,6734.077396219326
ID0000398,2024-01-02,3,2,29639.0,31,2,2,1.348,0.85,1.2,0.492,15,5050.57,data_drift,2024-01,5427.089810869553
ID0000399,2024-10-28,2,6,26360.0,34,2,2,1.501,0.85,1.2,0.155,2,5072.08,data_drift,2024-10,5368.470220078022
ID0000400,2024-01-19,1,21,4152.0,29,1,1,0.943,1.226,3.2,0.765,1,9354.73,data_drift,2024-01,9463.718968721034
ID0000401,2024-09-21,4,15,11777.0,44,2,0,1.071,1.372,1.4,0.836,4,6773.48,data_drift,2024-09,6275.890965314863
ID0000402,2024-11-19,2,10,21087.0,75,3,1,1.208,1.445,1.4,0.598,16,6602.22,data_drift,2024-11,6605.585282670402
ID0000403,2024-12-01,3,13,16476.0,64,3,2,1.463,2.0,1.1,0.994,18,7196.13,data_drift,2024-12,7129.560279934864
ID0000404,2024-09-10,2,6,20617.0,52,1,2,1.258,1.27,3.2,0.581,2,8533.67,data_drift,2024-09,9282.563000142456
ID0000405,2024-07-15,1,13,8006.0,41,2,2,1.502,0.853,1.2,0.252,0,5239.42,data_drift,2024-07,5302.601886511469
ID0000406,2024-01-24,1,0,36137.0,48,3,2,1.181,1.633,1.1,0.886,6,6102.24,data_drift,2024-01,6215.406616036328
ID0000407,2024-05-14,3,7,24401.0,67,0,2,1.532,0.97,1.2,0.378,1,4409.31,data_drift,2024-05,4410.074525630478
ID0000408,2024-01-28,4,18,10454.0,70,0,2,1.353,1.471,1.4,0.662,7,5487.42,data_drift,2024-01,5982.446973757825
ID0000409,2024-08-17,4,0,77940.0,35,3,2,1.404,1.491,1.4,0.967,8,7494.59,data_drift,2024-08,7004.465313063203
ID0000410,2024-02-25,2,13,11399.0,52,0,1,1.104,1.313,1.4,0.912,4,5629.61,data_drift,2024-02,5604.310920480884
ID0000411,2024-07-03,1,11,13131.0,48,1,2,1.456,1.055,1.2,0.336,14,5060.19,data_drift,2024-07,5538.064262933408
ID0000412,2024-09-16,1,2,9531.0,61,0,2,1.438,1.662,1.1,0.99,4,6214.64,data_drift,2024-09,5108.14186769831
ID0000413,2024-01-20,2,17,10283.0,74,0,2,1.371,1.67,1.1,0.925,30,5864.19,data_drift,2024-01,6263.257386155031
ID0000414,2024-05-21,3,3,30798.0,43,2,1,1.03,1.491,1.8,0.736,3,7405.35,data_drift,2024-05,6691.414178610732
ID0000415,2024-10-03,2,6,12972.0,78,1,2,1.459,1.241,1.8,0.462,1,5734.26,data_drift,2024-10,6212.863402811005
ID0000416,2024-10-04,1,20,5272.0,63,0,2,1.485,1.4,1.4,0.666,5,6118.54,data_drift,2024-10,5706.077290165102
ID0000417,2024-03-06,0,23,2500.0,51,0,2,1.485,1.294,1.8,0.678,2,6893.07,data_drift,2024-03,6235.734167242204
ID0000418,2024-12-05,2,12,14824.0,44,1,2,1.46,1.32,1.8,0.799,2,7763.69,data_drift,2024-12,7157.786458676033
ID0000419,2024-12-24,4,10,16151.0,57,0,2,1.429,1.467,1.4,0.851,3,5564.58,data_drift,2024-12,5817.859129358237
ID0000420,2024-08-15,0,14,5571.0,67,2,1,0.992,1.194,1.8,0.561,30,7225.47,data_drift,2024-08,6992.855564623001
ID0000421,2024-06-12,1,10,11681.0,71,2,2,1.438,0.998,1.2,0.446,7,4836.32,data_drift,2024-06,5594.293176217174
ID0000422,2024-06-10,3,15,9980.0,29,2,2,1.401,1.201,1.8,0.693,5,7756.68,data_drift,2024-06,7361.682425992476
ID0000423,2024-07-11,2,5,57528.0,31,0,2,1.563,1.567,1.1,0.983,8,5732.05,data_drift,2024-07,5828.536338483369
ID0000424,2024-11-12,2,14,17042.0,79,1,2,1.159,1.606,1.1,0.937,17,5716.29,data_drift,2024-11,6142.60373410208
ID0000425,2024-05-03,1,11,7291.0,27,1,1,0.987,1.185,1.4,0.736,11,5188.92,data_drift,2024-05,5958.925991494155
ID0000426,2024-04-06,3,18,6408.0,55,2,1,0.987,1.358,1.4,0.783,5,6880.56,data_drift,2024-04,6574.65477383561
ID0000427,2024-08-25,2,5,12880.0,38,0,2,1.334,1.787,1.1,0.983,25,6457.09,data_drift,2024-08,5750.302030476994
ID0000428,2024-09-23,3,10,21733.0,55,2,1,1.138,1.275,1.8,0.711,12,6057.85,data_drift,2024-09,6884.755703767105
ID0000429,2024-09-02,4,10,16116.0,36,2,2,0.95,1.288,1.8,0.768,3,7654.87,data_drift,2024-09,7434.295795205593
ID0000430,2024-01-21,2,13,21640.0,73,0,0,1.028,1.784,1.1,0.997,11,5710.05,data_drift,2024-01,4805.275574136201
ID0000431,2024-03-23,0,23,3464.0,74,2,2,1.19,1.353,3.2,0.85,4,11441.71,data_drift,2024-03,10082.607903754533
ID0000432,2024-04-18,1,0,24553.0,61,3,2,1.139,1.59,1.4,0.945,3,6454.54,data_drift,2024-04,6623.953381877122
ID0000433,2024-01-20,2,15,17255.0,58,4,2,1.128,1.531,1.4,0.761,2,8243.8,data_drift,2024-01,7540.4273763268575
ID0000434,2024-08-07,3,13,17670.0,23,1,2,1.079,1.371,1.8,0.601,2,7162.4,data_drift,2024-08,7793.272700958517
ID0000435,2024-10-28,3,17,13258.0,73,0,1,0.949,1.303,1.8,0.534,30,6332.65,data_drift,2024-10,6352.4508217272
ID0000436,2024-09-27,1,10,24772.0,64,3,2,1.486,1.298,3.2,0.837,7,10495.71,data_drift,2024-09,9964.119485769746
ID0000437,2024-06-24,2,13,17047.0,42,2,2,1.331,1.274,1.8,0.556,1,7589.17,data_drift,2024-06,7215.872179500825
ID0000438,2024-06-26,2,11,16583.0,74,2,2,1.243,1.347,1.8,0.903,7,7039.56,data_drift,2024-06,7174.112131178375
ID0000439,2024-12-01,2,12,6982.0,36,2,1,0.958,1.62,1.4,0.949,30,7300.94,data_drift,2024-12,7315.902102378298
ID0000440,2024-06-09,2,18,10835.0,54,1,1,1.209,1.366,1.8,0.558,4,6215.39,data_drift,2024-06,6821.171664277161
ID0000441,2024-09-04,1,9,30887.0,36,1,1,1.0,1.593,1.4,0.88,3,7295.21,data_drift,2024-09,6162.056532074608
ID0000442,2024-09-05,3,13,25572.0,60,3,2,1.027,1.613,0.4,0.95,10,5553.56,data_drift,2024-09,5416.457416410255
ID0000443,2024-08-14,2,13,10804.0,31,0,2,1.12,1.404,1.4,0.941,3,5550.34,data_drift,2024-08,6090.684838560056
ID0000444,2024-09-05,4,12,33414.0,29,2,2,1.177,1.228,1.8,0.868,8,7905.74,data_drift,2024-09,7306.232145332089
ID0000445,2024-11-06,2,10,29229.0,66,1,2,1.646,1.496,1.1,0.966,5,6342.46,data_drift,2024-11,5530.064226582487
ID0000446,2024-09-25,1,25,2941.0,46,1,2,1.577,1.678,1.1,0.953,5,6153.57,data_drift,2024-09,6031.605098425157
ID0000447,2024-08-12,1,25,5228.0,67,1,0,1.074,1.464,1.4,0.785,23,6854.92,data_drift,2024-08,6746.2108693261425
ID0000448,2024-11-27,3,17,14786.0,46,0,2,1.294,1.581,0.4,0.974,13,4912.73,data_drift,2024-11,4745.729125826371
ID0000449,2024-03-16,4,21,12276.0,28,0,1,0.945,0.961,1.2,0.286,5,5238.46,data_drift,2024-03,4925.188397973307
ID0000450,2024-01-28,3,12,15787.0,64,0,0,0.94,1.312,1.4,0.85,4,5112.28,data_drift,2024-01,5113.772515020993
ID0000451,2024-11-14,2,11,21424.0,37,2,1,1.131,1.246,1.2,0.454,22,5933.48,data_drift,2024-11,5909.284288453498
ID0000452,2024-04-08,1,12,12737.0,67,2,1,1.239,1.631,1.1,0.975,10,6937.32,data_drift,2024-04,5944.852536216094
ID0000453,2024-10-15,0,24,3091.0,74,2,1,0.901,1.422,1.1,0.955,8,5906.7,data_drift,2024-10,5792.490821665745
ID0000454,2024-09-15,2,17,10670.0,51,2,1,0.881,1.204,1.2,0.491,1,5399.81,data_drift,2024-09,5717.840029448535
ID0000455,2024-08-18,3,10,54476.0,72,1,1,1.126,1.351,1.4,0.741,8,5664.47,data_drift,2024-08,6002.555987591521
ID0000456,2024-11-10,3,24,4350.0,61,1,2,1.526,1.372,1.4,0.784,30,6448.25,data_drift,2024-11,7005.139352273383
ID0000457,2024-04-10,1,0,14246.0,62,3,1,1.105,1.233,1.0,0.803,23,5925.8,data_drift,2024-04,5729.1113682046325
ID0000458,2024-11-20,2,12,14905.0,31,1,2,1.51,1.396,1.0,0.8,8,6154.5,data_drift,2024-11,5755.391653266848
ID0000459,2024-04-14,1,1,29227.0,35,3,1,0.983,1.194,1.8,0.663,30,7295.72,data_drift,2024-04,7211.635994243248
ID0000460,2024-06-15,3,14,20965.0,70,1,0,1.065,1.457,1.8,0.685,23,5941.67,data_drift,2024-06,6648.5160507996325
ID0000461,2024-11-13,1,17,7156.0,65,1,2,1.479,1.045,1.8,0.362,21,6847.4,data_drift,2024-11,6584.79049121387
ID0000462,2024-10-16,2,15,5427.0,73,4,1,1.171,0.949,1.2,0.311,14,6304.16,data_drift,2024-10,6185.319012278375
ID0000463,2024-09-22,1,8,8662.0,33,2,2,1.387,1.024,1.2,0.433,1,5232.87,data_drift,2024-09,5666.35835630086
ID0000464,2024-08-21,1,20,9051.0,31,2,1,0.997,1.523,0.4,0.949,8,5431.36,data_drift,2024-08,5086.93748674111
ID0000465,2024-07-21,3,21,6412.0,40,2,1,0.944,1.189,1.0,0.671,15,5786.77,data_drift,2024-07,5736.821250308434
ID0000466,2024-02-05,1,16,11049.0,56,4,1,1.048,1.412,1.8,0.719,9,7429.9,data_drift,2024-02,7789.618231086427
ID0000467,2024-03-04,1,20,9449.0,30,0,2,1.473,1.514,1.4,0.922,3,5805.88,data_drift,2024-03,6274.23020633749
ID0000468,2024-11-07,2,9,26321.0,31,1,2,1.457,1.237,1.8,0.372,15,6735.54,data_drift,2024-11,6870.3729408977115
ID0000469,2024-04-20,1,15,8331.0,74,0,2,1.109,1.365,1.4,0.935,3,5788.63,data_drift,2024-04,5911.142158296107
ID0000470,2024-05-17,3,0,29820.0,38,2,2,1.31,1.435,1.0,0.56,12,6105.8,data_drift,2024-05,5685.412761417222
ID0000471,2024-12-04,2,18,7319.0,68,0,1,1.052,1.391,1.8,0.724,2,5871.78,data_drift,2024-12,6288.520342876742
ID0000472,2024-01-02,4,23,4091.0,49,3,2,1.219,1.521,1.4,0.799,12,8182.36,data_drift,2024-01,7479.524369520235
ID0000473,2024-03-01,1,13,17050.0,77,1,1,1.009,0.98,1.8,0.43,30,4948.95,data_drift,2024-03,6066.528021002479
ID0000474,2024-03-17,1,12,8425.0,54,3,2,1.364,1.219,3.2,0.622,4,10769.09,data_drift,2024-03,9817.691676158653
ID0000475,2024-07-24,3,17,14189.0,25,1,1,0.935,1.442,1.4,0.863,5,5362.08,data_drift,2024-07,6310.484813074509
ID0000476,2024-03-13,3,0,52807.0,55,2,2,1.256,1.47,1.4,0.73,30,6914.1,data_drift,2024-03,6949.480028898696
ID0000477,2024-01-07,0,5,13496.0,18,0,2,1.41,1.257,1.8,0.547,1,7663.1,data_drift,2024-01,7136.565955251651
ID0000478,2024-01-21,1,3,14867.0,68,3,2,1.321,1.314,1.8,0.825,2,7778.2,data_drift,2024-01,7167.619908889505
ID0000479,2024-11-22,4,4,39368.0,20,0,1,0.8,1.566,3.2,0.698,4,10346.77,data_drift,2024-11,9435.286195401724
ID0000480,2024-12-06,3,8,15892.0,39,1,1,1.06,1.633,0.4,0.968,6,4356.74,data_drift,2024-12,4517.334247086523
ID0000481,2024-04-22,4,13,56122.0,26,2,1,1.154,1.126,1.8,0.303,7,5817.31,data_drift,2024-04,6893.664474263133
ID0000482,2024-06-13,4,12,19935.0,36,0,1,1.173,1.634,0.4,0.917,4,5172.38,data_drift,2024-06,4336.875592331773
ID0000483,2024-02-18,4,17,10495.0,59,1,1,1.191,1.347,3.2,0.702,4,9144.59,data_drift,2024-02,9531.79882538555
ID0000484,2024-07-16,2,17,15373.0,77,1,2,1.394,1.739,0.4,0.982,9,5569.36,data_drift,2024-07,5011.879070116929
ID0000485,2024-04-19,3,3,47234.0,71,0,2,1.152,1.463,1.4,0.891,8,5824.9,data_drift,2024-04,5723.851815998303
ID0000486,2024-08-16,3,25,5715.0,78,2,2,1.448,1.381,3.2,0.807,30,9479.74,data_drift,2024-08,10608.159816485195
ID0000487,2024-07-12,0,10,26758.0,25,3,2,1.032,1.286,1.8,0.598,30,8111.86,data_drift,2024-07,7904.661989647302
ID0000488,2024-12-20,3,9,17340.0,24,4,2,1.319,1.48,3.2,0.758,12,11948.14,data_drift,2024-12,11719.780249889267
ID0000489,2024-01-04,3,0,29982.0,74,2,2,1.261,1.104,1.8,0.501,4,6313.87,data_drift,2024-01,6396.150986970042
ID0000490,2024-07-27,3,20,3678.0,47,2,1,1.116,1.693,1.4,0.989,4,7646.8,data_drift,2024-07,6717.79630012867
ID0000491,2024-11-15,0,16,9099.0,45,2,2,1.398,1.479,3.2,0.909,7,11322.18,data_drift,2024-11,10307.694566461028
ID0000492,2024-05-10,1,6,21166.0,48,0,2,1.537,1.399,1.4,0.817,2,6036.26,data_drift,2024-05,5865.438001365746
ID0000493,2024-03-01,1,21,4019.0,66,0,1,1.018,1.126,1.2,0.392,6,4476.06,data_drift,2024-03,5008.012804404752
ID0000494,2024-06-02,2,14,22550.0,30,3,2,1.466,1.122,1.8,0.529,30,8312.37,data_drift,2024-06,7720.13207292439
ID0000495,2024-10-25,0,17,8596.0,72,1,1,1.037,1.396,1.4,0.884,4,5257.17,data_drift,2024-10,5908.157752561743
ID0000496,2024-04-28,1,0,35825.0,24,4,1,1.077,1.343,1.4,0.809,5,8383.93,data_drift,2024-04,7653.347883892592
ID0000497,2024-08-02,2,20,13153.0,58,0,2,1.184,1.294,1.8,0.701,8,7060.47,data_drift,2024-08,6626.529919086903
ID0000498,2024-10-26,2,14,12725.0,18,1,2,1.41,1.097,1.8,0.361,21,7675.98,data_drift,2024-10,7525.800591167933
ID0000499,2024-08-04,1,5,14713.0,42,2,2,1.428,1.37,1.4,0.79,30,6840.67,data_drift,2024-08,7001.324437720794
ID0000500,2024-11-10,1,14,22823.0,37,3,2,1.185,1.102,1.2,0.431,1,7596.25,data_drift,2024-11,6296.001251449485
ID0000501,2024-09-23,2,17,8251.0,60,3,1,1.038,1.429,1.0,0.588,7,6532.9,data_drift,2024-09,6222.509425559093
ID0000502,2024-03-04,2,19,6871.0,37,3,1,1.067,1.323,1.8,0.899,8,8850.52,data_drift,2024-03,7571.789964117881
ID0000503,2024-09-28,2,14,20214.0,21,2,1,0.99,1.343,3.2,0.927,16,10122.11,data_drift,2024-09,10847.567178509955
ID0000504,2024-01-22,0,11,12752.0,74,2,2,1.287,1.193,3.2,0.803,4,9282.56,data_drift,2024-01,9636.927642240104
ID0000505,2024-11-07,3,3,20447.0,21,4,2,1.01,1.748,1.1,0.983,18,7505.06,data_drift,2024-11,7672.419705192526
ID0000506,2024-11-20,3,8,43871.0,31,4,0,1.054,1.223,1.8,0.863,5,6922.84,data_drift,2024-11,7247.488908321239
ID0000507,2024-04-22,3,10,23286.0,77,3,1,1.089,1.094,1.2,0.31,4,4959.02,data_drift,2024-04,5481.343116945745
ID0000508,2024-08-18,1,14,7369.0,35,1,2,1.082,1.057,1.2,0.386,1,4844.8,data_drift,2024-08,5441.169790027744
ID0000509,2024-05-19,3,15,22292.0,69,1,2,1.241,1.022,1.8,0.407,22,6943.08,data_drift,2024-05,6605.253997706895
ID0000510,2024-12-21,2,9,16051.0,31,0,1,0.999,1.028,1.8,0.454,7,6190.1,data_drift,2024-12,6015.146633921398
ID0000511,2024-07-22,3,13,21704.0,59,2,2,1.288,1.111,1.8,0.425,11,7088.56,data_drift,2024-07,6839.913801061193
ID0000512,2024-05-22,3,11,18618.0,31,1,2,1.229,1.409,1.4,0.878,12,7374.49,data_drift,2024-05,6439.573387545922
ID0000513,2024-02-02,2,20,8476.0,26,0,2,1.247,1.392,1.4,0.818,2,6507.52,data_drift,2024-02,6459.710377957899
ID0000514,2024-03-24,2,15,32162.0,60,2,2,1.357,1.164,1.2,0.724,15,5360.84,data_drift,2024-03,6242.377472183406
ID0000515,2024-01-01,4,17,5942.0,55,1,2,1.625,1.41,1.4,0.805,4,6720.63,data_drift,2024-01,6281.479882430684
ID0000516,2024-11-26,3,10,15915.0,60,2,2,1.379,1.469,3.2,0.881,17,9846.63,data_drift,2024-11,9971.126495153138
ID0000517,2024-10-28,2,19,19689.0,21,2,2,1.323,1.021,1.2,0.202,0,7572.37,data_drift,2024-10,6500.857956885023
ID0000518,2024-01-19,1,13,9705.0,45,1,2,1.454,1.214,3.2,0.511,5,9158.02,data_drift,2024-01,9590.95251201508
ID0000519,2024-06-25,0,13,3205.0,76,3,2,1.472,1.592,1.1,0.978,4,6095.67,data_drift,2024-06,6396.2741735605305
ID0000520,2024-10-22,4,18,21170.0,29,1,2,1.371,1.612,1.4,0.921,3,7653.57,data_drift,2024-10,6936.717729319539
ID0000521,2024-10-12,2,22,9283.0,61,1,1,0.998,1.039,3.2,0.715,4,7916.69,data_drift,2024-10,9197.405976594133
ID0000522,2024-10-10,1,16,4161.0,67,0,1,1.074,1.325,1.8,0.568,30,5638.25,data_drift,2024-10,6315.385318543874
ID0000523,2024-04-04,2,5,23807.0,50,1,2,1.143,0.978,1.2,0.205,30,5440.89,data_drift,2024-04,5168.381949630156
ID0000524,2024-11-06,2,24,4790.0,21,2,2,1.375,1.291,1.8,0.786,2,9231.47,data_drift,2024-11,8344.645531255319
ID0000525,2024-09-19,2,1,73871.0,49,1,0,1.016,1.603,1.1,0.971,17,4327.53,data_drift,2024-09,5367.606702863125
ID0000526,2024-06-20,4,18,14373.0,33,0,1,1.257,1.617,1.4,0.933,17,6897.02,data_drift,2024-06,6252.993565891039
ID0000527,2024-11-26,1,21,6114.0,63,3,0,1.013,1.383,1.8,0.88,9,7678.81,data_drift,2024-11,7520.053260728091
ID0000528,2024-03-11,4,25,9759.0,39,4,0,0.879,1.078,1.8,0.697,4,9110.18,data_drift,2024-03,7498.778283425224
ID0000529,2024-07-03,2,17,10652.0,68,0,0,1.106,0.879,1.2,0.217,10,3799.29,data_drift,2024-07,4169.824624513778
ID0000530,2024-01-13,1,0,17435.0,79,2,2,1.58,1.381,1.8,0.712,23,6425.57,data_drift,2024-01,7002.787909398602
ID0000531,2024-07-10,2,9,9374.0,35,0,2,1.441,0.883,1.2,0.205,0,5204.76,data_drift,2024-07,4612.261321743835
ID0000532,2024-06-03,2,10,11764.0,39,2,2,1.536,1.107,3.2,0.724,30,8661.61,data_drift,2024-06,9744.692282493583
ID0000533,2024-01-03,2,25,3433.0,56,4,1,1.134,1.431,3.2,0.651,12,10295.9,data_drift,2024-01,10815.107398628597
ID0000534,2024-12-26,1,15,9479.0,24,1,2,1.554,1.497,3.2,0.924,24,12676.79,data_drift,2024-12,11554.668645056121
ID0000535,2024-12-19,2,5,34593.0,37,4,2,1.345,1.317,1.4,0.852,2,6472.04,data_drift,2024-12,7055.88690395054
ID0000536,2024-05-02,4,19,8267.0,60,3,2,1.268,1.459,1.4,0.824,30,8566.36,data_drift,2024-05,7858.768052111527
ID0000537,2024-11-02,1,11,7202.0,36,3,2,1.18,1.307,1.8,0.854,23,8235.86,data_drift,2024-11,8121.060235658674
ID0000538,2024-07-07,3,6,29693.0,51,0,1,1.021,1.275,1.8,0.591,30,6938.41,data_drift,2024-07,6240.472995712628
ID0000539,2024-09-27,3,12,10958.0,43,0,2,1.112,1.763,1.1,0.993,14,5902.02,data_drift,2024-09,5623.9451449944245
ID0000540,2024-02-25,3,9,14659.0,73,3,1,1.049,1.477,0.4,0.83,2,4827.06,data_drift,2024-02,4643.424541347076
ID0000541,2024-02-04,2,12,16466.0,53,1,2,1.324,1.293,1.8,0.642,5,7440.66,data_drift,2024-02,6885.294637416532
ID0000542,2024-09-23,3,11,29854.0,40,2,2,1.134,1.505,3.2,0.789,30,10616.66,data_drift,2024-09,10626.319325357063
ID0000543,2024-02-03,1,6,26160.0,18,2,2,1.098,1.312,1.4,0.813,6,8718.24,data_drift,2024-02,7547.068068851019
ID0000544,2024-11-07,4,25,6096.0,51,1,0,1.032,1.392,1.0,0.897,2,5154.42,data_drift,2024-11,5359.166251564059
ID0000545,2024-12-10,4,21,9897.0,75,2,2,1.208,1.507,1.4,0.921,13,7130.99,data_drift,2024-12,7035.409394372873
ID0000546,2024-04-03,2,22,6116.0,39,3,1,1.0,1.121,1.8,0.614,2,7101.86,data_drift,2024-04,7200.939988585949
ID0000547,2024-01-14,3,16,18050.0,22,1,2,1.337,1.309,1.8,0.828,7,7617.44,data_drift,2024-01,8020.51846055257
ID0000548,2024-07-05,1,24,5231.0,39,1,2,1.371,1.121,1.8,0.635,1,7606.66,data_drift,2024-07,6762.336339787917
ID0000549,2024-04-07,2,1,14440.0,23,1,2,1.292,1.27,3.2,0.767,16,9455.12,data_drift,2024-04,10088.384023040458
ID0000550,2024-04-14,1,9,8057.0,27,0,2,1.314,1.423,1.8,0.753,23,7212.01,data_drift,2024-04,7141.678743163159
ID0000551,2024-04-11,3,16,7577.0,38,0,0,0.98,1.209,3.2,0.789,22,9157.13,data_drift,2024-04,9094.005145638455
ID0000552,2024-04-08,1,24,8700.0,41,1,2,1.351,1.709,1.1,0.848,13,7927.13,data_drift,2024-04,6556.537505175966
ID0000553,2024-04-27,2,20,10835.0,57,2,2,1.509,1.739,0.4,0.98,25,5402.51,data_drift,2024-04,5742.3368854101755
ID0000554,2024-01-17,3,25,4669.0,37,2,2,1.358,1.532,1.4,0.779,8,6813.5,data_drift,2024-01,6923.717325216521
ID0000555,2024-01-04,1,19,3679.0,22,2,1,1.011,1.524,1.0,0.761,12,7040.56,data_drift,2024-01,6823.572379335203
ID0000556,2024-05-24,4,20,10166.0,42,0,2,1.672,1.555,1.4,0.921,4,6885.62,data_drift,2024-05,5953.009176446303
ID0000557,2024-06-19,1,17,12441.0,69,1,1,1.063,1.361,1.4,0.926,9,5826.78,data_drift,2024-06,6095.17695180522
ID0000558,2024-11-13,2,12,19034.0,42,2,2,1.356,1.196,1.8,0.676,7,8118.38,data_drift,2024-11,7271.199292542941
ID0000559,2024-08-22,3,14,11253.0,52,3,2,1.298,1.712,1.4,0.913,8,7702.53,data_drift,2024-08,7348.967144541451
ID0000560,2024-10-26,2,18,14442.0,28,0,2,1.318,1.44,1.8,0.737,30,7040.42,data_drift,2024-10,7336.398369853588
ID0000561,2024-02-17,1,25,2785.0,65,2,2,1.343,1.205,1.0,0.736,1,6287.36,data_drift,2024-02,5864.425549747096
ID0000562,2024-09-21,3,13,17462.0,76,3,2,1.296,1.147,3.2,0.433,1,10122.01,data_drift,2024-09,9429.654936489971
ID0000563,2024-08-19,3,14,18002.0,36,2,2,1.2,1.622,0.4,0.943,8,5451.13,data_drift,2024-08,5559.8683786613865
ID0000564,2024-05-24,4,16,31839.0,39,0,0,1.063,1.441,1.4,0.909,4,6025.07,data_drift,2024-05,5700.346411255674
ID0000565,2024-03-04,0,18,5896.0,62,1,1,1.031,1.594,1.0,0.858,24,6193.39,data_drift,2024-03,6270.08522737976
ID0000566,2024-07-13,3,4,51132.0,26,1,2,1.218,1.687,1.4,0.919,4,6616.5,data_drift,2024-07,6626.110493610207
ID0000567,2024-07-24,1,9,11444.0,30,3,1,1.007,0.986,1.2,0.288,6,5990.25,data_drift,2024-07,5789.897327704768
ID0000568,2024-08-22,2,9,24857.0,74,2,0,0.948,1.514,1.0,0.947,8,5157.3,data_drift,2024-08,4883.178331899021
ID0000569,2024-04-26,1,13,10705.0,22,2,2,1.367,1.558,3.2,0.885,8,11579.8,data_drift,2024-04,11108.83851910542
ID0000570,2024-02-28,3,16,12714.0,40,0,1,0.926,1.398,1.4,0.958,3,6502.09,data_drift,2024-02,5833.833973999418
ID0000571,2024-02-17,3,12,7622.0,58,1,0,0.845,1.529,3.2,0.627,3,8766.61,data_drift,2024-02,9433.237423548697
ID0000572,2024-10-05,2,18,8493.0,51,0,1,0.996,1.464,1.4,0.913,5,5273.07,data_drift,2024-10,5769.313401757943
ID0000573,2024-04-11,2,12,20161.0,64,1,2,1.382,1.614,1.4,0.943,30,7396.7,data_drift,2024-04,6990.422831887244
ID0000574,2024-04-18,3,11,7925.0,63,1,1,1.179,1.023,1.2,0.406,11,4804.1,data_drift,2024-04,4945.809755731381
ID0000575,2024-05-20,2,10,11343.0,51,1,2,1.35,1.667,0.4,0.898,8,4961.54,data_drift,2024-05,4856.7993060692515
ID0000576,2024-05-25,4,12,34983.0,56,1,1,1.316,1.5,1.8,0.697,5,6711.41,data_drift,2024-05,6417.158455188243
ID0000577,2024-04-20,2,3,13315.0,64,1,2,1.292,1.501,1.4,0.909,6,6536.04,data_drift,2024-04,5911.557719785726
ID0000578,2024-01-27,4,9,18405.0,38,1,2,1.222,1.409,1.8,0.831,4,7080.51,data_drift,2024-01,6813.443908914949
ID0000579,2024-02-20,2,25,4300.0,79,1,2,1.298,1.588,0.4,0.774,3,5338.46,data_drift,2024-02,4913.465133202574
ID0000580,2024-06-11,2,11,14908.0,36,0,2,1.473,1.304,1.8,0.588,30,6648.03,data_drift,2024-06,6660.8288251766735
ID0000581,2024-05-20,2,13,30116.0,28,0,1,1.198,1.447,1.4,0.897,4,5989.06,data_drift,2024-05,5937.010087450426
ID0000582,2024-09-15,0,6,9419.0,26,2,0,0.933,1.234,1.8,0.9,3,7261.86,data_drift,2024-09,6746.796208200959
ID0000583,2024-06-06,1,25,3054.0,26,0,1,1.11,1.005,1.2,0.432,1,5049.19,data_drift,2024-06,4972.26087533297
ID0000584,2024-05-12,1,24,6009.0,59,1,1,0.905,0.987,1.8,0.306,21,6501.57,data_drift,2024-05,6191.982700631375
ID0000585,2024-08-27,4,0,33959.0,35,2,2,1.535,0.934,1.2,0.416,1,5450.8,data_drift,2024-08,5171.4197895118305
ID0000586,2024-07-19,1,12,10704.0,67,3,1,1.189,1.203,1.0,0.614,3,5223.45,data_drift,2024-07,5616.302417002765
ID0000587,2024-12-11,1,5,16056.0,46,4,2,1.227,1.337,1.4,0.875,30,7529.69,data_drift,2024-12,7343.741600470572
ID0000588,2024-08-12,3,12,16937.0,34,2,1,1.12,1.6,0.4,0.878,5,5007.75,data_drift,2024-08,5037.907394193163
ID0000589,2024-02-01,2,20,8620.0,45,0,2,0.997,1.17,1.2,0.469,6,4657.56,data_drift,2024-02,5495.418386745378
ID0000590,2024-12-19,4,8,14216.0,57,3,2,1.432,0.959,1.2,0.307,0,5753.43,data_drift,2024-12,5667.575275777237
ID0000591,2024-02-05,0,17,8571.0,39,2,1,0.8,1.505,1.4,0.855,3,7327.13,data_drift,2024-02,6472.712220501771
ID0000592,2024-11-17,2,14,19113.0,25,2,2,1.157,1.374,1.8,0.643,23,7441.62,data_drift,2024-11,7799.753902851418
ID0000593,2024-12-28,3,16,13000.0,69,2,1,1.195,1.076,1.8,0.338,0,6114.69,data_drift,2024-12,6377.379627196357
ID0000594,2024-06-28,2,12,6503.0,52,0,2,1.336,1.397,3.2,0.842,4,9818.89,data_drift,2024-06,8840.69961745926
ID0000595,2024-01-26,1,16,12361.0,26,2,2,1.361,1.388,1.8,0.666,5,7529.84,data_drift,2024-01,7510.956383513597
ID0000596,2024-04-17,3,12,22816.0,61,1,0,1.101,1.695,1.4,0.743,6,5705.67,data_drift,2024-04,5823.927455973703
ID0000597,2024-12-11,0,17,7039.0,25,1,2,1.252,1.535,1.4,0.955,13,7703.6,data_drift,2024-12,6835.467974239209
ID0000598,2024-10-17,2,12,23671.0,75,0,2,1.448,0.976,1.8,0.484,6,6021.64,data_drift,2024-10,5934.442110603936
ID0000599,2024-07-10,1,19,6666.0,34,3,1,1.109,1.499,1.4,0.91,7,6205.33,data_drift,2024-07,6948.400285932015
ID0000600,2024-07-10,1,10,10530.0,62,2,1,1.112,1.386,1.8,0.836,16,6650.1,data_drift,2024-07,6931.095198994626
ID0000601,2024-05-02,2,17,7481.0,31,0,2,1.587,1.273,1.8,0.438,1,7202.19,data_drift,2024-05,6415.83934257167
ID0000602,2024-10-13,2,14,7633.0,62,3,2,1.343,1.144,1.8,0.734,2,6704.48,data_drift,2024-10,7302.259228460078
ID0000603,2024-11-12,4,6,46193.0,23,1,2,1.583,1.478,1.0,0.864,4,6279.89,data_drift,2024-11,6414.226831212006
ID0000604,2024-02-20,3,16,13290.0,77,0,2,1.618,1.46,1.4,0.95,6,4872.19,data_drift,2024-02,5964.511411322113
ID0000605,2024-11-19,3,17,9300.0,58,1,2,1.42,1.365,1.8,0.622,30,6882.97,data_drift,2024-11,7383.641927709632
ID0000606,2024-04-23,2,21,4932.0,40,0,2,1.388,1.52,1.8,0.804,23,7048.19,data_drift,2024-04,7572.916281652741
ID0000607,2024-07-24,2,7,30301.0,60,0,2,1.407,1.602,1.4,0.912,3,5603.62,data_drift,2024-07,5905.318368826059
ID0000608,2024-09-14,3,23,5881.0,63,2,2,1.555,1.139,1.8,0.565,6,7189.74,data_drift,2024-09,6784.41939441922
ID0000609,2024-06-23,2,2,11397.0,77,1,2,1.109,1.786,1.1,0.973,7,5731.28,data_drift,2024-06,5435.0749078121025
ID0000610,2024-08-02,1,14,11860.0,58,1,0,0.974,1.653,1.4,0.921,6,5853.02,data_drift,2024-08,5995.646568031808
ID0000611,2024-05-21,3,6,26727.0,52,3,1,1.082,1.925,1.1,0.996,14,7467.0,data_drift,2024-05,6104.759013096688
ID0000612,2024-04-16,2,9,18389.0,38,1,2,1.52,1.015,1.2,0.354,21,5778.25,data_drift,2024-04,5453.5198863584765
ID0000613,2024-02-05,0,4,25440.0,43,1,1,1.195,1.22,1.8,0.68,11,6888.78,data_drift,2024-02,6357.403891294979
ID0000614,2024-05-06,2,2,9398.0,79,0,1,1.165,1.697,1.4,0.955,8,6462.34,data_drift,2024-05,5241.550243433263
ID0000615,2024-04-16,3,13,16520.0,49,2,2,1.405,1.22,3.2,0.853,4,9956.66,data_drift,2024-04,9775.10928503882
ID0000616,2024-05-01,2,19,5291.0,74,1,2,1.491,1.309,1.4,0.912,12,5969.36,data_drift,2024-05,6295.385515907352
ID0000617,2024-07-14,3,11,14165.0,24,2,2,1.362,1.359,1.4,0.885,9,7760.18,data_drift,2024-07,7714.485556164774
ID0000618,2024-10-13,0,17,11744.0,32,3,2,1.239,1.262,1.4,0.894,6,6900.68,data_drift,2024-10,7191.9981178475
ID0000619,2024-05-24,2,13,18632.0,25,0,2,1.298,1.283,1.8,0.709,4,7842.13,data_drift,2024-05,6680.384763684294
ID0000620,2024-01-17,1,19,3676.0,33,3,2,1.461,1.068,1.8,0.452,22,6517.96,data_drift,2024-01,7267.7582832886255
ID0000621,2024-01-01,2,14,18023.0,26,1,2,1.474,1.504,1.4,0.918,24,6793.21,data_drift,2024-01,7307.4419780205535
ID0000622,2024-03-25,2,24,2812.0,74,2,2,0.921,1.33,1.8,0.45,11,6317.06,data_drift,2024-03,7117.059132282753
ID0000623,2024-06-05,2,23,3829.0,19,2,1,1.014,1.345,1.8,0.865,3,9540.46,data_drift,2024-06,8177.269873882105
ID0000624,2024-08-20,4,5,28167.0,72,2,2,1.397,1.447,3.2,0.913,8,9853.79,data_drift,2024-08,9725.04471713845
ID0000625,2024-04-08,0,20,4557.0,31,0,2,1.324,1.604,1.4,0.946,4,5934.3,data_drift,2024-04,6378.0409315820825
ID0000626,2024-03-12,2,8,6487.0,28,0,2,1.543,1.883,1.1,0.989,4,6347.6,data_drift,2024-03,5431.479875287715
ID0000627,2024-11-22,0,16,2922.0,75,1,1,1.093,1.486,1.4,0.773,12,6182.02,data_drift,2024-11,6076.834855999947
ID0000628,2024-08-08,2,12,20173.0,75,4,1,0.984,1.308,1.8,0.657,30,6797.25,data_drift,2024-08,7647.210436547624
ID0000629,2024-04-05,3,15,21812.0,55,0,2,1.181,1.383,1.8,0.519,5,6957.2,data_drift,2024-04,6789.528959849614
ID0000630,2024-06-02,3,14,7097.0,65,2,1,1.082,1.788,1.1,0.962,25,5954.7,data_drift,2024-06,6714.870045834292
ID0000631,2024-02-22,2,15,25651.0,57,2,2,1.546,1.103,1.8,0.327,3,6516.76,data_drift,2024-02,6823.152882358921
ID0000632,2024-10-06,2,18,7720.0,62,0,1,1.174,1.412,1.0,0.725,7,5147.93,data_drift,2024-10,4961.765025895318
ID0000633,2024-08-06,4,8,33239.0,55,1,1,0.95,1.34,1.8,0.614,8,6044.14,data_drift,2024-08,6478.078904749824
ID0000634,2024-10-09,2,12,7486.0,24,0,2,1.54,0.863,1.2,0.377,1,5444.54,data_drift,2024-10,5406.076490207033
ID0000635,2024-03-22,0,11,3329.0,20,0,2,1.439,0.955,1.8,0.293,6,5789.88,data_drift,2024-03,6714.703316706814
ID0000636,2024-04-16,3,13,21043.0,35,1,2,1.409,1.773,0.4,0.951,30,6073.53,data_drift,2024-04,5780.121944209139
ID0000637,2024-03-20,3,14,19660.0,59,1,2,1.177,1.419,1.8,0.83,23,6624.38,data_drift,2024-03,7379.978000811467
ID0000638,2024-03-26,1,12,3410.0,62,0,1,0.8,1.772,1.1,0.905,7,6630.66,data_drift,2024-03,4989.136994632159
ID0000639,2024-09-07,1,17,4459.0,75,1,2,1.04,0.913,1.2,0.377,3,4629.75,data_drift,2024-09,5003.5039449511905
ID0000640,2024-01-17,3,22,5557.0,72,0,0,1.146,1.463,0.4,0.957,24,4144.31,data_drift,2024-01,4314.923470662503
ID0000641,2024-06-18,1,24,2771.0,25,1,2,1.358,1.46,1.0,0.623,30,6326.12,data_drift,2024-06,6368.171638884996
ID0000642,2024-06-22,4,12,82738.0,77,0,1,1.042,1.119,1.8,0.708,7,5426.36,data_drift,2024-06,5807.319238235587
ID0000643,2024-05-23,2,15,8655.0,24,1,1,1.122,1.071,1.8,0.378,30,6940.29,data_drift,2024-05,7353.9372494884165
ID0000644,2024-06-22,0,17,3804.0,35,1,2,1.42,1.178,1.8,0.445,1,7132.44,data_drift,2024-06,6407.205730019333
ID0000645,2024-04-17,3,0,24762.0,21,3,0,1.048,1.298,3.2,0.71,8,8888.96,data_drift,2024-04,10340.990776170358
ID0000646,2024-09-27,4,3,36674.0,54,3,2,1.222,1.592,1.4,0.836,3,7397.56,data_drift,2024-09,6755.277780042795
ID0000647,2024-10-01,1,23,2500.0,36,1,1,1.154,1.333,1.4,0.512,4,6113.41,data_drift,2024-10,5996.901070562576
ID0000648,2024-09-20,1,12,17392.0,32,1,2,1.232,1.375,1.8,0.837,2,7470.38,data_drift,2024-09,7136.00602209971
ID0000649,2024-12-27,2,16,9182.0,47,0,2,1.252,1.06,1.2,0.384,0,4480.7,data_drift,2024-12,5196.8321172519
ID0000650,2024-10-15,3,25,12557.0,72,2,1,0.953,1.416,1.8,0.731,2,8325.8,data_drift,2024-10,6976.2573418348675
ID0000651,2024-01-21,1,22,6651.0,51,1,2,1.15,1.333,3.2,0.754,8,9828.58,data_drift,2024-01,10007.930278626834
ID0000652,2024-09-10,3,13,19191.0,65,0,2,1.014,1.502,1.4,0.883,7,7108.24,data_drift,2024-09,5907.674544325376
ID0000653,2024-06-15,2,18,10252.0,42,1,2,1.298,1.395,1.4,0.663,3,7046.31,data_drift,2024-06,6533.463626535132
ID0000654,2024-08-12,1,0,11266.0,41,1,1,0.947,1.54,3.2,0.889,4,10156.83,data_drift,2024-08,9178.680707929261
ID0000655,2024-05-06,3,20,6099.0,72,1,1,0.849,1.172,1.8,0.452,6,6083.53,data_drift,2024-05,6471.744967950737
ID0000656,2024-06-25,2,16,4328.0,78,0,2,1.104,1.507,1.8,0.688,8,7207.74,data_drift,2024-06,6330.719149906833
ID0000657,2024-11-15,3,25,4514.0,52,1,2,1.221,1.148,1.8,0.733,6,6559.04,data_drift,2024-11,6878.153333429281
ID0000658,2024-03-26,2,6,23148.0,28,0,2,1.345,1.051,1.2,0.409,1,4982.61,data_drift,2024-03,5060.674259185783
ID0000659,2024-11-05,1,13,8019.0,29,0,2,1.175,1.402,1.4,0.968,24,6677.75,data_drift,2024-11,6694.967778923516
ID0000660,2024-09-02,3,23,6417.0,70,0,2,1.468,1.418,1.4,0.71,30,6614.15,data_drift,2024-09,6385.087152993142
ID0000661,2024-06-23,2,15,15657.0,23,3,1,1.103,1.747,1.4,0.92,4,8369.15,data_drift,2024-06,7770.1479895825105
ID0000662,2024-10-12,4,5,22156.0,54,1,2,1.396,1.386,1.4,0.767,2,6133.2,data_drift,2024-10,6220.89156278211
ID0000663,2024-12-24,2,2,24077.0,78,0,2,1.359,1.209,1.8,0.381,30,5797.77,data_drift,2024-12,5971.300122280498
ID0000664,2024-02-20,2,19,10405.0,30,2,2,1.15,1.39,3.2,0.701,5,10396.57,data_drift,2024-02,10295.649017992566
ID0000665,2024-09-20,4,5,23071.0,72,3,1,1.042,1.352,1.0,0.741,30,5906.47,data_drift,2024-09,6000.930444494938
ID0000666,2024-04-02,3,15,9620.0,46,1,2,1.456,1.159,1.8,0.536,15,5684.77,data_drift,2024-04,7009.486872954358
ID0000667,2024-10-04,2,18,12025.0,26,0,2,1.274,1.16,1.8,0.556,30,6649.46,data_drift,2024-10,6927.485570092602
ID0000668,2024-07-17,3,11,9729.0,67,0,0,1.015,1.032,1.8,0.417,1,5991.06,data_drift,2024-07,5535.970094036404
ID0000669,2024-03-17,2,11,19107.0,36,0,0,0.932,1.754,1.1,0.942,5,5120.13,data_drift,2024-03,4911.942730288956
ID0000670,2024-04-05,3,15,12070.0,50,4,1,1.105,1.309,1.4,0.916,23,7804.14,data_drift,2024-04,7271.267534817163
ID0000671,2024-12-28,3,20,4407.0,72,4,2,1.255,1.618,1.4,0.91,4,8031.55,data_drift,2024-12,7774.560388626263
ID0000672,2024-06-12,0,14,2914.0,27,1,2,1.263,0.85,1.2,0.191,30,5305.18,data_drift,2024-06,5510.021254947248
ID0000673,2024-11-25,4,16,23692.0,77,0,0,0.998,1.365,3.2,0.623,23,8265.47,data_drift,2024-11,8966.814929754688
ID0000674,2024-11-10,2,8,18737.0,42,2,2,1.124,1.038,1.8,0.473,3,6499.86,data_drift,2024-11,6825.51738924036
ID0000675,2024-03-06,1,16,3492.0,29,3,2,1.261,1.264,1.8,0.681,15,8718.2,data_drift,2024-03,7641.32510491097
ID0000676,2024-04-14,4,25,9496.0,26,1,1,0.916,1.312,1.4,0.79,30,7520.43,data_drift,2024-04,7065.252455250385
ID0000677,2024-07-06,0,25,3967.0,39,2,2,1.479,1.438,1.4,0.927,3,6619.28,data_drift,2024-07,6514.978463452158
ID0000678,2024-08-22,2,13,24294.0,51,4,2,1.333,1.926,1.1,0.99,6,7385.2,data_drift,2024-08,6941.087864935263
ID0000679,2024-06-27,1,25,3929.0,60,2,1,1.047,1.306,1.8,0.732,23,7731.81,data_drift,2024-06,7485.459151847385
ID0000680,2024-07-24,3,9,25257.0,25,2,2,1.519,1.533,1.4,0.923,8,7748.1,data_drift,2024-07,6735.012365831317
ID0000681,2024-10-20,3,17,11513.0,34,0,2,1.518,1.319,0.4,0.946,16,4644.18,data_drift,2024-10,4609.110159390091
ID0000682,2024-05-27,4,18,7085.0,69,3,2,1.028,1.285,1.0,0.69,22,6420.2,data_drift,2024-05,6676.876150101743
ID0000683,2024-10-27,3,10,10585.0,41,2,1,0.912,1.364,1.4,0.858,12,6409.18,data_drift,2024-10,6436.33503607873
ID0000684,2024-04-06,3,24,9306.0,53,2,2,1.338,1.682,0.4,0.992,7,5913.83,data_drift,2024-04,5413.844577937361
ID0000685,2024-10-17,0,19,4855.0,54,3,1,1.072,1.139,1.8,0.373,30,8059.23,data_drift,2024-10,7185.919137330457
ID0000686,2024-06-03,3,21,8613.0,65,0,1,0.978,1.716,0.4,0.959,17,4822.11,data_drift,2024-06,4285.4069674185885
ID0000687,2024-03-22,4,5,42777.0,18,0,2,1.242,1.448,1.4,0.788,30,7656.17,data_drift,2024-03,7260.104515206808
ID0000688,2024-01-28,4,12,29935.0,24,4,2,1.317,1.433,1.4,0.87,5,8331.35,data_drift,2024-01,8235.639880818853
ID0000689,2024-06-13,4,15,18672.0,41,0,2,1.211,1.355,1.2,0.506,22,5682.88,data_drift,2024-06,5951.391012220524
ID0000690,2024-02-04,0,12,18819.0,24,2,0,0.8,1.236,1.8,0.492,2,6816.29,data_drift,2024-02,7512.1805284104275
ID0000691,2024-12-11,2,10,15339.0,33,0,1,0.884,1.217,1.0,0.744,15,5573.41,data_drift,2024-12,4883.051442931748
ID0000692,2024-10-21,4,4,33332.0,50,1,2,1.244,1.19,1.0,0.609,6,5176.08,data_drift,2024-10,5128.686677240375
ID0000693,2024-02-09,2,12,14689.0,37,2,2,1.495,1.162,1.8,0.707,5,7135.5,data_drift,2024-02,6918.872745718572
ID0000694,2024-02-27,4,8,41099.0,51,2,2,0.915,1.496,1.4,0.959,5,7049.67,data_drift,2024-02,6442.911234587537
ID0000695,2024-11-16,3,16,24658.0,28,2,2,1.386,1.3,1.8,0.697,23,7820.4,data_drift,2024-11,7848.271935093379
ID0000696,2024-04-26,3,15,15723.0,54,0,1,1.058,1.811,0.4,0.994,18,4658.15,data_drift,2024-04,4699.884841474793
ID0000697,2024-10-19,4,23,15580.0,24,2,0,1.044,1.193,3.2,0.668,15,10196.69,data_drift,2024-10,10353.347299971276
ID0000698,2024-06-06,0,23,8532.0,59,3,1,1.2,1.356,1.8,0.411,8,7622.13,data_drift,2024-06,7399.592743784031
ID0000699,2024-07-02,3,16,5358.0,36,3,1,1.145,1.395,1.8,0.799,23,7454.81,data_drift,2024-07,8510.3291045271
ID0000700,2024-10-12,3,8,19149.0,49,0,0,1.116,1.446,1.4,0.952,3,5731.15,data_drift,2024-10,5205.630002226211
ID0000701,2024-10-27,2,14,10911.0,49,4,2,1.174,1.349,1.4,0.686,30,7985.47,data_drift,2024-10,7592.189601182992
ID0000702,2024-09-21,4,22,11394.0,71,3,2,1.453,1.303,1.4,0.703,4,6633.67,data_drift,2024-09,6926.286121833333
ID0000703,2024-06-19,3,4,39118.0,27,0,2,1.381,1.343,1.8,0.672,5,6788.04,data_drift,2024-06,6440.911465633106
ID0000704,2024-06-06,1,10,10295.0,54,0,2,1.315,1.351,3.2,0.823,2,9223.41,data_drift,2024-06,8737.1284969652
ID0000705,2024-04-26,2,13,24275.0,34,2,2,1.577,1.692,1.4,0.856,3,6947.96,data_drift,2024-04,6983.658925657302
ID0000706,2024-09-28,3,16,27603.0,60,1,0,0.955,1.04,1.8,0.381,0,6379.11,data_drift,2024-09,6057.06585575878
ID0000707,2024-11-25,1,8,8111.0,63,3,1,1.192,1.249,1.8,0.788,3,7751.89,data_drift,2024-11,7142.962504391738
ID0000708,2024-04-06,3,16,12256.0,36,3,2,1.325,1.384,1.8,0.744,2,8063.27,data_drift,2024-04,7884.723926008326
ID0000709,2024-03-05,2,6,33792.0,29,2,2,1.35,1.534,1.4,0.886,4,7111.67,data_drift,2024-03,6556.550276984818
ID0000710,2024-10-23,2,20,8431.0,54,3,2,1.177,1.361,1.4,0.598,4,6930.78,data_drift,2024-10,7203.108740177277
ID0000711,2024-03-17,4,16,14946.0,76,1,1,1.189,1.272,1.8,0.346,15,6437.45,data_drift,2024-03,6380.136330895583
ID0000712,2024-01-10,3,13,9711.0,23,2,2,1.669,1.07,1.8,0.488,7,8470.25,data_drift,2024-01,7630.866670215764
ID0000713,2024-12-20,2,25,10851.0,53,4,2,1.284,0.913,1.2,0.403,1,5863.92,data_drift,2024-12,6345.535603394929
ID0000714,2024-04-11,2,17,8812.0,65,2,2,1.253,1.475,3.2,0.682,16,10180.02,data_drift,2024-04,10151.551340958
ID0000715,2024-01-19,2,21,3066.0,58,0,1,1.049,1.084,1.8,0.354,0,6751.98,data_drift,2024-01,5992.4192335699745
ID0000716,2024-04-25,3,8,13782.0,54,2,1,1.111,1.368,1.8,0.625,2,7154.15,data_drift,2024-04,6827.132937045642
ID0000717,2024-04-26,2,18,14618.0,53,1,2,1.502,1.227,1.8,0.467,1,7577.05,data_drift,2024-04,6517.527175322776
ID0000718,2024-05-27,3,18,17420.0,27,0,1,1.052,1.467,1.1,0.892,17,5922.25,data_drift,2024-05,5597.385669268715
ID0000719,2024-10-08,2,21,9450.0,73,2,2,1.117,1.176,1.8,0.576,15,7059.16,data_drift,2024-10,7131.7547107339415
ID0000720,2024-02-16,1,13,8418.0,79,2,2,1.216,1.325,3.2,0.915,16,10708.87,data_drift,2024-02,9685.60471665084
ID0000721,2024-10-25,3,14,9330.0,30,2,2,1.586,0.933,1.2,0.296,14,5485.25,data_drift,2024-10,5756.446508492164
ID0000722,2024-11-03,2,14,5022.0,28,1,2,1.139,1.15,1.2,0.566,3,5541.73,data_drift,2024-11,5951.20417584323
ID0000723,2024-06-11,4,16,16842.0,49,0,2,1.285,1.532,0.4,0.948,7,4641.1,data_drift,2024-06,4499.66736673176
ID0000724,2024-05-07,0,19,3040.0,65,1,1,1.269,1.344,1.4,0.937,8,6352.16,data_drift,2024-05,6057.515759825866
ID0000725,2024-12-11,0,10,17122.0,33,0,2,1.186,1.882,1.1,0.941,25,6317.0,data_drift,2024-12,6045.3466702578935
ID0000726,2024-07-12,2,5,11218.0,32,4,2,1.169,1.472,1.8,0.818,6,8275.82,data_drift,2024-07,7813.133867385863
ID0000727,2024-09-25,2,10,9240.0,66,2,2,1.373,1.177,1.8,0.44,7,7047.74,data_drift,2024-09,6860.725419936372
ID0000728,2024-02-19,2,14,8703.0,56,2,2,1.227,1.131,1.8,0.76,30,8047.24,data_drift,2024-02,7790.072247779603
ID0000729,2024-07-23,3,16,10855.0,61,2,2,1.136,1.637,0.4,0.963,17,4892.11,data_drift,2024-07,5353.9046185348
ID0000730,2024-06-27,4,9,32466.0,21,2,2,1.246,1.145,1.8,0.391,0,7034.75,data_drift,2024-06,7504.095172961664
ID0000731,2024-06-18,3,20,8892.0,56,0,2,1.101,1.308,1.8,0.487,3,6205.66,data_drift,2024-06,6631.213646802576
ID0000732,2024-05-23,1,17,7399.0,68,1,2,1.224,1.212,1.4,0.583,15,6710.12,data_drift,2024-05,6151.897289574493
ID0000733,2024-04-10,4,13,18087.0,63,1,2,1.336,1.221,1.8,0.622,11,6593.46,data_drift,2024-04,6802.233505986179
ID0000734,2024-01-12,4,9,32124.0,67,2,2,1.293,1.399,1.4,0.84,7,6778.81,data_drift,2024-01,6283.509564082509
ID0000735,2024-02-25,1,3,7361.0,20,3,2,1.324,1.737,1.4,0.976,7,8528.65,data_drift,2024-02,7698.205291299155
ID0000736,2024-07-16,2,5,22817.0,27,1,2,1.037,1.41,1.0,0.803,3,5899.01,data_drift,2024-07,5471.912420888784
ID0000737,2024-11-09,2,11,32113.0,56,3,1,0.957,1.625,0.4,0.889,8,5428.88,data_drift,2024-11,5082.575387551961
ID0000738,2024-09-19,3,23,3817.0,60,0,2,1.298,1.35,1.8,0.792,12,6604.72,data_drift,2024-09,6884.263728768995
ID0000739,2024-11-18,3,25,3977.0,28,1,1,0.996,1.481,0.4,0.917,17,4900.46,data_drift,2024-11,4996.416606397118
ID0000740,2024-10-20,3,16,6135.0,58,4,2,1.216,1.141,1.8,0.588,4,8577.83,data_drift,2024-10,7714.401307750605
ID0000741,2024-10-10,1,6,18289.0,44,2,2,1.337,1.309,3.2,0.771,3,10016.68,data_drift,2024-10,9787.96875245866
ID0000742,2024-09-16,3,22,13055.0,65,1,2,1.075,1.19,1.8,0.624,22,6333.58,data_drift,2024-09,7080.142856689743
ID0000743,2024-12-13,1,2,28344.0,60,0,2,1.369,1.378,3.2,0.855,30,8949.83,data_drift,2024-12,9196.465337385791
ID0000744,2024-10-14,3,0,39822.0,37,1,2,1.13,1.163,1.8,0.546,4,6890.12,data_drift,2024-10,6427.847683011203
ID0000745,2024-09-01,1,18,6548.0,56,2,1,1.041,1.205,1.8,0.517,3,6459.58,data_drift,2024-09,6821.527040979892
ID0000746,2024-08-08,2,19,27415.0,25,2,2,1.279,1.622,0.4,0.918,8,5407.73,data_drift,2024-08,5727.600807873594
ID0000747,2024-07-27,1,1,24272.0,69,2,2,1.385,1.09,1.8,0.461,4,6140.27,data_drift,2024-07,6535.4318337842415
ID0000748,2024-09-05,2,10,20804.0,62,1,1,1.312,1.321,1.8,0.825,6,7037.3,data_drift,2024-09,6497.349107734023
ID0000749,2024-05-22,2,17,11221.0,49,0,2,1.426,0.993,1.2,0.5,15,5041.03,data_drift,2024-05,5382.738798844676
ID0000750,2024-05-23,4,16,38685.0,45,3,0,0.986,1.511,0.4,0.866,24,4565.93,data_drift,2024-05,5281.627047397968
ID0000751,2024-12-16,4,16,21516.0,23,0,2,1.482,1.332,1.4,0.918,23,7863.46,data_drift,2024-12,7515.6714614101675
ID0000752,2024-06-03,1,5,12169.0,70,3,0,0.876,1.209,1.2,0.332,2,5633.72,data_drift,2024-06,5441.397920856736
ID0000753,2024-04-26,1,0,9424.0,35,1,1,1.006,1.464,1.4,0.558,16,5622.73,data_drift,2024-04,6085.033582461572
ID0000754,2024-05-14,2,20,6008.0,37,3,1,0.943,1.429,1.4,0.948,9,7047.93,data_drift,2024-05,6872.437539831805
ID0000755,2024-04-04,1,19,5422.0,51,2,1,1.107,1.137,1.2,0.39,14,6397.56,data_drift,2024-04,5698.613449432568
ID0000756,2024-08-23,2,15,13148.0,39,2,1,1.091,1.241,3.2,0.798,5,9750.62,data_drift,2024-08,9749.605748732762
ID0000757,2024-03-14,4,10,16814.0,71,2,2,1.142,1.49,1.4,0.764,9,7959.47,data_drift,2024-03,6647.088748111143
ID0000758,2024-05-07,3,17,10047.0,25,0,1,1.374,1.309,1.4,0.54,3,6026.69,data_drift,2024-05,5818.354905388124
ID0000759,2024-04-08,2,10,26585.0,27,1,1,0.891,1.524,1.4,0.804,3,6685.21,data_drift,2024-04,6232.237081625434
ID0000760,2024-07-01,2,25,9424.0,41,2,1,1.04,1.405,1.8,0.793,23,7480.06,data_drift,2024-07,7915.174225317632
ID0000761,2024-11-24,2,24,4100.0,47,4,2,1.619,1.154,1.8,0.593,11,8218.28,data_drift,2024-11,7569.468996225205
ID0000762,2024-11-01,0,25,2500.0,51,4,1,1.042,1.657,0.4,0.925,4,6117.68,data_drift,2024-11,5670.312657528114
ID0000763,2024-02-09,4,7,39082.0,21,4,0,1.055,0.896,1.2,0.463,15,7167.01,data_drift,2024-02,6620.870252907058
ID0000764,2024-08-10,3,16,20156.0,30,0,1,1.107,1.424,1.4,0.683,2,6158.0,data_drift,2024-08,5903.794977980129
ID0000765,2024-06-01,1,20,4625.0,25,1,2,1.368,1.32,1.8,0.848,16,7858.37,data_drift,2024-06,7184.626744750364
ID0000766,2024-07-03,4,6,55372.0,37,2,2,1.256,1.209,1.8,0.72,30,6528.48,data_drift,2024-07,7541.774526933697
ID0000767,2024-02-20,3,15,13549.0,54,3,1,1.03,1.125,1.8,0.605,15,7298.74,data_drift,2024-02,7165.15833871586
ID0000768,2024-06-07,2,17,9631.0,64,2,0,0.863,1.256,3.2,0.741,2,9876.92,data_drift,2024-06,9149.227857028656
ID0000769,2024-06-21,4,7,31347.0,19,2,2,1.35,1.2,1.2,0.562,22,6883.35,data_drift,2024-06,6960.907141811205
ID0000770,2024-09-16,3,8,19833.0,78,1,2,1.221,1.196,1.8,0.615,30,6186.01,data_drift,2024-09,6744.06366747073
ID0000771,2024-11-26,2,16,13251.0,37,1,2,1.227,1.295,1.8,0.668,22,7832.04,data_drift,2024-11,7215.398696124556
ID0000772,2024-09-11,3,15,17444.0,18,0,1,1.048,1.663,0.4,0.987,6,5288.16,data_drift,2024-09,5145.583816891554
ID0000773,2024-05-22,1,8,5919.0,27,0,1,1.031,1.06,1.8,0.539,1,6459.16,data_drift,2024-05,5962.666949714705
ID0000774,2024-11-28,3,15,11457.0,57,0,1,0.985,1.142,1.8,0.704,11,6116.22,data_drift,2024-11,6302.653881375909
ID0000775,2024-01-05,2,15,11171.0,19,2,2,1.255,1.114,1.8,0.713,8,8159.99,data_drift,2024-01,8129.191017043449
ID0000776,2024-04-25,1,25,2500.0,39,2,1,1.026,1.25,3.2,0.731,1,10002.36,data_drift,2024-04,9551.186333715932
ID0000777,2024-02-12,3,18,9227.0,33,0,2,1.336,1.149,1.8,0.759,2,7132.23,data_drift,2024-02,6830.325365373446
ID0000778,2024-06-02,1,11,13526.0,39,3,0,0.983,1.541,1.4,0.779,16,6034.66,data_drift,2024-06,6506.542668668584
ID0000779,2024-05-02,1,25,3524.0,53,1,1,1.145,0.85,1.2,0.222,14,5701.65,data_drift,2024-05,4950.3034711472465
ID0000780,2024-08-27,2,17,12246.0,49,3,2,1.145,1.45,1.8,0.815,5,7658.53,data_drift,2024-08,7866.904314340872
ID0000781,2024-02-24,3,2,17168.0,26,2,2,1.436,1.439,3.2,0.526,4,9478.72,data_drift,2024-02,10099.397834800153
ID0000782,2024-10-11,1,25,2500.0,23,4,2,1.18,1.573,0.4,0.922,13,6980.11,data_drift,2024-10,7162.32706483387
ID0000783,2024-10-05,2,13,13437.0,41,0,2,1.234,1.394,1.8,0.594,30,7153.68,data_drift,2024-10,7032.780034837426
ID0000784,2024-07-13,2,21,6730.0,75,1,2,1.351,1.561,0.4,0.914,13,5280.34,data_drift,2024-07,5248.75179667035
ID0000785,2024-04-12,3,16,9299.0,42,3,2,1.651,1.517,3.2,0.659,2,10864.86,data_drift,2024-04,10326.72459234145
ID0000786,2024-03-15,4,19,15979.0,67,0,2,1.408,1.375,3.2,0.806,4,9518.58,data_drift,2024-03,9342.28113355633
ID0000787,2024-12-24,3,0,170384.0,39,4,2,1.586,1.165,1.8,0.633,22,7798.49,data_drift,2024-12,7360.344393527054
ID0000788,2024-09-25,1,3,23323.0,78,3,1,1.222,1.216,1.0,0.578,6,5153.18,data_drift,2024-09,5355.901817056474
ID0000789,2024-09-10,3,0,21733.0,56,4,1,1.015,1.497,1.4,0.906,17,7089.93,data_drift,2024-09,6496.4698793044045
ID0000790,2024-02-21,2,20,7283.0,27,0,2,1.374,1.609,0.4,0.974,9,5033.46,data_drift,2024-02,4934.126651651044
ID0000791,2024-01-20,1,7,10169.0,63,2,2,1.4,1.416,3.2,0.819,2,11067.72,data_drift,2024-01,9591.294887463839
ID0000792,2024-06-25,4,6,93713.0,74,0,2,1.091,1.586,1.4,0.865,5,6134.52,data_drift,2024-06,5642.787347963342
ID0000793,2024-03-04,4,22,7077.0,21,3,1,1.026,1.476,0.4,0.878,3,5733.26,data_drift,2024-03,5938.460539631431
ID0000794,2024-12-06,3,18,7606.0,57,1,2,1.381,1.606,1.4,0.945,7,7466.93,data_drift,2024-12,6619.143910180631
ID0000795,2024-03-04,1,4,10710.0,21,0,2,1.337,1.548,1.4,0.912,5,6440.02,data_drift,2024-03,6346.193506512057
ID0000796,2024-11-02,3,22,8463.0,56,0,2,1.288,1.049,1.2,0.394,0,5524.68,data_drift,2024-11,5185.288868874539
ID0000797,2024-05-22,3,16,12211.0,56,2,2,1.278,1.321,1.8,0.582,1,6378.8,data_drift,2024-05,7260.081468205823
ID0000798,2024-11-12,2,16,15023.0,63,0,2,1.371,1.568,1.4,0.901,3,7022.23,data_drift,2024-11,6203.985480022687
ID0000799,2024-05-22,4,17,20911.0,58,3,0,0.817,1.226,1.8,0.701,30,7679.21,data_drift,2024-05,7409.903761847587
ID0000800,2024-03-27,0,9,7388.0,71,0,0,0.942,1.301,1.4,0.738,30,5613.22,data_drift,2024-03,5396.248802079584
ID0000801,2024-04-21,2,11,22685.0,23,2,2,1.319,0.855,1.2,0.206,14,5670.87,data_drift,2024-04,6295.020693214327
ID0000802,2024-01-19,2,19,12401.0,68,2,2,1.465,1.393,1.4,0.937,30,6712.42,data_drift,2024-01,7256.6378748823945
ID0000803,2024-11-20,4,0,31746.0,49,0,2,1.159,1.293,1.4,0.719,9,5338.93,data_drift,2024-11,5508.83453223472
ID0000804,2024-02-02,1,17,6781.0,33,2,1,1.068,1.444,1.8,0.779,8,7385.18,data_drift,2024-02,7347.741455828588
ID0000805,2024-10-12,0,10,5376.0,76,2,1,1.089,0.973,1.2,0.442,7,4838.51,data_drift,2024-10,5124.62296160299
ID0000806,2024-10-24,2,25,6372.0,63,0,2,1.203,1.631,0.4,0.976,17,5625.55,data_drift,2024-10,4683.444579918372
ID0000807,2024-09-23,1,19,6146.0,21,2,2,1.382,1.49,1.0,0.886,3,7638.11,data_drift,2024-09,6826.550271372839
ID0000808,2024-12-22,0,16,3289.0,26,2,2,1.412,1.367,1.8,0.64,6,7301.43,data_drift,2024-12,7561.226513185292
ID0000809,2024-09-12,4,22,9440.0,68,2,2,1.068,1.272,1.8,0.537,4,8037.49,data_drift,2024-09,7234.237934251576
ID0000810,2024-12-03,4,14,26997.0,53,1,2,1.327,0.854,1.2,0.17,21,4339.05,data_drift,2024-12,5182.180349583719
ID0000811,2024-06-03,1,10,31134.0,52,1,2,1.253,1.311,1.4,0.844,23,5988.67,data_drift,2024-06,6484.6702214478755
ID0000812,2024-06-16,4,18,14158.0,44,2,2,1.258,1.368,1.0,0.886,12,6071.39,data_drift,2024-06,6284.39403223712
ID0000813,2024-09-18,4,12,16811.0,44,0,0,1.024,1.254,1.8,0.689,11,6696.43,data_drift,2024-09,6032.86103639399
ID0000814,2024-09-04,1,11,9691.0,50,2,2,1.173,1.293,1.2,0.692,7,5937.98,data_drift,2024-09,6231.335596139025
ID0000815,2024-10-02,1,10,11325.0,47,2,2,1.428,1.359,3.2,0.521,30,10316.05,data_drift,2024-10,10224.04102143595
ID0000816,2024-10-14,1,10,8623.0,45,3,0,0.916,1.485,3.2,0.963,30,10505.98,data_drift,2024-10,10236.317437944434
ID0000817,2024-05-07,2,20,8246.0,76,0,2,1.495,1.211,1.4,0.557,1,5700.91,data_drift,2024-05,5440.925694863606
ID0000818,2024-01-14,4,19,10332.0,57,2,1,0.956,1.38,1.0,0.83,6,6097.5,data_drift,2024-01,5736.379133223937
ID0000819,2024-05-27,3,18,4471.0,61,3,2,0.912,0.893,1.2,0.322,10,6764.4,data_drift,2024-05,6045.188317987724
ID0000820,2024-07-18,2,13,15182.0,28,4,0,1.154,0.972,1.2,0.294,3,5707.81,data_drift,2024-07,5980.603525576387
ID0000821,2024-11-24,3,21,13477.0,39,1,2,1.483,1.557,3.2,0.77,4,9266.87,data_drift,2024-11,9968.838720914482
ID0000822,2024-10-15,1,23,4395.0,45,4,1,1.092,1.007,1.2,0.269,0,5814.7,data_drift,2024-10,6266.820420250775
ID0000823,2024-06-10,1,17,8819.0,71,0,2,1.361,1.147,1.8,0.577,6,6343.86,data_drift,2024-06,6395.128255592459
ID0000824,2024-05-27,2,11,9283.0,68,3,1,1.028,1.647,1.4,0.897,3,6387.38,data_drift,2024-05,6728.060766367431
ID0000825,2024-02-06,3,8,35500.0,77,3,2,1.401,1.221,1.8,0.803,30,7184.85,data_drift,2024-02,7620.675680392394
ID0000826,2024-06-13,2,1,22094.0,65,2,1,0.961,1.476,3.2,0.788,7,8776.68,data_drift,2024-06,9329.474100443484
ID0000827,2024-07-13,2,12,23439.0,31,4,1,1.077,1.119,1.8,0.376,3,7005.59,data_drift,2024-07,7196.482787523271
ID0000828,2024-01-09,4,13,15401.0,62,1,2,1.378,1.432,1.4,0.821,7,5384.46,data_drift,2024-01,6420.379813521766
ID0000829,2024-03-04,3,18,13460.0,36,0,2,1.31,1.593,1.4,0.921,24,6460.86,data_drift,2024-03,6914.394249835328
ID0000830,2024-03-28,2,18,6878.0,65,1,2,1.173,1.269,1.8,0.577,4,6949.51,data_drift,2024-03,6881.072703319922
ID0000831,2024-11-21,3,12,18535.0,20,2,2,1.476,1.18,1.8,0.788,2,8375.18,data_drift,2024-11,8067.282726489228
ID0000832,2024-02-07,3,15,12663.0,46,1,2,1.355,1.445,1.0,0.903,5,6240.34,data_drift,2024-02,5827.412250387817
ID0000833,2024-10-07,3,4,25223.0,53,4,0,1.02,1.682,1.4,0.986,13,6296.72,data_drift,2024-10,6519.6971022554635
ID0000834,2024-06-09,3,0,66852.0,66,0,2,1.149,1.308,1.0,0.489,1,4727.06,data_drift,2024-06,4410.239988558225
ID0000835,2024-04-28,3,7,25133.0,33,1,2,1.234,1.327,1.8,0.846,30,7755.35,data_drift,2024-04,7224.131652110602
ID0000836,2024-12-21,4,15,18460.0,55,1,2,1.33,1.465,1.4,0.878,6,6771.2,data_drift,2024-12,6595.6955578178695
ID0000837,2024-03-01,1,9,7604.0,51,1,2,1.282,1.325,1.4,0.893,6,6640.23,data_drift,2024-03,6173.139956980628
ID0000838,2024-08-25,1,10,10620.0,78,4,2,1.374,1.241,1.8,0.595,11,7776.73,data_drift,2024-08,7705.684237504856
ID0000839,2024-12-13,2,2,29985.0,46,3,1,1.017,1.354,1.4,0.758,4,6746.11,data_drift,2024-12,6448.510411572983
ID0000840,2024-07-08,2,12,6643.0,36,2,2,1.422,1.393,1.4,0.895,9,7062.19,data_drift,2024-07,6875.720985428006
ID0000841,2024-11-15,4,14,33630.0,79,4,0,1.083,1.38,3.2,0.902,5,10258.32,data_drift,2024-11,10466.537168113171
ID0000842,2024-04-15,3,25,5904.0,56,2,2,1.284,1.211,1.8,0.499,15,7277.32,data_drift,2024-04,7254.266633642888
ID0000843,2024-01-05,4,22,13813.0,22,2,2,1.35,1.203,1.8,0.36,6,7867.29,data_drift,2024-01,7910.282498909114
ID0000844,2024-02-24,2,11,8582.0,71,1,2,1.248,1.12,1.8,0.284,5,5382.51,data_drift,2024-02,6262.223542909346
ID0000845,2024-05-15,2,5,16793.0,28,1,1,0.896,1.578,1.0,0.917,3,5870.07,data_drift,2024-05,5364.917748523902
ID0000846,2024-06-19,3,17,10514.0,62,0,2,1.241,1.078,1.2,0.682,15,6020.62,data_drift,2024-06,5329.776383994942
ID0000847,2024-02-20,4,4,40520.0,58,3,2,1.608,0.985,1.2,0.178,5,6211.29,data_drift,2024-02,5858.715488773119
ID0000848,2024-06-06,3,8,23718.0,77,2,2,1.524,1.345,1.4,0.831,7,6124.6,data_drift,2024-06,6392.641427265131
ID0000849,2024-05-27,1,18,11231.0,45,3,2,1.325,1.212,3.2,0.712,2,10140.95,data_drift,2024-05,9838.72876290831
ID0000850,2024-04-19,4,19,13605.0,48,1,2,1.443,1.753,1.1,0.944,30,6471.67,data_drift,2024-04,6834.8990941829115
ID0000851,2024-12-27,3,21,20419.0,78,4,2,1.299,1.483,1.0,0.893,5,7321.48,data_drift,2024-12,6872.8838266461835
ID0000852,2024-01-03,2,22,5313.0,55,4,2,1.619,1.565,1.4,0.949,24,8071.17,data_drift,2024-01,8319.380613457153
ID0000853,2024-04-01,3,16,11320.0,33,2,2,1.275,1.3,1.4,0.955,23,7356.22,data_drift,2024-04,7206.158319226384
ID0000854,2024-12-03,2,5,15512.0,71,3,2,1.119,1.428,1.0,0.814,2,6110.9,data_drift,2024-12,6004.124620545206
ID0000855,2024-03-03,1,21,3617.0,72,3,2,1.233,1.659,1.4,0.967,10,6937.88,data_drift,2024-03,7579.149289251411
ID0000856,2024-08-20,3,6,55231.0,19,2,2,1.269,1.658,0.4,0.927,4,6258.89,data_drift,2024-08,6076.927216546211
ID0000857,2024-11-10,2,16,5621.0,52,1,2,1.551,1.222,1.8,0.635,11,6554.16,data_drift,2024-11,6763.0573872192645
ID0000858,2024-07-12,2,17,11967.0,56,2,2,1.357,1.436,1.8,0.701,2,7872.0,data_drift,2024-07,7232.737639657941
ID0000859,2024-03-22,1,25,5424.0,48,2,2,1.427,1.554,1.4,0.948,4,6579.84,data_drift,2024-03,6636.00788729393
ID0000860,2024-07-16,1,21,7460.0,72,4,1,1.177,1.392,1.4,0.897,3,7625.78,data_drift,2024-07,7213.880366432656
ID0000861,2024-12-12,2,10,23204.0,21,1,2,1.463,1.571,1.4,0.833,24,8343.4,data_drift,2024-12,7821.089366733112
ID0000862,2024-08-26,1,7,13866.0,39,0,2,1.356,1.028,1.2,0.495,5,4861.76,data_drift,2024-08,5040.640943264954
ID0000863,2024-07-01,4,12,30443.0,30,0,2,1.43,1.564,0.4,0.986,3,4592.06,data_drift,2024-07,4694.330827843777
ID0000864,2024-08-14,4,19,8339.0,69,0,1,0.978,1.689,1.4,0.902,30,6462.83,data_drift,2024-08,6646.445232542313
ID0000865,2024-04-09,4,22,15837.0,46,3,1,1.235,1.109,1.8,0.456,5,7473.59,data_drift,2024-04,7024.199863416714
ID0000866,2024-08-25,1,2,10179.0,67,0,2,1.391,1.35,3.2,0.84,2,8071.87,data_drift,2024-08,8452.880717180104
ID0000867,2024-01-27,2,16,9881.0,40,0,2,1.376,1.398,3.2,0.805,23,8797.08,data_drift,2024-01,10167.392415708397
ID0000868,2024-04-17,2,18,7969.0,38,2,2,0.998,1.352,1.8,0.777,12,7611.9,data_drift,2024-04,7738.346873793388
ID0000869,2024-04-18,1,6,11763.0,23,2,2,1.408,1.187,1.8,0.616,8,8352.18,data_drift,2024-04,7996.095968358508
ID0000870,2024-02-03,3,11,10727.0,70,2,2,1.176,1.072,1.8,0.717,30,6801.27,data_drift,2024-02,7135.298435838681
ID0000871,2024-09-12,3,22,6877.0,63,2,2,1.432,1.72,1.4,0.95,24,7632.04,data_drift,2024-09,7545.394643949756
ID0000872,2024-07-02,1,18,6030.0,39,1,2,1.408,1.324,3.2,0.742,7,9616.61,data_drift,2024-07,9854.381322335197
ID0000873,2024-09-27,3,11,23512.0,79,1,1,0.966,1.126,1.2,0.314,0,5020.47,data_drift,2024-09,4804.420025992259
ID0000874,2024-10-12,2,10,17946.0,57,3,1,1.009,1.279,1.8,0.892,3,6268.11,data_drift,2024-10,7276.3405578450975
ID0000875,2024-10-24,1,17,6286.0,66,1,2,1.663,1.231,1.8,0.641,22,7441.51,data_drift,2024-10,6969.721264473785
ID0000876,2024-06-09,3,14,7405.0,54,0,2,1.327,1.04,1.2,0.316,3,5109.07,data_drift,2024-06,4961.28889520182
ID0000877,2024-01-15,1,14,9590.0,55,2,1,1.358,1.536,3.2,0.913,17,11477.66,data_drift,2024-01,9847.440930556992
ID0000878,2024-07-20,2,12,20591.0,44,2,2,1.03,1.353,0.4,0.867,30,5349.76,data_drift,2024-07,5417.999488766165
ID0000879,2024-01-28,2,14,17836.0,43,1,2,1.194,1.095,1.8,0.664,11,6388.85,data_drift,2024-01,6928.339704480642
ID0000880,2024-01-19,3,25,4110.0,22,3,2,1.434,1.232,3.2,0.743,15,13102.64,data_drift,2024-01,11018.8597032901
ID0000881,2024-10-20,3,10,32576.0,20,3,1,1.062,1.535,1.4,0.978,8,7546.17,data_drift,2024-10,7508.779725042864
ID0000882,2024-07-03,2,18,8623.0,41,0,2,1.429,1.34,1.8,0.522,5,7436.93,data_drift,2024-07,6746.504914659453
ID0000883,2024-01-16,3,7,33939.0,52,3,2,1.548,1.337,1.8,0.705,9,8180.72,data_drift,2024-01,7514.107989503264
ID0000884,2024-04-03,3,21,6532.0,75,2,2,1.453,1.195,1.4,0.793,11,6122.55,data_drift,2024-04,6655.638140295136
ID0000885,2024-09-11,3,21,8715.0,39,2,2,1.657,1.378,1.0,0.786,23,6214.97,data_drift,2024-09,6928.827860516896
ID0000886,2024-10-19,2,6,30816.0,55,0,2,1.294,1.927,1.1,0.985,5,6022.97,data_drift,2024-10,5161.274246508667
ID0000887,2024-06-20,1,9,13822.0,67,2,2,1.25,1.021,1.8,0.431,22,6002.64,data_drift,2024-06,6769.506689733515
ID0000888,2024-01-25,0,10,31126.0,22,1,0,1.012,1.656,1.1,0.956,30,6104.49,data_drift,2024-01,6533.682141136838
ID0000889,2024-06-11,1,3,7985.0,30,2,2,1.293,0.994,1.8,0.462,5,6234.85,data_drift,2024-06,6723.137140038627
ID0000890,2024-03-10,4,13,14466.0,32,1,1,0.973,1.543,1.4,0.965,3,6410.4,data_drift,2024-03,6098.43695966822
ID0000891,2024-11-19,1,6,17929.0,52,2,1,1.071,1.087,1.8,0.49,4,5487.79,data_drift,2024-11,6358.297528008218
ID0000892,2024-10-04,3,7,53629.0,23,1,2,1.51,1.53,1.4,0.971,3,8852.48,data_drift,2024-10,7311.802668647388
ID0000893,2024-05-05,4,11,25735.0,77,4,1,1.108,1.199,1.8,0.538,3,7076.27,data_drift,2024-05,7205.645389125663
ID0000894,2024-01-08,1,19,5061.0,49,3,2,1.263,1.501,1.4,0.82,6,7478.79,data_drift,2024-01,7536.603562185618
ID0000895,2024-02-10,3,4,36313.0,75,1,2,1.365,1.085,1.8,0.225,10,5892.92,data_drift,2024-02,6018.029860354424
ID0000896,2024-04-01,3,11,10726.0,71,1,1,1.048,1.132,1.8,0.587,2,6087.68,data_drift,2024-04,6108.637135543971
ID0000897,2024-07-12,3,25,4996.0,46,3,2,1.358,1.607,1.4,0.9,17,8460.08,data_drift,2024-07,7366.8677616992
ID0000898,2024-07-14,1,16,13963.0,43,2,0,0.839,1.228,1.4,0.884,12,7065.01,data_drift,2024-07,6164.18973322736
ID0000899,2024-11-27,2,22,4735.0,78,1,1,1.188,1.637,1.1,0.88,24,6002.76,data_drift,2024-11,6432.154927669232
ID0000900,2024-07-04,3,22,10498.0,25,2,2,1.52,1.48,1.4,0.839,4,6966.29,data_drift,2024-07,6919.763107426175
ID0000901,2024-11-16,2,3,24240.0,53,2,2,1.138,0.951,1.2,0.217,6,5427.06,data_drift,2024-11,5268.823475477058
ID0000902,2024-07-08,2,19,6909.0,25,4,1,1.082,1.265,1.4,0.738,16,7402.91,data_drift,2024-07,7319.056722541024
ID0000903,2024-04-23,4,10,50487.0,42,0,1,1.144,0.85,1.2,0.217,14,4166.91,data_drift,2024-04,4607.078166897372
ID0000904,2024-12-09,3,0,20033.0,55,2,2,1.421,1.4,1.4,0.722,16,5687.7,data_drift,2024-12,6232.763933293217
ID0000905,2024-07-16,4,6,10385.0,54,2,2,1.416,1.296,3.2,0.639,30,10330.86,data_drift,2024-07,9846.978957308243
ID0000906,2024-01-14,4,12,27066.0,71,1,1,0.943,1.16,3.2,0.77,4,9232.35,data_drift,2024-01,9154.033118856463
ID0000907,2024-12-13,0,15,6766.0,65,0,2,1.013,0.974,1.8,0.489,11,6489.03,data_drift,2024-12,6175.528214462277
ID0000908,2024-09-01,4,20,21522.0,74,2,2,1.345,1.337,1.0,0.457,15,5991.96,data_drift,2024-09,5946.44808955591
ID0000909,2024-07-18,3,17,10384.0,25,3,2,1.383,1.36,1.4,0.81,16,7182.49,data_drift,2024-07,7709.04132304862
ID0000910,2024-04-22,3,0,27686.0,79,1,2,1.47,1.702,1.4,0.9,30,7048.93,data_drift,2024-04,6365.935591675383
ID0000911,2024-10-22,1,11,18648.0,47,0,2,1.387,1.032,1.8,0.388,14,5222.02,data_drift,2024-10,6340.414320708765
ID0000912,2024-04-24,1,5,6883.0,49,2,0,1.003,1.381,1.4,0.783,23,5966.92,data_drift,2024-04,6396.443123489875
ID0000913,2024-06-12,1,0,34694.0,65,2,1,1.06,1.203,1.8,0.601,3,6885.03,data_drift,2024-06,6344.10838421229
ID0000914,2024-01-13,2,19,20146.0,57,2,2,1.47,1.487,1.8,0.527,3,7076.19,data_drift,2024-01,7297.2869803102885
ID0000915,2024-12-25,4,8,56554.0,33,4,2,1.309,1.515,0.4,0.954,24,6801.1,data_drift,2024-12,6436.644065586065
ID0000916,2024-03-27,2,25,7443.0,41,0,1,1.336,1.223,1.0,0.713,22,6238.09,data_drift,2024-03,5593.982933103317
ID0000917,2024-03-14,3,15,8873.0,25,2,2,1.263,1.349,1.8,0.655,2,7371.27,data_drift,2024-03,7551.991464975729
ID0000918,2024-11-13,2,5,50944.0,37,2,1,0.884,1.469,1.4,0.916,3,6410.1,data_drift,2024-11,6385.697908747394
ID0000919,2024-07-02,4,12,15352.0,35,3,2,1.222,1.481,1.4,0.901,4,7559.61,data_drift,2024-07,7117.259172737671
ID0000920,2024-11-21,0,5,14241.0,37,2,2,1.138,1.354,1.2,0.616,5,6189.37,data_drift,2024-11,6165.428419458959
ID0000921,2024-11-27,2,12,8234.0,70,2,2,1.377,1.246,1.8,0.666,30,7875.48,data_drift,2024-11,7343.413263468732
ID0000922,2024-12-14,2,6,30937.0,35,0,2,1.498,1.168,1.8,0.597,5,6521.63,data_drift,2024-12,6321.680039870761
ID0000923,2024-07-11,0,14,7778.0,79,0,2,1.49,1.261,3.2,0.572,3,7738.21,data_drift,2024-07,8586.970427963208
ID0000924,2024-07-06,2,16,9455.0,29,2,2,1.083,1.267,1.8,0.529,1,6774.28,data_drift,2024-07,7302.55601563052
ID0000925,2024-02-28,2,4,12563.0,28,0,2,1.312,1.291,3.2,0.83,30,8687.5,data_drift,2024-02,8997.061395879182
ID0000926,2024-02-20,3,20,7661.0,52,1,1,1.025,1.369,1.4,0.825,2,6578.08,data_drift,2024-02,6137.863279123512
ID0000927,2024-03-25,1,8,28039.0,61,1,2,1.262,1.286,1.8,0.615,30,7122.05,data_drift,2024-03,6893.451993636715
ID0000928,2024-01-22,2,16,10201.0,32,2,0,0.968,1.492,1.4,0.886,9,6546.4,data_drift,2024-01,6358.726824911084
ID0000929,2024-08-10,1,6,19433.0,52,4,1,1.127,1.386,1.8,0.752,8,8122.88,data_drift,2024-08,7443.511407181071
ID0000930,2024-04-08,3,17,4905.0,26,2,2,1.523,1.097,1.8,0.678,1,6982.95,data_drift,2024-04,6803.188662445911
ID0000931,2024-03-16,2,12,9475.0,64,3,1,1.022,1.539,0.4,0.928,13,5314.73,data_drift,2024-03,4886.952700060808
ID0000932,2024-06-08,0,12,6943.0,29,0,1,1.262,1.773,0.4,0.958,4,4425.73,data_drift,2024-06,4285.364363434403
ID0000933,2024-05-10,3,25,9348.0,30,0,2,1.374,1.156,1.8,0.608,22,6344.67,data_drift,2024-05,6902.223632562658
ID0000934,2024-06-05,2,15,16313.0,68,1,1,0.998,1.459,3.2,0.862,12,9424.05,data_drift,2024-06,9594.043364539062
ID0000935,2024-08-07,3,3,16197.0,78,4,2,1.187,1.061,1.8,0.276,10,7272.23,data_drift,2024-08,7135.505422335483
ID0000936,2024-11-21,1,4,19934.0,36,3,2,1.124,1.05,1.8,0.441,5,7402.98,data_drift,2024-11,7044.13598820569
ID0000937,2024-01-12,1,7,10411.0,48,3,1,1.163,1.703,0.4,0.979,7,5912.98,data_drift,2024-01,5191.241629410364
ID0000938,2024-06-28,2,5,17780.0,29,0,2,1.394,1.067,1.8,0.247,21,6539.46,data_drift,2024-06,6426.804369285125
ID0000939,2024-12-21,1,11,10393.0,28,1,2,1.313,1.054,1.8,0.69,4,7062.43,data_drift,2024-12,6775.341991521579
ID0000940,2024-10-01,3,21,11361.0,40,1,2,1.252,1.467,1.4,0.947,5,6221.2,data_drift,2024-10,6654.242796630476
ID0000941,2024-01-03,3,11,10172.0,26,2,2,1.581,1.363,3.2,0.632,30,9160.21,data_drift,2024-01,10339.733664407098
ID0000942,2024-04-09,4,5,91647.0,67,3,2,1.32,1.321,1.8,0.856,30,7965.58,data_drift,2024-04,7622.768081876418
ID0000943,2024-09-05,3,14,10950.0,41,2,2,1.213,1.709,1.4,0.781,5,6999.51,data_drift,2024-09,7259.552324171457
ID0000944,2024-12-02,4,4,44482.0,56,2,2,1.445,1.383,1.0,0.891,3,6176.87,data_drift,2024-12,5661.430387761297
ID0000945,2024-01-17,3,4,42125.0,45,2,2,1.256,1.231,3.2,0.569,6,9406.55,data_drift,2024-01,9590.533751520676
ID0000946,2024-12-01,0,15,14234.0,54,2,0,0.995,1.486,1.4,0.925,24,7467.69,data_drift,2024-12,6466.5441012003985
ID0000947,2024-06-25,3,15,13577.0,55,0,2,1.327,1.195,1.8,0.542,4,6425.21,data_drift,2024-06,6514.592214930341
ID0000948,2024-05-24,3,21,9365.0,63,3,2,1.164,1.284,1.4,0.677,3,6871.87,data_drift,2024-05,6975.561610241731
ID0000949,2024-12-18,1,5,24022.0,64,0,2,1.364,1.565,1.4,0.939,3,6995.43,data_drift,2024-12,5702.514558775958
ID0000950,2024-11-19,2,4,38321.0,67,0,1,0.892,1.676,1.4,0.972,24,6363.27,data_drift,2024-11,5653.748122559066
ID0000951,2024-10-22,0,14,13473.0,39,0,1,1.16,1.688,1.1,0.987,5,5936.79,data_drift,2024-10,5516.602236439869
ID0000952,2024-08-06,4,17,28746.0,72,3,2,1.433,1.495,1.4,0.917,4,7716.14,data_drift,2024-08,7089.684987556049
ID0000953,2024-08-23,2,25,7612.0,67,1,2,1.389,1.451,1.4,0.814,5,6666.56,data_drift,2024-08,6516.940477754806
ID0000954,2024-05-20,1,1,7834.0,38,1,2,1.196,1.29,1.0,0.675,5,6079.58,data_drift,2024-05,5256.574909107798
ID0000955,2024-10-28,4,25,11473.0,69,3,2,1.249,1.249,3.2,0.665,22,9548.15,data_drift,2024-10,10344.15908154809
ID0000956,2024-05-22,3,15,20854.0,20,0,2,1.368,1.478,1.4,0.985,17,7491.96,data_drift,2024-05,7273.104200949948
ID0000957,2024-09-11,3,9,9538.0,44,1,2,1.374,1.283,1.8,0.641,15,6751.17,data_drift,2024-09,6967.446085958629
ID0000958,2024-06-09,1,0,13491.0,59,1,2,1.196,1.335,1.8,0.789,5,6472.27,data_drift,2024-06,6578.675930042243
ID0000959,2024-11-18,1,5,30654.0,62,2,2,1.137,1.688,1.1,0.988,7,6562.03,data_drift,2024-11,5907.967253233307
ID0000960,2024-01-16,2,0,43589.0,23,2,1,1.165,0.988,1.8,0.354,14,5824.89,data_drift,2024-01,7112.934528977508
ID0000961,2024-03-12,2,21,3993.0,71,2,2,1.439,1.205,1.8,0.634,2,7246.28,data_drift,2024-03,6864.299327112638
ID0000962,2024-10-27,1,24,2933.0,18,1,2,1.596,1.641,1.4,0.913,24,7788.66,data_drift,2024-10,8043.271813527104
ID0000963,2024-02-25,1,6,12606.0,73,1,0,1.105,1.581,1.4,0.893,3,5542.89,data_drift,2024-02,5509.341617904362
ID0000964,2024-04-18,3,13,24637.0,58,2,2,1.361,1.39,1.8,0.475,5,7588.27,data_drift,2024-04,7245.267631276815
ID0000965,2024-01-01,0,4,9396.0,30,1,1,1.157,1.206,1.8,0.781,30,7846.26,data_drift,2024-01,7080.661728397259
ID0000966,2024-10-24,4,16,8283.0,62,0,2,1.293,1.227,1.8,0.5,8,5790.74,data_drift,2024-10,6527.4572266763225
ID0000967,2024-02-26,2,13,9984.0,33,0,2,1.444,1.086,1.2,0.392,2,5163.02,data_drift,2024-02,5223.94689663702
ID0000968,2024-02-16,3,8,44453.0,26,0,1,1.122,1.626,1.4,0.967,24,6175.65,data_drift,2024-02,6458.828795631727
ID0000969,2024-06-03,4,10,22274.0,40,0,2,1.176,0.997,1.8,0.733,30,6211.76,data_drift,2024-06,6547.667749704844
ID0000970,2024-06-05,0,17,3292.0,22,2,2,1.428,1.539,1.4,0.821,8,8535.69,data_drift,2024-06,7694.983864946856
ID0000971,2024-02-22,3,16,6418.0,51,3,2,1.325,1.671,1.1,0.995,30,6794.62,data_drift,2024-02,7721.3291714649085
ID0000972,2024-02-19,3,10,20498.0,79,0,2,1.084,1.57,1.4,0.889,30,6768.65,data_drift,2024-02,6281.780917632136
ID0000973,2024-04-22,1,15,6539.0,66,0,1,0.9,1.426,1.4,0.818,16,5843.6,data_drift,2024-04,5772.8597031629415
ID0000974,2024-06-22,3,14,4358.0,18,1,2,1.222,1.457,1.8,0.718,5,7869.85,data_drift,2024-06,7813.029626710783
ID0000975,2024-06-10,4,13,38223.0,38,2,2,1.036,1.467,1.4,0.918,8,6913.65,data_drift,2024-06,6727.139755100951
ID0000976,2024-09-25,2,23,4073.0,62,0,0,0.955,1.139,1.8,0.583,1,5568.76,data_drift,2024-09,5842.0476625318715
ID0000977,2024-09-20,4,17,50412.0,37,0,0,0.915,1.451,1.4,0.738,30,6062.08,data_drift,2024-09,6313.554356751748
ID0000978,2024-07-22,2,15,21774.0,78,0,1,0.94,1.525,1.4,0.822,13,6248.02,data_drift,2024-07,5702.0489934828
ID0000979,2024-07-21,4,15,23717.0,19,1,2,1.455,1.411,1.8,0.795,3,9067.81,data_drift,2024-07,8279.129573872759
ID0000980,2024-02-27,1,12,12813.0,20,1,1,1.191,1.509,1.4,0.818,16,7613.93,data_drift,2024-02,7041.588733560076
ID0000981,2024-01-17,4,0,88789.0,67,3,1,1.112,1.11,1.8,0.468,15,6370.78,data_drift,2024-01,6256.643808283772
ID0000982,2024-12-11,1,21,2876.0,76,0,1,1.03,1.272,3.2,0.727,16,9065.64,data_drift,2024-12,8602.151076328786
ID0000983,2024-01-16,1,18,3044.0,77,1,1,1.049,1.287,1.8,0.555,6,6155.25,data_drift,2024-01,6345.11077921367
ID0000984,2024-11-21,3,4,23973.0,45,0,2,1.217,1.44,1.4,0.819,23,6482.65,data_drift,2024-11,6040.025826644788
ID0000985,2024-10-01,3,23,9163.0,24,0,2,1.279,1.073,1.8,0.638,30,8871.08,data_drift,2024-10,7575.959743399306
ID0000986,2024-12-05,1,22,4989.0,51,2,2,1.424,1.462,1.4,0.771,16,7090.83,data_drift,2024-12,6884.946733351636
ID0000987,2024-10-21,2,16,14569.0,28,2,1,0.943,1.491,1.8,0.836,23,8608.52,data_drift,2024-10,7702.290013032615
ID0000988,2024-06-04,3,22,2762.0,28,3,2,1.268,1.755,1.4,0.947,5,7716.5,data_drift,2024-06,7522.349084475603
ID0000989,2024-04-04,4,0,46939.0,73,3,1,1.108,1.541,1.4,0.803,3,6903.47,data_drift,2024-04,6259.227388015877
ID0000990,2024-07-26,3,14,10199.0,21,0,2,1.371,1.393,1.4,0.939,30,8303.64,data_drift,2024-07,7834.010134798198
ID0000991,2024-09-09,3,6,14962.0,43,3,2,1.478,1.324,1.4,0.726,2,6244.64,data_drift,2024-09,6639.078295866419
ID0000992,2024-03-27,3,25,2500.0,22,4,1,1.13,1.289,3.2,0.717,4,10974.47,data_drift,2024-03,11635.784244339167
ID0000993,2024-07-08,2,10,11851.0,32,0,2,1.355,1.15,1.8,0.386,2,6505.85,data_drift,2024-07,6322.856593154589
ID0000994,2024-03-10,1,11,20938.0,47,2,2,1.476,0.963,1.2,0.289,0,5586.44,data_drift,2024-03,5291.8579128433075
ID0000995,2024-06-17,3,16,11861.0,44,2,2,1.281,1.685,0.4,0.926,9,5984.98,data_drift,2024-06,5546.470882472931
ID0000996,2024-08-23,3,9,21917.0,60,1,1,1.204,1.207,1.8,0.754,5,5307.91,data_drift,2024-08,6393.698991557011
ID0000997,2024-07-06,1,19,4915.0,66,1,2,1.482,1.389,1.0,0.789,4,5303.43,data_drift,2024-07,5662.187469522164
ID0000998,2024-09-28,2,24,6473.0,68,1,2,1.289,0.998,1.8,0.789,3,6189.08,data_drift,2024-09,6871.964204024361
ID0000999,2024-04-08,0,15,6207.0,18,2,2,1.204,1.299,1.4,0.718,5,8101.62,data_drift,2024-04,7710.491589558782
ID0001000,2024-06-05,2,24,5052.0,77,0,2,1.613,1.297,1.4,0.706,23,5913.8,data_drift,2024-06,6189.032836605629
ID0001001,2024-12-20,2,6,22585.0,19,1,1,0.998,1.163,1.8,0.481,3,7297.32,data_drift,2024-12,7082.2251077363135
ID0001002,2024-09-02,2,4,26714.0,18,1,2,1.224,1.602,1.4,0.934,30,7097.08,data_drift,2024-09,7430.077557407782
ID0001003,2024-03-07,3,22,2966.0,76,3,1,0.928,1.349,3.2,0.504,11,11961.1,data_drift,2024-03,9953.532938167229
ID0001004,2024-09-20,1,10,4549.0,31,4,1,1.141,1.388,1.4,0.77,8,7565.27,data_drift,2024-09,7048.2678352935745
ID0001005,2024-10-23,4,18,24336.0,68,3,2,1.431,1.068,1.2,0.679,5,5448.16,data_drift,2024-10,6382.047419529921
ID0001006,2024-06-01,3,25,7141.0,44,0,1,0.981,1.302,1.8,0.638,6,6507.36,data_drift,2024-06,6566.4194841769995
ID0001007,2024-08-27,3,23,4917.0,64,3,2,1.353,1.411,1.4,0.903,12,7469.36,data_drift,2024-08,7007.626207826716
ID0001008,2024-05-18,3,7,22904.0,62,2,2,1.288,1.537,1.4,0.947,4,6369.21,data_drift,2024-05,6411.382832940117
ID0001009,2024-07-20,2,13,13054.0,18,0,2,1.347,1.504,1.4,0.63,4,5889.44,data_drift,2024-07,6873.885053872905
ID0001010,2024-12-18,0,15,8189.0,78,2,2,1.231,1.515,1.4,0.904,3,8059.27,data_drift,2024-12,6585.728644044228
ID0001011,2024-01-27,3,3,22040.0,21,3,2,1.257,1.365,1.8,0.546,11,8024.08,data_drift,2024-01,8266.495980946956
ID0001012,2024-03-06,1,14,13723.0,43,0,2,1.361,1.795,1.4,0.921,25,6804.94,data_drift,2024-03,6846.595053834182
ID0001013,2024-02-11,2,17,10285.0,77,1,2,1.445,1.318,1.8,0.729,7,7055.62,data_drift,2024-02,6889.156288829941
ID0001014,2024-04-02,1,19,9878.0,21,1,0,1.078,1.56,1.4,0.58,7,6062.76,data_drift,2024-04,7089.881212943144
ID0001015,2024-05-04,1,21,2784.0,59,3,2,1.595,1.702,1.1,0.988,17,7088.66,data_drift,2024-05,6798.420004409428
ID0001016,2024-11-07,2,19,10464.0,26,2,2,1.102,1.293,1.0,0.768,23,6261.3,data_drift,2024-11,6895.164858854876
ID0001017,2024-06-07,3,7,13549.0,60,2,2,1.19,1.159,1.8,0.576,7,6082.79,data_drift,2024-06,6871.058572816679
ID0001018,2024-08-11,1,23,5591.0,65,1,1,1.179,1.454,1.8,0.873,5,7168.56,data_drift,2024-08,6793.203094648366
ID0001019,2024-04-21,2,3,19578.0,43,1,2,1.529,1.296,1.8,0.629,7,7033.2,data_drift,2024-04,6770.1862926477415
ID0001020,2024-07-09,2,24,12526.0,41,0,1,1.152,1.67,1.1,0.969,5,5363.24,data_drift,2024-07,5595.162446005512
ID0001021,2024-12-19,3,9,9487.0,54,1,2,1.512,1.14,1.8,0.353,7,6132.42,data_drift,2024-12,6304.844239229214
ID0001022,2024-06-22,1,0,18316.0,28,2,2,1.362,1.27,1.4,0.864,30,6140.29,data_drift,2024-06,6702.457439831739
ID0001023,2024-03-27,1,21,3535.0,57,0,1,1.129,1.345,1.8,0.563,2,7773.8,data_drift,2024-03,6340.129657548945
ID0001024,2024-04-17,1,12,6431.0,41,1,1,1.231,1.446,1.4,0.773,3,5265.12,data_drift,2024-04,6087.714691355766
ID0001025,2024-08-09,2,14,18124.0,18,0,2,1.071,1.516,0.4,0.888,13,5914.5,data_drift,2024-08,5404.7460671525305
ID0001026,2024-09-02,1,7,12413.0,72,0,2,1.365,1.498,1.4,0.899,24,5798.57,data_drift,2024-09,5982.663302626733
ID0001027,2024-05-20,2,0,88682.0,58,1,2,1.336,1.162,1.8,0.354,1,6963.19,data_drift,2024-05,5794.001043710098
ID0001028,2024-07-24,0,13,3280.0,56,1,2,1.378,1.45,1.4,0.886,3,5525.25,data_drift,2024-07,6044.437881688462
ID0001029,2024-08-18,3,13,8585.0,58,1,2,1.273,1.711,0.4,0.962,3,4963.97,data_drift,2024-08,4940.490789476599
ID0001030,2024-05-24,4,8,35654.0,48,4,2,1.449,1.55,1.4,0.977,24,8668.83,data_drift,2024-05,7399.108811852789
ID0001031,2024-11-17,2,10,10035.0,71,0,2,1.182,1.235,1.8,0.43,22,5999.97,data_drift,2024-11,6347.076938488967
ID0001032,2024-07-04,4,23,12286.0,73,1,2,1.244,1.615,0.4,0.964,7,5231.26,data_drift,2024-07,5075.362990830195
ID0001033,2024-03-25,4,15,11367.0,31,2,2,1.269,1.341,1.4,0.825,5,7284.41,data_drift,2024-03,6980.474879340949
ID0001034,2024-07-01,3,10,20080.0,21,3,2,1.178,1.125,1.8,0.689,11,8105.74,data_drift,2024-07,8117.737075166904
ID0001035,2024-10-18,0,7,21271.0,73,1,0,0.973,1.537,1.4,0.928,7,6008.54,data_drift,2024-10,5288.797585851514
ID0001036,2024-08-19,2,15,7807.0,48,1,2,1.291,1.362,1.8,0.591,5,6329.28,data_drift,2024-08,7183.597047329508
ID0001037,2024-10-08,3,22,5657.0,54,1,2,1.198,1.31,1.8,0.642,1,6851.65,data_drift,2024-10,7062.922573147418
ID0001038,2024-02-11,4,2,100949.0,51,0,2,1.393,1.528,1.4,0.918,13,5930.85,data_drift,2024-02,5965.526531124751
ID0001039,2024-08-05,0,14,17682.0,68,2,2,1.427,1.742,1.1,0.911,6,6316.85,data_drift,2024-08,6337.293138193099
ID0001040,2024-01-08,4,10,41779.0,75,2,2,1.22,1.209,1.8,0.474,4,7578.17,data_drift,2024-01,6849.875373408727
ID0001041,2024-10-24,2,8,31673.0,40,0,2,1.392,1.409,3.2,0.613,3,10060.79,data_drift,2024-10,9291.980689114498
ID0001042,2024-01-20,1,6,9271.0,33,1,2,1.3,1.14,1.8,0.541,8,6502.45,data_drift,2024-01,6628.239786045817
ID0001043,2024-03-07,4,7,44744.0,56,3,1,0.928,1.404,1.4,0.784,16,6302.35,data_drift,2024-03,6462.632109363369
ID0001044,2024-06-04,2,20,12567.0,19,2,1,1.022,1.334,1.8,0.542,2,8317.52,data_drift,2024-06,7966.372931457349
ID0001045,2024-10-13,2,12,9928.0,79,1,2,1.293,1.029,1.8,0.591,7,5910.75,data_drift,2024-10,6440.7150091012545
ID0001046,2024-07-22,3,17,14645.0,23,0,2,1.24,1.236,1.8,0.742,7,6648.71,data_drift,2024-07,7498.133402258235
ID0001047,2024-02-03,3,16,13633.0,61,2,2,0.956,1.348,1.4,0.755,3,7105.88,data_drift,2024-02,6713.592472443527
ID0001048,2024-10-18,2,15,15932.0,20,2,1,1.053,1.604,1.4,0.755,30,8071.2,data_drift,2024-10,8054.13025108897
ID0001049,2024-12-10,3,17,11197.0,57,0,2,1.332,1.69,0.4,0.951,4,4698.97,data_drift,2024-12,4510.496439603127
ID0001050,2024-06-24,3,25,7093.0,31,2,2,1.308,1.283,1.8,0.734,7,7338.03,data_drift,2024-06,7476.071553607502
ID0001051,2024-08-10,0,0,12994.0,60,0,2,1.059,1.313,1.0,0.88,7,5604.7,data_drift,2024-08,4675.216884786044
ID0001052,2024-11-25,1,7,11064.0,20,0,1,1.056,1.336,1.4,0.837,2,6372.64,data_drift,2024-11,6371.949882392561
ID0001053,2024-05-27,1,19,3260.0,56,1,2,1.35,1.664,1.4,0.948,10,7311.37,data_drift,2024-05,6774.128237365845
ID0001054,2024-06-14,3,20,15376.0,64,0,1,1.116,1.517,1.4,0.848,30,7161.47,data_drift,2024-06,6344.705132070078
ID0001055,2024-03-12,2,22,9142.0,23,0,2,1.047,0.998,1.2,0.444,6,6533.14,data_drift,2024-03,6169.547458394476
ID0001056,2024-02-24,2,20,6717.0,32,2,2,1.297,1.577,0.4,0.931,30,6962.2,data_drift,2024-02,6393.4143481332785
ID0001057,2024-05-04,0,9,15569.0,54,0,2,1.018,1.372,1.4,0.797,6,5809.96,data_drift,2024-05,5854.890624471327
ID0001058,2024-01-08,3,12,13341.0,19,3,2,1.208,1.313,3.2,0.797,5,10391.08,data_drift,2024-01,11187.607766336776
ID0001059,2024-08-28,3,4,32132.0,27,3,2,1.162,1.285,1.8,0.506,5,8161.31,data_drift,2024-08,7334.805198315495
ID0001060,2024-07-11,3,20,7819.0,62,2,2,1.431,1.376,1.0,0.737,12,6600.32,data_drift,2024-07,6087.614568169636
ID0001061,2024-05-01,2,25,11992.0,35,2,0,1.035,1.253,1.4,0.954,2,5349.89,data_drift,2024-05,6316.271521851077
ID0001062,2024-05-10,4,17,11744.0,79,4,2,1.227,1.296,1.0,0.571,5,5696.91,data_drift,2024-05,6593.038756360995
ID0001063,2024-04-03,4,10,19098.0,20,1,2,1.386,1.403,1.4,0.858,16,7932.3,data_drift,2024-04,7309.50217080952
ID0001064,2024-02-01,4,19,9045.0,41,0,2,1.069,1.455,1.8,0.851,12,7701.23,data_drift,2024-02,6952.656725483259
ID0001065,2024-01-23,3,16,10533.0,74,0,2,1.338,1.219,1.8,0.728,1,6857.33,data_drift,2024-01,6348.639214008232
ID0001066,2024-04-22,1,15,7239.0,40,1,0,1.01,1.471,1.0,0.8,12,5397.15,data_drift,2024-04,5526.861078354536
ID0001067,2024-10-25,2,9,27278.0,64,0,1,1.104,1.208,1.8,0.53,11,6320.04,data_drift,2024-10,5942.4083537432
ID0001068,2024-10-27,1,17,15482.0,53,2,2,1.376,1.313,1.8,0.717,30,6624.81,data_drift,2024-10,7732.609344378583
ID0001069,2024-11-22,2,22,5285.0,77,1,0,0.993,1.509,1.4,0.819,16,6252.2,data_drift,2024-11,6181.390384625807
ID0001070,2024-12-24,2,5,19533.0,39,0,2,1.121,1.58,3.2,0.873,5,9376.44,data_drift,2024-12,9017.656913812341
ID0001071,2024-11-11,1,17,8925.0,74,0,2,1.163,0.85,1.2,0.308,21,4520.51,data_drift,2024-11,4968.807507822116
ID0001072,2024-01-26,2,6,11567.0,24,2,2,1.431,1.374,1.4,0.815,2,7443.95,data_drift,2024-01,7701.654165708632
ID0001073,2024-03-19,1,19,3111.0,43,1,2,1.327,1.067,1.2,0.516,22,4757.52,data_drift,2024-03,5794.070017413564
ID0001074,2024-01-16,2,15,9045.0,35,2,2,1.463,1.681,1.4,0.975,3,8096.89,data_drift,2024-01,7231.779289046511
ID0001075,2024-01-13,3,7,25456.0,60,2,1,1.093,1.529,1.4,0.902,17,6632.96,data_drift,2024-01,6103.600692700178
ID0001076,2024-01-26,2,14,7293.0,62,2,2,1.383,1.302,3.2,0.673,22,10232.35,data_drift,2024-01,9907.17877542716
ID0001077,2024-01-02,4,9,22652.0,22,0,1,1.163,1.245,1.8,0.822,4,7692.87,data_drift,2024-01,6962.3457666689155
ID0001078,2024-05-08,1,10,20690.0,46,0,1,1.018,1.024,1.2,0.386,0,4665.16,data_drift,2024-05,4737.711036609014
ID0001079,2024-10-16,2,5,28100.0,48,1,2,1.336,1.879,1.1,0.994,6,6193.12,data_drift,2024-10,5657.306036426135
ID0001080,2024-05-03,3,24,6122.0,34,0,0,0.883,1.61,1.4,0.925,24,6408.0,data_drift,2024-05,6371.228452486544
ID0001081,2024-06-23,2,9,22272.0,53,2,2,1.183,1.757,1.4,0.984,18,7715.13,data_drift,2024-06,7094.803234285875
ID0001082,2024-04-17,1,8,17565.0,59,1,1,1.184,1.356,1.8,0.878,3,7443.95,data_drift,2024-04,6493.426885859814
ID0001083,2024-06-03,2,17,7385.0,70,3,1,1.103,1.264,1.4,0.898,7,6985.11,data_drift,2024-06,6510.336909328156
ID0001084,2024-10-06,1,22,9775.0,49,1,2,1.654,1.338,1.4,0.876,5,6273.02,data_drift,2024-10,6444.344020271328
ID0001085,2024-11-10,2,9,20515.0,64,3,1,1.126,1.27,1.8,0.528,2,6826.91,data_drift,2024-11,6956.468234036749
ID0001086,2024-04-07,3,5,11289.0,76,2,2,1.464,1.078,1.2,0.676,3,5387.97,data_drift,2024-04,5440.540036592688
ID0001087,2024-01-06,3,11,26443.0,68,0,1,0.958,1.517,1.4,0.967,4,5560.12,data_drift,2024-01,5367.052336168835
ID0001088,2024-05-08,4,11,32379.0,46,0,1,0.999,1.371,1.4,0.909,30,5967.76,data_drift,2024-05,5956.022898628661
ID0001089,2024-01-13,3,22,12212.0,27,2,2,1.147,0.85,1.2,0.295,10,5403.89,data_drift,2024-01,5826.003910764956
ID0001090,2024-05-06,2,9,27736.0,39,2,2,1.349,1.154,1.8,0.644,5,7361.64,data_drift,2024-05,7043.960149755101
ID0001091,2024-11-25,1,12,17611.0,29,1,0,1.088,1.664,1.4,0.953,13,6228.87,data_drift,2024-11,6158.701842491117
ID0001092,2024-06-03,3,2,25569.0,40,2,1,1.138,1.406,1.1,0.922,5,6098.61,data_drift,2024-06,5444.47088794134
ID0001093,2024-01-13,3,7,10429.0,36,3,2,1.288,1.426,1.4,0.81,4,7499.44,data_drift,2024-01,7026.263900809915
ID0001094,2024-03-15,2,18,4033.0,18,0,1,0.908,1.932,1.1,0.998,7,7865.89,data_drift,2024-03,6153.2496642704755
ID0001095,2024-02-23,2,17,24092.0,43,4,2,1.164,1.724,1.1,0.989,5,7346.08,data_drift,2024-02,7188.828468670288
ID0001096,2024-09-05,3,17,12532.0,70,0,2,1.322,1.365,1.4,0.844,30,6663.56,data_drift,2024-09,6444.553148649137
ID0001097,2024-07-18,1,12,10306.0,52,1,2,1.506,1.528,1.4,0.851,30,6676.85,data_drift,2024-07,7011.816283158358
ID0001098,2024-07-11,1,14,12661.0,60,2,1,1.091,1.373,1.4,0.796,5,6382.29,data_drift,2024-07,6418.446818785276
ID0001099,2024-09-11,1,0,23224.0,64,2,1,1.013,1.326,1.0,0.511,8,5404.08,data_drift,2024-09,5044.869176598285
ID0001100,2024-08-16,2,7,29113.0,73,2,2,1.585,1.571,1.4,0.823,6,6525.53,data_drift,2024-08,6327.663530379643
ID0001101,2024-03-23,3,5,37691.0,40,1,2,1.281,1.933,1.1,0.996,30,6968.11,data_drift,2024-03,6222.135564410692
ID0001102,2024-06-13,2,15,14157.0,67,2,1,1.059,1.424,1.4,0.819,16,7395.17,data_drift,2024-06,6364.220390295894
ID0001103,2024-04-17,1,3,17894.0,21,2,2,1.246,1.121,1.2,0.379,4,6096.4,data_drift,2024-04,6473.108316476004
ID0001104,2024-04-09,4,11,14500.0,18,0,2,1.149,1.204,1.8,0.668,11,8982.76,data_drift,2024-04,7267.004652222224
ID0001105,2024-06-01,1,11,9637.0,46,1,2,1.359,1.47,1.4,0.948,30,6424.51,data_drift,2024-06,7062.882290111458
ID0001106,2024-06-21,4,1,45874.0,42,2,0,0.991,1.437,1.8,0.758,3,7439.27,data_drift,2024-06,6611.666516765993
ID0001107,2024-11-12,4,14,13137.0,25,1,1,1.227,1.858,1.1,0.975,30,7069.11,data_drift,2024-11,6736.98031279013
ID0001108,2024-10-23,3,21,9142.0,59,2,1,1.202,1.538,1.4,0.959,13,6990.64,data_drift,2024-10,6586.415877435139
ID0001109,2024-07-11,2,16,30086.0,52,2,0,0.853,0.862,1.2,0.338,21,4960.2,data_drift,2024-07,5082.9484144379085
ID0001110,2024-12-17,1,25,2500.0,74,2,2,1.51,1.38,1.4,0.394,11,6927.8,data_drift,2024-12,6327.873853958471
ID0001111,2024-12-25,2,20,20972.0,70,2,2,1.185,1.734,1.1,0.986,14,7015.72,data_drift,2024-12,6585.21912075424
ID0001112,2024-09-09,3,7,21555.0,67,0,2,1.294,0.973,1.8,0.281,21,5483.7,data_drift,2024-09,5804.918313793146
ID0001113,2024-05-25,2,13,16457.0,30,2,2,1.33,1.384,1.4,0.549,3,7491.61,data_drift,2024-05,6781.537767685604
ID0001114,2024-03-10,2,5,28999.0,47,2,2,1.244,1.51,0.4,0.832,4,5339.63,data_drift,2024-03,4702.74969968173
ID0001115,2024-10-23,3,23,16071.0,73,2,1,1.01,1.422,1.4,0.794,30,7444.7,data_drift,2024-10,6781.521331240296
ID0001116,2024-05-12,2,12,16656.0,71,1,0,0.968,1.31,1.8,0.775,3,6136.74,data_drift,2024-05,6319.341844217718
ID0001117,2024-07-02,2,16,12887.0,39,0,1,0.907,1.534,0.4,0.919,17,4427.55,data_drift,2024-07,4239.318666565569
ID0001118,2024-09-07,1,9,7357.0,46,1,2,1.211,1.547,0.4,0.95,17,4638.92,data_drift,2024-09,4679.711663591634
ID0001119,2024-09-16,1,0,16399.0,33,2,2,1.447,1.76,1.1,0.986,25,6959.59,data_drift,2024-09,6415.090138363005
ID0001120,2024-11-25,1,7,19300.0,79,2,2,1.322,1.032,1.2,0.416,8,5774.89,data_drift,2024-11,5430.967861545544
ID0001121,2024-06-10,4,11,23172.0,19,0,2,1.224,1.605,1.4,0.795,6,7382.71,data_drift,2024-06,7129.549915701293
ID0001122,2024-04-12,0,1,31589.0,57,4,1,1.179,0.914,1.2,0.347,0,5216.89,data_drift,2024-04,5660.205507522548
ID0001123,2024-11-04,1,17,3693.0,44,1,1,1.032,1.3,1.4,0.659,30,6804.29,data_drift,2024-11,6245.64391613447
ID0001124,2024-03-06,1,1,27752.0,76,3,2,1.272,1.042,1.2,0.34,10,5333.58,data_drift,2024-03,5699.226639012924
ID0001125,2024-10-18,3,0,49527.0,77,1,2,1.293,1.213,1.4,0.74,30,5503.91,data_drift,2024-10,5987.399791324473
ID0001126,2024-02-07,1,25,7402.0,24,2,1,1.017,1.547,1.4,0.842,30,8112.1,data_drift,2024-02,8098.627125810673
ID0001127,2024-03-12,4,22,9220.0,67,2,2,1.521,1.359,1.0,0.587,22,6612.31,data_drift,2024-03,6187.6361779537165
ID0001128,2024-09-14,2,17,7783.0,28,0,2,1.213,1.273,1.0,0.81,9,5607.35,data_drift,2024-09,5664.534027342774
ID0001129,2024-08-11,2,6,28386.0,46,2,2,1.25,1.375,1.4,0.962,4,7931.4,data_drift,2024-08,6505.6074487207125
ID0001130,2024-03-28,4,19,12097.0,68,1,1,1.26,1.373,1.4,0.829,3,6286.45,data_drift,2024-03,6132.53968811146
ID0001131,2024-07-01,2,11,15979.0,22,2,2,1.081,1.407,3.2,0.538,1,11144.96,data_drift,2024-07,10628.801878838902
ID0001132,2024-09-26,2,5,15991.0,25,1,2,1.038,1.578,1.4,0.949,7,6389.46,data_drift,2024-09,6399.159138795418
ID0001133,2024-07-02,3,24,5954.0,27,1,2,1.346,0.966,1.2,0.432,30,5639.31,data_drift,2024-07,5779.918597467157
ID0001134,2024-07-28,1,18,6594.0,56,1,1,1.305,1.394,1.8,0.675,6,6863.0,data_drift,2024-07,6766.434881268004
ID0001135,2024-12-27,4,11,28363.0,46,0,2,1.3,0.896,1.8,0.461,5,6882.74,data_drift,2024-12,5920.964271159468
ID0001136,2024-10-27,2,16,11598.0,65,1,2,1.447,0.904,1.2,0.215,5,5083.61,data_drift,2024-10,5076.046864358638
ID0001137,2024-10-28,0,13,11537.0,74,1,2,1.311,1.308,1.2,0.443,8,5139.69,data_drift,2024-10,5617.371773964022
ID0001138,2024-05-24,0,18,3161.0,44,4,2,1.183,1.222,1.8,0.293,14,7745.65,data_drift,2024-05,7797.66564652243
ID0001139,2024-10-04,2,4,27594.0,19,2,2,1.063,1.586,1.4,0.925,6,7401.0,data_drift,2024-10,7461.608988529381
ID0001140,2024-08-14,4,9,35462.0,49,0,2,1.531,1.409,3.2,0.783,2,9843.74,data_drift,2024-08,8930.55506874327
ID0001141,2024-03-10,1,13,7972.0,64,0,2,1.297,1.48,1.1,0.984,13,5528.58,data_drift,2024-03,5332.294639598931
ID0001142,2024-12-24,2,22,8490.0,49,1,2,1.267,1.874,1.1,0.993,25,8208.05,data_drift,2024-12,7113.94122594653
ID0001143,2024-01-25,1,14,10574.0,40,2,2,1.114,1.28,1.8,0.843,5,8693.49,data_drift,2024-01,7417.21308671184
ID0001144,2024-03-07,4,19,27843.0,64,4,2,1.455,1.476,1.4,0.829,23,8489.0,data_drift,2024-03,7857.2243498389835
ID0001145,2024-09-17,2,8,15947.0,47,2,1,0.947,1.733,1.4,0.985,25,7207.84,data_drift,2024-09,6680.251652173388
ID0001146,2024-05-15,1,17,7156.0,49,1,2,1.305,1.204,3.2,0.475,15,8912.17,data_drift,2024-05,9798.106572917777
ID0001147,2024-07-04,1,13,11081.0,65,3,1,1.369,1.599,1.4,0.963,30,6855.42,data_drift,2024-07,7218.036930439928
ID0001148,2024-07-26,3,10,14891.0,21,0,2,1.512,1.034,1.2,0.395,21,5413.73,data_drift,2024-07,6037.6475068032005
ID0001149,2024-03-28,2,10,4623.0,29,3,2,1.482,1.299,1.8,0.687,9,8157.98,data_drift,2024-03,7338.483869874752
ID0001150,2024-10-12,3,7,22044.0,21,2,0,0.989,1.377,1.4,0.889,30,7741.21,data_drift,2024-10,7170.079841177047
ID0001151,2024-11-17,3,17,8237.0,77,2,2,1.166,1.392,0.4,0.824,30,5093.79,data_drift,2024-11,5671.157599756859
ID0001152,2024-05-18,1,7,12547.0,58,2,2,1.339,1.158,1.8,0.652,7,6755.83,data_drift,2024-05,6936.440855454011
ID0001153,2024-01-08,3,15,19901.0,75,1,2,1.3,1.504,1.4,0.89,4,6876.39,data_drift,2024-01,6489.332530092774
ID0001154,2024-05-09,2,9,14377.0,60,3,2,1.601,1.038,1.2,0.274,30,7058.55,data_drift,2024-05,6241.310737774845
ID0001155,2024-02-06,2,25,3748.0,51,1,2,1.247,1.541,1.4,0.805,30,8870.79,data_drift,2024-02,7396.15513284152
ID0001156,2024-08-16,2,15,21109.0,49,3,2,1.339,1.241,1.4,0.902,30,7805.71,data_drift,2024-08,7650.515735976487
ID0001157,2024-02-22,2,5,24644.0,58,1,2,1.34,0.974,1.2,0.574,3,4933.65,data_drift,2024-02,5237.341287163888
ID0001158,2024-05-08,2,22,5534.0,31,2,2,1.133,1.746,0.4,0.992,10,5622.76,data_drift,2024-05,5702.328096304463
ID0001159,2024-05-05,0,16,4686.0,63,2,2,1.265,1.36,1.0,0.804,4,6207.95,data_drift,2024-05,6120.708468146524
ID0001160,2024-05-06,1,14,26330.0,30,1,2,1.298,1.276,1.8,0.778,2,7353.32,data_drift,2024-05,7428.873453188049
ID0001161,2024-01-15,2,15,23062.0,35,0,2,1.283,1.508,1.8,0.879,4,7391.44,data_drift,2024-01,7050.483901144568
ID0001162,2024-07-01,4,11,27792.0,78,3,1,0.946,1.223,1.8,0.389,4,6159.57,data_drift,2024-07,6715.4330753605445
ID0001163,2024-03-09,1,11,12618.0,54,0,2,1.231,0.877,1.2,0.184,3,5111.32,data_drift,2024-03,4495.501712259568
ID0001164,2024-03-15,1,14,9782.0,41,1,2,1.426,1.355,1.0,0.708,23,6330.67,data_drift,2024-03,6422.613545352132
ID0001165,2024-10-12,3,12,18335.0,76,1,2,1.309,1.176,1.8,0.509,4,7065.32,data_drift,2024-10,6439.493100181599
ID0001166,2024-01-13,3,20,6472.0,31,1,1,1.224,1.193,3.2,0.438,2,8735.67,data_drift,2024-01,9424.687973172713
ID0001167,2024-09-26,4,14,13566.0,40,4,2,1.144,1.407,1.8,0.815,30,8437.62,data_drift,2024-09,8580.45803055339
ID0001168,2024-06-25,2,13,9918.0,74,3,2,1.263,1.304,0.4,0.883,23,5497.84,data_drift,2024-06,5696.499365460385
ID0001169,2024-12-04,2,8,33358.0,24,0,2,1.082,0.973,1.2,0.259,7,6029.81,data_drift,2024-12,5653.627594862003
ID0001170,2024-07-12,4,4,110872.0,76,2,2,1.354,0.85,1.2,0.15,4,4379.64,data_drift,2024-07,4784.675138403803
ID0001171,2024-12-24,3,15,7367.0,71,2,2,1.178,1.454,1.0,0.73,6,5976.44,data_drift,2024-12,5930.28991220292
ID0001172,2024-05-25,1,5,12591.0,73,0,1,1.209,1.331,1.4,0.639,15,5395.68,data_drift,2024-05,5308.890994959615
ID0001173,2024-04-02,3,19,19120.0,25,1,2,1.2,1.852,0.4,0.907,11,5776.39,data_drift,2024-04,5514.454004601755
ID0001174,2024-05-06,4,25,10549.0,28,2,2,1.142,1.413,1.4,0.793,30,8384.83,data_drift,2024-05,7689.508186946957
ID0001175,2024-05-26,3,14,9407.0,22,3,2,1.308,1.682,1.4,0.894,13,8225.4,data_drift,2024-05,8360.114379167782
ID0001176,2024-07-15,3,20,4703.0,24,1,1,1.052,1.154,3.2,0.447,4,8632.6,data_drift,2024-07,9943.103498389743
ID0001177,2024-11-02,1,10,30204.0,48,0,1,1.13,1.035,1.2,0.28,0,5165.08,data_drift,2024-11,4627.782410080938
ID0001178,2024-03-10,4,13,19194.0,50,2,2,1.513,1.645,1.4,0.849,4,7114.49,data_drift,2024-03,6836.289764407809
ID0001179,2024-11-07,1,10,17371.0,62,3,0,1.143,1.151,1.8,0.497,3,7665.52,data_drift,2024-11,6801.0295810716225
ID0001180,2024-01-20,3,14,24791.0,78,2,2,1.501,1.626,1.4,0.957,30,6783.37,data_drift,2024-01,7409.741274007776
ID0001181,2024-10-19,3,25,11562.0,43,1,2,1.513,1.404,3.2,0.703,4,8531.25,data_drift,2024-10,9809.64297126954
ID0001182,2024-06-14,4,0,46366.0,44,2,2,1.375,1.096,1.2,0.322,6,5130.49,data_drift,2024-06,5493.299111628473
ID0001183,2024-06-09,2,18,10366.0,65,1,2,1.476,1.337,1.8,0.58,7,7035.54,data_drift,2024-06,6845.822463846078
ID0001184,2024-02-02,3,8,31226.0,75,0,2,1.051,1.373,0.4,0.899,9,3840.2,data_drift,2024-02,3694.5643151119507
ID0001185,2024-06-09,2,13,17569.0,48,2,1,0.908,1.662,1.4,0.966,3,6831.58,data_drift,2024-06,6522.145736382223
ID0001186,2024-04-15,3,15,11632.0,75,0,2,1.352,1.267,1.8,0.712,1,6075.65,data_drift,2024-04,6345.0692176459925
ID0001187,2024-06-02,2,18,23095.0,61,1,2,1.24,1.657,1.4,0.946,8,6353.68,data_drift,2024-06,6699.74045493713
ID0001188,2024-05-25,3,14,13039.0,24,0,2,1.644,1.394,1.4,0.809,3,6986.44,data_drift,2024-05,7174.923954742398
ID0001189,2024-04-13,1,2,8668.0,35,3,1,1.066,1.542,1.4,0.963,7,7609.35,data_drift,2024-04,6389.417312327815
ID0001190,2024-03-26,0,23,4578.0,74,2,1,1.158,1.177,1.8,0.62,15,7143.97,data_drift,2024-03,6731.263827951233
ID0001191,2024-06-17,1,13,8075.0,64,4,1,1.112,1.465,1.4,0.882,30,6999.11,data_drift,2024-06,7505.332426710562
ID0001192,2024-07-16,3,17,10211.0,61,2,2,1.175,1.452,1.4,0.97,30,6595.81,data_drift,2024-07,7401.292509947202
ID0001193,2024-12-09,0,10,8922.0,37,0,2,1.353,1.319,3.2,0.83,23,9740.24,data_drift,2024-12,9302.730775182252
ID0001194,2024-08-11,1,12,17847.0,49,0,1,1.12,1.256,1.8,0.567,1,5762.96,data_drift,2024-08,6203.024245259745
ID0001195,2024-08-11,3,8,24376.0,22,2,0,0.822,1.183,1.8,0.672,22,7657.7,data_drift,2024-08,7537.732634943977
ID0001196,2024-02-10,2,13,9456.0,53,2,2,1.143,1.678,1.4,0.952,13,7404.33,data_drift,2024-02,7030.3354344234995
ID0001197,2024-04-05,1,12,7588.0,28,4,2,1.185,1.27,1.4,0.8,2,7517.99,data_drift,2024-04,7531.130412702121
ID0001198,2024-11-24,2,19,7309.0,71,2,1,1.04,1.295,1.8,0.83,16,7998.99,data_drift,2024-11,7041.649688094128
ID0001199,2024-05-28,3,7,21902.0,55,1,1,1.02,1.432,1.4,0.797,30,6890.8,data_drift,2024-05,6328.865098215963
ID0001200,2024-08-10,2,23,6383.0,39,4,1,1.121,1.359,3.2,0.657,5,11081.06,data_drift,2024-08,10812.245534956983
ID0001201,2024-09-21,3,15,6949.0,34,1,2,1.393,1.578,1.1,0.97,8,6020.87,data_drift,2024-09,6412.752866120668
ID0001202,2024-12-22,4,8,26878.0,41,3,1,0.976,1.291,1.4,0.815,16,6974.23,data_drift,2024-12,6661.650367508446
ID0001203,2024-02-07,3,0,73271.0,49,1,2,1.168,1.006,1.8,0.644,3,6974.61,data_drift,2024-02,6458.325649720869
ID0001204,2024-11-01,3,12,12749.0,19,0,1,0.965,1.534,1.4,0.872,8,6810.02,data_drift,2024-11,6501.5854814276745
ID0001205,2024-08-17,2,20,23430.0,40,2,1,1.132,1.392,3.2,0.789,7,10168.46,data_drift,2024-08,10233.763854979876
ID0001206,2024-07-18,0,17,5888.0,34,2,2,1.118,1.062,1.8,0.489,22,7880.2,data_drift,2024-07,7275.103109682743
ID0001207,2024-07-13,0,15,3904.0,61,0,2,1.467,1.432,1.4,0.829,30,6092.29,data_drift,2024-07,6567.980806578149
ID0001208,2024-09-19,3,13,26800.0,31,0,0,0.886,1.201,1.8,0.565,5,5566.11,data_drift,2024-09,6044.27061202696
ID0001209,2024-06-11,4,11,38395.0,64,2,2,1.272,1.246,1.8,0.591,4,7095.55,data_drift,2024-06,6975.618190684402
ID0001210,2024-08-11,2,12,7832.0,57,1,0,1.024,1.49,1.4,0.955,5,5576.04,data_drift,2024-08,5593.481900440139
ID0001211,2024-10-06,0,5,18961.0,47,3,1,1.103,1.34,1.8,0.539,1,6578.65,data_drift,2024-10,7067.854700100532
ID0001212,2024-02-25,2,20,4384.0,30,4,2,1.252,1.745,1.1,0.979,7,7885.33,data_drift,2024-02,7477.192166212711
ID0001213,2024-04-07,1,9,7652.0,23,3,2,1.183,1.347,1.4,0.897,8,8346.3,data_drift,2024-04,7916.827789835844
ID0001214,2024-12-24,1,6,10806.0,33,2,2,1.331,1.525,1.4,0.894,3,7304.58,data_drift,2024-12,6600.580974351454
ID0001215,2024-10-25,2,20,9367.0,50,2,2,1.343,1.457,1.0,0.82,16,6568.98,data_drift,2024-10,6503.897062735629
ID0001216,2024-04-20,3,22,11934.0,29,1,2,1.27,1.186,1.8,0.612,22,6382.48,data_drift,2024-04,7289.982837009169
ID0001217,2024-08-13,3,3,34103.0,32,0,1,0.978,1.759,1.1,0.975,8,5771.11,data_drift,2024-08,4911.140182664714
ID0001218,2024-04-14,3,20,6457.0,60,3,2,1.25,1.468,1.8,0.93,7,8799.91,data_drift,2024-04,7851.985973755545
ID0001219,2024-03-14,3,22,11013.0,30,1,1,0.916,1.004,1.2,0.501,22,5424.46,data_drift,2024-03,5538.877013202119
ID0001220,2024-01-24,2,14,10019.0,45,0,2,1.327,0.886,1.2,0.335,0,4792.48,data_drift,2024-01,4865.446057872332
ID0001221,2024-08-16,1,16,8826.0,43,3,2,1.32,1.326,1.8,0.809,2,8666.45,data_drift,2024-08,7959.903483477557
ID0001222,2024-06-13,4,6,66801.0,44,4,2,1.343,1.051,1.8,0.54,3,7386.49,data_drift,2024-06,7560.400320243716
ID0001223,2024-07-05,3,23,8236.0,57,0,2,1.135,1.544,0.4,0.896,8,4903.71,data_drift,2024-07,4396.544660015591
ID0001224,2024-04-12,1,0,24285.0,53,2,1,1.056,1.394,1.4,0.712,8,5751.41,data_drift,2024-04,5902.323739236397
ID0001225,2024-02-22,3,21,11962.0,29,2,1,1.06,1.415,1.8,0.713,3,8364.35,data_drift,2024-02,7209.460047820832
ID0001226,2024-10-08,4,21,12915.0,75,3,2,1.166,1.283,1.8,0.43,5,8067.42,data_drift,2024-10,7590.590427375671
ID0001227,2024-11-14,0,16,2500.0,76,1,1,0.973,1.734,1.4,0.929,4,7053.1,data_drift,2024-11,6075.214231137021
ID0001228,2024-07-11,3,12,20045.0,43,2,2,1.297,1.365,1.4,0.954,16,6695.27,data_drift,2024-07,6893.6736635909965
ID0001229,2024-06-14,3,14,9238.0,53,0,2,1.179,1.809,1.1,0.983,8,6220.15,data_drift,2024-06,5764.358863760273
ID0001230,2024-09-16,4,3,74050.0,27,1,2,1.364,1.208,1.8,0.685,4,6031.41,data_drift,2024-09,7059.93981627744
ID0001231,2024-03-15,4,15,11373.0,48,3,1,1.097,1.423,1.4,0.939,5,6045.52,data_drift,2024-03,6661.945525459457
ID0001232,2024-04-02,4,19,18681.0,51,2,2,1.509,1.453,1.4,0.91,3,7377.61,data_drift,2024-04,6701.188426863715
ID0001233,2024-04-03,3,14,15519.0,34,3,2,1.334,1.534,1.4,0.894,10,6925.26,data_drift,2024-04,7290.580161502479
ID0001234,2024-06-13,4,13,17420.0,45,2,2,1.374,1.345,3.2,0.627,6,10075.84,data_drift,2024-06,10169.432362050924
ID0001235,2024-03-26,2,6,31126.0,25,0,2,1.538,1.303,1.8,0.484,4,7366.77,data_drift,2024-03,6521.264820630358
ID0001236,2024-06-13,2,22,6397.0,71,3,0,0.862,1.413,1.4,0.817,5,7329.68,data_drift,2024-06,6773.196998035064
ID0001237,2024-11-21,0,21,3672.0,74,4,2,1.268,1.26,1.0,0.778,3,6481.53,data_drift,2024-11,7094.809033010659
ID0001238,2024-03-19,4,13,61187.0,56,1,2,1.488,1.537,1.4,0.826,9,6236.43,data_drift,2024-03,6671.356271667843
ID0001239,2024-03-08,1,4,10915.0,18,0,2,1.385,1.577,1.4,0.925,3,6754.61,data_drift,2024-03,6795.367662954744
ID0001240,2024-06-23,1,12,12414.0,76,3,0,0.976,1.683,1.4,0.851,13,7000.06,data_drift,2024-06,6529.961473112328
ID0001241,2024-06-28,3,23,5829.0,73,2,2,1.202,1.032,1.8,0.383,10,6537.27,data_drift,2024-06,6986.580487944397
ID0001242,2024-07-09,3,7,17955.0,35,4,1,1.151,1.261,1.8,0.73,23,8601.78,data_drift,2024-07,7751.717529840584
ID0001243,2024-10-02,1,25,3496.0,75,2,2,1.268,1.029,1.2,0.557,15,6252.03,data_drift,2024-10,5943.418999644436
ID0001244,2024-09-15,3,4,40394.0,58,3,2,1.123,1.189,1.8,0.652,7,6821.58,data_drift,2024-09,7117.75846027316
ID0001245,2024-05-17,3,5,29708.0,24,3,2,1.57,1.308,3.2,0.632,11,11161.43,data_drift,2024-05,11063.918446977368
ID0001246,2024-05-23,3,12,16429.0,62,1,1,1.062,1.304,1.8,0.83,8,6284.38,data_drift,2024-05,6481.421037748466
ID0001247,2024-07-26,2,12,13919.0,79,0,0,0.82,1.326,1.4,0.833,2,6096.02,data_drift,2024-07,4988.039939503022
ID0001248,2024-05-09,2,15,9378.0,25,1,1,1.025,1.442,1.4,0.853,3,6270.91,data_drift,2024-05,6368.433565568866
ID0001249,2024-11-26,2,12,7199.0,63,0,2,1.173,1.252,1.4,0.884,2,5736.04,data_drift,2024-11,5658.917033018702
ID0001250,2024-07-27,2,21,6539.0,63,2,1,1.191,1.527,1.4,0.899,6,6767.42,data_drift,2024-07,6468.585025025664
ID0001251,2024-02-06,3,7,14284.0,63,1,2,1.402,1.42,1.4,0.873,30,5593.79,data_drift,2024-02,6311.764921793546
ID0001252,2024-11-26,4,14,15030.0,23,0,1,1.023,1.467,1.4,0.854,2,6100.57,data_drift,2024-11,6585.806166874803
ID0001253,2024-12-13,1,24,2500.0,43,4,0,0.967,1.047,1.8,0.511,2,7196.53,data_drift,2024-12,7180.78018404063
ID0001254,2024-03-08,0,17,4602.0,37,4,2,1.366,1.501,0.4,0.924,30,6379.13,data_drift,2024-03,6511.496164355923
ID0001255,2024-01-05,3,25,14040.0,43,1,2,1.17,1.219,1.8,0.691,3,6286.81,data_drift,2024-01,7005.642567208421
ID0001256,2024-10-22,3,8,13922.0,66,1,2,1.443,1.13,1.8,0.723,4,5997.06,data_drift,2024-10,6320.7432974415115
ID0001257,2024-10-05,2,10,19688.0,27,1,1,1.158,1.74,1.4,0.975,18,7506.5,data_drift,2024-10,6761.942020488111
ID0001258,2024-10-28,3,22,5167.0,35,1,2,1.116,1.381,1.4,0.673,12,6116.49,data_drift,2024-10,6814.879714240566
ID0001259,2024-03-24,1,6,16666.0,75,2,2,1.37,1.719,1.1,0.987,5,6352.47,data_drift,2024-03,5835.170216697573
ID0001260,2024-02-23,3,3,31079.0,26,0,2,1.449,1.361,1.8,0.645,2,7669.91,data_drift,2024-02,6665.567361620601
ID0001261,2024-12-11,3,15,23139.0,51,2,2,1.3,1.697,1.4,0.905,30,7013.29,data_drift,2024-12,7607.657850680983
ID0001262,2024-05-04,2,21,8214.0,18,1,2,1.333,1.708,1.4,0.951,30,8750.35,data_drift,2024-05,8290.043842608053
ID0001263,2024-07-17,1,17,4090.0,78,4,2,1.466,1.251,1.8,0.408,6,8012.68,data_drift,2024-07,7516.373802385461
ID0001264,2024-02-28,2,25,6399.0,29,3,1,1.131,1.33,1.8,0.836,2,8793.63,data_drift,2024-02,7658.318219283638
ID0001265,2024-02-19,3,0,29397.0,18,4,2,1.293,1.144,1.8,0.501,2,9275.79,data_drift,2024-02,7943.385515459628
ID0001266,2024-07-15,2,11,20837.0,26,1,2,1.26,1.008,1.2,0.237,6,5287.06,data_drift,2024-07,5432.557278213723
ID0001267,2024-12-10,2,16,14786.0,71,1,2,1.146,1.545,1.4,0.596,30,6301.8,data_drift,2024-12,6716.1263043309
ID0001268,2024-11-04,2,12,20343.0,28,2,2,1.111,1.183,1.8,0.389,4,7312.54,data_drift,2024-11,6961.670262172595
ID0001269,2024-12-11,4,2,73626.0,38,2,2,1.339,1.46,1.4,0.858,4,7341.05,data_drift,2024-12,6789.050206432081
ID0001270,2024-12-24,2,15,7823.0,66,2,2,1.362,1.477,1.1,0.966,24,6057.53,data_drift,2024-12,6839.925569015654
ID0001271,2024-06-04,4,8,30202.0,20,2,1,1.079,1.281,1.8,0.586,22,8057.31,data_drift,2024-06,7787.290754848957
ID0001272,2024-02-24,3,14,21376.0,48,0,1,0.838,1.308,1.4,0.901,16,6200.31,data_drift,2024-02,5872.895478682281
ID0001273,2024-03-16,4,13,14061.0,51,2,2,1.35,1.623,1.1,0.981,10,7530.45,data_drift,2024-03,6409.478067613479
ID0001274,2024-01-02,2,20,3777.0,62,1,2,1.361,1.136,1.0,0.599,1,6013.97,data_drift,2024-01,5145.899113227204
ID0001275,2024-11-15,2,0,18584.0,79,1,0,0.958,1.075,1.8,0.392,6,5490.18,data_drift,2024-11,5491.538160839588
ID0001276,2024-10-21,3,6,60447.0,22,1,1,1.043,0.85,1.2,0.33,5,5776.35,data_drift,2024-10,5725.40485682742
ID0001277,2024-01-12,3,3,30936.0,29,1,1,1.061,1.784,0.4,0.992,9,4395.45,data_drift,2024-01,4377.449761634277
ID0001278,2024-01-22,2,12,7187.0,42,2,2,1.236,1.337,3.2,0.643,5,9891.16,data_drift,2024-01,10153.537030423773
ID0001279,2024-05-24,4,10,81746.0,50,0,2,1.497,1.467,1.4,0.594,9,6170.31,data_drift,2024-05,6160.625557358738
ID0001280,2024-10-25,1,19,5263.0,21,4,2,1.3,1.342,1.4,0.684,3,8069.67,data_drift,2024-10,8515.43771867721
ID0001281,2024-11-25,2,22,7169.0,44,2,2,1.298,1.141,1.2,0.37,0,6080.6,data_drift,2024-11,5973.126385154587
ID0001282,2024-05-21,2,16,14416.0,18,2,2,1.31,1.169,1.8,0.781,1,7853.97,data_drift,2024-05,8186.023813430814
ID0001283,2024-10-20,3,21,7326.0,21,0,1,0.988,1.316,1.8,0.469,3,7722.43,data_drift,2024-10,7229.473624637312
ID0001284,2024-08-03,3,19,8033.0,57,0,2,1.595,1.465,1.4,0.858,3,6948.77,data_drift,2024-08,5911.208395436018
ID0001285,2024-07-13,3,9,13295.0,76,0,2,1.172,1.433,1.4,0.942,9,6094.13,data_drift,2024-07,5614.506456325736
ID0001286,2024-12-27,1,8,15456.0,44,0,1,1.162,1.49,1.4,0.936,5,6489.98,data_drift,2024-12,5526.815823330763
ID0001287,2024-12-03,1,25,3370.0,64,2,0,1.092,1.783,1.1,0.896,7,5985.69,data_drift,2024-12,5973.454238609255
ID0001288,2024-03-15,2,15,6174.0,45,0,1,1.048,1.421,3.2,0.823,5,10176.98,data_drift,2024-03,8919.96097225967
ID0001289,2024-02-21,2,25,7559.0,72,0,2,1.356,1.061,1.2,0.569,1,4671.59,data_drift,2024-02,5268.083544963917
ID0001290,2024-09-22,2,2,16857.0,63,2,2,1.416,1.586,1.4,0.965,9,7316.98,data_drift,2024-09,6410.022386549856
ID0001291,2024-11-09,3,12,23284.0,22,0,2,1.286,1.034,1.8,0.287,21,6604.38,data_drift,2024-11,6964.873223021197
ID0001292,2024-07-01,4,13,19609.0,62,2,2,1.549,1.274,1.8,0.573,5,6531.12,data_drift,2024-07,7061.290219812946
ID0001293,2024-09-07,1,17,6177.0,27,0,1,1.047,1.267,1.8,0.464,15,7334.76,data_drift,2024-09,6439.66618987346
ID0001294,2024-11-03,2,16,6488.0,66,2,1,1.046,1.512,3.2,0.948,10,9596.73,data_drift,2024-11,9779.943756604509
ID0001295,2024-03-26,2,0,36602.0,42,3,2,1.105,1.491,3.2,0.921,5,10805.1,data_drift,2024-03,9843.841303035166
ID0001296,2024-08-07,2,13,18221.0,56,0,2,1.38,1.631,1.1,0.961,17,6851.93,data_drift,2024-08,5784.492292069234
ID0001297,2024-05-19,2,15,15749.0,24,0,0,1.005,1.331,1.4,0.785,6,5998.08,data_drift,2024-05,6443.08647735906
ID0001298,2024-09-22,2,7,40547.0,27,0,2,1.309,1.137,1.2,0.517,8,5033.48,data_drift,2024-09,5187.685826869852
ID0001299,2024-05-24,4,3,60078.0,75,1,2,1.428,1.518,1.1,0.964,10,5590.44,data_drift,2024-05,5624.71597152631
ID0001300,2024-12-27,2,0,27761.0,31,2,1,1.096,1.236,1.8,0.367,6,6503.92,data_drift,2024-12,6559.485567484716
ID0001301,2024-06-17,2,11,20860.0,57,0,2,1.209,1.677,1.4,0.87,24,5835.98,data_drift,2024-06,6451.503856613307
ID0001302,2024-05-16,3,16,20167.0,18,1,2,1.447,1.201,1.2,0.375,14,6155.34,data_drift,2024-05,6750.3010723015805
ID0001303,2024-10-20,4,8,33529.0,36,2,2,1.433,1.297,3.2,0.795,23,10824.63,data_drift,2024-10,10144.691197516806
ID0001304,2024-06-14,0,19,5000.0,57,1,2,1.281,1.012,1.2,0.272,21,5510.85,data_drift,2024-06,5537.300787252041
ID0001305,2024-05-10,2,7,44400.0,29,3,0,0.82,1.462,3.2,0.521,2,10924.41,data_drift,2024-05,9830.349861109933
ID0001306,2024-01-17,4,13,34215.0,63,0,2,1.186,1.379,3.2,0.608,2,8582.02,data_drift,2024-01,9081.662968501309
ID0001307,2024-02-21,3,5,28961.0,66,1,2,1.404,1.682,1.4,0.959,3,7140.23,data_drift,2024-02,6055.821083153106
ID0001308,2024-10-27,1,18,4510.0,53,2,2,1.262,1.186,1.8,0.4,11,6342.73,data_drift,2024-10,7044.993634521891
ID0001309,2024-11-18,4,25,9573.0,29,0,2,1.181,1.368,1.8,0.618,23,7839.62,data_drift,2024-11,7215.017039166417
ID0001310,2024-07-27,2,16,8750.0,40,0,0,1.021,1.731,1.4,0.961,9,6165.6,data_drift,2024-07,5818.2205347755225
ID0001311,2024-07-28,3,9,19831.0,60,1,0,1.116,1.301,3.2,0.71,4,8497.43,data_drift,2024-07,8913.75668505074
ID0001312,2024-12-27,2,12,19756.0,77,2,2,1.164,0.914,1.8,0.295,14,6477.45,data_drift,2024-12,6397.746032666966
ID0001313,2024-01-24,4,17,32347.0,76,2,2,1.371,1.584,1.1,0.992,17,6828.94,data_drift,2024-01,6550.6526951616825
ID0001314,2024-05-18,2,18,14804.0,61,0,1,0.967,1.325,1.4,0.61,1,5967.82,data_drift,2024-05,5581.073917862228
ID0001315,2024-01-17,1,22,8711.0,78,1,2,1.174,1.335,1.0,0.765,23,6273.01,data_drift,2024-01,6150.162878222804
ID0001316,2024-11-25,1,14,10994.0,47,4,2,1.408,1.17,1.8,0.474,15,8426.81,data_drift,2024-11,7728.715408276349
ID0001317,2024-12-14,2,6,17272.0,56,3,2,1.432,1.045,1.2,0.428,30,6496.51,data_drift,2024-12,6238.838193292616
ID0001318,2024-06-23,2,22,6558.0,79,1,2,1.468,1.452,1.4,0.88,30,6979.65,data_drift,2024-06,6803.2486385891525
ID0001319,2024-01-04,1,25,3581.0,50,1,2,1.561,1.026,1.8,0.459,30,7100.24,data_drift,2024-01,6629.510538367705
ID0001320,2024-11-14,0,0,21262.0,76,3,1,1.013,1.021,1.8,0.78,7,6887.66,data_drift,2024-11,6591.147883554585
ID0001321,2024-01-03,2,9,15254.0,61,3,2,1.289,1.378,1.8,0.74,2,7217.24,data_drift,2024-01,7396.843732973292
ID0001322,2024-03-12,0,6,9124.0,43,1,2,1.332,1.413,1.4,0.777,3,6008.62,data_drift,2024-03,6188.545045721487
ID0001323,2024-09-10,4,17,9927.0,59,2,2,1.069,1.124,1.8,0.453,3,7160.73,data_drift,2024-09,6872.060113303426
ID0001324,2024-01-12,1,20,7157.0,76,1,1,0.884,1.606,0.4,0.944,7,4207.67,data_drift,2024-01,4708.108086879973
ID0001325,2024-01-16,2,4,56747.0,46,0,2,1.717,1.451,0.4,0.89,16,4150.45,data_drift,2024-01,4378.423995807223
ID0001326,2024-04-27,2,12,21773.0,23,3,2,1.252,1.294,1.8,0.667,2,8212.44,data_drift,2024-04,8430.83656323629
ID0001327,2024-04-21,3,9,15397.0,39,1,2,1.379,1.519,1.4,0.895,3,6676.57,data_drift,2024-04,6261.875605527043
ID0001328,2024-10-24,4,8,51117.0,60,0,1,0.994,0.85,1.2,0.199,2,3935.41,data_drift,2024-10,4269.061038573515
ID0001329,2024-08-24,4,14,15340.0,31,2,2,1.25,1.787,1.1,0.991,8,7856.67,data_drift,2024-08,6538.338276565827
ID0001330,2024-11-26,2,19,11161.0,57,2,2,1.304,0.867,1.2,0.304,0,5361.11,data_drift,2024-11,5455.5391078168095
ID0001331,2024-09-22,3,22,9670.0,35,0,2,1.386,1.112,1.8,0.62,22,7219.65,data_drift,2024-09,6865.421492709638
ID0001332,2024-02-13,0,14,5817.0,22,1,2,1.24,1.575,1.4,0.893,3,7371.64,data_drift,2024-02,7339.270179872031
ID0001333,2024-09-20,2,13,12725.0,63,0,1,1.047,1.533,1.4,0.799,7,6726.3,data_drift,2024-09,5705.245793948661
ID0001334,2024-04-23,0,14,14378.0,71,2,1,1.143,1.367,1.4,0.823,9,6151.1,data_drift,2024-04,6326.770733199915
ID0001335,2024-11-20,4,9,53556.0,78,1,2,1.219,1.161,1.8,0.725,4,6697.71,data_drift,2024-11,6473.188696394925
ID0001336,2024-08-28,2,20,5076.0,20,1,2,1.152,1.389,1.4,0.756,4,8137.8,data_drift,2024-08,7605.025454745871
ID0001337,2024-04-05,4,10,27523.0,36,0,2,1.391,0.94,1.2,0.245,7,4601.1,data_drift,2024-04,4953.740435266563
ID0001338,2024-03-27,3,12,23963.0,50,0,2,1.583,1.311,1.8,0.529,2,6741.44,data_drift,2024-03,6511.8765320796465
ID0001339,2024-10-07,2,9,26904.0,32,3,2,1.189,1.561,0.4,0.853,7,5765.5,data_drift,2024-10,5526.333577668951
ID0001340,2024-11-14,2,8,11335.0,67,2,2,1.264,1.832,1.1,0.998,25,6343.87,data_drift,2024-11,6575.257628252043
ID0001341,2024-01-23,4,7,51624.0,27,1,2,1.117,1.182,1.8,0.84,4,5875.52,data_drift,2024-01,6923.159858307784
ID0001342,2024-11-25,4,25,9017.0,32,1,0,1.071,1.428,0.4,0.897,23,4120.66,data_drift,2024-11,5106.042913004808
ID0001343,2024-03-20,2,15,19640.0,65,2,2,1.408,1.195,1.4,0.738,11,6709.93,data_drift,2024-03,6617.8323771536725
ID0001344,2024-03-12,0,25,2557.0,20,2,2,0.96,1.677,1.4,0.882,17,9242.06,data_drift,2024-03,7919.991799650432
ID0001345,2024-02-28,2,16,7906.0,59,2,2,1.096,1.019,1.2,0.409,4,6231.4,data_drift,2024-02,5704.390712531579
ID0001346,2024-02-28,4,10,48469.0,69,2,2,1.439,0.967,1.8,0.301,1,6072.44,data_drift,2024-02,6467.976795275693
ID0001347,2024-11-11,1,0,21478.0,50,3,2,1.441,1.447,1.4,0.832,7,7067.3,data_drift,2024-11,6632.14416373689
ID0001348,2024-05-14,2,3,18211.0,79,1,2,1.155,1.088,1.8,0.422,1,5152.49,data_drift,2024-05,6096.2111247110015
ID0001349,2024-06-04,3,12,5006.0,39,2,2,1.238,1.833,0.4,0.989,5,6150.57,data_drift,2024-06,5313.930521860859
ID0001350,2024-06-09,0,19,6667.0,37,2,1,0.918,1.563,0.4,0.903,6,5155.56,data_drift,2024-06,5194.831314466182
ID0001351,2024-03-01,3,10,11189.0,75,2,2,1.325,1.094,1.8,0.378,7,7009.36,data_drift,2024-03,6646.394399364457
ID0001352,2024-05-15,4,11,30298.0,47,4,2,1.165,1.397,1.0,0.733,30,6791.47,data_drift,2024-05,6922.223875916171
ID0001353,2024-03-02,3,20,12464.0,30,2,2,1.34,1.14,1.2,0.593,1,6371.39,data_drift,2024-03,6225.769317444658
ID0001354,2024-07-04,2,17,5839.0,22,2,1,1.135,1.582,1.4,0.642,7,8377.86,data_drift,2024-07,7763.916184627463
ID0001355,2024-04-10,4,3,52799.0,20,3,1,1.147,1.454,1.4,0.847,16,8679.91,data_drift,2024-04,7662.7407150222225
ID0001356,2024-12-09,3,16,14755.0,60,2,2,1.391,1.483,1.8,0.725,4,8855.7,data_drift,2024-12,7274.440397036665
ID0001357,2024-07-18,2,14,11597.0,47,2,2,1.41,1.734,1.4,0.989,18,6962.97,data_drift,2024-07,7607.689939236174
ID0001358,2024-03-22,3,25,6694.0,35,2,0,1.038,1.284,1.0,0.695,5,5692.47,data_drift,2024-03,5731.457959587062
ID0001359,2024-09-22,3,10,15859.0,40,0,1,1.158,1.323,1.8,0.771,7,6319.01,data_drift,2024-09,6491.338819283632
ID0001360,2024-12-25,3,16,7963.0,27,2,2,1.277,1.634,3.2,0.946,6,10895.81,data_drift,2024-12,10554.735962236433
ID0001361,2024-01-01,4,8,26013.0,71,2,1,1.037,1.503,0.4,0.949,7,4914.01,data_drift,2024-01,4304.281265641917
ID0001362,2024-09-18,1,23,4714.0,25,2,2,1.313,1.795,0.4,0.991,4,5558.15,data_drift,2024-09,5598.498411360048
ID0001363,2024-08-04,3,7,16354.0,30,3,2,1.078,1.52,1.4,0.967,30,7429.91,data_drift,2024-08,7376.172642834603
ID0001364,2024-07-09,1,6,9411.0,49,1,1,1.095,1.63,1.4,0.91,17,7087.11,data_drift,2024-07,6109.698848422008
ID0001365,2024-06-21,3,1,26301.0,67,3,1,0.994,1.332,1.0,0.741,23,5715.94,data_drift,2024-06,5743.132094121041
ID0001366,2024-04-24,2,9,17537.0,45,3,2,0.97,1.338,1.8,0.443,1,6968.05,data_drift,2024-04,7377.171907726593
ID0001367,2024-06-10,1,12,6570.0,73,3,2,1.487,1.56,1.4,0.825,4,6411.36,data_drift,2024-06,6801.524330942927
ID0001368,2024-02-15,3,16,12856.0,64,1,2,1.336,1.244,1.4,0.763,7,6318.65,data_drift,2024-02,6422.792184627803
ID0001369,2024-01-02,3,8,17789.0,32,3,2,1.52,0.864,1.2,0.214,30,5908.67,data_drift,2024-01,6211.555629417686
ID0001370,2024-02-20,3,11,20755.0,46,4,2,1.425,1.431,1.4,0.785,12,6794.13,data_drift,2024-02,7487.72706169912
ID0001371,2024-07-10,3,15,7994.0,30,1,0,1.075,1.286,1.4,0.847,30,6392.5,data_drift,2024-07,6378.85513630078
ID0001372,2024-01-26,1,24,3642.0,39,2,2,1.356,1.364,1.8,0.484,1,7863.48,data_drift,2024-01,7287.210436968228
ID0001373,2024-02-18,2,17,10651.0,20,1,1,1.128,1.537,1.4,0.96,24,7298.32,data_drift,2024-02,7422.237742300057
ID0001374,2024-05-07,2,24,9062.0,32,1,1,1.024,1.456,3.2,0.921,9,9249.24,data_drift,2024-05,9930.222886552052
ID0001375,2024-06-09,0,12,7118.0,73,2,2,1.18,1.359,1.8,0.782,2,6082.84,data_drift,2024-06,7281.0834153203205
ID0001376,2024-06-02,3,16,15266.0,77,0,0,0.998,1.135,1.2,0.423,2,4013.49,data_drift,2024-06,4594.449451811727
ID0001377,2024-07-04,2,12,6347.0,70,2,2,1.127,1.701,1.1,0.988,3,6334.35,data_drift,2024-07,6249.992855539187
ID0001378,2024-04-04,3,15,12680.0,59,4,2,1.171,1.193,1.0,0.824,23,6311.74,data_drift,2024-04,7028.85687582071
ID0001379,2024-10-06,3,17,5649.0,77,2,1,1.054,1.261,1.4,0.613,30,6680.14,data_drift,2024-10,6351.258945944123
ID0001380,2024-11-07,3,11,12305.0,57,3,2,1.303,1.554,1.4,0.877,24,7737.9,data_drift,2024-11,7215.475141229087
ID0001381,2024-09-10,1,16,6547.0,32,2,2,1.062,1.368,1.4,0.909,4,6641.73,data_drift,2024-09,6891.686255495748
ID0001382,2024-10-13,1,14,12827.0,73,1,2,1.436,1.313,1.8,0.905,2,6617.38,data_drift,2024-10,6894.04363917084
ID0001383,2024-10-16,3,8,18800.0,38,1,0,0.997,1.321,1.8,0.754,30,7420.52,data_drift,2024-10,6677.809701797871
ID0001384,2024-01-06,2,16,8254.0,28,3,2,1.505,1.653,1.1,0.986,17,8169.36,data_drift,2024-01,7207.635532725772
ID0001385,2024-06-22,1,25,2500.0,51,2,2,1.376,1.163,3.2,0.728,15,10607.75,data_drift,2024-06,9677.832914532119
ID0001386,2024-07-23,3,15,17562.0,74,4,2,1.247,1.316,1.4,0.859,16,7420.26,data_drift,2024-07,7462.468043559026
ID0001387,2024-04-16,2,21,4891.0,42,0,2,1.385,1.762,1.1,0.991,30,6299.61,data_drift,2024-04,6541.840049577303
ID0001388,2024-03-02,4,0,89928.0,46,2,2,1.259,1.565,1.4,0.953,4,6619.62,data_drift,2024-03,6321.778210903962
ID0001389,2024-01-28,1,15,5138.0,28,2,2,1.406,1.42,1.4,0.774,2,8227.32,data_drift,2024-01,7137.368170949644
ID0001390,2024-01-18,4,25,16154.0,76,3,2,1.413,1.294,1.4,0.561,4,6957.84,data_drift,2024-01,6891.552557204297
ID0001391,2024-10-15,2,14,7588.0,38,1,1,1.071,1.392,1.4,0.674,3,6556.95,data_drift,2024-10,6149.776738345301
ID0001392,2024-12-25,1,25,2500.0,76,1,1,1.181,1.179,1.8,0.437,30,6519.83,data_drift,2024-12,6389.46077106543
ID0001393,2024-11-27,2,7,24477.0,32,0,1,0.986,1.319,1.8,0.748,30,7216.17,data_drift,2024-11,6595.96462217033
ID0001394,2024-05-07,2,24,12772.0,61,2,2,1.302,1.446,3.2,0.819,30,9674.08,data_drift,2024-05,10672.246456013756
ID0001395,2024-08-15,2,12,13688.0,54,2,2,1.332,1.362,1.8,0.645,16,7785.4,data_drift,2024-08,7398.962512076587
ID0001396,2024-05-24,1,5,13161.0,77,2,2,1.761,1.85,1.1,0.986,4,6688.5,data_drift,2024-05,5740.195527253141
ID0001397,2024-05-12,4,12,22363.0,57,2,2,1.445,1.144,3.2,0.675,2,8618.76,data_drift,2024-05,9371.357531411322
ID0001398,2024-03-27,3,19,13079.0,77,2,1,1.002,1.447,1.8,0.684,23,7310.55,data_drift,2024-03,7203.060112564812
ID0001399,2024-10-08,4,8,62795.0,49,3,2,1.132,1.513,1.4,0.889,9,6954.41,data_drift,2024-10,7331.292599662341
ID0001400,2024-11-23,2,20,7637.0,39,2,2,1.282,1.707,1.4,0.963,7,7196.15,data_drift,2024-11,7200.460439193341
ID0001401,2024-07-03,4,11,42680.0,59,0,2,1.368,1.371,1.4,0.721,3,6341.28,data_drift,2024-07,5783.48801234617
ID0001402,2024-01-21,2,6,15730.0,48,2,1,0.921,1.389,0.4,0.871,9,4609.72,data_drift,2024-01,4321.5161340428
ID0001403,2024-09-06,2,11,13664.0,23,0,0,0.956,1.567,0.4,0.97,17,4233.27,data_drift,2024-09,4549.2630397193625
ID0001404,2024-07-22,4,25,8805.0,38,1,2,1.17,1.426,1.4,0.906,9,7303.42,data_drift,2024-07,6702.791048627429
ID0001405,2024-11-13,1,12,15707.0,30,2,1,0.869,1.428,1.4,0.881,6,6753.62,data_drift,2024-11,6405.153027169937
ID0001406,2024-11-21,2,7,26636.0,32,2,1,1.158,1.198,1.4,0.566,2,6566.13,data_drift,2024-11,6047.234469521847
ID0001407,2024-10-15,1,1,22660.0,40,0,2,1.068,1.476,1.4,0.742,5,6591.1,data_drift,2024-10,5634.154312797803
ID0001408,2024-10-26,2,8,29495.0,49,1,2,1.254,1.35,1.0,0.736,30,5496.39,data_drift,2024-10,5791.606284735712
ID0001409,2024-07-07,4,15,13207.0,42,2,1,1.222,1.115,1.8,0.628,15,6241.93,data_drift,2024-07,6968.660441436191
ID0001410,2024-05-08,2,7,27289.0,25,3,2,1.373,1.667,1.4,0.958,4,8015.36,data_drift,2024-05,7192.838183567062
ID0001411,2024-11-13,4,18,14688.0,22,2,1,1.11,1.446,1.4,0.93,3,7206.7,data_drift,2024-11,7234.699446702844
ID0001412,2024-08-15,4,0,38599.0,64,1,2,1.285,1.218,1.0,0.829,2,5134.35,data_drift,2024-08,4763.952623486888
ID0001413,2024-03-02,1,25,2500.0,21,2,2,1.271,1.317,1.4,0.755,30,7974.73,data_drift,2024-03,8467.19137096832
ID0001414,2024-01-18,3,8,10659.0,47,2,0,0.944,1.613,1.4,0.943,17,6277.39,data_drift,2024-01,6155.526759206466
ID0001415,2024-01-20,3,15,12565.0,60,2,1,1.143,0.967,1.2,0.358,1,4603.47,data_drift,2024-01,5198.290105073082
ID0001416,2024-11-03,4,6,13745.0,77,0,2,1.232,1.415,1.8,0.766,8,6047.27,data_drift,2024-11,6082.5187427801775
ID0001417,2024-06-05,1,19,4146.0,42,1,1,1.001,1.194,1.8,0.339,3,6774.52,data_drift,2024-06,6515.085375303716
ID0001418,2024-01-13,3,9,16256.0,30,2,2,1.275,1.589,1.4,0.899,17,7717.26,data_drift,2024-01,6988.095140564364
ID0001419,2024-05-27,2,0,53526.0,75,2,1,1.168,1.47,1.4,0.717,16,6186.81,data_drift,2024-05,5963.9161714609045
ID0001420,2024-08-22,0,15,5641.0,27,2,2,1.246,1.136,1.8,0.397,4,6844.68,data_drift,2024-08,7018.696121737777
ID0001421,2024-02-03,3,18,6198.0,53,3,1,0.915,1.573,1.4,0.932,6,6993.02,data_drift,2024-02,6940.82050264341
ID0001422,2024-07-20,3,19,8158.0,59,0,2,1.312,1.466,1.4,0.883,3,6377.22,data_drift,2024-07,6062.445458363863
ID0001423,2024-08-09,1,20,4675.0,68,1,2,1.323,1.131,1.8,0.392,0,6240.0,data_drift,2024-08,6504.561599395085
ID0001424,2024-01-27,0,17,6192.0,52,1,0,1.049,1.522,1.4,0.837,3,6367.0,data_drift,2024-01,5809.9031221788255
ID0001425,2024-02-03,0,3,45451.0,37,4,2,1.3,1.468,1.8,0.444,3,7578.73,data_drift,2024-02,7759.24693950658
ID0001426,2024-01-28,1,18,7792.0,31,3,0,0.946,1.437,1.4,0.942,7,6653.17,data_drift,2024-01,6596.518677468265
ID0001427,2024-01-05,3,9,14531.0,69,1,2,1.445,1.341,1.4,0.681,6,5529.37,data_drift,2024-01,6031.561822302726
ID0001428,2024-03-22,2,10,20735.0,55,0,1,1.008,1.5,1.8,0.873,24,6702.39,data_drift,2024-03,6674.215555036515
ID0001429,2024-09-22,1,5,14354.0,63,0,2,1.362,1.369,3.2,0.593,2,8839.12,data_drift,2024-09,8772.79155689387
ID0001430,2024-05-01,1,3,22589.0,34,1,1,1.001,1.005,1.8,0.409,5,6211.9,data_drift,2024-05,6058.2821857554145
ID0001431,2024-10-21,3,21,8580.0,53,1,1,1.115,1.336,3.2,0.916,3,9440.83,data_drift,2024-10,9495.813168372659
ID0001432,2024-09-28,3,12,9654.0,76,0,2,1.153,1.316,1.0,0.655,22,5267.02,data_drift,2024-09,5022.651622857436
ID0001433,2024-05-05,3,23,4537.0,21,3,2,1.008,1.605,0.4,0.921,30,7531.16,data_drift,2024-05,7238.455309958174
ID0001434,2024-07-01,1,19,10681.0,34,2,2,1.163,1.377,1.8,0.624,12,8677.23,data_drift,2024-07,7720.674437593903
ID0001435,2024-03-15,3,9,25881.0,30,1,1,1.166,1.699,1.4,0.924,17,7371.95,data_drift,2024-03,6326.96901974856
ID0001436,2024-11-18,3,10,22751.0,58,3,0,0.889,1.188,1.8,0.462,1,6829.71,data_drift,2024-11,6805.682057330207
ID0001437,2024-12-26,4,9,51924.0,65,1,2,1.45,1.191,1.8,0.68,4,7113.18,data_drift,2024-12,6729.55642326923
ID0001438,2024-09-17,3,9,23968.0,70,0,1,1.043,1.75,0.4,0.92,30,5013.69,data_drift,2024-09,4150.159389404587
ID0001439,2024-08-22,2,25,6823.0,48,1,2,1.194,1.685,1.1,0.991,24,6430.54,data_drift,2024-08,7097.645886576444
ID0001440,2024-09-13,1,21,5440.0,32,0,0,1.028,1.426,1.4,0.839,12,6067.93,data_drift,2024-09,5658.8907179945345
ID0001441,2024-11-07,2,12,8965.0,66,3,2,1.254,1.584,1.4,0.968,30,7502.47,data_drift,2024-11,7950.436015033027
ID0001442,2024-03-10,4,19,15702.0,27,2,2,1.341,1.043,1.2,0.445,5,7011.12,data_drift,2024-03,6020.597480250286
ID0001443,2024-02-28,3,11,6141.0,63,1,2,1.272,1.682,0.4,0.942,6,4829.15,data_drift,2024-02,4729.827982237654
ID0001444,2024-09-01,2,12,16362.0,36,2,1,1.246,1.138,3.2,0.697,4,8948.87,data_drift,2024-09,9354.936214774623
ID0001445,2024-07-09,2,8,27695.0,61,3,2,0.976,1.197,3.2,0.654,8,10371.68,data_drift,2024-07,9795.594381008501
ID0001446,2024-08-21,1,9,16051.0,35,2,2,1.198,0.904,1.2,0.221,10,5080.25,data_drift,2024-08,5493.761358277176
ID0001447,2024-05-28,3,15,11734.0,19,1,2,1.303,1.622,1.4,0.928,5,8313.68,data_drift,2024-05,7478.554589848997
ID0001448,2024-09-15,1,14,7712.0,73,0,2,1.342,1.202,1.8,0.686,5,6113.57,data_drift,2024-09,6365.283116588689
ID0001449,2024-03-26,2,21,5035.0,59,3,2,1.319,1.755,1.1,0.972,4,6960.96,data_drift,2024-03,7121.847058740941
ID0001450,2024-09-19,2,0,45485.0,77,1,2,1.539,1.619,1.4,0.982,7,6137.7,data_drift,2024-09,6049.794146517781
ID0001451,2024-01-14,2,17,5447.0,77,2,1,1.04,1.5,1.4,0.838,2,6050.25,data_drift,2024-01,6241.486839172136
ID0001452,2024-07-09,3,18,8460.0,25,2,2,1.402,1.54,1.4,0.896,9,6992.24,data_drift,2024-07,7090.411781720463
ID0001453,2024-07-26,3,18,10845.0,29,1,1,1.107,1.368,1.8,0.468,4,7197.13,data_drift,2024-07,6886.328441653613
ID0001454,2024-04-06,1,20,4309.0,26,1,2,1.13,1.296,1.8,0.683,1,6867.37,data_drift,2024-04,7051.4710152222115
ID0001455,2024-04-25,2,6,21238.0,18,1,2,1.42,1.106,1.8,0.652,11,8209.24,data_drift,2024-04,7422.713869309204
ID0001456,2024-03-01,2,16,8794.0,23,3,2,1.43,1.055,1.2,0.401,3,6840.61,data_drift,2024-03,6965.087677088473
ID0001457,2024-11-02,2,15,18724.0,75,1,2,1.476,1.255,1.4,0.918,23,6930.01,data_drift,2024-11,6608.086448761823
ID0001458,2024-06-12,1,11,7076.0,57,1,2,1.109,1.528,1.4,0.894,30,7340.64,data_drift,2024-06,6891.067180100691
ID0001459,2024-06-18,3,25,9192.0,69,1,1,1.088,1.64,1.4,0.961,24,7010.79,data_drift,2024-06,7028.496366178954
ID0001460,2024-02-10,2,11,12798.0,75,3,2,1.184,1.372,1.0,0.663,30,5878.9,data_drift,2024-02,6383.031216079005
ID0001461,2024-07-02,1,7,7302.0,52,4,2,1.405,1.255,1.8,0.86,12,8551.93,data_drift,2024-07,7770.784761942074
ID0001462,2024-07-24,4,19,23792.0,55,1,1,1.224,1.341,1.8,0.841,3,7742.75,data_drift,2024-07,6979.472840543176
ID0001463,2024-05-21,2,7,18202.0,36,0,2,1.392,1.17,1.8,0.765,8,5827.07,data_drift,2024-05,6596.027088049064
ID0001464,2024-01-12,1,21,8257.0,19,1,2,1.315,1.706,0.4,0.961,30,6091.83,data_drift,2024-01,6910.145031501095
ID0001465,2024-04-28,3,22,4618.0,26,1,2,1.222,1.533,0.4,0.942,5,5161.68,data_drift,2024-04,5177.109742078263
ID0001466,2024-02-18,2,25,2500.0,34,0,2,1.297,1.593,1.4,0.899,30,6867.48,data_drift,2024-02,7231.443197253296
ID0001467,2024-09-05,1,22,2748.0,62,3,2,1.461,1.42,1.8,0.644,7,7973.34,data_drift,2024-09,7588.804109342707
ID0001468,2024-12-12,1,12,8972.0,61,3,0,0.968,1.43,1.4,0.712,12,6988.12,data_drift,2024-12,6449.21055612092
ID0001469,2024-03-26,1,12,10423.0,40,3,2,1.358,1.25,1.2,0.459,7,6082.05,data_drift,2024-03,6479.110572339541
ID0001470,2024-05-22,3,21,10835.0,28,2,2,1.376,1.337,3.2,0.602,3,10340.09,data_drift,2024-05,10231.043242938611
ID0001471,2024-12-20,2,9,9640.0,65,1,2,1.35,1.168,1.8,0.311,1,6385.99,data_drift,2024-12,6250.745313545355
ID0001472,2024-11-14,4,15,15845.0,46,3,2,1.12,1.018,1.2,0.411,15,6307.35,data_drift,2024-11,6212.988354530354
ID0001473,2024-01-13,3,20,7942.0,34,2,2,1.313,1.254,1.4,0.813,2,5755.84,data_drift,2024-01,7037.091332642991
ID0001474,2024-11-17,2,21,6509.0,62,4,1,0.931,1.192,1.8,0.557,1,7533.1,data_drift,2024-11,7394.756726523318
ID0001475,2024-06-13,2,5,17750.0,38,0,1,0.993,1.296,1.8,0.686,30,7544.32,data_drift,2024-06,6290.2102345176445
ID0001476,2024-07-23,4,4,24238.0,47,4,2,1.421,1.303,1.2,0.584,4,6979.11,data_drift,2024-07,6677.36195656255
ID0001477,2024-09-05,1,21,2983.0,58,0,1,1.022,1.329,1.4,0.746,8,5953.84,data_drift,2024-09,5785.628176637403
ID0001478,2024-12-14,3,15,10409.0,71,4,1,0.999,1.32,1.8,0.637,1,7504.28,data_drift,2024-12,7657.672715650905
ID0001479,2024-06-28,3,17,14108.0,20,0,2,1.08,1.513,1.8,0.627,6,8235.66,data_drift,2024-06,7639.481559587255
ID0001480,2024-09-15,1,5,11986.0,68,0,2,1.207,1.321,1.4,0.484,3,4571.95,data_drift,2024-09,5467.802013336114
ID0001481,2024-11-22,4,12,10146.0,55,1,2,1.439,1.151,1.8,0.435,6,6889.9,data_drift,2024-11,6553.638563801966
ID0001482,2024-01-05,3,14,14917.0,21,0,2,1.188,0.957,1.2,0.262,2,5590.16,data_drift,2024-01,5752.794585036557
ID0001483,2024-10-04,1,11,8623.0,74,1,2,1.296,1.48,1.4,0.931,4,7389.82,data_drift,2024-10,6106.887407462735
ID0001484,2024-05-03,2,15,16339.0,31,1,1,1.072,1.368,1.8,0.797,12,6474.33,data_drift,2024-05,7073.879808635251
ID0001485,2024-09-10,3,16,8783.0,37,0,1,0.901,1.616,1.1,0.976,30,6758.66,data_drift,2024-09,6278.78016026213
ID0001486,2024-08-18,3,5,24394.0,60,4,2,1.312,1.005,1.2,0.436,4,6176.02,data_drift,2024-08,6273.794661003521
ID0001487,2024-11-20,3,11,15787.0,79,1,1,1.105,0.992,1.4,0.77,3,5172.45,data_drift,2024-11,5380.6676123899415
ID0001488,2024-05-21,2,16,18593.0,45,3,1,1.326,1.219,1.0,0.718,30,6988.57,data_drift,2024-05,6315.284738169752
ID0001489,2024-12-09,2,25,6356.0,61,2,1,1.036,1.002,1.8,0.76,22,7196.91,data_drift,2024-12,7285.607036660727
ID0001490,2024-04-07,2,24,2500.0,78,3,2,1.305,1.771,0.4,0.94,7,5967.76,data_drift,2024-04,5626.603613375975
ID0001491,2024-01-20,3,13,28052.0,44,1,2,1.536,1.23,1.0,0.802,3,6040.03,data_drift,2024-01,5601.0625840197845
ID0001492,2024-05-24,3,3,76444.0,70,2,2,1.373,1.043,1.2,0.326,5,5540.76,data_drift,2024-05,5307.750460212674
ID0001493,2024-07-27,4,23,28439.0,47,2,2,1.214,1.319,1.4,0.882,30,6422.4,data_drift,2024-07,7406.319611643255
ID0001494,2024-05-07,1,9,14285.0,35,3,2,1.515,1.295,3.2,0.674,11,10237.31,data_drift,2024-05,9884.584213110917
ID0001495,2024-03-11,3,11,10222.0,47,2,1,1.086,1.3,1.4,0.862,5,6146.0,data_drift,2024-03,6244.339826447551
ID0001496,2024-09-22,2,0,33117.0,36,4,2,1.39,1.173,1.8,0.586,6,7935.45,data_drift,2024-09,7408.132122847841
ID0001497,2024-04-16,3,9,20673.0,54,3,2,1.374,1.462,1.4,0.956,8,7687.02,data_drift,2024-04,6918.185741843029
ID0001498,2024-10-20,4,9,33192.0,67,1,2,1.29,1.203,1.8,0.705,4,6706.07,data_drift,2024-10,6484.571828432569
ID0001499,2024-09-17,1,9,15124.0,48,3,2,1.472,1.111,1.8,0.508,11,7217.68,data_drift,2024-09,7269.587529965688
ID0001500,2024-09-02,2,10,19115.0,50,2,2,1.474,1.395,1.4,0.943,12,6552.74,data_drift,2024-09,6696.738942261087
ID0001501,2024-12-11,1,16,3283.0,54,1,1,0.906,1.537,1.4,0.953,17,6495.19,data_drift,2024-12,6106.454860707673
ID0001502,2024-09-23,3,5,15306.0,35,1,1,1.05,1.28,1.8,0.52,22,6537.21,data_drift,2024-09,6498.166013906377
ID0001503,2024-04-11,1,8,10559.0,64,0,2,1.29,0.85,1.2,0.241,30,4373.47,data_drift,2024-04,4747.915318898441
ID0001504,2024-10-22,2,16,6494.0,53,0,2,1.485,1.761,1.1,0.995,4,6780.33,data_drift,2024-10,5504.839927236023
ID0001505,2024-08-01,3,1,37153.0,51,2,2,1.179,1.458,0.4,0.72,16,5072.09,data_drift,2024-08,4567.829197526817
ID0001506,2024-05-11,3,10,22785.0,69,2,2,1.154,1.497,1.8,0.65,8,7253.63,data_drift,2024-05,7330.355625431943
ID0001507,2024-07-03,2,19,7899.0,42,0,1,1.054,0.96,1.8,0.497,30,5905.91,data_drift,2024-07,6314.821803570082
ID0001508,2024-11-25,1,0,22408.0,30,2,2,1.301,1.483,1.0,0.856,12,6896.96,data_drift,2024-11,5733.467885174168
ID0001509,2024-04-02,3,6,46872.0,77,1,2,1.614,1.459,1.4,0.7,5,6273.83,data_drift,2024-04,6026.350833100946
ID0001510,2024-05-15,1,7,12722.0,68,2,2,1.457,1.008,1.2,0.532,11,5800.21,data_drift,2024-05,5601.301134612092
ID0001511,2024-01-23,0,1,8962.0,25,2,2,1.592,1.207,1.8,0.66,22,8112.18,data_drift,2024-01,7248.423705113442
ID0001512,2024-11-25,2,0,39256.0,65,2,2,1.575,1.162,1.8,0.499,5,5574.39,data_drift,2024-11,6560.400084375138
ID0001513,2024-12-25,3,9,13783.0,69,1,2,1.508,1.391,1.4,0.879,3,5801.33,data_drift,2024-12,5903.695352440154
ID0001514,2024-09-23,4,13,16478.0,77,1,1,1.128,1.681,1.1,0.982,30,6126.61,data_drift,2024-09,6173.760110626577
ID0001515,2024-06-26,3,25,4318.0,23,2,1,1.057,1.32,1.4,0.852,9,8221.32,data_drift,2024-06,7453.946321242578
ID0001516,2024-07-21,2,12,7136.0,61,0,2,1.352,1.274,1.8,0.716,2,6040.17,data_drift,2024-07,6248.909215582368
ID0001517,2024-03-10,1,5,13719.0,68,2,1,1.158,1.495,0.4,0.978,30,4527.14,data_drift,2024-03,4647.736013805993
ID0001518,2024-02-15,1,18,7254.0,42,2,2,1.348,1.383,1.4,0.951,12,6892.91,data_drift,2024-02,7052.370017666392
ID0001519,2024-10-24,2,15,15678.0,27,1,0,0.819,1.24,3.2,0.768,4,9124.22,data_drift,2024-10,9172.775980616696
ID0001520,2024-09-14,3,13,10765.0,68,4,2,1.384,1.348,1.4,0.813,2,7475.47,data_drift,2024-09,7381.763648835457
ID0001521,2024-04-08,2,13,8785.0,64,2,0,1.042,1.636,0.4,0.942,8,4884.52,data_drift,2024-04,4418.12386352
ID0001522,2024-02-03,2,7,6050.0,55,1,2,1.445,1.266,1.4,0.844,2,5759.08,data_drift,2024-02,5898.552428925483
ID0001523,2024-10-09,2,3,15574.0,60,4,2,1.365,1.203,1.8,0.649,8,6916.72,data_drift,2024-10,7491.165174601783
ID0001524,2024-04-18,2,18,8777.0,56,0,2,1.402,1.467,0.4,0.881,3,4499.72,data_drift,2024-04,4363.147118296943
ID0001525,2024-11-08,4,21,13620.0,52,2,1,1.109,1.374,1.8,0.576,2,6785.22,data_drift,2024-11,7059.741568684141
ID0001526,2024-10-20,2,15,8298.0,73,1,1,0.948,1.317,1.0,0.816,2,4221.23,data_drift,2024-10,5317.261633137797
ID0001527,2024-05-21,1,20,2947.0,56,1,2,1.366,1.095,1.8,0.485,1,7056.13,data_drift,2024-05,6369.708105005725
ID0001528,2024-07-18,3,13,11120.0,32,0,2,1.33,0.948,1.8,0.506,1,6436.28,data_drift,2024-07,6182.780411331346
ID0001529,2024-03-26,2,16,7852.0,18,1,2,1.344,1.534,1.4,0.892,7,8046.82,data_drift,2024-03,7339.793696434818
ID0001530,2024-04-17,2,14,7534.0,49,0,2,1.108,1.568,1.4,0.881,4,5775.48,data_drift,2024-04,6319.807147493288
ID0001531,2024-05-13,3,16,13205.0,38,1,2,1.338,0.905,1.8,0.576,6,6788.62,data_drift,2024-05,6715.375264012992
ID0001532,2024-12-03,2,9,36562.0,24,4,2,1.334,1.026,1.8,0.296,2,8509.88,data_drift,2024-12,8074.07039313601
ID0001533,2024-04-16,2,5,11061.0,58,3,1,1.073,1.77,1.1,0.942,6,7225.79,data_drift,2024-04,6077.119005592051
ID0001534,2024-01-12,4,13,36222.0,72,0,2,1.343,1.304,1.8,0.659,1,6722.01,data_drift,2024-01,6288.255749921986
ID0001535,2024-08-26,1,17,3111.0,78,1,2,1.344,1.201,1.8,0.675,4,6661.7,data_drift,2024-08,6479.627438526022
ID0001536,2024-10-28,3,19,10798.0,47,1,1,1.006,1.35,1.8,0.752,9,6579.69,data_drift,2024-10,7018.287280315525
ID0001537,2024-09-11,2,0,55193.0,45,2,2,1.276,1.395,1.4,0.537,2,5896.91,data_drift,2024-09,6362.1872647187665
ID0001538,2024-11-02,3,16,3457.0,46,2,2,1.265,1.205,3.2,0.752,4,10038.5,data_drift,2024-11,9835.047892075314
ID0001539,2024-06-15,0,0,17623.0,33,2,2,1.204,1.348,1.0,0.801,4,5557.09,data_drift,2024-06,5826.651716068555
ID0001540,2024-03-21,3,14,20746.0,65,0,2,1.273,1.821,1.1,0.972,11,6569.39,data_drift,2024-03,5727.905607161293
ID0001541,2024-05-24,2,1,23611.0,36,0,2,1.318,1.611,1.4,0.967,17,5555.18,data_drift,2024-05,5933.182023743567
ID0001542,2024-12-26,4,22,21632.0,43,2,2,1.331,1.267,1.8,0.614,1,6730.7,data_drift,2024-12,7357.66525659159
ID0001543,2024-10-10,3,25,6839.0,48,1,2,1.378,1.097,1.8,0.766,6,7497.57,data_drift,2024-10,6969.999851028299
ID0001544,2024-02-12,1,18,5149.0,67,2,2,1.297,1.559,1.4,0.953,8,7077.6,data_drift,2024-02,7220.4527536432615
ID0001545,2024-07-18,3,14,13900.0,49,1,2,1.297,1.779,1.4,0.981,10,7492.05,data_drift,2024-07,6852.054717414613
ID0001546,2024-03-14,3,22,10640.0,28,0,1,0.918,1.277,1.0,0.606,1,4927.36,data_drift,2024-03,5147.388121926829
ID0001547,2024-03-25,4,20,10357.0,52,2,2,1.382,1.135,1.8,0.338,30,7019.41,data_drift,2024-03,7116.148831720932
ID0001548,2024-07-11,3,8,24968.0,52,2,2,1.457,1.247,3.2,0.752,12,9699.97,data_drift,2024-07,9674.57152991505
ID0001549,2024-01-08,1,15,8656.0,51,2,2,1.115,1.583,1.4,0.828,5,6811.46,data_drift,2024-01,7011.823590870833
ID0001550,2024-12-04,3,6,12115.0,40,4,2,1.219,1.676,0.4,0.972,6,5950.29,data_drift,2024-12,5701.208160939573
ID0001551,2024-01-06,1,0,116256.0,55,2,1,1.107,1.463,1.4,0.886,30,6394.03,data_drift,2024-01,6302.402931922342
ID0001552,2024-05-08,1,8,7200.0,42,2,2,1.28,1.055,1.8,0.669,4,7455.1,data_drift,2024-05,6968.780268165388
ID0001553,2024-01-17,3,6,17849.0,78,3,1,1.061,1.264,1.8,0.486,2,6285.58,data_drift,2024-01,6784.669076781719
ID0001554,2024-01-16,3,23,9323.0,32,1,2,1.258,1.339,1.4,0.654,5,6513.7,data_drift,2024-01,6549.687304086009
ID0001555,2024-08-10,1,10,52001.0,53,4,2,1.429,1.185,1.8,0.375,2,7750.33,data_drift,2024-08,7670.677358979252
ID0001556,2024-08-01,1,20,12373.0,54,3,2,1.292,1.487,3.2,0.833,2,9817.43,data_drift,2024-08,10391.41158427122
ID0001557,2024-07-08,3,15,11597.0,40,1,2,1.378,1.13,3.2,0.591,5,8510.33,data_drift,2024-07,9747.757419974127
ID0001558,2024-04-16,3,12,13105.0,42,0,2,1.169,1.31,1.8,0.6,6,7340.5,data_drift,2024-04,6634.787289132089
ID0001559,2024-06-05,3,19,9423.0,30,2,2,1.588,1.674,1.1,0.936,5,6894.92,data_drift,2024-06,6568.084439645968
ID0001560,2024-12-09,1,15,12248.0,32,0,1,1.082,1.275,1.8,0.734,5,6295.71,data_drift,2024-12,6432.236240494599
ID0001561,2024-10-24,4,16,19487.0,73,2,2,1.421,1.106,1.2,0.524,6,5492.4,data_drift,2024-10,5877.028831785546
ID0001562,2024-03-13,1,13,8377.0,23,3,1,0.978,1.146,1.8,0.621,2,7926.43,data_drift,2024-03,8021.894426132985
ID0001563,2024-03-11,4,17,12890.0,53,4,2,1.21,1.158,1.8,0.336,1,6729.34,data_drift,2024-03,7495.199005634141
ID0001564,2024-09-09,3,22,7795.0,58,1,1,1.161,1.296,3.2,0.463,2,9077.31,data_drift,2024-09,9330.763041379452
ID0001565,2024-03-02,3,6,13429.0,76,3,1,1.065,1.622,1.4,0.894,30,7093.4,data_drift,2024-03,6799.4425290901645
ID0001566,2024-01-12,3,4,28611.0,62,1,2,1.224,1.45,1.4,0.83,30,6551.76,data_drift,2024-01,6310.96577567352
ID0001567,2024-01-07,2,6,11547.0,32,0,2,1.262,1.475,1.4,0.891,10,5954.83,data_drift,2024-01,5863.472185130993
ID0001568,2024-08-02,2,11,20261.0,75,2,2,1.312,1.778,1.1,0.948,18,8219.88,data_drift,2024-08,6613.677971294823
ID0001569,2024-05-25,1,11,5011.0,76,2,1,0.947,1.398,1.4,0.92,6,7287.29,data_drift,2024-05,6017.484930466718
ID0001570,2024-03-02,1,16,8275.0,23,1,2,1.198,1.524,1.4,0.88,17,8260.5,data_drift,2024-03,7471.930848098526
ID0001571,2024-03-12,4,18,15015.0,64,1,1,0.893,1.82,1.1,0.995,5,6587.31,data_drift,2024-03,5729.125344648811
ID0001572,2024-11-12,1,9,9510.0,76,3,1,1.054,1.251,1.0,0.666,1,4891.88,data_drift,2024-11,5561.180154064297
ID0001573,2024-10-06,3,16,5888.0,48,3,2,1.367,1.222,1.8,0.54,1,7613.59,data_drift,2024-10,7313.964071442471
ID0001574,2024-03-25,2,12,20283.0,47,3,2,1.474,1.406,1.4,0.855,3,7085.33,data_drift,2024-03,6949.090830237794
ID0001575,2024-08-18,3,17,9291.0,44,2,0,0.913,1.452,3.2,0.727,2,9848.79,data_drift,2024-08,9654.567791019073
ID0001576,2024-07-22,1,7,9260.0,58,0,2,1.548,1.374,1.8,0.742,16,6741.52,data_drift,2024-07,6311.11478326383
ID0001577,2024-01-02,3,18,10221.0,67,1,2,1.375,1.168,1.8,0.556,5,6422.75,data_drift,2024-01,6680.793058774158
ID0001578,2024-10-15,2,4,35972.0,24,2,1,1.233,0.986,1.2,0.275,0,6403.5,data_drift,2024-10,6074.856001901415
ID0001579,2024-03-25,1,17,4955.0,38,1,2,1.442,1.375,1.8,0.682,3,7452.34,data_drift,2024-03,6909.597173135169
ID0001580,2024-02-13,2,10,13651.0,52,0,2,1.43,1.316,1.8,0.788,30,8001.72,data_drift,2024-02,7057.693538923764
ID0001581,2024-09-26,2,8,19922.0,75,0,1,0.971,1.161,1.8,0.645,4,5524.31,data_drift,2024-09,5784.034620487343
ID0001582,2024-04-01,3,20,14027.0,69,1,1,1.014,1.718,1.4,0.98,30,7081.92,data_drift,2024-04,6832.495893281052
ID0001583,2024-02-10,2,14,12817.0,22,0,2,1.408,1.231,1.8,0.511,2,7203.63,data_drift,2024-02,7335.042561263338
ID0001584,2024-11-08,4,12,25397.0,58,2,2,1.62,1.115,1.8,0.419,4,6680.23,data_drift,2024-11,6621.8943461352565
ID0001585,2024-09-10,3,7,10255.0,31,1,0,0.871,1.335,1.8,0.8,3,6002.85,data_drift,2024-09,6519.7931877575065
ID0001586,2024-10-06,2,5,28207.0,68,2,2,1.333,1.22,1.4,0.788,23,5931.56,data_drift,2024-10,6523.606983247056
ID0001587,2024-07-24,1,11,12910.0,41,0,1,1.099,1.447,1.4,0.972,6,6083.94,data_drift,2024-07,5589.629050203897
ID0001588,2024-10-26,0,0,26135.0,55,1,0,0.881,1.279,1.8,0.821,23,6667.32,data_drift,2024-10,6169.731880350922
ID0001589,2024-12-21,1,13,5096.0,24,0,1,1.206,1.564,1.4,0.963,6,6763.37,data_drift,2024-12,6921.328294038306
ID0001590,2024-10-02,2,5,28242.0,18,1,1,1.12,1.091,1.2,0.369,4,5814.69,data_drift,2024-10,5869.986426642117
ID0001591,2024-08-24,2,20,8706.0,38,2,2,1.427,1.685,1.4,0.962,30,7107.94,data_drift,2024-08,7889.289374940969
ID0001592,2024-09-26,4,13,4689.0,79,2,1,1.174,1.422,1.8,0.76,2,6966.57,data_drift,2024-09,6777.023607867429
ID0001593,2024-06-06,3,20,12064.0,58,3,1,0.882,1.571,1.4,0.933,30,7485.36,data_drift,2024-06,7363.199958911768
ID0001594,2024-05-25,3,23,6504.0,58,3,2,1.36,1.946,1.1,0.998,5,7929.2,data_drift,2024-05,6711.388056826499
ID0001595,2024-08-15,4,21,12633.0,37,2,2,1.257,1.231,1.8,0.734,3,8175.33,data_drift,2024-08,7368.0997686451965
ID0001596,2024-12-09,2,25,4580.0,52,3,1,0.996,1.714,1.4,0.986,10,7914.36,data_drift,2024-12,7061.335980803754
ID0001597,2024-09-21,3,12,16364.0,79,2,1,1.082,1.412,0.4,0.756,6,4287.37,data_drift,2024-09,4360.268888799848
ID0001598,2024-05-11,3,19,6790.0,32,1,2,1.038,1.356,1.8,0.213,22,6890.65,data_drift,2024-05,7241.986840669135
ID0001599,2024-12-08,3,3,63743.0,48,2,2,1.22,1.523,1.8,0.759,6,7517.48,data_drift,2024-12,7414.1000181216905
ID0001600,2024-10-04,3,14,13621.0,53,2,2,1.237,1.416,1.0,0.959,5,5867.52,data_drift,2024-10,5961.847750420207
ID0001601,2024-06-19,3,12,8545.0,38,1,2,1.177,1.209,1.0,0.438,11,5459.81,data_drift,2024-06,5378.670581833965
ID0001602,2024-08-20,0,3,33277.0,28,2,2,1.441,1.366,1.4,0.504,11,6472.9,data_drift,2024-08,6619.685368533725
ID0001603,2024-02-14,1,8,9644.0,78,0,2,1.383,1.354,1.0,0.849,30,5400.77,data_drift,2024-02,5453.859831144481
ID0001604,2024-05-14,2,7,21119.0,52,3,2,1.292,1.854,0.4,0.958,30,6078.8,data_drift,2024-05,5895.844243118932
ID0001605,2024-04-26,1,9,25543.0,52,1,2,1.375,1.818,1.4,0.982,30,6656.12,data_drift,2024-04,6911.129064707283
ID0001606,2024-01-15,2,25,4753.0,56,3,2,1.368,1.72,1.4,0.954,17,8629.03,data_drift,2024-01,7299.505796553281
ID0001607,2024-01-15,2,10,13989.0,73,1,2,1.398,1.257,3.2,0.778,30,9414.2,data_drift,2024-01,9758.631928576478
ID0001608,2024-01-22,1,7,10822.0,54,2,1,1.097,1.392,1.8,0.733,23,8283.56,data_drift,2024-01,7114.642642901569
ID0001609,2024-03-16,3,16,14805.0,67,1,2,1.292,1.129,1.8,0.483,2,7168.27,data_drift,2024-03,6547.857241243271
ID0001610,2024-04-28,1,20,6840.0,22,2,2,1.099,1.28,1.8,0.57,22,8716.95,data_drift,2024-04,8414.355847605115
ID0001611,2024-02-22,2,13,17086.0,47,3,1,1.128,1.668,3.2,0.838,30,10757.68,data_drift,2024-02,10662.668984430871
ID0001612,2024-10-07,3,14,13208.0,34,2,1,0.926,1.223,1.0,0.654,7,5600.02,data_drift,2024-10,5648.5692703896675
ID0001613,2024-09-12,1,15,9073.0,38,1,2,1.338,1.397,1.4,0.954,16,7349.52,data_drift,2024-09,6675.477821504789
ID0001614,2024-09-23,3,17,6786.0,63,2,2,1.419,1.041,1.8,0.374,30,7343.49,data_drift,2024-09,7030.129322759652
ID0001615,2024-10-22,0,10,30120.0,61,0,2,1.432,1.263,1.4,0.814,23,6146.4,data_drift,2024-10,6236.711472189411
ID0001616,2024-02-01,4,10,22618.0,77,2,1,0.953,1.117,1.8,0.48,8,7525.62,data_drift,2024-02,6392.084887944009
ID0001617,2024-04-01,4,22,27473.0,32,1,2,1.177,1.035,1.8,0.647,3,6090.19,data_drift,2024-04,7013.492651102756
ID0001618,2024-06-08,2,10,18669.0,67,3,0,1.153,1.548,1.4,0.815,30,6189.38,data_drift,2024-06,6753.016799183009
ID0001619,2024-07-02,2,11,37665.0,36,0,2,1.502,1.71,1.1,0.941,5,6207.33,data_drift,2024-07,5684.979751261636
ID0001620,2024-03-06,4,9,31317.0,49,3,2,1.183,1.51,1.4,0.673,5,7039.5,data_drift,2024-03,6868.1153590284375
ID0001621,2024-11-20,1,20,4812.0,41,3,2,1.598,1.28,1.8,0.614,4,7343.24,data_drift,2024-11,7335.46358681191
ID0001622,2024-03-16,2,7,30004.0,70,2,2,1.36,1.058,1.2,0.496,6,5938.51,data_drift,2024-03,5519.100560135259
ID0001623,2024-07-02,0,12,6842.0,64,0,2,1.501,1.286,1.4,0.738,3,4721.42,data_drift,2024-07,5376.47866042426
ID0001624,2024-09-27,2,5,46841.0,32,3,2,1.294,1.321,1.8,0.435,3,7667.24,data_drift,2024-09,7379.634822975518
ID0001625,2024-08-11,3,16,15543.0,40,0,1,0.8,1.223,3.2,0.604,3,8584.72,data_drift,2024-08,8673.136262912569
ID0001626,2024-06-24,1,1,16392.0,68,1,2,1.282,1.731,3.2,0.866,3,7402.69,data_drift,2024-06,9373.397413359631
ID0001627,2024-09-25,3,3,39956.0,31,1,2,1.657,1.165,1.8,0.552,3,6768.11,data_drift,2024-09,6559.245840657353
ID0001628,2024-08-14,2,10,19935.0,34,2,2,1.147,1.279,3.2,0.571,4,10275.56,data_drift,2024-08,9887.204342300218
ID0001629,2024-06-21,3,3,45223.0,46,2,2,1.453,1.12,1.8,0.38,14,7345.63,data_drift,2024-06,6956.3096900618675
ID0001630,2024-06-19,0,25,5198.0,66,3,2,1.358,1.417,1.4,0.814,23,8080.5,data_drift,2024-06,7810.3911637981855
ID0001631,2024-05-28,4,12,11519.0,64,3,1,1.139,1.163,1.2,0.263,5,6185.6,data_drift,2024-05,5745.956414034332
ID0001632,2024-11-14,3,18,10256.0,22,3,2,1.548,1.322,1.8,0.694,6,8603.84,data_drift,2024-11,8504.247715944368
ID0001633,2024-02-10,1,21,4304.0,72,1,2,1.416,1.132,1.8,0.383,14,6366.08,data_drift,2024-02,6422.868348091658
ID0001634,2024-01-11,1,16,4966.0,72,0,1,0.961,1.093,1.8,0.609,1,6328.58,data_drift,2024-01,5817.499149067276
ID0001635,2024-05-06,2,11,10775.0,46,4,0,0.978,0.971,1.2,0.628,11,5591.15,data_drift,2024-05,6087.44663042526
ID0001636,2024-07-23,4,7,23960.0,70,1,2,1.677,1.319,1.4,0.919,7,5558.26,data_drift,2024-07,5956.128232986989
ID0001637,2024-04-07,1,11,14800.0,71,1,1,0.907,1.161,1.8,0.693,2,5580.02,data_drift,2024-04,6175.081959119911
ID0001638,2024-02-05,3,6,18619.0,73,3,1,0.985,1.133,1.8,0.462,1,6215.91,data_drift,2024-02,6596.679919605713
ID0001639,2024-12-06,1,19,6173.0,66,1,1,1.204,1.245,1.8,0.54,3,6750.7,data_drift,2024-12,6557.225026329345
ID0001640,2024-01-05,1,19,5537.0,37,1,2,1.311,1.087,1.8,0.61,15,7685.07,data_drift,2024-01,6977.923694592096
ID0001641,2024-10-18,2,25,6525.0,79,4,2,1.233,1.009,1.8,0.349,0,8354.35,data_drift,2024-10,7440.004789941967
ID0001642,2024-09-01,3,14,18511.0,40,2,1,0.934,0.992,1.8,0.308,2,5911.28,data_drift,2024-09,6485.908337260718
ID0001643,2024-11-27,2,4,13802.0,40,4,0,1.044,0.914,1.8,0.306,10,6767.75,data_drift,2024-11,6683.101940418223
ID0001644,2024-01-01,2,5,26649.0,62,2,2,1.406,1.132,1.8,0.252,30,6444.05,data_drift,2024-01,6667.025154605601
ID0001645,2024-11-05,2,24,7454.0,78,0,0,0.968,1.255,1.8,0.628,30,6523.08,data_drift,2024-11,6050.988371725975
ID0001646,2024-11-14,2,10,24733.0,73,1,0,0.934,1.51,1.4,0.878,3,5491.29,data_drift,2024-11,5446.727099425428
ID0001647,2024-08-01,2,19,8955.0,43,0,2,1.388,1.202,3.2,0.626,7,9783.62,data_drift,2024-08,9288.807565779955
ID0001648,2024-02-03,1,17,7826.0,35,2,1,1.099,1.283,1.8,0.367,2,7512.77,data_drift,2024-02,6872.990428131019
ID0001649,2024-03-01,1,1,13073.0,67,2,1,1.12,1.734,1.4,0.923,9,6250.05,data_drift,2024-03,5958.771574753534
ID0001650,2024-02-24,3,21,6774.0,73,2,2,1.534,0.85,1.2,0.125,0,5543.48,data_drift,2024-02,5260.586235535678
ID0001651,2024-01-25,1,2,15119.0,46,4,2,1.371,1.632,1.4,0.874,3,8034.97,data_drift,2024-01,7055.134935406126
ID0001652,2024-08-12,3,19,14055.0,19,1,2,1.588,1.284,1.0,0.715,23,7308.18,data_drift,2024-08,6970.891566512601
ID0001653,2024-11-25,2,8,13216.0,41,0,2,0.931,1.162,1.4,0.541,1,5284.12,data_drift,2024-11,5505.435708088824
ID0001654,2024-03-01,2,17,18639.0,59,0,1,1.02,1.335,1.4,0.74,12,5579.87,data_drift,2024-03,5770.002243025121
ID0001655,2024-02-10,2,11,22455.0,35,1,2,1.344,1.365,1.4,0.758,5,6024.02,data_drift,2024-02,6586.263789177916
ID0001656,2024-09-01,0,24,3286.0,72,1,2,1.069,1.371,1.2,0.425,7,5732.24,data_drift,2024-09,5929.42779968149
ID0001657,2024-12-13,1,12,5641.0,46,4,2,1.342,1.432,1.4,0.785,30,8349.19,data_drift,2024-12,8053.894234417432
ID0001658,2024-06-26,2,7,15479.0,60,1,2,1.258,1.074,1.2,0.328,10,5373.91,data_drift,2024-06,5207.1232285189735
ID0001659,2024-12-22,2,17,8621.0,55,4,2,1.313,1.381,1.8,0.739,6,8029.48,data_drift,2024-12,8174.634073461552
ID0001660,2024-11-10,1,17,6256.0,18,2,1,1.183,0.907,1.2,0.209,4,6471.42,data_drift,2024-11,6081.631126569167
ID0001661,2024-12-11,2,25,11484.0,26,3,1,1.058,0.984,1.2,0.407,30,5757.62,data_drift,2024-12,6228.313464756803
ID0001662,2024-09-07,3,25,4502.0,53,2,2,1.475,1.121,1.8,0.329,2,7175.93,data_drift,2024-09,6589.127378425193
ID0001663,2024-06-24,2,0,55920.0,22,1,2,1.406,1.107,1.8,0.639,3,7743.9,data_drift,2024-06,7326.473015687328
ID0001664,2024-07-20,2,11,8004.0,57,1,2,1.418,1.321,1.4,0.926,12,6159.83,data_drift,2024-07,6302.414844325153
ID0001665,2024-04-16,2,10,13964.0,26,0,2,1.261,1.386,3.2,0.764,30,8832.34,data_drift,2024-04,9662.282235183146
ID0001666,2024-07-09,1,18,2845.0,24,1,2,1.466,1.133,1.8,0.554,3,7307.35,data_drift,2024-07,7322.900955136336
ID0001667,2024-11-18,1,7,38523.0,65,2,1,0.957,1.276,1.2,0.621,1,5913.48,data_drift,2024-11,5460.7168991965855
ID0001668,2024-11-02,2,17,14522.0,71,0,0,0.91,1.441,3.2,0.747,8,8791.63,data_drift,2024-11,8544.942769738287
ID0001669,2024-10-13,3,22,6394.0,49,3,2,1.251,1.464,0.4,0.939,8,5919.55,data_drift,2024-10,5683.552092311502
ID0001670,2024-06-25,3,25,2500.0,61,3,1,1.074,1.189,1.8,0.768,1,8377.13,data_drift,2024-06,7274.821622261357
ID0001671,2024-10-06,2,25,7066.0,55,1,2,1.249,1.149,1.8,0.366,0,7648.7,data_drift,2024-10,6592.473587179819
ID0001672,2024-08-19,4,10,17306.0,43,0,2,1.296,1.521,1.4,0.836,5,6280.88,data_drift,2024-08,5919.007104438493
ID0001673,2024-04-18,3,20,6313.0,49,2,1,1.298,1.103,1.8,0.522,30,7596.54,data_drift,2024-04,6981.131985634607
ID0001674,2024-09-11,2,12,8102.0,42,2,2,1.736,1.613,1.4,0.951,5,7852.55,data_drift,2024-09,6834.5378863432725
ID0001675,2024-11-23,2,15,12917.0,45,1,2,1.526,1.789,0.4,0.972,7,5491.12,data_drift,2024-11,5126.653915002872
ID0001676,2024-08-16,2,15,8555.0,73,0,2,1.234,1.313,1.8,0.844,8,6644.54,data_drift,2024-08,6568.148771602009
ID0001677,2024-02-05,2,10,11927.0,26,0,2,1.06,1.267,3.2,0.89,12,9518.59,data_drift,2024-02,8816.941619117319
ID0001678,2024-08-28,4,7,56190.0,29,0,2,1.276,1.348,1.4,0.882,30,6750.75,data_drift,2024-08,6608.627290303143
ID0001679,2024-12-03,1,14,25815.0,62,3,2,1.233,1.513,1.4,0.868,10,7257.64,data_drift,2024-12,7294.684695311898
ID0001680,2024-08-09,3,0,21997.0,46,2,1,1.108,1.34,1.0,0.701,30,6024.18,data_drift,2024-08,5639.851420758297
ID0001681,2024-04-22,2,3,41822.0,18,2,2,1.529,1.324,1.8,0.553,5,8941.78,data_drift,2024-04,8108.444832550162
ID0001682,2024-04-26,3,16,20619.0,56,4,2,1.168,1.648,1.4,0.802,10,7964.61,data_drift,2024-04,7825.69111825111
ID0001683,2024-09-13,2,2,12922.0,57,3,2,1.315,1.061,1.8,0.298,21,6917.04,data_drift,2024-09,6891.163223064477
ID0001684,2024-02-26,3,5,21967.0,35,1,2,1.345,1.277,1.0,0.713,23,5327.75,data_drift,2024-02,5604.45087054215
ID0001685,2024-10-09,0,25,5074.0,24,1,2,1.23,1.15,1.8,0.776,30,7784.8,data_drift,2024-10,8678.03572197704
ID0001686,2024-05-28,1,14,9808.0,45,3,1,1.083,1.272,1.8,0.249,3,6324.08,data_drift,2024-05,7030.029776281768
ID0001687,2024-10-11,1,4,12764.0,76,3,2,0.985,1.41,1.8,0.808,7,7216.58,data_drift,2024-10,7246.615304345167
ID0001688,2024-07-05,4,18,28600.0,65,4,2,1.499,1.19,1.8,0.414,30,9474.47,data_drift,2024-07,7773.466710008954
ID0001689,2024-09-24,3,8,15370.0,65,1,2,1.436,1.231,1.8,0.665,3,6764.55,data_drift,2024-09,6548.45480773635
ID0001690,2024-04-12,3,14,6395.0,30,1,2,1.475,1.722,0.4,0.937,13,5069.8,data_drift,2024-04,5311.094962250958
ID0001691,2024-09-25,4,15,11018.0,62,0,2,1.486,1.251,1.4,0.814,4,5738.76,data_drift,2024-09,5961.399174789595
ID0001692,2024-08-09,2,3,16984.0,41,2,1,1.006,1.105,1.8,0.456,1,6983.49,data_drift,2024-08,6400.522730834849
ID0001693,2024-08-23,3,14,10550.0,72,0,1,1.101,1.374,1.4,0.884,16,5910.7,data_drift,2024-08,5693.418559019153
ID0001694,2024-08-09,3,0,49521.0,20,2,2,1.321,1.404,1.8,0.768,8,7913.57,data_drift,2024-08,7981.795473253579
ID0001695,2024-05-19,3,19,6180.0,53,0,2,1.272,1.351,1.8,0.686,16,6972.47,data_drift,2024-05,6795.466971770613
ID0001696,2024-10-23,2,8,10938.0,39,2,1,1.058,1.486,1.4,0.904,8,6649.36,data_drift,2024-10,6232.507452590755
ID0001697,2024-04-05,2,17,11755.0,76,2,1,0.948,1.357,3.2,0.514,30,8876.61,data_drift,2024-04,9866.282607628238
ID0001698,2024-09-08,3,16,8566.0,50,1,1,1.03,1.493,1.8,0.85,30,7918.68,data_drift,2024-09,7700.108844229045
ID0001699,2024-05-01,2,13,7894.0,27,2,2,1.08,1.049,1.8,0.368,30,7306.43,data_drift,2024-05,7023.151617010783
ID0001700,2024-11-26,1,9,16444.0,48,2,2,1.237,1.316,1.8,0.603,11,7378.02,data_drift,2024-11,7315.178995036418
ID0001701,2024-10-10,0,10,13540.0,70,3,2,1.4,1.254,1.8,0.543,8,7465.43,data_drift,2024-10,7303.142589308222
ID0001702,2024-09-13,3,11,17900.0,79,2,2,1.311,1.466,1.4,0.906,24,6311.1,data_drift,2024-09,6917.395180693814
ID0001703,2024-04-12,3,6,16578.0,44,3,2,1.235,1.496,1.8,0.875,9,8773.01,data_drift,2024-04,7455.648748554599
ID0001704,2024-04-05,2,0,18498.0,53,2,1,1.031,1.166,1.8,0.517,15,5236.4,data_drift,2024-04,6402.568575686001
ID0001705,2024-10-07,2,10,9104.0,55,2,2,1.19,1.405,0.4,0.959,6,5604.41,data_drift,2024-10,4869.706048040214
ID0001706,2024-07-13,2,10,27756.0,56,0,2,1.524,1.231,3.2,0.701,22,8544.17,data_drift,2024-07,9049.946444333154
ID0001707,2024-11-06,3,13,15636.0,59,1,2,1.442,1.2,3.2,0.626,1,9326.19,data_drift,2024-11,9297.044434424477
ID0001708,2024-02-22,2,22,7099.0,40,0,2,1.174,1.374,1.8,0.664,2,6639.09,data_drift,2024-02,6880.010454700416
ID0001709,2024-12-05,4,11,52371.0,38,1,1,1.108,1.316,1.8,0.806,16,6335.51,data_drift,2024-12,7089.502022169278
ID0001710,2024-08-05,2,13,12808.0,71,2,2,1.305,1.67,1.4,0.797,5,7674.08,data_drift,2024-08,6813.373278775796
ID0001711,2024-02-01,1,19,4183.0,53,2,2,1.267,0.991,1.2,0.319,4,5816.12,data_drift,2024-02,5707.494441998064
ID0001712,2024-12-06,2,11,16170.0,40,0,2,1.261,1.458,1.8,0.691,5,7275.34,data_drift,2024-12,6492.874837773666
ID0001713,2024-08-15,4,14,21144.0,42,3,0,0.992,1.373,1.8,0.731,6,7327.06,data_drift,2024-08,7463.011734776534
ID0001714,2024-09-04,2,20,9350.0,33,1,2,0.999,1.553,1.4,0.711,2,6359.85,data_drift,2024-09,6556.215545921446
ID0001715,2024-03-01,2,10,13640.0,71,2,2,1.197,1.631,1.1,0.986,5,6574.3,data_drift,2024-03,6081.9560961887
ID0001716,2024-01-23,3,5,20861.0,67,2,2,1.256,1.577,1.4,0.919,30,8224.67,data_drift,2024-01,6923.340595616881
ID0001717,2024-06-12,4,25,13882.0,22,1,2,1.469,1.91,1.1,0.995,7,6897.54,data_drift,2024-06,6944.157561382953
ID0001718,2024-07-27,4,17,14441.0,38,0,2,1.517,1.446,3.2,0.913,4,9655.54,data_drift,2024-07,9352.00965625172
ID0001719,2024-11-08,2,9,29232.0,35,1,2,1.419,1.625,1.4,0.92,8,7280.43,data_drift,2024-11,6511.85501626369
ID0001720,2024-02-25,2,13,14548.0,51,1,2,1.329,1.177,1.2,0.493,30,6688.69,data_drift,2024-02,5833.86256249876
ID0001721,2024-01-26,1,9,18351.0,41,1,2,1.408,1.185,1.8,0.497,22,7188.23,data_drift,2024-01,6882.335400085878
ID0001722,2024-09-21,3,6,21114.0,78,4,1,0.997,1.522,3.2,0.865,30,10736.29,data_drift,2024-09,10579.551341119111
ID0001723,2024-11-20,3,17,10239.0,18,3,1,1.244,1.803,0.4,0.985,5,7145.34,data_drift,2024-11,6023.939885296109
ID0001724,2024-02-21,1,13,15532.0,34,4,2,1.398,1.276,1.4,0.892,4,7869.75,data_drift,2024-02,7392.016319223155
ID0001725,2024-12-15,0,12,2500.0,62,2,2,1.311,0.864,1.2,0.292,7,5088.63,data_drift,2024-12,5289.572484124632
ID0001726,2024-09-16,3,17,7742.0,39,3,0,0.9,1.237,1.8,0.611,11,6917.73,data_drift,2024-09,7301.970361604658
ID0001727,2024-07-26,3,0,47525.0,28,0,1,1.075,1.386,1.4,0.89,5,6357.28,data_drift,2024-07,5606.083397868919
ID0001728,2024-01-18,3,15,7571.0,48,1,1,1.162,1.196,1.0,0.608,30,5996.63,data_drift,2024-01,5641.343809189059
ID0001729,2024-06-27,3,21,16311.0,21,2,2,1.513,1.745,0.4,0.981,4,7029.61,data_drift,2024-06,6040.998617103865
ID0001730,2024-09-20,4,18,27146.0,28,1,2,1.489,1.289,1.8,0.796,5,7863.41,data_drift,2024-09,7255.369617009573
ID0001731,2024-11-12,3,10,15106.0,56,4,2,1.359,1.567,1.4,0.898,3,7911.22,data_drift,2024-11,7245.925393540747
ID0001732,2024-08-06,2,24,3109.0,56,0,1,0.948,1.497,1.0,0.801,2,4871.75,data_drift,2024-08,5187.253542821558
ID0001733,2024-09-18,3,25,6693.0,37,2,2,1.196,1.442,1.0,0.893,30,7289.13,data_drift,2024-09,7006.175785792318
ID0001734,2024-09-28,2,9,13720.0,49,0,1,1.255,1.215,1.2,0.478,30,4902.11,data_drift,2024-09,5068.55554190423
ID0001735,2024-07-09,2,5,10643.0,30,1,1,0.919,1.357,1.0,0.884,8,5469.45,data_drift,2024-07,5239.538093676187
ID0001736,2024-10-13,3,22,9661.0,78,3,2,1.204,1.45,1.4,0.92,17,6573.29,data_drift,2024-10,7127.88095769216
ID0001737,2024-06-15,0,13,11597.0,26,3,0,1.073,1.278,1.8,0.505,30,7936.85,data_drift,2024-06,7369.650908358661
ID0001738,2024-07-19,1,15,5898.0,58,0,2,1.448,1.139,1.8,0.637,4,6670.81,data_drift,2024-07,6316.129840813988
ID0001739,2024-06-07,0,19,3768.0,40,3,2,1.385,1.205,1.8,0.567,2,7865.3,data_drift,2024-06,7297.201300004295
ID0001740,2024-11-20,2,6,28016.0,35,2,1,1.085,1.173,1.2,0.337,10,5296.67,data_drift,2024-11,5491.339252626024
ID0001741,2024-02-10,4,18,22262.0,30,3,2,1.228,1.509,0.4,0.856,30,5556.04,data_drift,2024-02,6334.908048966677
ID0001742,2024-09-15,2,23,5462.0,35,2,2,1.181,1.166,1.8,0.512,30,7084.9,data_drift,2024-09,7421.366286946502
ID0001743,2024-12-11,1,19,3841.0,61,1,2,1.429,1.328,1.8,0.795,23,7281.57,data_drift,2024-12,7474.436590797328
ID0001744,2024-05-20,2,17,10603.0,34,3,2,1.179,1.171,3.2,0.585,2,9978.35,data_drift,2024-05,9889.352439270033
ID0001745,2024-02-10,3,14,12539.0,25,2,0,0.877,1.118,1.8,0.247,7,6460.32,data_drift,2024-02,6617.293380575154
ID0001746,2024-05-27,3,13,10226.0,36,1,2,1.595,0.977,1.8,0.233,3,6150.47,data_drift,2024-05,6276.897606290069
ID0001747,2024-01-13,3,3,36575.0,62,2,2,1.382,1.133,1.2,0.476,7,4863.02,data_drift,2024-01,5591.327883602109
ID0001748,2024-05-02,3,10,6567.0,78,4,2,1.238,1.47,1.8,0.834,5,8422.81,data_drift,2024-05,7854.872219242591
ID0001749,2024-01-01,3,10,17162.0,40,0,2,1.372,1.453,1.4,0.939,13,6560.3,data_drift,2024-01,6127.629006052735
ID0001750,2024-05-16,2,7,13491.0,62,4,2,1.096,1.511,3.2,0.959,30,10777.94,data_drift,2024-05,10859.674977509665
ID0001751,2024-07-21,3,16,19224.0,65,3,2,1.193,1.174,1.8,0.722,2,7259.96,data_drift,2024-07,7374.233348359963
ID0001752,2024-10-16,2,3,11258.0,20,1,2,1.197,1.524,1.4,0.84,13,7358.93,data_drift,2024-10,6864.715719791708
ID0001753,2024-08-07,3,9,9591.0,78,3,1,1.372,1.252,3.2,0.794,16,9050.05,data_drift,2024-08,9637.377362211486
ID0001754,2024-01-03,2,11,18618.0,36,0,1,1.085,1.141,1.2,0.506,11,4613.07,data_drift,2024-01,5091.163370318445
ID0001755,2024-07-17,3,18,4384.0,28,2,2,1.213,0.987,1.2,0.331,4,5706.04,data_drift,2024-07,5841.614732317933
ID0001756,2024-04-08,4,20,15442.0,38,2,2,1.507,1.391,1.8,0.826,23,8340.02,data_drift,2024-04,7848.395370694774
ID0001757,2024-02-07,2,20,5395.0,27,2,1,0.97,1.106,1.8,0.455,3,6769.99,data_drift,2024-02,6826.744623479646
ID0001758,2024-11-25,4,3,43224.0,52,2,2,1.36,1.566,1.4,0.822,13,5640.12,data_drift,2024-11,6573.551097228651
ID0001759,2024-11-05,3,8,37224.0,24,2,2,1.077,1.583,1.8,0.907,17,8979.89,data_drift,2024-11,8210.515950333453
ID0001760,2024-05-03,3,15,11272.0,36,2,1,1.027,1.507,1.4,0.914,3,6938.18,data_drift,2024-05,6545.04481005843
ID0001761,2024-07-19,1,3,8856.0,50,1,2,1.185,1.627,1.4,0.926,4,6946.39,data_drift,2024-07,6253.256554029526
ID0001762,2024-09-03,1,24,3563.0,70,1,2,1.448,1.222,1.8,0.549,22,6873.68,data_drift,2024-09,6743.716035613035
ID0001763,2024-01-16,1,25,5619.0,58,2,1,1.081,1.546,1.4,0.848,17,6883.95,data_drift,2024-01,6410.725178372421
ID0001764,2024-03-28,3,11,12477.0,77,1,0,0.973,1.672,0.4,0.966,13,4505.97,data_drift,2024-03,4042.9296591646926
ID0001765,2024-07-05,4,10,33171.0,45,2,2,1.387,1.442,1.0,0.793,3,6573.34,data_drift,2024-07,6053.344161835627
ID0001766,2024-11-10,2,12,19314.0,73,1,2,1.354,1.152,1.8,0.556,22,6663.17,data_drift,2024-11,6651.346847414028
ID0001767,2024-10-04,3,7,18572.0,24,3,1,1.11,1.28,3.2,0.381,30,11155.48,data_drift,2024-10,10613.360717894304
ID0001768,2024-02-06,3,18,15172.0,74,0,2,1.299,1.34,3.2,0.709,16,8857.25,data_drift,2024-02,8987.484723116437
ID0001769,2024-10-24,2,25,3213.0,35,2,0,1.057,1.53,3.2,0.916,9,9239.06,data_drift,2024-10,9868.238601759373
ID0001770,2024-08-08,2,8,9375.0,53,1,2,1.364,1.762,1.1,0.989,30,5424.68,data_drift,2024-08,6713.056404583426
ID0001771,2024-11-11,2,8,12709.0,49,1,2,1.334,1.641,1.4,0.954,30,7050.88,data_drift,2024-11,6902.087651553399
ID0001772,2024-02-03,0,14,4232.0,61,0,1,1.028,1.655,0.4,0.936,9,4827.4,data_drift,2024-02,3975.5886661516406
ID0001773,2024-06-23,1,14,10809.0,58,3,2,1.192,1.141,1.0,0.496,1,6067.5,data_drift,2024-06,5909.314777994312
ID0001774,2024-08-11,1,16,5830.0,74,2,2,1.389,1.509,1.4,0.942,30,7408.82,data_drift,2024-08,7358.131433110851
ID0001775,2024-04-23,3,12,17933.0,20,3,2,1.513,1.152,3.2,0.781,7,9944.35,data_drift,2024-04,10800.733941077291
ID0001776,2024-08-26,2,15,9838.0,33,3,2,1.32,1.32,1.8,0.654,22,7770.67,data_drift,2024-08,7950.562977925138
ID0001777,2024-03-21,3,11,14075.0,52,1,0,0.931,1.388,1.8,0.558,6,6940.36,data_drift,2024-03,6363.606987356608
ID0001778,2024-02-23,1,24,3920.0,35,0,2,1.135,1.397,3.2,0.831,8,9738.79,data_drift,2024-02,9342.695934235673
ID0001779,2024-06-14,2,18,20058.0,62,4,1,0.917,0.946,1.2,0.28,0,5870.12,data_drift,2024-06,5936.837464497481
ID0001780,2024-04-23,3,17,22806.0,75,2,2,1.484,1.55,1.4,0.87,13,7127.46,data_drift,2024-04,6632.465573813882
ID0001781,2024-04-13,2,14,8313.0,60,2,1,1.056,1.362,1.8,0.7,8,6936.99,data_drift,2024-04,7044.913332625332
ID0001782,2024-01-09,0,2,9671.0,20,0,2,1.33,1.58,0.4,0.987,6,5544.3,data_drift,2024-01,4898.714493797989
ID0001783,2024-04-23,2,14,8130.0,39,0,1,0.982,1.239,1.4,0.64,2,5200.65,data_drift,2024-04,5741.269883629299
ID0001784,2024-05-08,4,20,9351.0,60,0,2,1.4,1.182,1.8,0.51,1,5125.21,data_drift,2024-05,6339.161956881489
ID0001785,2024-03-04,3,6,8694.0,38,1,2,1.465,1.585,1.4,0.965,30,6959.75,data_drift,2024-03,7153.28038322955
ID0001786,2024-02-06,2,9,36774.0,50,1,2,1.555,1.175,3.2,0.684,22,9647.32,data_drift,2024-02,9518.222564662698
ID0001787,2024-07-25,3,15,10088.0,74,3,2,1.403,1.293,1.8,0.452,6,7967.12,data_drift,2024-07,7440.976419071326
ID0001788,2024-02-08,3,25,4327.0,51,1,0,0.919,1.421,3.2,0.918,9,9072.91,data_drift,2024-02,9408.365962259899
ID0001789,2024-01-08,2,10,19371.0,55,2,1,1.181,1.136,1.8,0.444,1,6432.73,data_drift,2024-01,6490.96419927082
ID0001790,2024-04-28,2,5,23125.0,61,4,2,1.264,1.647,1.4,0.926,24,7897.54,data_drift,2024-04,7479.612346129344
ID0001791,2024-03-02,2,19,13502.0,56,2,1,0.95,1.081,1.8,0.5,2,7793.58,data_drift,2024-03,6655.702972873892
ID0001792,2024-03-22,4,4,42607.0,57,3,2,1.319,1.261,1.8,0.794,2,8037.86,data_drift,2024-03,7285.647058421411
ID0001793,2024-05-26,2,19,3553.0,33,4,2,1.273,1.395,1.8,0.681,23,8065.77,data_drift,2024-05,8360.096300204872
ID0001794,2024-12-13,1,2,19155.0,51,1,2,1.135,1.204,1.4,0.83,16,6994.23,data_drift,2024-12,5886.990572103632
ID0001795,2024-09-06,1,18,14533.0,73,3,2,1.256,1.026,1.8,0.452,1,7405.18,data_drift,2024-09,7075.2542922359635
ID0001796,2024-10-14,3,17,11518.0,73,1,2,1.36,1.396,1.0,0.778,2,5753.41,data_drift,2024-10,5849.157273837059
ID0001797,2024-04-24,3,7,40903.0,46,2,0,1.045,1.343,1.8,0.48,7,6488.19,data_drift,2024-04,6510.681903439334
ID0001798,2024-01-03,2,15,13148.0,78,2,2,1.395,1.144,1.8,0.658,2,7387.93,data_drift,2024-01,6867.5722275466815
ID0001799,2024-07-22,2,0,46141.0,39,1,2,1.265,1.447,1.4,0.913,10,6353.01,data_drift,2024-07,6147.57060679301
ID0001800,2024-02-14,2,13,11335.0,62,1,0,0.903,1.453,1.4,0.892,8,5856.51,data_drift,2024-02,5599.287125414359
ID0001801,2024-05-16,2,22,5719.0,77,2,2,1.202,1.507,3.2,0.908,3,9550.11,data_drift,2024-05,10218.07599736982
ID0001802,2024-12-19,2,1,17732.0,61,1,1,1.122,1.156,1.8,0.467,22,6379.6,data_drift,2024-12,6022.537303634244
ID0001803,2024-10-06,2,17,9431.0,44,2,0,0.899,1.256,1.8,0.652,4,7418.73,data_drift,2024-10,6899.09127106332
ID0001804,2024-07-02,3,11,30349.0,48,0,2,1.477,1.337,1.8,0.782,23,6950.96,data_drift,2024-07,7045.910463484394
ID0001805,2024-08-22,4,11,55167.0,62,1,2,1.356,1.01,3.2,0.596,5,9378.37,data_drift,2024-08,9481.82269415617
ID0001806,2024-06-08,4,6,16116.0,56,0,1,0.825,1.541,1.4,0.928,9,5900.32,data_drift,2024-06,5269.499943421366
ID0001807,2024-08-08,3,14,10459.0,79,0,2,1.406,1.321,1.8,0.758,6,6681.86,data_drift,2024-08,6576.0724479453365
ID0001808,2024-01-06,4,19,24474.0,70,0,2,1.099,1.258,1.4,0.645,8,5594.83,data_drift,2024-01,6076.82870735591
ID0001809,2024-12-11,1,8,5391.0,30,4,1,1.206,1.228,1.8,0.287,0,8501.43,data_drift,2024-12,7382.269727342231
ID0001810,2024-01-13,3,22,6246.0,45,0,2,1.147,1.522,1.1,0.936,5,5502.08,data_drift,2024-01,5610.57827827726
ID0001811,2024-12-16,2,25,8096.0,33,1,2,1.303,1.215,1.8,0.678,4,7239.81,data_drift,2024-12,7032.964463959345
ID0001812,2024-06-19,4,12,19753.0,68,1,2,1.339,1.605,1.4,0.823,24,6241.13,data_drift,2024-06,6923.6662266414005
ID0001813,2024-09-26,2,3,15003.0,21,1,0,0.94,1.332,1.4,0.887,30,6940.31,data_drift,2024-09,6531.091155157491
ID0001814,2024-05-21,1,8,26456.0,47,1,1,1.009,1.854,1.1,0.978,10,6308.42,data_drift,2024-05,5621.380301470367
ID0001815,2024-11-07,4,16,15991.0,40,0,2,1.408,1.071,1.2,0.326,0,4344.88,data_drift,2024-11,5125.188238045421
ID0001816,2024-05-09,4,21,9355.0,66,0,2,1.551,1.144,3.2,0.43,8,8962.84,data_drift,2024-05,8856.721218890783
ID0001817,2024-03-11,0,5,11290.0,67,0,0,1.074,1.186,3.2,0.964,4,8023.86,data_drift,2024-03,7808.669339113557
ID0001818,2024-01-17,3,8,15151.0,78,3,2,1.398,1.101,1.8,0.385,2,7579.83,data_drift,2024-01,6789.880659676793
ID0001819,2024-11-26,1,6,10192.0,59,0,2,1.134,1.778,1.1,0.992,30,6371.46,data_drift,2024-11,5961.339645009007
ID0001820,2024-04-06,1,12,9065.0,28,0,2,1.172,1.188,3.2,0.438,1,9500.4,data_drift,2024-04,8862.132874294299
ID0001821,2024-01-19,3,21,7684.0,31,1,2,1.336,1.373,3.2,0.688,30,8931.45,data_drift,2024-01,10425.064174867937
ID0001822,2024-09-04,4,3,31292.0,55,3,1,0.896,1.457,1.4,0.742,5,6543.67,data_drift,2024-09,6264.162754058493
ID0001823,2024-07-14,2,25,6476.0,38,4,2,1.394,1.298,1.8,0.733,2,8669.77,data_drift,2024-07,7937.987412327309
ID0001824,2024-06-06,4,14,25126.0,26,2,1,1.168,0.983,1.8,0.541,1,7786.78,data_drift,2024-06,6825.0393857298195
ID0001825,2024-10-13,3,3,52436.0,72,1,0,1.003,1.151,1.8,0.488,3,5707.82,data_drift,2024-10,5772.079180109431
ID0001826,2024-05-01,3,7,14864.0,54,1,1,1.164,0.85,1.2,0.151,0,4929.09,data_drift,2024-05,4523.260202710168
ID0001827,2024-10-07,3,12,14077.0,72,3,2,1.283,0.85,1.2,0.159,4,5707.74,data_drift,2024-10,5542.488451123562
ID0001828,2024-10-13,2,24,4619.0,43,1,1,0.962,1.346,3.2,0.799,30,9309.28,data_drift,2024-10,10302.304920842016
ID0001829,2024-10-26,1,11,15312.0,57,2,2,1.238,1.424,3.2,0.651,4,9712.12,data_drift,2024-10,9839.636765689134
ID0001830,2024-02-11,2,12,13911.0,43,2,2,1.124,1.063,1.8,0.363,0,6765.5,data_drift,2024-02,6837.080834264947
ID0001831,2024-05-08,2,7,11621.0,64,0,0,0.902,1.553,1.4,0.969,30,4925.57,data_drift,2024-05,5193.425095118427
ID0001832,2024-09-15,0,6,16793.0,23,0,2,1.192,1.517,1.4,0.986,8,7292.31,data_drift,2024-09,6612.321030478559
ID0001833,2024-11-13,1,4,13907.0,75,1,2,1.262,1.216,1.8,0.473,1,7058.8,data_drift,2024-11,6243.380169131532
ID0001834,2024-03-06,2,11,9269.0,38,3,2,1.321,1.268,1.4,0.847,8,6076.11,data_drift,2024-03,7002.644109153971
ID0001835,2024-06-21,2,14,3937.0,50,0,2,1.224,1.352,1.4,0.551,2,5182.28,data_drift,2024-06,5937.4056747454815
ID0001836,2024-09-23,4,16,26638.0,53,1,2,1.221,1.43,3.2,0.747,12,9383.77,data_drift,2024-09,10224.202618827017
ID0001837,2024-08-06,2,15,15565.0,24,0,0,0.961,1.172,1.8,0.496,15,5724.86,data_drift,2024-08,6796.665947935193
ID0001838,2024-04-11,1,5,8519.0,39,0,2,1.083,1.316,3.2,0.435,30,9147.28,data_drift,2024-04,8804.187420188233
ID0001839,2024-06-21,3,17,5831.0,71,0,1,1.027,1.136,1.8,0.372,3,5739.96,data_drift,2024-06,5920.171776623192
ID0001840,2024-02-12,2,12,15232.0,54,2,1,0.925,1.482,1.4,0.984,5,6859.24,data_drift,2024-02,6147.335327098726
ID0001841,2024-06-21,4,18,12041.0,68,3,2,1.449,1.618,1.4,0.811,4,6594.14,data_drift,2024-06,7278.445736414876
ID0001842,2024-06-25,4,15,22920.0,46,0,2,1.2,1.469,1.4,0.824,6,6142.82,data_drift,2024-06,6351.288204015595
ID0001843,2024-12-17,2,14,14583.0,49,0,1,0.967,1.12,1.8,0.445,3,5683.51,data_drift,2024-12,6071.795386075277
ID0001844,2024-02-27,1,25,4497.0,76,2,1,1.034,1.267,1.0,0.859,23,5513.16,data_drift,2024-02,6115.156732024317
ID0001845,2024-10-08,3,13,11622.0,61,2,2,1.415,1.149,1.8,0.356,21,6513.82,data_drift,2024-10,6962.784268494863
ID0001846,2024-09-21,2,20,7408.0,56,2,0,0.89,1.517,1.1,0.979,17,6579.61,data_drift,2024-09,5832.101633804872
ID0001847,2024-01-20,1,17,12833.0,54,0,2,1.313,1.029,1.2,0.472,3,5479.25,data_drift,2024-01,5155.754783696714
ID0001848,2024-11-21,4,18,9755.0,38,2,2,1.869,1.3,1.8,0.696,16,7983.22,data_drift,2024-11,7348.058373780785
ID0001849,2024-10-25,1,5,15712.0,77,2,1,1.005,1.674,0.4,0.98,4,5480.33,data_drift,2024-10,4248.618482640602
ID0001850,2024-07-14,1,21,4387.0,79,0,2,1.386,0.939,1.2,0.158,21,4430.07,data_drift,2024-07,4637.538043614657
ID0001851,2024-04-24,3,22,7342.0,44,2,2,1.29,0.955,1.8,0.398,4,7519.71,data_drift,2024-04,6883.00682368541
ID0001852,2024-10-16,3,7,14112.0,74,0,2,1.441,1.517,1.4,0.927,3,6139.18,data_drift,2024-10,5541.914432941449
ID0001853,2024-11-07,3,22,21480.0,51,1,1,1.107,1.13,1.8,0.48,30,6320.1,data_drift,2024-11,6758.053950526252
ID0001854,2024-07-08,2,2,41182.0,23,0,2,1.378,1.385,1.8,0.727,4,7702.23,data_drift,2024-07,7239.722556847171
ID0001855,2024-02-12,2,11,9390.0,59,1,1,0.914,1.076,1.2,0.457,7,4024.86,data_drift,2024-02,5086.650135330292
ID0001856,2024-11-20,4,5,104642.0,47,0,2,1.557,0.969,1.2,0.253,4,5410.15,data_drift,2024-11,4670.656881443814
ID0001857,2024-10-19,2,22,5966.0,48,3,1,1.121,1.242,1.8,0.423,4,6999.9,data_drift,2024-10,7245.125924469932
ID0001858,2024-03-28,3,9,29623.0,46,3,2,1.155,1.419,1.8,0.632,7,7850.69,data_drift,2024-03,7586.627986028371
ID0001859,2024-09-01,0,13,6775.0,65,0,2,1.282,1.125,1.8,0.367,14,6069.32,data_drift,2024-09,6148.048851012785
ID0001860,2024-03-27,2,20,4599.0,68,2,2,1.174,1.6,1.4,0.967,4,6801.79,data_drift,2024-03,7076.695377385991
ID0001861,2024-04-15,2,11,21572.0,25,1,2,1.424,1.068,1.2,0.619,30,5357.02,data_drift,2024-04,6066.664470459369
ID0001862,2024-01-23,1,24,4056.0,63,1,2,1.475,1.072,1.2,0.398,2,4966.5,data_drift,2024-01,5044.825204155079
ID0001863,2024-01-15,4,15,18943.0,25,1,1,1.257,0.85,1.2,0.222,30,5200.42,data_drift,2024-01,5259.782046877339
ID0001864,2024-04-22,4,23,11243.0,63,4,1,1.144,1.839,1.1,0.995,8,7382.32,data_drift,2024-04,6991.672225815874
ID0001865,2024-04-08,2,4,60854.0,60,4,1,1.123,1.349,1.8,0.654,30,8144.28,data_drift,2024-04,7864.972602211982
ID0001866,2024-06-12,4,15,16560.0,66,0,1,0.942,1.325,1.4,0.908,8,5375.11,data_drift,2024-06,5656.507909993604
ID0001867,2024-10-11,2,10,15299.0,44,3,2,1.39,1.272,1.4,0.735,5,7640.54,data_drift,2024-10,6871.051455237227
ID0001868,2024-05-26,3,5,103140.0,71,1,1,0.929,1.463,0.4,0.939,13,3372.15,data_drift,2024-05,3909.167562607759
ID0001869,2024-03-17,3,3,26239.0,38,2,2,1.364,1.33,3.2,0.69,3,8615.58,data_drift,2024-03,9781.974598202853
ID0001870,2024-02-01,0,13,5454.0,64,2,1,1.001,1.456,1.4,0.919,13,6108.66,data_drift,2024-02,6177.792935915355
ID0001871,2024-10-27,2,16,13356.0,64,1,2,1.436,1.332,1.8,0.603,30,7696.99,data_drift,2024-10,7177.502094036128
ID0001872,2024-07-08,4,9,15435.0,32,2,2,1.21,1.229,1.8,0.718,3,7371.96,data_drift,2024-07,7074.653382574114
ID0001873,2024-03-22,3,8,18865.0,39,2,2,1.329,2.0,1.1,1.0,8,8007.2,data_drift,2024-03,6233.766630036509
ID0001874,2024-01-11,3,0,39383.0,74,2,1,0.892,1.436,3.2,0.819,9,10006.33,data_drift,2024-01,9215.330339897664
ID0001875,2024-04-02,2,14,6932.0,54,0,2,1.344,1.323,1.4,0.814,4,5501.22,data_drift,2024-04,6187.029617324683
ID0001876,2024-05-26,2,25,17076.0,46,3,2,1.477,1.155,1.8,0.565,30,7600.95,data_drift,2024-05,7682.077029093565
ID0001877,2024-01-11,1,16,5090.0,42,2,2,1.146,1.359,1.0,0.921,2,6127.8,data_drift,2024-01,6451.173932355206
ID0001878,2024-10-16,0,7,10351.0,65,1,0,0.85,1.175,1.8,0.658,1,5977.1,data_drift,2024-10,5909.653950107502
ID0001879,2024-08-09,3,23,4658.0,22,0,1,1.213,1.201,1.8,0.493,30,7353.44,data_drift,2024-08,7286.4651527032165
ID0001880,2024-07-17,4,13,15106.0,69,0,0,0.979,1.159,1.8,0.696,5,5765.29,data_drift,2024-07,5812.115462867774
ID0001881,2024-09-03,2,0,30234.0,30,2,2,1.535,1.198,1.0,0.622,1,6006.06,data_drift,2024-09,5380.7575074160395
ID0001882,2024-08-25,2,3,16147.0,36,2,2,1.303,1.455,1.8,0.571,2,7564.72,data_drift,2024-08,7229.676915773512
ID0001883,2024-07-11,1,8,9039.0,64,1,2,1.217,1.328,1.8,0.618,3,5912.79,data_drift,2024-07,6704.277932473906
ID0001884,2024-06-01,3,7,22789.0,55,4,0,0.8,1.341,1.0,0.558,30,5232.7,data_drift,2024-06,5804.783965579002
ID0001885,2024-12-08,2,25,8804.0,73,2,2,1.29,1.134,1.8,0.354,30,7406.87,data_drift,2024-12,7176.0330757530655
ID0001886,2024-06-02,1,8,16322.0,26,1,2,1.554,1.223,1.8,0.474,15,7912.51,data_drift,2024-06,6744.734848625191
ID0001887,2024-05-17,3,19,17325.0,42,1,2,1.132,1.203,1.8,0.402,5,6551.07,data_drift,2024-05,6825.695829074275
ID0001888,2024-01-23,4,12,15942.0,68,2,1,0.91,1.322,1.4,0.842,9,6249.51,data_drift,2024-01,6169.258002091141
ID0001889,2024-08-19,3,3,23100.0,65,3,2,1.355,1.598,1.4,0.958,4,6828.08,data_drift,2024-08,6674.510170508882
ID0001890,2024-01-16,4,19,15098.0,61,3,2,1.438,1.205,3.2,0.554,8,9764.72,data_drift,2024-01,9961.092822317658
ID0001891,2024-08-04,3,14,8920.0,45,0,2,1.503,1.436,3.2,0.915,23,10514.65,data_drift,2024-08,9917.225846869087
ID0001892,2024-05-27,2,22,7391.0,46,2,2,1.43,1.419,1.4,0.894,16,7370.05,data_drift,2024-05,6838.579517423544
ID0001893,2024-05-04,2,2,9450.0,78,1,1,0.971,1.364,1.0,0.822,23,4863.36,data_drift,2024-05,5287.999414453013
ID0001894,2024-10-03,3,25,7438.0,60,1,1,1.118,1.341,1.8,0.712,5,7042.85,data_drift,2024-10,6705.15030595844
ID0001895,2024-03-01,4,11,19040.0,74,0,1,1.085,1.587,1.4,0.963,3,6161.75,data_drift,2024-03,5534.826425695653
ID0001896,2024-07-25,3,0,95428.0,58,1,2,1.09,1.357,1.8,0.879,9,6931.19,data_drift,2024-07,6484.648783512092
ID0001897,2024-11-14,4,11,46344.0,79,3,1,1.208,1.409,1.8,0.793,8,7373.85,data_drift,2024-11,7428.515355405965
ID0001898,2024-08-09,3,25,4216.0,61,2,2,1.396,1.525,1.4,0.945,17,6771.25,data_drift,2024-08,6781.328553218891
ID0001899,2024-07-15,2,16,9265.0,42,2,1,1.076,1.434,1.8,0.82,9,8300.01,data_drift,2024-07,7377.488981722622
ID0001900,2024-11-26,3,13,14779.0,42,3,2,1.308,1.594,1.1,0.984,5,6056.76,data_drift,2024-11,6768.491516397835
ID0001901,2024-06-26,2,11,10776.0,41,1,1,1.123,1.514,1.8,0.775,6,7905.35,data_drift,2024-06,6913.130275916346
ID0001902,2024-11-20,2,20,6511.0,59,2,2,1.337,1.037,1.8,0.5,4,7437.87,data_drift,2024-11,6956.452789236878
ID0001903,2024-03-02,4,15,24815.0,55,1,2,1.396,1.227,1.4,0.751,15,5673.06,data_drift,2024-03,6719.296913726684
ID0001904,2024-09-04,4,13,29812.0,20,1,1,1.124,0.97,1.8,0.223,10,6345.85,data_drift,2024-09,6826.1305128794165
ID0001905,2024-04-02,3,18,11746.0,43,4,2,1.24,1.361,1.0,0.59,22,6785.7,data_drift,2024-04,6954.658978498757
ID0001906,2024-06-16,1,18,6025.0,37,1,1,1.089,1.84,1.1,0.982,8,7627.5,data_drift,2024-06,6107.726927035886
ID0001907,2024-03-02,1,20,6404.0,21,0,2,1.567,1.116,1.8,0.537,30,7162.66,data_drift,2024-03,7365.137600492856
ID0001908,2024-01-08,2,8,14693.0,77,1,2,1.237,1.167,1.2,0.402,6,4542.68,data_drift,2024-01,5269.861428895318
ID0001909,2024-01-07,2,14,12060.0,38,1,2,1.374,1.528,1.1,0.968,17,6990.02,data_drift,2024-01,6322.290739449358
ID0001910,2024-05-26,2,12,16715.0,24,1,2,1.342,1.062,1.8,0.409,22,7466.29,data_drift,2024-05,7452.5586790964735
ID0001911,2024-04-13,3,10,33630.0,33,3,0,0.936,1.53,1.4,0.813,8,7033.61,data_drift,2024-04,6536.072990092616
ID0001912,2024-04-28,3,14,16007.0,72,4,2,1.459,1.784,0.4,0.935,14,6006.18,data_drift,2024-04,5958.225551869343
ID0001913,2024-08-24,4,16,11556.0,26,0,2,1.671,1.194,1.8,0.503,4,6972.78,data_drift,2024-08,6542.157367320523
ID0001914,2024-07-07,2,22,12442.0,59,3,2,1.322,1.674,1.0,0.882,30,8152.93,data_drift,2024-07,7294.841401396349
ID0001915,2024-11-04,3,10,45037.0,38,3,1,0.956,1.595,3.2,0.935,13,9714.4,data_drift,2024-11,10365.35291616157
ID0001916,2024-10-19,1,15,4239.0,57,0,1,1.058,1.237,1.2,0.401,22,4906.95,data_drift,2024-10,5162.806042932832
ID0001917,2024-06-25,2,17,11082.0,65,1,2,1.303,1.278,3.2,0.691,30,8342.91,data_drift,2024-06,9882.555097373559
ID0001918,2024-11-02,2,15,12937.0,46,0,2,1.264,1.698,1.1,0.994,13,5424.93,data_drift,2024-11,5962.273304387875
ID0001919,2024-10-06,4,7,35212.0,59,3,0,1.067,1.245,1.8,0.577,30,6340.99,data_drift,2024-10,7036.100132448501
ID0001920,2024-10-10,2,20,6473.0,46,0,2,0.863,1.279,1.8,0.595,30,6807.34,data_drift,2024-10,6971.991064515711
ID0001921,2024-11-09,3,16,26689.0,31,1,2,1.22,1.005,1.8,0.145,4,6435.01,data_drift,2024-11,6579.899022081244
ID0001922,2024-08-14,2,13,11961.0,66,2,2,1.189,1.174,1.4,0.635,2,6482.27,data_drift,2024-08,6242.511275714974
ID0001923,2024-02-09,1,17,3601.0,55,2,1,1.016,1.117,1.2,0.674,6,5821.71,data_drift,2024-02,5715.905909802316
ID0001924,2024-07-04,2,13,33490.0,74,1,2,1.278,1.256,3.2,0.648,5,9864.12,data_drift,2024-07,9417.845286653053
ID0001925,2024-01-06,1,19,10237.0,77,2,2,1.224,1.007,1.2,0.357,4,4977.54,data_drift,2024-01,5728.518239809003
ID0001926,2024-06-16,4,16,14889.0,23,2,2,1.523,1.233,1.8,0.644,22,8760.25,data_drift,2024-06,8363.440898833305
ID0001927,2024-02-22,2,25,4925.0,71,1,1,1.082,1.609,3.2,0.889,6,10627.87,data_drift,2024-02,9784.437839363383
ID0001928,2024-01-20,1,18,10480.0,24,1,2,1.194,1.025,1.2,0.262,2,5725.51,data_drift,2024-01,6236.633997032103
ID0001929,2024-06-27,3,14,7380.0,54,2,1,0.968,1.62,1.4,0.988,10,7224.67,data_drift,2024-06,6621.149438401354
ID0001930,2024-04-23,4,21,6762.0,38,1,2,1.132,1.389,1.8,0.829,4,7672.95,data_drift,2024-04,7325.631154452449
ID0001931,2024-04-08,4,13,27061.0,29,1,2,1.235,1.203,1.8,0.846,2,7429.54,data_drift,2024-04,7015.955298164662
ID0001932,2024-06-04,3,4,31365.0,52,2,1,1.067,1.375,1.8,0.65,5,6271.68,data_drift,2024-06,6783.358567906924
ID0001933,2024-08-05,2,12,11375.0,50,2,1,1.094,1.353,1.8,0.788,9,6639.69,data_drift,2024-08,7200.7780499977935
ID0001934,2024-05-26,3,19,5914.0,75,2,2,1.102,1.332,1.8,0.583,4,7073.26,data_drift,2024-05,7328.352005704127
ID0001935,2024-05-14,2,15,14484.0,29,1,2,1.293,1.159,1.8,0.395,21,7373.51,data_drift,2024-05,6928.320436573354
ID0001936,2024-12-24,3,12,13563.0,64,1,2,1.27,1.202,1.8,0.689,3,6088.02,data_drift,2024-12,6613.8180972022155
ID0001937,2024-03-05,1,18,4860.0,63,3,2,1.39,1.409,1.8,0.665,12,6576.38,data_drift,2024-03,7475.0338530316685
ID0001938,2024-08-05,1,0,28125.0,34,1,2,1.262,1.605,1.4,0.624,2,6105.06,data_drift,2024-08,6363.585360962134
ID0001939,2024-01-13,2,10,25805.0,50,2,2,1.171,1.282,1.8,0.662,4,8144.97,data_drift,2024-01,7232.9186961119
ID0001940,2024-11-04,2,16,7176.0,20,2,2,1.292,1.742,1.1,0.974,6,8441.18,data_drift,2024-11,7254.863622624611
ID0001941,2024-01-19,1,14,12096.0,50,2,2,0.975,1.298,1.4,0.931,3,6627.46,data_drift,2024-01,6747.331520496622
ID0001942,2024-09-13,2,23,8392.0,33,1,2,1.505,1.392,1.4,0.888,4,6288.18,data_drift,2024-09,6546.92156371602
ID0001943,2024-04-27,0,13,4495.0,68,2,1,1.013,1.621,0.4,0.957,5,5548.33,data_drift,2024-04,4574.536050755256
ID0001944,2024-07-05,2,25,6477.0,68,2,2,1.431,1.426,1.4,0.968,3,6385.34,data_drift,2024-07,6614.268946069855
ID0001945,2024-07-05,0,19,10754.0,73,4,2,1.156,1.375,1.8,0.684,16,7691.65,data_drift,2024-07,8146.013407486358
ID0001946,2024-07-24,1,5,6753.0,78,2,2,1.247,1.476,0.4,0.874,5,4752.56,data_drift,2024-07,4505.003616882846
ID0001947,2024-02-05,2,6,18447.0,76,0,0,0.862,1.409,1.4,0.809,4,5837.95,data_drift,2024-02,4921.694772793619
ID0001948,2024-07-10,3,11,10354.0,78,1,1,1.255,1.544,1.4,0.881,10,6496.35,data_drift,2024-07,5814.9056041366575
ID0001949,2024-07-27,4,24,15067.0,56,2,1,1.139,1.095,1.8,0.192,1,6744.35,data_drift,2024-07,6390.302363183864
ID0001950,2024-06-06,4,4,90113.0,33,2,2,1.453,1.388,3.2,0.858,5,10489.88,data_drift,2024-06,10153.858512528683
ID0001951,2024-02-17,2,19,15351.0,40,3,1,1.264,1.528,0.4,0.981,30,5377.03,data_drift,2024-02,5879.025763168349
ID0001952,2024-02-08,1,9,18438.0,66,1,2,1.282,1.432,3.2,0.704,5,9707.15,data_drift,2024-02,9540.874813593568
ID0001953,2024-01-26,4,21,11328.0,51,1,2,1.023,0.856,1.2,0.352,5,5798.33,data_drift,2024-01,5255.590186065297
ID0001954,2024-01-12,1,7,15385.0,78,4,1,1.141,1.341,1.8,0.602,2,8165.56,data_drift,2024-01,7381.333022121582
ID0001955,2024-09-11,2,25,2500.0,55,3,2,1.437,1.13,1.2,0.453,6,6251.29,data_drift,2024-09,6142.584992007007
ID0001956,2024-02-07,3,25,7223.0,48,4,1,1.005,1.129,1.8,0.542,1,8301.95,data_drift,2024-02,7364.99062298473
ID0001957,2024-08-15,1,17,7654.0,43,0,1,0.917,1.996,1.1,0.983,4,6060.62,data_drift,2024-08,5451.653440612488
ID0001958,2024-03-10,0,2,15490.0,60,2,2,1.225,1.487,1.4,0.883,5,6999.35,data_drift,2024-03,6203.036949308119
ID0001959,2024-12-02,2,5,60291.0,59,1,1,1.217,1.695,1.4,0.975,8,6561.03,data_drift,2024-12,6207.696748975775
ID0001960,2024-12-08,2,1,20501.0,41,2,2,1.301,1.415,1.4,0.778,4,6660.59,data_drift,2024-12,6353.130214308947
ID0001961,2024-11-01,2,12,15092.0,42,4,2,1.155,1.298,1.8,0.816,6,8236.15,data_drift,2024-11,8116.9792908542
ID0001962,2024-05-16,2,20,5322.0,45,3,2,1.366,1.22,1.8,0.467,15,7409.21,data_drift,2024-05,7430.973985800682
ID0001963,2024-02-05,2,8,17661.0,51,1,1,1.02,1.691,1.1,0.982,8,6180.35,data_drift,2024-02,5595.789393334293
ID0001964,2024-04-25,2,8,27610.0,63,1,2,1.178,1.444,1.4,0.845,16,5975.46,data_drift,2024-04,6180.712615165684
ID0001965,2024-03-07,1,19,4745.0,77,2,1,1.138,1.461,3.2,0.782,16,9204.22,data_drift,2024-03,9988.264888629274
ID0001966,2024-03-02,2,8,11963.0,18,1,2,1.2,1.115,1.0,0.618,15,6217.99,data_drift,2024-03,6023.731081371645
ID0001967,2024-06-03,0,10,9666.0,66,4,2,1.182,0.91,1.2,0.322,14,6224.6,data_drift,2024-06,6342.135771661987
ID0001968,2024-10-18,2,16,9574.0,53,1,2,1.246,1.222,1.8,0.615,30,6297.79,data_drift,2024-10,7248.6003030401325
ID0001969,2024-08-03,1,14,8555.0,23,1,1,1.203,1.38,1.8,0.612,30,7490.28,data_drift,2024-08,8047.035401515697
ID0001970,2024-07-05,2,8,8635.0,50,3,1,1.132,1.503,1.4,0.713,2,6530.63,data_drift,2024-07,6586.912469686257
ID0001971,2024-08-17,2,15,7403.0,73,1,2,0.97,1.649,1.4,0.886,7,6711.85,data_drift,2024-08,6534.928611410282
ID0001972,2024-05-21,4,16,9601.0,46,0,2,1.09,1.236,1.8,0.827,23,6616.91,data_drift,2024-05,7237.939882376759
ID0001973,2024-05-15,2,5,18677.0,33,2,2,1.27,1.069,1.2,0.292,14,5840.93,data_drift,2024-05,5629.88380941211
ID0001974,2024-07-01,2,12,18459.0,18,2,2,1.277,1.291,3.2,0.67,1,10284.1,data_drift,2024-07,10622.405043050985
ID0001975,2024-05-02,3,6,27702.0,23,3,2,1.126,1.633,1.4,0.858,3,8408.04,data_drift,2024-05,7856.260305580898
ID0001976,2024-04-10,1,21,3416.0,18,1,2,1.34,1.015,1.8,0.759,3,7293.22,data_drift,2024-04,7672.924803705512
ID0001977,2024-10-22,3,20,10247.0,69,1,1,1.112,1.451,0.4,0.947,10,5086.82,data_drift,2024-10,4597.192475917613
ID0001978,2024-07-27,3,19,5973.0,53,2,2,1.348,1.371,1.8,0.823,5,7200.77,data_drift,2024-07,7527.199611046694
ID0001979,2024-06-13,2,5,22983.0,22,2,2,1.304,0.999,1.8,0.641,15,7937.43,data_drift,2024-06,7706.5427597972775
ID0001980,2024-11-26,1,11,10746.0,55,2,1,0.952,1.359,1.0,0.651,8,5206.31,data_drift,2024-11,5663.665324317808
ID0001981,2024-11-10,4,11,41472.0,45,1,2,1.585,1.134,1.8,0.367,7,6456.15,data_drift,2024-11,6601.223363639
ID0001982,2024-04-03,1,7,17444.0,18,1,2,1.336,1.298,1.8,0.5,5,7233.49,data_drift,2024-04,7452.721590878198
ID0001983,2024-02-21,3,4,17733.0,64,1,2,1.367,1.366,1.8,0.735,9,6282.28,data_drift,2024-02,6575.170338219153
ID0001984,2024-11-15,0,13,18454.0,50,4,1,1.056,1.201,1.8,0.621,30,6956.67,data_drift,2024-11,7731.799628918803
ID0001985,2024-02-16,3,21,11143.0,28,3,2,1.346,1.543,1.8,0.681,30,9499.01,data_drift,2024-02,8165.502232426542
ID0001986,2024-06-08,2,16,7280.0,18,1,2,1.534,1.545,1.4,0.894,3,8420.21,data_drift,2024-06,7269.045125986305
ID0001987,2024-04-04,3,15,19214.0,75,3,2,1.386,1.19,1.8,0.439,4,7889.63,data_drift,2024-04,7264.410320541245
ID0001988,2024-02-08,3,15,11845.0,76,3,2,1.292,1.189,1.8,0.826,9,7878.5,data_drift,2024-02,7579.0010638786425
ID0001989,2024-07-24,2,25,3978.0,67,0,2,1.211,1.613,1.4,0.948,24,6639.29,data_drift,2024-07,7002.524468114593
ID0001990,2024-01-22,4,12,37944.0,77,0,2,1.335,1.141,1.2,0.404,4,4874.35,data_drift,2024-01,4796.97650553242
ID0001991,2024-12-25,2,0,24753.0,40,4,2,1.068,1.273,1.8,0.557,1,7367.64,data_drift,2024-12,7490.111209178246
ID0001992,2024-03-15,2,14,9986.0,53,0,1,1.0,1.673,1.4,0.951,7,5322.97,data_drift,2024-03,5974.215269870955
ID0001993,2024-06-12,4,5,33954.0,44,0,1,1.093,1.117,1.8,0.528,5,6400.68,data_drift,2024-06,5968.620223664642
ID0001994,2024-05-07,2,7,20490.0,51,1,1,1.043,1.232,3.2,0.892,7,9285.0,data_drift,2024-05,9111.89822561065
ID0001995,2024-02-04,2,6,21015.0,30,2,2,1.382,1.163,1.8,0.298,21,6959.34,data_drift,2024-02,7045.7092391453625
ID0001996,2024-11-21,3,12,9629.0,40,1,2,1.446,1.171,1.8,0.661,8,6695.0,data_drift,2024-11,6796.941857121555
ID0001997,2024-03-10,0,17,9299.0,48,2,2,1.277,1.323,1.4,0.795,5,6433.96,data_drift,2024-03,7063.621814889931
ID0001998,2024-05-24,4,12,41487.0,26,4,1,1.103,1.28,1.8,0.788,2,7771.91,data_drift,2024-05,7714.164132229113
ID0001999,2024-04-26,4,25,10690.0,63,1,2,1.177,1.845,0.4,0.972,5,6288.85,data_drift,2024-04,5040.431813221345
ID0002000,2024-09-22,4,19,5486.0,53,2,1,0.928,1.883,1.1,0.995,5,6513.51,data_drift,2024-09,6099.4628874073205
ID0002001,2024-10-05,2,1,39710.0,29,0,0,1.052,0.962,1.2,0.303,0,4285.0,data_drift,2024-10,4154.678625633606
ID0002002,2024-06-14,4,21,14726.0,36,0,2,1.206,1.274,1.0,0.61,1,5264.26,data_drift,2024-06,5395.141430296574
ID0002003,2024-05-14,1,7,11426.0,77,0,2,1.424,1.278,1.8,0.774,23,6088.65,data_drift,2024-05,6427.486713549435
ID0002004,2024-06-18,3,18,8199.0,26,3,2,1.23,1.311,1.8,0.772,30,8151.79,data_drift,2024-06,8646.73832679014
ID0002005,2024-01-02,3,11,7288.0,71,1,1,1.214,1.726,1.4,0.851,7,6133.98,data_drift,2024-01,6095.763000213923
ID0002006,2024-01-16,3,11,9614.0,25,0,2,1.101,1.436,1.4,0.757,5,6465.16,data_drift,2024-01,6092.115554897744
ID0002007,2024-02-13,3,4,34953.0,74,1,2,1.291,0.905,1.2,0.424,15,5295.21,data_drift,2024-02,4817.615616574473
ID0002008,2024-07-09,3,2,37236.0,66,1,0,1.024,1.523,1.4,0.945,8,6030.39,data_drift,2024-07,5284.806878438012
ID0002009,2024-08-19,4,17,20473.0,79,3,2,1.315,1.047,1.2,0.31,10,5963.65,data_drift,2024-08,6045.9298552045575
ID0002010,2024-10-21,3,11,14719.0,39,1,2,1.285,1.139,1.8,0.46,2,7189.98,data_drift,2024-10,6634.7906880083265
ID0002011,2024-07-17,2,7,15749.0,50,1,2,1.467,1.157,1.8,0.534,1,7028.77,data_drift,2024-07,6417.015361771023
ID0002012,2024-09-10,3,9,18765.0,65,3,2,1.205,1.407,1.8,0.979,30,7443.26,data_drift,2024-09,7775.982592165643
ID0002013,2024-01-02,2,5,21385.0,26,1,2,1.58,1.402,1.0,0.746,30,5819.45,data_drift,2024-01,5962.622153264833
ID0002014,2024-09-20,4,5,21471.0,27,2,2,1.428,0.98,1.8,0.416,5,6638.33,data_drift,2024-09,6690.876225178865
ID0002015,2024-02-08,2,14,20282.0,36,1,1,1.15,1.648,1.4,0.858,4,7410.85,data_drift,2024-02,6561.359817314794
ID0002016,2024-09-20,2,11,14144.0,26,3,2,1.318,1.593,1.4,0.923,9,8193.65,data_drift,2024-09,7458.3640429769575
ID0002017,2024-05-28,1,14,15404.0,20,2,2,1.379,1.561,1.4,0.835,4,8108.11,data_drift,2024-05,7942.293650071276
ID0002018,2024-02-03,2,0,36819.0,32,2,2,1.425,1.85,1.1,0.989,6,6433.49,data_drift,2024-02,6032.109872815944
ID0002019,2024-05-28,3,11,9492.0,68,1,2,1.433,1.248,3.2,0.735,11,9309.48,data_drift,2024-05,9288.15189544971
ID0002020,2024-06-02,2,20,8834.0,67,1,2,1.281,1.354,1.8,0.691,5,7085.46,data_drift,2024-06,7138.125308088641
ID0002021,2024-01-14,3,23,5172.0,53,0,2,1.152,1.553,1.4,0.753,30,6780.17,data_drift,2024-01,6948.5975032655415
ID0002022,2024-06-04,1,15,5911.0,36,4,1,0.896,1.765,1.1,0.995,14,7572.06,data_drift,2024-06,7002.608708340731
ID0002023,2024-01-06,0,9,6439.0,56,1,2,1.116,1.038,1.2,0.394,4,4853.8,data_drift,2024-01,5142.179956818437
ID0002024,2024-07-19,1,17,5698.0,62,3,2,1.452,1.002,1.8,0.476,30,7384.82,data_drift,2024-07,7383.862274201698
ID0002025,2024-08-02,4,19,10635.0,64,3,1,1.097,1.299,1.8,0.791,30,7563.2,data_drift,2024-08,7870.489077460801
ID0002026,2024-03-19,3,25,5045.0,45,0,2,1.378,1.23,1.8,0.537,2,5733.6,data_drift,2024-03,6540.690981380545
ID0002027,2024-02-09,3,16,22687.0,70,1,1,1.002,0.952,1.8,0.349,0,5561.55,data_drift,2024-02,6011.303353822123
ID0002028,2024-05-09,4,11,45253.0,48,2,2,1.4,1.468,1.4,0.983,3,6688.18,data_drift,2024-05,6922.827575605922
ID0002029,2024-04-28,2,22,8758.0,75,4,2,1.202,1.223,1.8,0.782,2,8648.08,data_drift,2024-04,8197.806750489275
ID0002030,2024-07-08,2,13,7750.0,56,2,1,1.015,1.26,3.2,0.707,1,9629.59,data_drift,2024-07,9280.552828013626
ID0002031,2024-06-09,4,25,11766.0,26,3,2,1.499,1.594,0.4,0.922,5,5844.08,data_drift,2024-06,5809.258544078198
ID0002032,2024-06-07,3,13,30940.0,32,1,1,1.071,1.606,1.4,0.906,17,5874.67,data_drift,2024-06,6390.621010622953
ID0002033,2024-08-22,2,14,14739.0,69,2,2,1.288,1.4,1.8,0.605,2,7832.03,data_drift,2024-08,7257.437509164664
ID0002034,2024-05-12,4,8,12527.0,39,2,2,1.441,1.228,1.8,0.576,1,7146.68,data_drift,2024-05,6948.940993898209
ID0002035,2024-01-09,2,22,8650.0,29,3,1,1.162,1.111,1.8,0.47,5,7925.55,data_drift,2024-01,7152.374714916897
ID0002036,2024-04-13,2,14,13879.0,28,2,2,1.344,1.226,1.8,0.275,5,6663.64,data_drift,2024-04,7110.172741318863
ID0002037,2024-09-25,1,8,15858.0,51,3,2,1.298,1.16,1.2,0.525,6,7070.28,data_drift,2024-09,6241.688806232021
ID0002038,2024-01-20,2,16,8738.0,51,1,2,1.479,1.22,1.8,0.772,22,7806.94,data_drift,2024-01,7653.264592029382
ID0002039,2024-05-26,1,13,3887.0,65,2,2,1.192,1.547,0.4,0.98,3,5758.24,data_drift,2024-05,4668.645177440207
ID0002040,2024-01-14,3,5,41310.0,68,2,1,1.226,1.177,1.8,0.565,11,6477.65,data_drift,2024-01,6312.797690307642
ID0002041,2024-03-07,1,18,8458.0,71,2,2,1.425,1.489,1.8,0.737,4,8078.84,data_drift,2024-03,7190.595020399717
ID0002042,2024-11-23,3,25,4533.0,66,1,2,1.315,1.252,1.8,0.552,1,6791.8,data_drift,2024-11,6723.066846658527
ID0002043,2024-04-18,2,24,8774.0,42,1,0,0.968,0.971,1.2,0.446,4,6136.18,data_drift,2024-04,5023.343279049026
ID0002044,2024-08-03,1,4,29130.0,43,1,0,0.864,1.417,1.4,0.839,30,6146.0,data_drift,2024-08,5567.529181093767
ID0002045,2024-02-02,1,6,10485.0,37,4,1,1.033,1.485,1.4,0.897,7,6193.21,data_drift,2024-02,6795.043457373047
ID0002046,2024-02-17,3,7,43020.0,66,4,2,1.614,1.215,1.8,0.606,7,6814.09,data_drift,2024-02,7558.496042294319
ID0002047,2024-08-24,3,15,20922.0,67,3,0,1.055,1.424,1.4,0.52,2,5860.13,data_drift,2024-08,6481.429184813061
ID0002048,2024-10-14,2,12,14289.0,56,2,1,1.102,1.426,0.4,0.823,16,4850.72,data_drift,2024-10,4623.558756083073
ID0002049,2024-12-19,3,13,8151.0,18,2,2,1.169,1.491,1.4,0.895,4,8371.78,data_drift,2024-12,7574.459852351222
ID0002050,2024-11-08,3,17,6995.0,78,0,2,1.318,1.256,1.8,0.562,22,5967.24,data_drift,2024-11,6533.25258612558
ID0002051,2024-06-28,2,9,27381.0,40,1,2,1.28,0.886,1.2,0.187,30,5299.36,data_drift,2024-06,5195.881101714965
ID0002052,2024-09-08,4,16,12957.0,37,3,0,1.121,0.85,1.2,0.141,0,4907.4,data_drift,2024-09,5335.3175677078025
ID0002053,2024-03-05,1,20,7572.0,47,2,2,1.333,1.144,1.8,0.777,30,6875.61,data_drift,2024-03,7971.327087863601
ID0002054,2024-06-08,1,20,7495.0,24,0,1,1.037,0.943,1.2,0.29,4,5607.35,data_drift,2024-06,5666.604184225159
ID0002055,2024-12-11,3,12,14417.0,51,3,2,1.385,1.283,1.4,0.84,16,7938.8,data_drift,2024-12,7047.644116794438
ID0002056,2024-12-17,2,14,14374.0,26,1,0,0.97,1.091,1.2,0.161,0,4924.41,data_drift,2024-12,4977.43907870101
ID0002057,2024-09-07,3,19,7248.0,50,0,2,1.167,1.272,1.4,0.695,6,5416.62,data_drift,2024-09,6116.342121222399
ID0002058,2024-02-10,2,25,5192.0,51,0,0,0.992,0.85,1.2,0.323,30,4612.19,data_drift,2024-02,4622.392423747095
ID0002059,2024-08-21,1,12,10550.0,41,0,2,1.422,1.386,1.0,0.701,4,5001.07,data_drift,2024-08,5208.931088700307
ID0002060,2024-08-21,1,5,21500.0,34,2,2,1.422,1.465,1.4,0.878,4,6145.93,data_drift,2024-08,6567.732749192964
ID0002061,2024-06-24,3,0,23992.0,35,1,1,1.096,1.174,1.8,0.262,1,6923.25,data_drift,2024-06,5992.174683053532
ID0002062,2024-08-24,1,16,6502.0,21,1,2,1.387,1.212,1.8,0.657,1,7771.31,data_drift,2024-08,7615.700913527219
ID0002063,2024-04-11,2,14,11599.0,61,2,2,1.437,1.406,1.4,0.727,30,7297.76,data_drift,2024-04,7025.021890878258
ID0002064,2024-02-06,4,20,22245.0,51,1,2,1.174,1.123,1.2,0.564,22,5167.17,data_drift,2024-02,6106.6361299725795
ID0002065,2024-10-17,3,11,29150.0,75,1,2,1.382,1.686,1.4,0.889,13,5925.04,data_drift,2024-10,6440.511558417774
ID0002066,2024-04-14,4,11,21072.0,44,2,1,1.13,1.346,1.4,0.729,30,5608.3,data_drift,2024-04,6648.520928952639
ID0002067,2024-04-25,1,18,3926.0,61,3,2,1.606,1.548,1.4,0.854,17,7777.82,data_drift,2024-04,6845.003938864347
ID0002068,2024-02-02,2,18,3978.0,26,1,1,0.916,1.639,0.4,0.956,4,5673.91,data_drift,2024-02,5039.14173905525
ID0002069,2024-01-02,2,11,22149.0,63,1,2,1.459,1.69,1.4,0.929,30,6848.33,data_drift,2024-01,6984.438695545212
ID0002070,2024-05-19,3,20,6697.0,72,3,2,1.316,1.425,1.8,0.794,4,7965.14,data_drift,2024-05,8019.2780214427075
ID0002071,2024-04-15,2,23,7029.0,62,2,2,1.363,1.477,1.4,0.725,6,6930.54,data_drift,2024-04,6632.718464671413
ID0002072,2024-09-14,2,5,15186.0,66,1,2,1.429,1.258,1.0,0.404,4,4853.17,data_drift,2024-09,4966.562670214852
ID0002073,2024-02-17,1,13,6571.0,51,0,2,1.426,1.217,1.8,0.326,10,5870.63,data_drift,2024-02,6353.890527000205
ID0002074,2024-01-08,2,17,5755.0,39,2,2,1.301,1.291,3.2,0.774,2,10142.32,data_drift,2024-01,10041.49675351103
ID0002075,2024-06-24,2,18,20485.0,51,3,1,1.092,1.302,1.8,0.521,22,7760.16,data_drift,2024-06,7460.7006508668765
ID0002076,2024-02-16,3,0,32626.0,32,0,2,1.419,1.51,0.4,0.953,30,4506.07,data_drift,2024-02,4616.626673824297
ID0002077,2024-04-21,2,15,18788.0,47,3,2,1.314,1.238,1.8,0.742,2,7286.76,data_drift,2024-04,7691.922046897745
ID0002078,2024-09-06,2,16,10697.0,33,1,2,1.202,1.263,1.0,0.363,6,5758.09,data_drift,2024-09,5574.5101203183995
ID0002079,2024-08-04,1,13,6324.0,28,1,2,1.261,1.322,1.8,0.599,7,7136.17,data_drift,2024-08,7102.680956604224
ID0002080,2024-11-13,1,5,14830.0,59,4,2,1.331,1.277,1.8,0.597,22,8239.75,data_drift,2024-11,7709.80309216739
ID0002081,2024-03-28,0,2,13519.0,27,3,2,1.467,1.382,1.4,0.813,4,7376.46,data_drift,2024-03,7023.364878682878
ID0002082,2024-09-23,3,1,72921.0,52,1,1,1.105,1.199,1.8,0.537,1,5819.88,data_drift,2024-09,6151.54217143974
ID0002083,2024-04-02,1,9,10155.0,23,4,2,1.093,1.278,3.2,0.766,16,10553.05,data_drift,2024-04,11639.544769169948
ID0002084,2024-07-26,2,5,20022.0,50,0,2,1.192,1.037,1.2,0.349,0,5104.05,data_drift,2024-07,4870.304757133091
ID0002085,2024-09-22,0,6,5778.0,35,1,2,1.367,1.427,1.4,0.853,12,6660.93,data_drift,2024-09,5990.493639748997
ID0002086,2024-10-11,1,8,16585.0,40,2,1,1.165,1.2,1.8,0.506,3,5958.9,data_drift,2024-10,6715.6833818119285
ID0002087,2024-11-20,3,18,5706.0,74,2,2,1.075,1.397,1.8,0.809,30,8457.27,data_drift,2024-11,8070.265697601582
ID0002088,2024-05-03,3,25,7643.0,41,0,1,0.951,1.725,1.1,0.973,7,6618.52,data_drift,2024-05,5524.984838809687
ID0002089,2024-04-14,2,12,19538.0,60,3,2,1.542,1.342,1.4,0.867,23,7241.62,data_drift,2024-04,7324.590815196354
ID0002090,2024-10-11,2,0,34636.0,31,1,2,1.085,1.431,1.4,0.857,2,6128.85,data_drift,2024-10,6024.140893681394
ID0002091,2024-06-15,3,11,12728.0,62,1,2,1.405,1.169,1.8,0.758,1,6274.52,data_drift,2024-06,6467.832255621937
ID0002092,2024-06-26,2,11,11676.0,18,0,2,1.457,1.367,1.4,0.883,7,6626.74,data_drift,2024-06,7121.746874903769
ID0002093,2024-10-12,3,14,10195.0,61,3,2,1.282,1.486,1.4,0.923,10,6805.81,data_drift,2024-10,7213.009791011086
ID0002094,2024-10-22,1,11,9984.0,38,1,2,1.284,1.007,1.8,0.305,14,6281.45,data_drift,2024-10,6546.525551510454
ID0002095,2024-12-12,2,24,13522.0,67,3,2,1.37,1.05,1.2,0.55,30,6761.71,data_drift,2024-12,6576.138403009451
ID0002096,2024-10-02,3,21,5030.0,54,0,0,0.868,1.192,1.8,0.687,4,5654.42,data_drift,2024-10,6260.120654285294
ID0002097,2024-01-03,1,4,22969.0,64,3,1,1.223,1.47,1.4,0.847,12,7263.46,data_drift,2024-01,6272.259777968898
ID0002098,2024-03-10,2,6,26361.0,71,2,1,1.091,1.351,1.0,0.814,30,6048.92,data_drift,2024-03,5673.144195867845
ID0002099,2024-04-08,3,14,13011.0,66,1,1,1.271,1.308,1.0,0.84,30,4700.38,data_drift,2024-04,5643.040366263224
ID0002100,2024-01-26,2,11,17927.0,29,2,2,1.296,1.409,1.4,0.87,8,6423.37,data_drift,2024-01,6796.594325569772
ID0002101,2024-09-01,4,14,29322.0,35,2,1,1.136,1.434,1.4,0.937,13,5551.37,data_drift,2024-09,6758.341812358338
ID0002102,2024-08-17,1,13,11543.0,74,1,0,0.942,1.111,1.0,0.586,7,4011.65,data_drift,2024-08,4587.446498332995
ID0002103,2024-01-28,4,22,17398.0,28,2,2,1.054,1.453,1.4,0.894,23,7840.65,data_drift,2024-01,7339.981881513374
ID0002104,2024-09-03,4,22,12305.0,69,0,1,1.044,1.18,1.8,0.408,2,6437.89,data_drift,2024-09,6042.678413918352
ID0002105,2024-05-01,1,14,7182.0,78,1,2,1.342,1.3,1.4,0.801,9,5371.81,data_drift,2024-05,6419.871881343666
ID0002106,2024-09-07,3,5,16704.0,19,2,2,1.463,1.063,1.8,0.235,5,8103.63,data_drift,2024-09,7681.561580583734
ID0002107,2024-11-17,2,12,13966.0,65,2,2,1.287,1.243,1.8,0.769,3,6376.15,data_drift,2024-11,7226.694362613153
ID0002108,2024-04-16,1,7,11488.0,43,1,2,1.311,1.484,1.4,0.766,5,6976.84,data_drift,2024-04,6283.556358255466
ID0002109,2024-02-03,1,13,3566.0,61,2,2,1.418,1.404,1.0,0.804,3,6319.38,data_drift,2024-02,5707.381662600115
ID0002110,2024-01-05,4,4,20830.0,46,3,2,1.16,1.448,1.4,0.731,5,6452.01,data_drift,2024-01,6669.465611220362
ID0002111,2024-03-18,4,21,31570.0,74,1,0,1.006,1.395,0.4,0.825,30,4810.86,data_drift,2024-03,4745.331663018451
ID0002112,2024-08-06,0,7,18134.0,73,1,2,1.142,1.399,1.4,0.734,16,6977.27,data_drift,2024-08,5907.348929159136
ID0002113,2024-03-16,2,13,15838.0,20,2,2,1.027,1.012,1.2,0.464,15,6951.08,data_drift,2024-03,6625.944339858387
ID0002114,2024-09-20,3,15,7788.0,61,1,2,1.371,1.29,1.4,0.914,3,5436.91,data_drift,2024-09,6319.861556076738
ID0002115,2024-04-10,3,4,20022.0,46,1,2,1.491,1.075,1.8,0.52,15,6290.87,data_drift,2024-04,6443.482461708648
ID0002116,2024-01-01,3,19,11828.0,53,2,2,1.466,1.105,1.8,0.534,30,7189.4,data_drift,2024-01,7218.6756681440065
ID0002117,2024-04-09,1,9,9249.0,48,2,2,1.256,1.594,1.4,0.896,5,6922.24,data_drift,2024-04,6781.02702948309
ID0002118,2024-03-02,1,13,17808.0,36,0,1,1.034,1.488,1.4,0.903,13,6447.55,data_drift,2024-03,5944.662773719805
ID0002119,2024-07-09,2,9,30687.0,59,1,2,1.343,1.649,1.4,0.937,4,6447.42,data_drift,2024-07,6236.309127953783
ID0002120,2024-04-23,3,17,13189.0,78,2,2,1.221,0.88,1.8,0.259,14,6783.1,data_drift,2024-04,6501.530155926296
ID0002121,2024-11-20,3,7,19909.0,62,0,2,1.284,0.995,1.8,0.727,4,6511.05,data_drift,2024-11,5932.395968910181
ID0002122,2024-02-22,3,14,12053.0,25,2,2,1.259,0.933,1.8,0.325,6,6745.23,data_drift,2024-02,6884.658998715462
ID0002123,2024-01-02,2,13,7902.0,68,1,2,1.395,0.916,1.2,0.24,3,5257.61,data_drift,2024-01,4972.677426535454
ID0002124,2024-08-17,1,23,2975.0,26,0,2,1.589,1.313,3.2,0.707,6,9715.27,data_drift,2024-08,8837.749010501506
ID0002125,2024-01-17,2,14,8398.0,51,2,2,0.963,1.404,1.4,0.964,5,7029.39,data_drift,2024-01,6657.961410226453
ID0002126,2024-11-10,4,1,39575.0,76,3,2,1.107,1.319,1.8,0.874,3,6932.79,data_drift,2024-11,7143.611515804398
ID0002127,2024-07-24,0,9,7157.0,63,2,2,1.494,1.479,1.4,0.893,10,7427.45,data_drift,2024-07,6262.691988285014
ID0002128,2024-11-13,2,18,4561.0,64,3,0,0.899,1.22,1.8,0.245,0,7278.89,data_drift,2024-11,6785.910111904565
ID0002129,2024-12-14,1,7,16171.0,75,2,2,1.195,1.418,1.4,0.852,4,6441.74,data_drift,2024-12,6179.849282263524
ID0002130,2024-10-06,3,13,8943.0,31,2,2,1.189,1.506,1.4,0.811,7,7055.05,data_drift,2024-10,7028.845586876367
ID0002131,2024-11-18,2,25,6748.0,28,2,2,1.471,1.583,1.4,0.852,9,7869.15,data_drift,2024-11,7280.353167479925
ID0002132,2024-07-26,3,9,10674.0,41,0,1,1.148,1.236,1.8,0.454,30,6622.73,data_drift,2024-07,6190.631161651049
ID0002133,2024-01-19,2,7,38918.0,31,3,2,1.339,1.437,3.2,0.745,3,10949.84,data_drift,2024-01,10120.931173174653
ID0002134,2024-05-14,2,17,10827.0,62,3,2,1.577,1.289,1.8,0.606,6,8151.76,data_drift,2024-05,7552.323338995114
ID0002135,2024-07-13,3,7,26293.0,25,1,2,1.157,1.167,1.8,0.607,22,6663.86,data_drift,2024-07,6951.546159485284
ID0002136,2024-09-24,4,19,11680.0,45,1,1,0.928,1.208,1.8,0.4,30,6443.05,data_drift,2024-09,6626.632746028006
ID0002137,2024-03-24,3,0,18574.0,57,1,2,1.286,1.459,1.8,0.584,4,7134.48,data_drift,2024-03,6694.63206122479
ID0002138,2024-04-28,3,14,9021.0,41,3,2,1.299,1.262,1.4,0.661,1,7431.71,data_drift,2024-04,6935.892361728313
ID0002139,2024-08-05,2,14,10882.0,28,1,2,1.238,0.986,1.2,0.257,1,6365.91,data_drift,2024-08,5341.048614473945
ID0002140,2024-05-18,4,11,23122.0,50,1,2,1.307,1.343,1.4,0.786,3,6504.1,data_drift,2024-05,6477.188251069616
ID0002141,2024-07-10,2,16,14442.0,43,0,2,1.387,1.023,1.8,0.41,3,5616.23,data_drift,2024-07,6323.629442893508
ID0002142,2024-05-14,2,9,15865.0,72,1,2,1.571,1.484,1.4,0.928,17,6650.33,data_drift,2024-05,5967.0556293341915
ID0002143,2024-09-04,2,2,33661.0,45,1,2,0.958,1.336,1.0,0.562,3,5644.93,data_drift,2024-09,5200.352132278298
ID0002144,2024-06-16,2,18,5716.0,67,4,2,1.254,1.597,0.4,0.949,7,6887.05,data_drift,2024-06,6087.38623307217
ID0002145,2024-06-09,2,16,18464.0,50,2,2,1.452,1.079,1.8,0.397,14,8065.94,data_drift,2024-06,7103.372847473091
ID0002146,2024-11-13,4,10,17038.0,66,1,2,1.437,1.009,1.2,0.298,6,5346.48,data_drift,2024-11,5186.208234083612
ID0002147,2024-08-28,4,11,22296.0,19,3,2,1.293,1.076,1.8,0.509,5,8014.52,data_drift,2024-08,8001.330659445414
ID0002148,2024-07-28,4,20,11276.0,32,2,2,1.266,1.478,1.4,0.876,7,7079.1,data_drift,2024-07,7050.379532954307
ID0002149,2024-03-13,1,16,4286.0,52,0,2,1.433,1.598,1.4,0.866,9,6052.42,data_drift,2024-03,6284.055466358022
ID0002150,2024-06-22,4,4,32219.0,27,3,2,1.278,1.535,1.4,0.931,13,7244.43,data_drift,2024-06,6857.939588016313
ID0002151,2024-02-11,1,25,2811.0,48,2,2,1.516,1.398,1.8,0.777,7,8079.78,data_drift,2024-02,7332.972966528976
ID0002152,2024-04-04,3,18,6915.0,28,3,1,0.971,1.484,1.4,0.888,6,7656.08,data_drift,2024-04,6933.609148057887
ID0002153,2024-08-08,2,10,12497.0,54,0,2,1.336,0.963,1.8,0.594,22,5892.44,data_drift,2024-08,6141.203538025993
ID0002154,2024-06-24,3,19,7223.0,70,0,1,1.156,1.568,1.4,0.859,4,5170.66,data_drift,2024-06,6029.686927979083
ID0002155,2024-08-27,3,20,6763.0,69,2,2,1.445,1.01,1.8,0.423,6,6372.74,data_drift,2024-08,6819.550963344667
ID0002156,2024-07-21,2,11,17400.0,35,0,2,1.05,1.488,1.4,0.913,7,7104.58,data_drift,2024-07,6035.327246612318
ID0002157,2024-12-26,1,24,5013.0,23,4,2,1.231,0.941,1.2,0.351,4,7523.83,data_drift,2024-12,7618.690987153971
ID0002158,2024-07-02,2,19,7311.0,40,1,2,1.339,1.334,1.4,0.748,23,6845.81,data_drift,2024-07,7228.114859596746
ID0002159,2024-07-03,3,0,23831.0,20,1,2,1.363,1.421,1.4,0.929,5,7216.71,data_drift,2024-07,6633.713301755349
ID0002160,2024-09-10,1,17,8706.0,35,0,1,1.175,1.565,1.4,0.955,5,5793.88,data_drift,2024-09,6182.582903918329
ID0002161,2024-12-19,2,4,31713.0,50,1,2,1.316,1.071,1.8,0.556,1,5296.23,data_drift,2024-12,6360.714784223123
ID0002162,2024-06-27,3,0,36058.0,73,1,0,0.95,1.284,1.4,0.823,16,5605.49,data_drift,2024-06,5054.5224872666
ID0002163,2024-03-10,1,13,16880.0,41,1,1,0.952,1.604,1.4,0.858,3,5975.79,data_drift,2024-03,6271.469646404836
ID0002164,2024-04-21,1,3,23557.0,28,2,2,1.155,1.055,1.8,0.56,30,6687.91,data_drift,2024-04,7047.323110768098
ID0002165,2024-03-04,2,9,16544.0,71,1,2,1.305,1.198,1.8,0.53,6,6293.95,data_drift,2024-03,6513.536386693749
ID0002166,2024-08-15,4,18,14855.0,38,1,2,1.463,1.344,1.8,0.707,2,7199.78,data_drift,2024-08,7012.830378692591
ID0002167,2024-09-18,3,25,10806.0,58,1,1,0.878,1.404,1.0,0.617,23,5161.69,data_drift,2024-09,5710.24644116297
ID0002168,2024-07-13,4,6,45526.0,56,0,2,1.128,1.211,1.0,0.721,5,4195.09,data_drift,2024-07,4751.949332723384
ID0002169,2024-02-02,2,17,7762.0,21,2,2,1.475,1.346,1.4,0.655,5,6612.79,data_drift,2024-02,7557.64582834926
ID0002170,2024-10-14,2,7,15452.0,38,3,2,1.595,1.459,1.4,0.795,12,7859.51,data_drift,2024-10,6935.2662261672685
ID0002171,2024-12-19,0,12,10826.0,21,1,2,1.472,1.512,1.4,0.891,5,7463.22,data_drift,2024-12,7234.698966749854
ID0002172,2024-04-17,1,12,7787.0,44,3,2,1.344,1.187,1.8,0.542,1,7590.49,data_drift,2024-04,7341.591426244109
ID0002173,2024-06-08,2,11,15709.0,52,2,2,1.509,1.818,1.1,0.989,25,7597.5,data_drift,2024-06,6710.607750856658
ID0002174,2024-04-25,3,24,5093.0,74,0,2,1.37,1.508,1.4,0.968,8,6316.59,data_drift,2024-04,6236.455777559696
ID0002175,2024-08-21,2,22,9022.0,69,3,1,1.275,1.06,1.8,0.497,8,7021.28,data_drift,2024-08,7008.353658294173
ID0002176,2024-06-20,3,12,11814.0,71,3,2,1.457,1.239,1.8,0.666,22,7371.9,data_drift,2024-06,7572.859701395723
ID0002177,2024-09-21,4,18,15968.0,70,3,1,1.007,1.078,1.8,0.517,15,7540.05,data_drift,2024-09,6985.54543833517
ID0002178,2024-07-06,1,20,3360.0,64,1,1,1.081,1.703,1.4,0.765,30,7046.11,data_drift,2024-07,7207.747499785068
ID0002179,2024-02-23,4,18,15351.0,21,2,2,1.327,1.787,1.1,0.995,30,8378.44,data_drift,2024-02,7742.436540337208
ID0002180,2024-06-07,3,14,13846.0,65,0,1,1.022,1.63,1.4,0.928,24,5359.23,data_drift,2024-06,6307.169929959525
ID0002181,2024-04-19,4,13,14003.0,76,1,2,1.504,1.79,1.4,0.979,9,6010.06,data_drift,2024-04,6363.394382130309
ID0002182,2024-07-06,2,9,16307.0,22,0,2,1.195,1.268,1.8,0.562,4,7050.69,data_drift,2024-07,7232.322648940934
ID0002183,2024-03-20,4,6,37408.0,52,0,1,1.166,0.85,1.2,0.368,1,3793.48,data_drift,2024-03,4331.4116294177475
ID0002184,2024-04-27,4,19,43346.0,57,2,2,1.479,1.248,1.8,0.441,22,7552.87,data_drift,2024-04,7459.352586946223
ID0002185,2024-09-18,4,16,15349.0,67,0,2,1.474,1.296,3.2,0.51,22,10688.23,data_drift,2024-09,9191.255530328772
ID0002186,2024-01-17,4,25,35771.0,62,3,2,1.262,1.361,3.2,0.622,16,12663.04,data_drift,2024-01,10514.353576288815
ID0002187,2024-06-11,4,18,31542.0,47,0,1,0.96,1.031,1.8,0.495,15,5890.62,data_drift,2024-06,6281.229674823033
ID0002188,2024-01-01,1,7,12356.0,73,1,1,0.968,1.535,3.2,0.793,9,8775.4,data_drift,2024-01,9200.845484824058
ID0002189,2024-10-21,2,23,4440.0,20,1,2,1.275,1.395,1.4,0.833,9,7081.33,data_drift,2024-10,7413.586404005056
ID0002190,2024-04-09,2,11,27055.0,55,2,1,0.986,1.411,1.8,0.9,3,7376.94,data_drift,2024-04,6847.989466222264
ID0002191,2024-12-18,3,19,10934.0,78,0,2,1.267,1.903,1.1,0.997,4,7448.66,data_drift,2024-12,5534.685746871486
ID0002192,2024-01-05,0,8,12886.0,52,2,0,0.874,1.574,1.1,0.993,8,6193.63,data_drift,2024-01,5541.096061079237
ID0002193,2024-10-04,3,6,24775.0,33,3,2,1.682,1.186,1.8,0.672,22,6909.99,data_drift,2024-10,7447.3874058667425
ID0002194,2024-03-18,2,1,26802.0,76,0,0,1.133,1.445,3.2,0.786,3,9124.4,data_drift,2024-03,8373.160787826424
ID0002195,2024-05-14,1,13,15172.0,71,1,2,1.334,1.368,1.8,0.729,30,7002.58,data_drift,2024-05,7164.886000489987
ID0002196,2024-04-02,0,20,2667.0,61,0,1,1.07,1.156,3.2,0.604,4,8353.28,data_drift,2024-04,8601.58263968792
ID0002197,2024-02-19,0,19,4357.0,35,2,0,0.924,1.537,1.4,0.913,4,6283.23,data_drift,2024-02,6232.6885542770115
ID0002198,2024-08-15,2,16,4736.0,45,2,0,1.144,1.294,3.2,0.729,23,8642.9,data_drift,2024-08,9956.985853020997
ID0002199,2024-11-28,3,25,3703.0,53,1,2,1.548,1.452,3.2,0.707,4,9072.22,data_drift,2024-11,9541.141014041235
ID0002200,2024-12-25,4,22,11359.0,45,0,1,1.017,1.394,1.4,0.839,6,6544.35,data_drift,2024-12,5992.152691846466
ID0002201,2024-06-20,2,14,5796.0,64,0,0,0.994,1.472,1.0,0.807,2,5117.73,data_drift,2024-06,4572.54241348623
ID0002202,2024-09-10,0,17,5116.0,33,1,2,1.103,1.256,1.8,0.431,30,7338.89,data_drift,2024-09,7104.037871788756
ID0002203,2024-07-26,0,17,3660.0,59,0,2,1.285,1.411,1.4,0.905,6,7079.84,data_drift,2024-07,5881.839671365609
ID0002204,2024-05-23,2,1,20462.0,74,1,1,0.928,1.365,1.8,0.72,3,6049.49,data_drift,2024-05,6116.71786927013
ID0002205,2024-05-02,3,4,22317.0,25,1,1,1.024,1.255,1.4,0.834,6,6289.58,data_drift,2024-05,5877.762583163372
ID0002206,2024-10-28,4,19,10238.0,21,2,2,1.242,1.504,0.4,0.967,9,5553.69,data_drift,2024-10,6179.37585313509
ID0002207,2024-05-26,1,20,7885.0,44,2,2,1.245,1.027,1.8,0.313,6,7521.03,data_drift,2024-05,7020.608842641543
ID0002208,2024-04-08,1,4,9566.0,60,3,2,1.149,1.323,1.2,0.434,1,6861.07,data_drift,2024-04,6243.306784436034
ID0002209,2024-09-06,4,7,82722.0,49,2,2,1.29,1.394,3.2,0.54,2,9815.33,data_drift,2024-09,9909.759299783678
ID0002210,2024-10-15,3,12,28423.0,60,0,2,1.137,1.385,1.4,0.733,12,6300.18,data_drift,2024-10,5805.075464801475
ID0002211,2024-08-04,2,17,9395.0,57,1,2,1.143,1.213,1.8,0.725,1,7109.87,data_drift,2024-08,6843.366382859369
ID0002212,2024-06-05,2,24,7022.0,79,1,2,1.261,1.436,1.4,0.974,3,6685.41,data_drift,2024-06,6320.74761222222
ID0002213,2024-09-04,3,10,33755.0,45,2,2,1.35,1.547,0.4,0.93,3,5626.25,data_drift,2024-09,4878.307599411198
ID0002214,2024-05-10,3,12,16028.0,27,3,0,1.008,1.39,1.8,0.77,6,7343.34,data_drift,2024-05,7450.021194601924
ID0002215,2024-02-12,3,25,8075.0,23,3,2,1.535,1.532,1.4,0.693,16,7988.68,data_drift,2024-02,8031.622093714231
ID0002216,2024-01-06,2,7,11457.0,54,0,2,1.284,1.738,1.4,0.927,17,6988.16,data_drift,2024-01,6024.109087110401
ID0002217,2024-04-24,1,8,6616.0,26,4,2,1.222,1.284,1.8,0.266,2,8153.15,data_drift,2024-04,7732.78580024705
ID0002218,2024-03-27,0,16,6878.0,37,0,2,1.348,1.462,1.4,0.965,24,7425.54,data_drift,2024-03,6825.888410570838
ID0002219,2024-08-19,3,17,8893.0,52,3,2,1.212,1.776,0.4,0.964,8,5862.29,data_drift,2024-08,5883.058745739514
ID0002220,2024-08-25,4,9,18469.0,69,0,1,1.044,1.495,3.2,0.835,30,8461.13,data_drift,2024-08,8924.1358596094
ID0002221,2024-09-26,3,14,13392.0,63,4,1,1.072,1.407,1.4,0.954,6,7677.39,data_drift,2024-09,6851.945238998116
ID0002222,2024-12-26,3,25,9074.0,40,2,2,1.295,1.286,1.8,0.611,15,8225.38,data_drift,2024-12,7537.52121029511
ID0002223,2024-09-26,1,17,3595.0,75,2,2,1.169,1.282,3.2,0.697,3,10028.01,data_drift,2024-09,9553.459967978648
ID0002224,2024-07-23,3,11,39058.0,44,3,2,1.335,1.191,1.8,0.402,22,6952.23,data_drift,2024-07,7271.269268310403
ID0002225,2024-04-20,2,13,9020.0,36,2,2,1.248,1.427,1.4,0.684,2,6146.23,data_drift,2024-04,6804.2084166386885
ID0002226,2024-09-22,2,6,12211.0,30,2,1,0.891,1.21,1.8,0.626,22,7235.53,data_drift,2024-09,6921.915434399716
ID0002227,2024-09-08,2,8,22722.0,24,3,1,1.062,1.292,1.0,0.718,3,6674.69,data_drift,2024-09,6641.860893703376
ID0002228,2024-06-10,3,4,25756.0,23,4,1,0.897,0.976,1.2,0.389,5,6438.75,data_drift,2024-06,6894.515506229843
ID0002229,2024-04-04,0,18,6553.0,23,0,1,0.951,1.214,3.2,0.554,15,11245.85,data_drift,2024-04,9731.142710352904
ID0002230,2024-07-02,4,21,8278.0,37,0,2,1.286,1.367,1.8,0.769,5,6406.35,data_drift,2024-07,7136.879079635559
ID0002231,2024-10-21,1,6,13657.0,53,3,2,1.545,1.489,1.4,0.863,3,7152.95,data_drift,2024-10,6709.799957973826
ID0002232,2024-10-19,4,25,8387.0,37,1,0,1.021,1.356,1.8,0.543,2,6841.26,data_drift,2024-10,6869.154909072787
ID0002233,2024-01-02,4,0,39391.0,34,1,2,1.07,1.477,1.4,0.741,4,5436.53,data_drift,2024-01,5985.811499052079
ID0002234,2024-01-25,3,7,23497.0,78,1,2,1.204,0.85,1.2,0.219,3,4748.1,data_drift,2024-01,4676.028623773131
ID0002235,2024-10-12,3,6,18225.0,34,0,1,1.034,1.206,1.2,0.795,7,6315.87,data_drift,2024-10,5216.375088709012
ID0002236,2024-05-10,2,11,25911.0,54,1,2,1.173,1.397,0.4,0.803,2,4870.05,data_drift,2024-05,4788.365564123882
ID0002237,2024-04-05,2,9,41794.0,18,0,2,1.457,1.251,1.8,0.654,11,7546.08,data_drift,2024-04,7641.278875196995
ID0002238,2024-08-06,1,20,5727.0,26,0,1,0.892,1.495,1.4,0.895,3,5874.46,data_drift,2024-08,5959.524362717762
ID0002239,2024-09-02,2,21,5472.0,31,1,1,1.173,1.322,1.4,0.924,3,6492.96,data_drift,2024-09,6265.632895470399
ID0002240,2024-05-26,2,10,11032.0,55,0,1,1.042,1.335,0.4,0.889,3,4231.8,data_drift,2024-05,3779.9733831477733
ID0002241,2024-05-26,1,18,5677.0,64,3,2,1.378,1.487,0.4,0.922,8,5940.51,data_drift,2024-05,5369.834304945341
ID0002242,2024-05-09,2,16,13986.0,75,3,1,1.144,1.255,1.8,0.432,15,7489.04,data_drift,2024-05,7098.890320855105
ID0002243,2024-12-27,2,11,5801.0,27,2,1,1.083,1.169,1.8,0.713,6,7595.71,data_drift,2024-12,6925.388303399371
ID0002244,2024-01-27,4,24,17751.0,24,0,2,1.252,1.655,1.4,0.921,10,8087.51,data_drift,2024-01,7293.101620980291
ID0002245,2024-01-08,3,22,7667.0,78,0,2,1.081,1.277,3.2,0.619,2,9890.27,data_drift,2024-01,8752.085226958925
ID0002246,2024-06-13,3,21,10598.0,44,1,1,1.188,1.18,1.8,0.604,6,6113.47,data_drift,2024-06,6725.326582901854
ID0002247,2024-02-17,1,12,4105.0,22,0,2,1.268,1.41,1.4,0.86,6,6929.51,data_drift,2024-02,6613.765559605303
ID0002248,2024-03-08,4,21,7874.0,20,3,2,1.163,0.891,1.2,0.348,3,7279.71,data_drift,2024-03,6867.066896966987
ID0002249,2024-08-22,4,9,27198.0,49,2,1,1.166,1.619,1.4,0.845,10,6477.21,data_drift,2024-08,6427.117739755877
ID0002250,2024-03-11,1,17,8907.0,23,1,2,1.191,1.003,1.8,0.375,2,7136.03,data_drift,2024-03,7359.705662995971
ID0002251,2024-10-19,3,14,10860.0,23,1,2,1.499,1.606,1.4,0.931,13,7043.27,data_drift,2024-10,7642.544230411814
ID0002252,2024-12-24,1,12,21587.0,57,3,2,1.474,1.219,3.2,0.827,6,11195.65,data_drift,2024-12,9797.939264678049
ID0002253,2024-10-28,2,25,3148.0,21,2,2,1.241,1.353,1.4,0.731,23,9037.88,data_drift,2024-10,8294.386665630676
ID0002254,2024-01-14,3,23,4190.0,36,2,2,1.271,1.841,1.1,0.981,5,7197.9,data_drift,2024-01,6669.5672697812115
ID0002255,2024-11-08,3,3,26245.0,59,3,1,1.027,0.989,1.2,0.488,11,5354.28,data_drift,2024-11,5586.886677213837
ID0002256,2024-05-12,3,2,39291.0,32,2,2,1.149,1.462,3.2,0.753,5,8831.97,data_drift,2024-05,9792.5417609923
ID0002257,2024-08-18,2,6,16677.0,57,0,2,1.259,1.245,1.8,0.728,8,5869.77,data_drift,2024-08,6189.737868262766
ID0002258,2024-07-06,3,0,38626.0,48,1,2,1.389,1.131,1.8,0.589,3,5441.11,data_drift,2024-07,6319.661470232713
ID0002259,2024-09-10,3,25,5262.0,62,3,2,1.164,1.153,1.8,0.484,2,7060.57,data_drift,2024-09,7340.059838290498
ID0002260,2024-02-08,3,25,3669.0,48,3,0,1.02,1.356,1.8,0.685,23,8368.33,data_drift,2024-02,7696.286804802987
ID0002261,2024-01-19,1,5,27259.0,19,0,1,0.8,1.035,1.8,0.295,4,6611.28,data_drift,2024-01,6595.851485626538
ID0002262,2024-06-17,2,21,5524.0,47,0,1,1.021,1.599,1.4,0.913,24,6052.58,data_drift,2024-06,6737.152768776461
ID0002263,2024-11-24,3,5,22912.0,30,2,2,1.551,1.555,1.4,0.972,30,6895.31,data_drift,2024-11,7004.05816120423
ID0002264,2024-10-26,4,15,11986.0,18,0,2,1.372,1.468,1.4,0.816,12,7513.26,data_drift,2024-10,7428.823859035275
ID0002265,2024-01-10,3,19,14238.0,53,2,2,1.406,1.673,0.4,0.937,3,5078.65,data_drift,2024-01,5234.14574696714
ID0002266,2024-04-06,2,6,15780.0,40,1,1,0.947,1.425,3.2,0.9,2,9016.18,data_drift,2024-04,9352.73018229695
ID0002267,2024-07-01,3,16,5932.0,69,1,2,1.262,1.642,1.4,0.878,8,7053.5,data_drift,2024-07,6670.363977833664
ID0002268,2024-05-05,1,5,15767.0,76,3,2,1.512,1.147,1.8,0.48,1,6745.64,data_drift,2024-05,6675.769150572594
ID0002269,2024-08-18,4,21,9402.0,55,3,2,1.484,1.225,1.8,0.69,5,7947.62,data_drift,2024-08,7296.4357610327315
ID0002270,2024-09-09,1,12,21195.0,75,1,1,1.001,1.321,1.0,0.749,30,6183.65,data_drift,2024-09,5385.1814943478375
ID0002271,2024-10-14,1,5,12284.0,52,0,2,1.127,1.534,0.4,0.966,30,4210.8,data_drift,2024-10,4352.06115803224
ID0002272,2024-08-18,3,7,33787.0,78,3,2,1.137,1.354,3.2,0.898,23,11371.14,data_drift,2024-08,10128.822875414638
ID0002273,2024-03-20,2,5,17279.0,39,0,1,1.145,1.646,1.4,0.954,24,6418.74,data_drift,2024-03,5982.099600730253
ID0002274,2024-02-12,1,8,10586.0,53,3,2,1.396,1.686,0.4,0.985,6,5593.26,data_drift,2024-02,5537.628917850711
ID0002275,2024-08-07,2,7,25404.0,61,2,1,1.117,1.087,1.2,0.517,15,4968.03,data_drift,2024-08,5353.197689551057
ID0002276,2024-04-24,2,17,7229.0,72,3,2,1.543,1.041,1.8,0.772,3,8509.69,data_drift,2024-04,7153.795688598283
ID0002277,2024-05-22,3,3,62943.0,63,2,2,1.312,1.49,0.4,0.971,30,5593.27,data_drift,2024-05,5351.132301419343
ID0002278,2024-08-03,2,6,22899.0,62,2,2,1.254,1.384,1.4,0.903,5,5803.51,data_drift,2024-08,6363.07488206913
ID0002279,2024-09-19,3,14,17508.0,71,0,1,1.159,0.981,1.8,0.362,2,5552.74,data_drift,2024-09,5708.0579344792195
ID0002280,2024-10-21,2,0,35405.0,79,1,2,1.301,1.162,1.2,0.308,0,4719.32,data_drift,2024-10,4848.8690830791575
ID0002281,2024-05-24,3,22,12603.0,42,2,0,0.899,1.474,1.4,0.944,24,7328.6,data_drift,2024-05,6613.324146185741
ID0002282,2024-03-10,1,15,2741.0,73,0,2,1.381,1.506,1.4,0.915,4,6603.29,data_drift,2024-03,5686.207521745574
ID0002283,2024-08-23,3,13,18548.0,43,3,2,1.394,1.27,1.2,0.628,5,6109.15,data_drift,2024-08,6623.984074031851
ID0002284,2024-05-18,0,8,5902.0,74,0,2,1.483,1.44,1.4,0.765,2,5740.86,data_drift,2024-05,5274.994467776034
ID0002285,2024-09-25,2,7,18407.0,36,1,2,1.13,1.21,1.2,0.411,2,5511.3,data_drift,2024-09,5477.848296397498
ID0002286,2024-09-15,2,13,10846.0,75,0,0,0.979,1.963,1.1,0.958,9,5461.69,data_drift,2024-09,4765.724565131177
ID0002287,2024-07-09,2,6,40183.0,45,3,2,1.267,1.4,1.4,0.925,7,6914.14,data_drift,2024-07,6726.88146295674
ID0002288,2024-01-15,3,8,18576.0,26,2,2,1.237,1.226,1.8,0.639,8,6850.34,data_drift,2024-01,7277.307138212991
ID0002289,2024-07-01,3,9,10193.0,58,2,2,1.525,1.456,1.4,0.739,12,6373.69,data_drift,2024-07,6310.675564185034
ID0002290,2024-03-10,1,18,4758.0,72,2,2,1.438,1.395,3.2,0.723,3,8987.23,data_drift,2024-03,9746.24433877848
ID0002291,2024-06-23,2,4,17516.0,68,2,1,1.104,1.275,1.8,0.875,2,6488.6,data_drift,2024-06,6450.583895015958
ID0002292,2024-01-11,2,6,44111.0,78,3,2,1.255,1.459,3.2,0.809,4,9828.45,data_drift,2024-01,10026.716508863867
ID0002293,2024-04-05,2,25,2762.0,66,3,2,1.22,1.465,1.4,0.88,30,7506.2,data_drift,2024-04,7866.972160495857
ID0002294,2024-11-24,2,7,12488.0,57,2,2,1.255,1.501,0.4,0.918,3,4947.1,data_drift,2024-11,4698.812732742194
ID0002295,2024-06-14,2,14,16537.0,69,1,2,1.506,1.06,1.8,0.359,0,6258.89,data_drift,2024-06,6095.25525266841
ID0002296,2024-03-17,1,15,11776.0,64,2,2,1.277,1.601,0.4,0.939,7,5703.6,data_drift,2024-03,5229.953428391388
ID0002297,2024-10-26,1,22,9772.0,49,1,2,1.302,1.544,1.4,0.919,6,7728.66,data_drift,2024-10,6663.792121130167
ID0002298,2024-08-23,3,12,25622.0,29,0,2,1.453,1.267,1.8,0.761,16,7169.16,data_drift,2024-08,6970.502531149708
ID0002299,2024-05-15,2,19,4035.0,26,0,1,1.015,1.447,1.0,0.844,7,5436.09,data_drift,2024-05,5345.137631883824
ID0002300,2024-03-07,3,1,61223.0,42,0,2,1.272,1.381,1.4,0.946,30,6146.38,data_drift,2024-03,6268.792338486749
ID0002301,2024-09-09,1,9,15945.0,69,3,0,0.93,1.342,3.2,0.84,3,10904.29,data_drift,2024-09,9391.887832248705
ID0002302,2024-05-18,2,18,8433.0,49,0,2,1.416,1.282,1.8,0.617,7,7201.69,data_drift,2024-05,6789.692613129684
ID0002303,2024-01-11,4,18,11671.0,23,0,2,1.065,1.295,1.8,0.675,8,7583.89,data_drift,2024-01,7552.046077989224
ID0002304,2024-10-16,1,10,16679.0,45,2,2,1.423,1.071,1.8,0.605,11,7157.83,data_drift,2024-10,7143.2436110853305
ID0002305,2024-12-19,4,8,40418.0,47,1,2,1.357,1.33,1.4,0.959,4,6983.12,data_drift,2024-12,6200.951848944206
ID0002306,2024-04-15,2,7,16497.0,49,0,1,1.101,1.49,1.4,0.899,30,6921.11,data_drift,2024-04,5932.03257370626
ID0002307,2024-03-08,2,14,11792.0,58,0,2,1.206,0.927,1.2,0.302,4,4804.87,data_drift,2024-03,4786.217460806287
ID0002308,2024-10-18,4,20,23913.0,36,2,2,1.379,1.271,1.4,0.851,30,7677.49,data_drift,2024-10,7425.339851536913
ID0002309,2024-12-11,3,24,5018.0,57,2,0,1.013,1.149,1.8,0.79,15,6260.1,data_drift,2024-12,6944.776462377534
ID0002310,2024-06-09,4,18,24557.0,44,2,2,1.05,1.401,1.4,0.84,3,6495.25,data_drift,2024-06,6902.003657080508
ID0002311,2024-04-07,2,15,13074.0,26,1,2,1.221,1.387,1.4,0.836,16,7122.44,data_drift,2024-04,6857.011472087089
ID0002312,2024-12-07,2,22,4900.0,61,1,1,1.224,1.813,1.1,0.992,25,7394.73,data_drift,2024-12,6639.4236165962775
ID0002313,2024-02-24,3,12,14789.0,29,1,2,1.452,0.949,1.8,0.421,6,7352.51,data_drift,2024-02,6567.691171775677
ID0002314,2024-03-17,2,11,10959.0,50,1,1,1.229,1.098,1.8,0.429,2,6291.9,data_drift,2024-03,6201.017954067221
ID0002315,2024-11-25,2,16,26788.0,60,1,2,1.435,1.072,1.8,0.349,21,6428.15,data_drift,2024-11,6829.93492759318
ID0002316,2024-10-10,1,16,6280.0,20,0,1,1.015,1.17,1.0,0.631,22,4929.92,data_drift,2024-10,5896.954235718534
ID0002317,2024-04-04,3,19,10265.0,18,1,1,0.973,1.472,1.4,0.981,5,8427.65,data_drift,2024-04,7075.638812834993
ID0002318,2024-07-10,4,20,5077.0,53,1,2,1.489,1.284,1.8,0.56,15,7282.55,data_drift,2024-07,6862.8727489909825
ID0002319,2024-11-25,1,10,11361.0,40,2,0,0.943,1.332,3.2,0.84,5,8650.06,data_drift,2024-11,9412.100328327206
ID0002320,2024-03-09,0,18,6343.0,71,1,1,1.071,1.304,1.8,0.45,22,6292.82,data_drift,2024-03,6574.102467621765
ID0002321,2024-06-23,4,14,31768.0,72,3,2,1.186,1.388,3.2,0.553,22,11191.55,data_drift,2024-06,10613.29606622869
ID0002322,2024-06-21,3,2,46076.0,60,3,2,1.279,1.3,1.4,0.79,4,6491.2,data_drift,2024-06,6744.39774312335
ID0002323,2024-01-21,3,6,20069.0,60,4,2,1.548,1.028,1.2,0.571,11,6585.46,data_drift,2024-01,6481.880255302421
ID0002324,2024-08-07,3,24,4959.0,29,0,2,1.106,1.091,1.8,0.66,15,6860.15,data_drift,2024-08,6697.694199108585
ID0002325,2024-04-26,3,21,11077.0,51,0,1,0.985,1.13,1.2,0.362,21,5315.9,data_drift,2024-04,5256.461403374052
ID0002326,2024-08-19,3,3,55300.0,23,4,0,1.014,1.349,1.8,0.465,15,7123.47,data_drift,2024-08,8298.621000663985
ID0002327,2024-05-26,2,12,21736.0,41,2,2,1.615,1.122,1.2,0.261,0,6051.67,data_drift,2024-05,5614.4130175898235
ID0002328,2024-06-16,4,7,20969.0,28,2,2,1.602,1.317,1.8,0.841,6,7667.11,data_drift,2024-06,7258.495020128407
ID0002329,2024-08-23,4,4,54941.0,47,1,2,1.144,1.15,1.8,0.554,22,7070.83,data_drift,2024-08,6726.285194413516
ID0002330,2024-06-17,2,20,4091.0,59,1,2,1.097,1.231,1.8,0.573,8,6872.33,data_drift,2024-06,6861.005918662156
ID0002331,2024-04-09,1,4,26436.0,43,3,0,1.018,1.234,1.8,0.621,8,6802.55,data_drift,2024-04,6905.00845978374
ID0002332,2024-01-18,2,0,16183.0,49,3,2,1.188,1.579,1.4,0.5,3,6354.83,data_drift,2024-01,6816.013209288024
ID0002333,2024-05-18,1,7,13375.0,52,2,1,0.981,1.447,1.8,0.592,16,7035.05,data_drift,2024-05,7007.56082355925
ID0002334,2024-07-01,3,17,9158.0,55,4,2,0.96,1.093,1.8,0.319,0,7470.06,data_drift,2024-07,7486.056469790576
ID0002335,2024-05-10,1,7,13832.0,47,1,2,1.506,1.521,1.8,0.844,3,7057.97,data_drift,2024-05,6748.8012279873765
ID0002336,2024-09-10,3,16,12358.0,74,3,2,1.543,0.948,1.2,0.543,1,5726.97,data_drift,2024-09,5737.331538113976
ID0002337,2024-11-10,3,0,40371.0,68,0,2,1.309,1.359,3.2,0.61,2,8666.05,data_drift,2024-11,8524.576490406838
ID0002338,2024-04-18,2,15,8326.0,62,4,2,1.08,1.164,1.8,0.433,8,7437.52,data_drift,2024-04,7649.537443682554
ID0002339,2024-07-09,2,0,31231.0,65,0,2,1.517,1.013,1.2,0.354,14,4348.42,data_drift,2024-07,4716.024882152971
ID0002340,2024-01-15,3,13,23931.0,51,1,1,1.186,1.281,1.8,0.613,7,5816.47,data_drift,2024-01,6669.286085267316
ID0002341,2024-05-24,3,8,20375.0,31,1,1,0.809,1.474,1.4,0.799,5,6178.61,data_drift,2024-05,6106.403936296398
ID0002342,2024-06-16,1,17,11528.0,44,1,1,0.892,1.251,1.2,0.648,2,5563.09,data_drift,2024-06,5732.29019987798
ID0002343,2024-08-26,3,10,43895.0,73,1,1,1.182,1.315,1.8,0.777,3,7016.46,data_drift,2024-08,6539.375704687685
ID0002344,2024-10-06,4,3,49361.0,67,3,2,1.417,1.485,1.4,0.787,2,7186.82,data_drift,2024-10,6927.441425573177
ID0002345,2024-08-04,1,7,15318.0,50,1,2,1.318,1.599,3.2,0.914,3,10510.74,data_drift,2024-08,9751.084376110271
ID0002346,2024-10-22,4,0,47950.0,42,0,1,1.164,1.649,1.4,0.762,5,6540.77,data_drift,2024-10,5641.021936582164
ID0002347,2024-05-22,3,6,50477.0,63,1,2,1.393,1.146,1.8,0.509,3,5352.81,data_drift,2024-05,6376.267414285812
ID0002348,2024-03-14,1,10,9528.0,73,3,2,1.378,1.553,1.4,0.896,8,6809.9,data_drift,2024-03,6702.299459162976
ID0002349,2024-03-12,4,18,14802.0,22,0,1,1.056,1.324,1.8,0.72,2,7023.54,data_drift,2024-03,7255.906207914121
ID0002350,2024-04-07,2,23,4474.0,33,1,1,1.067,1.265,1.8,0.495,2,7040.31,data_drift,2024-04,6561.368922151553
ID0002351,2024-12-22,1,0,23443.0,78,2,2,1.479,1.315,1.8,0.83,6,6995.13,data_drift,2024-12,6753.4897331954935
ID0002352,2024-05-10,2,4,27624.0,47,0,2,1.465,1.325,1.0,0.675,3,4495.51,data_drift,2024-05,4894.3490052940915
ID0002353,2024-08-16,4,3,39133.0,21,4,2,1.313,1.333,3.2,0.922,16,11944.46,data_drift,2024-08,11447.695351804643
ID0002354,2024-03-28,2,9,14471.0,19,1,2,1.527,1.279,1.8,0.566,4,6646.63,data_drift,2024-03,7599.513257066505
ID0002355,2024-04-20,2,2,22037.0,67,1,0,0.891,1.52,1.4,0.61,12,5483.56,data_drift,2024-04,5469.68020854363
ID0002356,2024-03-16,4,4,35406.0,18,2,1,1.068,1.468,0.4,0.891,6,5780.5,data_drift,2024-03,5144.696019688682
ID0002357,2024-10-06,3,12,30982.0,34,4,2,1.351,1.138,1.0,0.441,2,6360.58,data_drift,2024-10,6227.174862536556
ID0002358,2024-10-05,4,8,28704.0,78,1,1,1.055,1.397,1.4,0.558,2,6033.7,data_drift,2024-10,5650.015137627687
ID0002359,2024-10-12,3,11,10476.0,37,0,1,1.012,1.358,1.8,0.686,3,6494.0,data_drift,2024-10,6410.717549458134
ID0002360,2024-07-06,3,6,21654.0,67,2,2,1.283,1.434,1.4,0.749,23,6476.17,data_drift,2024-07,6659.797550813573
ID0002361,2024-07-10,4,9,46856.0,36,3,2,1.307,0.979,1.8,0.383,2,7450.48,data_drift,2024-07,6979.466341888079
ID0002362,2024-02-21,2,15,15683.0,45,3,2,1.391,1.515,1.4,0.965,9,7278.81,data_drift,2024-02,7416.1832558851675
ID0002363,2024-12-01,3,22,8726.0,74,1,2,1.318,1.338,1.8,0.621,22,6514.13,data_drift,2024-12,7277.982541095583
ID0002364,2024-02-13,1,4,20749.0,77,3,1,1.149,1.531,1.4,0.992,30,7254.33,data_drift,2024-02,6618.399754189311
ID0002365,2024-11-21,4,16,18480.0,79,2,2,1.44,1.666,0.4,0.964,8,5061.62,data_drift,2024-11,5148.443321439529
ID0002366,2024-08-11,4,8,12602.0,30,1,1,1.191,1.333,1.8,0.602,11,6649.46,data_drift,2024-08,6721.051951588794
ID0002367,2024-12-23,3,3,42415.0,18,2,2,1.191,1.345,1.8,0.699,8,9892.42,data_drift,2024-12,7992.770373142588
ID0002368,2024-11-21,2,21,11201.0,50,0,2,1.407,0.927,1.2,0.244,21,5249.94,data_drift,2024-11,5161.729223960623
ID0002369,2024-12-21,2,6,19460.0,54,0,1,1.231,1.201,1.2,0.718,1,5422.9,data_drift,2024-12,4885.493876187322
ID0002370,2024-09-13,1,24,4446.0,58,0,2,1.221,1.517,1.4,0.964,6,6550.67,data_drift,2024-09,6103.560730252594
ID0002371,2024-03-22,3,25,12749.0,64,4,2,1.23,1.252,1.4,0.801,2,7410.22,data_drift,2024-03,7530.97435453637
ID0002372,2024-02-12,3,7,26411.0,43,3,2,1.467,1.599,0.4,0.935,13,5866.46,data_drift,2024-02,5481.623874041075
ID0002373,2024-05-22,0,21,2500.0,47,1,1,1.162,1.49,1.4,0.888,7,7041.89,data_drift,2024-05,6270.494460802447
ID0002374,2024-12-19,2,20,4494.0,43,4,2,1.253,1.387,1.8,0.697,2,7664.46,data_drift,2024-12,8027.548476331504
ID0002375,2024-03-12,1,4,14339.0,36,4,2,1.173,1.562,0.4,0.969,24,5868.43,data_drift,2024-03,5957.392935095268
ID0002376,2024-07-09,1,15,4520.0,20,3,1,1.0,1.444,1.0,0.829,23,7006.01,data_drift,2024-07,7333.136980988154
ID0002377,2024-06-07,3,10,30802.0,23,2,2,1.25,1.267,1.8,0.75,3,8227.06,data_drift,2024-06,8088.359356046888
ID0002378,2024-03-25,1,17,7448.0,78,1,2,1.225,1.173,1.0,0.426,8,5003.66,data_drift,2024-03,5097.8111686665825
ID0002379,2024-06-15,3,15,19653.0,26,1,2,1.415,1.635,1.4,0.971,17,6384.38,data_drift,2024-06,7239.397097763125
ID0002380,2024-06-02,4,13,26000.0,46,1,1,1.011,1.076,1.8,0.365,10,6345.12,data_drift,2024-06,6316.434632281421
ID0002381,2024-09-19,3,10,26984.0,69,3,2,1.394,1.389,1.8,0.88,6,7063.85,data_drift,2024-09,7634.574573839779
ID0002382,2024-06-14,2,3,57312.0,49,1,2,1.592,1.464,3.2,0.874,30,9511.89,data_drift,2024-06,10544.714425941927
ID0002383,2024-07-15,1,13,7184.0,22,3,1,1.222,1.531,1.4,0.947,24,8518.24,data_drift,2024-07,8291.966231309432
ID0002384,2024-12-20,2,16,5420.0,29,1,0,0.97,1.536,0.4,0.974,13,4747.74,data_drift,2024-12,4603.137636839629
ID0002385,2024-07-22,3,0,21826.0,38,2,1,0.933,1.21,1.8,0.659,7,6531.2,data_drift,2024-07,6654.878032392015
ID0002386,2024-12-09,2,2,39525.0,67,0,2,1.558,1.069,1.8,0.54,11,5575.58,data_drift,2024-12,5985.211983818422
ID0002387,2024-07-28,1,15,8018.0,76,3,2,1.444,1.49,1.0,0.774,3,6792.47,data_drift,2024-07,6334.785251956659
ID0002388,2024-10-28,1,0,21275.0,19,2,2,1.225,1.419,3.2,0.732,3,10753.81,data_drift,2024-10,10648.2981507699
ID0002389,2024-08-08,1,0,33978.0,27,4,2,1.346,1.299,1.8,0.549,4,6795.07,data_drift,2024-08,7542.256319634115
ID0002390,2024-12-11,3,14,11596.0,71,1,2,1.38,0.984,1.8,0.739,5,7154.53,data_drift,2024-12,6477.869685693553
ID0002391,2024-09-04,3,14,9828.0,28,1,2,1.507,1.405,1.8,0.856,5,7144.53,data_drift,2024-09,7192.282472255202
ID0002392,2024-10-06,3,11,14277.0,58,1,2,1.366,1.191,1.8,0.572,3,7522.54,data_drift,2024-10,6644.482497479848
ID0002393,2024-12-25,2,11,13530.0,33,0,2,1.308,1.305,3.2,0.715,4,9427.51,data_drift,2024-12,8713.752871177123
ID0002394,2024-10-09,0,6,4212.0,70,3,2,1.566,1.319,1.8,0.385,4,7427.34,data_drift,2024-10,6979.785208831766
ID0002395,2024-12-27,1,12,6597.0,65,0,2,1.293,1.502,1.4,0.649,2,5364.35,data_drift,2024-12,5899.699026587936
ID0002396,2024-05-01,3,12,22275.0,72,0,1,1.163,1.154,1.2,0.589,2,3973.97,data_drift,2024-05,4851.682981430532
ID0002397,2024-08-08,0,2,10634.0,65,0,2,1.286,1.334,3.2,0.643,3,9267.55,data_drift,2024-08,8730.366763359312
ID0002398,2024-07-17,2,24,7039.0,20,0,2,1.116,1.176,1.8,0.651,1,6927.23,data_drift,2024-07,7380.16771689758
ID0002399,2024-12-25,2,14,12156.0,78,2,1,1.047,1.111,1.8,0.631,22,6453.2,data_drift,2024-12,6653.203984835683
ID0002400,2024-07-10,2,21,9839.0,60,1,2,1.35,1.119,1.2,0.284,0,6325.92,data_drift,2024-07,5488.696985822847
ID0002401,2024-12-06,1,8,19018.0,40,4,2,1.386,1.036,1.2,0.341,2,6502.11,data_drift,2024-12,6433.628823370644
ID0002402,2024-04-23,0,10,11756.0,39,3,2,1.201,1.61,1.4,0.91,4,6928.1,data_drift,2024-04,7255.465737488029
ID0002403,2024-10-14,3,3,19676.0,46,0,2,1.321,1.231,1.4,0.66,11,5044.13,data_drift,2024-10,5640.6456651981025
ID0002404,2024-01-28,3,13,14466.0,32,1,2,1.433,1.251,3.2,0.713,22,9320.75,data_drift,2024-01,9908.985278341188
ID0002405,2024-05-10,3,14,21200.0,53,3,2,1.284,1.342,1.4,0.876,2,6430.78,data_drift,2024-05,7193.91415760827
ID0002406,2024-09-07,2,6,18299.0,62,3,1,1.006,1.694,0.4,0.971,24,5350.21,data_drift,2024-09,5068.8119439550865
ID0002407,2024-06-20,1,7,6124.0,26,0,2,1.228,1.335,1.0,0.638,8,4895.18,data_drift,2024-06,5128.858330416746
ID0002408,2024-10-15,3,14,12959.0,53,2,2,1.583,1.591,1.4,0.976,9,6652.45,data_drift,2024-10,6977.050320247595
ID0002409,2024-07-04,2,6,34700.0,74,1,2,1.402,1.131,1.8,0.32,30,6689.37,data_drift,2024-07,6288.894369107887
ID0002410,2024-12-02,3,11,5464.0,77,1,2,1.242,1.164,1.8,0.532,15,6047.95,data_drift,2024-12,6438.279355197887
ID0002411,2024-06-02,2,11,9467.0,31,4,1,0.958,1.483,1.4,0.648,6,6333.26,data_drift,2024-06,7211.303054622718
ID0002412,2024-04-17,2,11,20671.0,19,2,2,1.441,1.649,0.4,0.966,17,5654.62,data_drift,2024-04,6403.155223068216
ID0002413,2024-11-14,3,19,5017.0,59,3,1,1.15,1.576,1.1,0.982,4,6170.62,data_drift,2024-11,6707.658742579985
ID0002414,2024-05-11,4,9,28019.0,40,2,2,1.375,1.166,1.0,0.662,1,6095.62,data_drift,2024-05,5613.320033137446
ID0002415,2024-05-14,1,8,13118.0,51,2,2,1.23,1.644,1.4,0.934,3,7488.59,data_drift,2024-05,6741.066707962781
ID0002416,2024-06-14,3,10,31586.0,47,0,2,1.378,1.442,0.4,0.88,7,4259.15,data_drift,2024-06,4185.999078738973
ID0002417,2024-12-18,2,3,33565.0,51,1,2,1.312,1.318,1.0,0.796,2,5401.87,data_drift,2024-12,5294.410770449305
ID0002418,2024-07-01,1,14,7681.0,31,4,2,1.459,1.233,1.4,0.474,7,7550.51,data_drift,2024-07,7333.316690183844
ID0002419,2024-09-20,1,20,3702.0,65,0,0,1.012,1.567,1.4,0.881,13,5680.21,data_drift,2024-09,5797.159094102882
ID0002420,2024-12-06,1,12,8312.0,61,3,2,1.263,1.957,1.1,0.996,4,6727.73,data_drift,2024-12,6756.371614898245
ID0002421,2024-01-28,2,13,11333.0,47,2,1,1.043,1.585,1.4,0.882,13,6833.45,data_drift,2024-01,6658.127361134538
ID0002422,2024-12-17,2,2,21213.0,19,0,2,1.093,0.974,1.2,0.518,2,6248.82,data_drift,2024-12,5774.523209082212
ID0002423,2024-10-26,3,12,10879.0,23,1,2,1.359,1.324,1.8,0.595,4,7347.06,data_drift,2024-10,7707.756584246743
ID0002424,2024-10-20,2,14,13317.0,19,2,2,1.47,1.301,1.4,0.729,16,8035.18,data_drift,2024-10,7908.02315878602
ID0002425,2024-10-19,0,19,5008.0,79,3,2,1.304,1.543,1.4,0.94,6,6744.38,data_drift,2024-10,6986.712132732373
ID0002426,2024-09-12,1,13,8587.0,42,0,2,1.555,1.376,1.4,0.839,6,6196.34,data_drift,2024-09,6007.292070891174
ID0002427,2024-03-09,2,10,36828.0,37,1,2,1.328,1.598,1.4,0.971,5,7913.62,data_drift,2024-03,6465.495175574296
ID0002428,2024-04-19,2,9,10859.0,18,3,1,1.052,1.272,1.8,0.709,2,8208.71,data_drift,2024-04,8244.245888506928
ID0002429,2024-03-02,1,20,5347.0,44,0,1,1.014,1.196,1.8,0.502,2,6955.59,data_drift,2024-03,6380.504005713671
ID0002430,2024-10-23,3,15,5257.0,18,3,2,1.31,1.183,3.2,0.837,4,9203.55,data_drift,2024-10,11007.195786911958
ID0002431,2024-02-05,0,13,10362.0,46,1,2,1.015,1.56,1.4,0.915,6,6839.26,data_drift,2024-02,6645.916649848559
ID0002432,2024-06-09,3,9,45847.0,29,1,2,1.447,1.278,3.2,0.702,30,9452.12,data_drift,2024-06,10120.664406397127
ID0002433,2024-08-19,3,12,10832.0,70,1,2,1.522,1.627,0.4,0.935,7,5062.48,data_drift,2024-08,4548.376010476361
ID0002434,2024-05-05,2,16,9882.0,36,0,1,1.041,1.194,1.8,0.809,12,7064.1,data_drift,2024-05,6697.987223609605
ID0002435,2024-09-20,3,24,10314.0,22,0,2,1.32,1.753,0.4,0.904,3,5320.15,data_drift,2024-09,5496.204469745421
ID0002436,2024-12-07,2,1,22434.0,23,1,1,0.91,1.483,3.2,0.839,6,10124.87,data_drift,2024-12,10124.824848291653
ID0002437,2024-02-09,3,8,11304.0,29,0,2,1.341,1.313,1.0,0.869,16,6349.56,data_drift,2024-02,5394.361555433229
ID0002438,2024-08-28,3,17,7269.0,57,1,1,1.079,1.548,1.1,0.978,6,5734.57,data_drift,2024-08,5479.224286987333
ID0002439,2024-06-18,1,20,6840.0,39,4,1,0.926,1.251,3.2,0.733,11,10569.41,data_drift,2024-06,10532.77878364948
ID0002440,2024-11-11,3,7,34822.0,75,3,1,1.018,1.263,1.8,0.465,8,6001.69,data_drift,2024-11,6843.070580393109
ID0002441,2024-10-18,1,1,22067.0,58,2,2,1.239,1.298,1.8,0.782,2,7515.13,data_drift,2024-10,6954.961953402982
ID0002442,2024-08-22,1,20,6403.0,24,3,2,0.987,1.351,1.8,0.653,16,9136.44,data_drift,2024-08,8761.018722468658
ID0002443,2024-10-06,1,0,25784.0,25,3,2,1.46,1.418,3.2,0.779,4,10054.7,data_drift,2024-10,10144.767196715125
ID0002444,2024-08-11,1,12,18130.0,75,0,2,1.477,1.523,0.4,0.9,13,4599.35,data_drift,2024-08,3927.0030795597536
ID0002445,2024-10-20,3,11,14170.0,27,1,2,1.402,1.551,3.2,0.838,17,10513.85,data_drift,2024-10,10040.04571760234
ID0002446,2024-08-12,3,11,13622.0,30,2,1,1.152,1.656,3.2,0.787,8,10307.97,data_drift,2024-08,10205.016621566312
ID0002447,2024-07-24,4,9,21969.0,78,2,2,1.393,1.096,1.8,0.69,15,6899.95,data_drift,2024-07,6789.888938548676
ID0002448,2024-03-12,3,19,5459.0,29,1,0,0.872,1.184,1.8,0.528,5,5725.52,data_drift,2024-03,6584.745990104647
ID0002449,2024-08-24,2,16,18677.0,38,2,2,1.308,1.462,1.4,0.915,30,7468.51,data_drift,2024-08,7475.196841109627
ID0002450,2024-06-26,2,12,21828.0,20,0,0,1.0,0.957,1.2,0.259,10,5005.91,data_drift,2024-06,5157.630618058065
ID0002451,2024-10-07,1,6,8739.0,57,3,2,1.445,0.942,1.2,0.565,22,6185.02,data_drift,2024-10,6178.331056056737
ID0002452,2024-07-15,3,0,44472.0,45,2,2,0.994,1.037,1.8,0.486,2,6409.61,data_drift,2024-07,6620.778598910444
ID0002453,2024-07-14,3,14,15062.0,44,2,1,1.058,1.298,1.8,0.653,22,7175.21,data_drift,2024-07,7172.765050158461
ID0002454,2024-06-26,4,0,55313.0,63,1,1,0.973,1.809,1.4,0.947,6,6158.69,data_drift,2024-06,5667.7227314544925
ID0002455,2024-02-12,2,7,9114.0,78,1,1,1.056,1.246,3.2,0.617,1,8243.94,data_drift,2024-02,8798.658658392493
ID0002456,2024-10-06,3,11,21542.0,29,2,2,1.051,1.448,1.0,0.841,23,6464.54,data_drift,2024-10,6383.281194595173
ID0002457,2024-05-11,2,22,8036.0,48,1,0,0.854,1.261,1.8,0.775,5,6541.12,data_drift,2024-05,6748.320040468886
ID0002458,2024-01-24,2,18,8348.0,39,2,1,0.82,1.44,3.2,0.76,30,9922.13,data_drift,2024-01,10398.566112093562
ID0002459,2024-06-04,1,19,4029.0,65,1,2,1.338,1.517,3.2,0.741,6,10360.33,data_drift,2024-06,9900.099077445337
ID0002460,2024-11-02,3,25,2947.0,39,0,2,1.365,1.375,1.4,0.924,7,7500.14,data_drift,2024-11,6162.227018527813
ID0002461,2024-11-11,0,10,4057.0,67,1,2,1.301,1.302,1.0,0.727,2,5893.26,data_drift,2024-11,5138.902718342697
ID0002462,2024-03-15,0,12,8118.0,79,2,1,1.107,1.62,1.4,0.791,8,6660.3,data_drift,2024-03,6426.559135700452
ID0002463,2024-03-04,4,10,19104.0,40,3,2,1.254,1.178,1.8,0.444,15,8079.27,data_drift,2024-03,7298.543624996285
ID0002464,2024-02-20,3,12,6228.0,23,3,2,1.476,1.532,1.0,0.903,9,7470.32,data_drift,2024-02,7052.328360572414
ID0002465,2024-07-06,2,8,21834.0,75,1,2,1.286,1.234,1.8,0.704,8,6985.44,data_drift,2024-07,6613.27874269728
ID0002466,2024-12-28,3,14,23050.0,76,0,2,1.41,1.148,1.8,0.366,21,5882.33,data_drift,2024-12,6315.485661546387
ID0002467,2024-01-19,2,3,31092.0,69,4,2,1.008,1.588,1.4,0.933,24,7745.94,data_drift,2024-01,7292.416725818779
ID0002468,2024-12-08,2,17,7126.0,64,0,2,1.485,1.339,1.8,0.581,7,6642.72,data_drift,2024-12,6477.853367943917
ID0002469,2024-02-15,2,17,27680.0,48,3,2,1.235,1.325,3.2,0.573,1,9135.57,data_drift,2024-02,10355.534113228856
ID0002470,2024-02-27,3,15,19548.0,55,2,2,1.377,0.962,1.2,0.331,10,5796.55,data_drift,2024-02,5747.9436746800575
ID0002471,2024-06-11,3,11,10622.0,63,3,2,1.423,1.327,1.4,0.826,23,6288.87,data_drift,2024-06,7202.462871468813
ID0002472,2024-12-05,4,20,19725.0,40,3,2,1.296,1.206,1.8,0.573,5,7967.12,data_drift,2024-12,7559.947935421533
ID0002473,2024-03-25,2,12,9276.0,60,1,2,1.324,1.59,1.4,0.786,13,6136.95,data_drift,2024-03,6790.450530084594
ID0002474,2024-03-01,3,9,12475.0,64,4,2,1.307,1.417,3.2,0.855,7,11608.23,data_drift,2024-03,10432.664755121454
ID0002475,2024-02-27,2,6,9796.0,31,2,2,1.284,1.36,3.2,0.714,2,9791.12,data_drift,2024-02,9748.654319509438
ID0002476,2024-07-05,2,13,15337.0,72,0,2,1.29,1.471,3.2,0.654,16,10452.86,data_drift,2024-07,9172.04332959309
ID0002477,2024-03-23,2,19,6962.0,39,0,2,1.294,1.489,1.4,0.967,30,7391.03,data_drift,2024-03,6983.55817358484
ID0002478,2024-08-17,3,18,9209.0,18,2,2,1.217,0.956,1.2,0.707,6,6449.88,data_drift,2024-08,6860.980457668952
ID0002479,2024-07-05,3,20,4409.0,54,0,2,1.463,1.374,1.4,0.821,12,6136.45,data_drift,2024-07,6158.306827431538
ID0002480,2024-01-15,1,11,5991.0,25,0,2,1.279,1.579,1.4,0.718,23,6636.94,data_drift,2024-01,6794.797314612843
ID0002481,2024-01-08,3,5,33213.0,30,0,2,1.187,1.659,1.1,0.907,7,5904.33,data_drift,2024-01,5424.753085360163
ID0002482,2024-03-19,2,17,4000.0,57,1,0,0.988,0.999,1.8,0.558,4,6284.57,data_drift,2024-03,6049.737277533459
ID0002483,2024-02-06,3,9,20060.0,56,1,1,0.971,0.942,1.2,0.317,4,4713.23,data_drift,2024-02,4753.675770853779
ID0002484,2024-03-02,2,0,16406.0,20,0,2,1.205,1.69,0.4,0.967,4,5476.63,data_drift,2024-03,4800.210613037244
ID0002485,2024-04-25,3,13,14645.0,35,1,2,1.183,1.385,1.4,0.703,7,6376.43,data_drift,2024-04,6509.607142757996
ID0002486,2024-02-15,1,6,11326.0,50,0,2,1.458,1.188,1.8,0.349,10,6252.18,data_drift,2024-02,6346.785081094202
ID0002487,2024-11-07,2,25,4677.0,24,1,2,1.57,1.192,1.8,0.592,2,7740.98,data_drift,2024-11,7348.050437871502
ID0002488,2024-02-22,2,11,9218.0,25,2,2,1.179,1.541,1.4,0.913,9,7547.97,data_drift,2024-02,6954.3588622187945
ID0002489,2024-04-18,3,8,19956.0,34,0,2,1.311,0.983,1.8,0.366,0,5749.99,data_drift,2024-04,5981.833660995904
ID0002490,2024-03-06,4,7,43597.0,41,2,2,1.137,1.539,1.4,0.909,4,7038.41,data_drift,2024-03,6502.9449405641735
ID0002491,2024-04-11,3,16,22180.0,78,0,2,1.339,1.418,1.4,0.883,30,6531.55,data_drift,2024-04,6492.151549148504
ID0002492,2024-01-23,1,24,2756.0,43,3,2,1.43,1.264,1.8,0.762,4,8336.01,data_drift,2024-01,7630.584844343995
ID0002493,2024-02-24,2,25,3340.0,50,1,2,1.233,1.563,1.4,0.952,10,6669.7,data_drift,2024-02,6940.948774805875
ID0002494,2024-08-15,1,16,5910.0,55,2,2,1.461,1.043,1.8,0.432,30,7056.61,data_drift,2024-08,7070.616140365027
ID0002495,2024-05-18,3,19,8043.0,27,1,2,1.342,1.409,1.4,0.87,12,6847.24,data_drift,2024-05,6768.397357395839
ID0002496,2024-05-11,3,17,10301.0,34,2,2,1.084,1.437,1.4,0.822,4,6944.03,data_drift,2024-05,6892.321103487216
ID0002497,2024-11-10,1,10,15642.0,37,1,2,1.393,1.316,1.8,0.672,4,6715.61,data_drift,2024-11,6972.382308855275
ID0002498,2024-09-17,2,20,3757.0,34,1,2,1.318,1.54,1.4,0.906,4,7138.66,data_drift,2024-09,6620.066911870361
ID0002499,2024-11-17,3,13,11623.0,60,2,1,1.163,1.262,1.8,0.395,2,6671.19,data_drift,2024-11,6606.483172108052
ID0002500,2024-05-02,1,0,27643.0,47,1,1,1.038,1.325,1.0,0.78,12,4442.49,data_drift,2024-05,5041.8324934282155
ID0002501,2024-10-14,3,23,14434.0,19,2,2,1.371,1.401,1.0,0.766,7,6743.5,data_drift,2024-10,7151.838853748066
ID0002502,2024-12-18,1,7,15258.0,33,1,2,1.458,1.14,1.4,0.578,1,5820.02,data_drift,2024-12,5914.036968793377
ID0002503,2024-03-24,4,22,14048.0,69,2,2,1.178,1.5,1.4,0.95,7,7318.45,data_drift,2024-03,6836.016370875325
ID0002504,2024-09-18,4,15,29761.0,26,2,1,0.906,1.537,3.2,0.972,5,10449.32,data_drift,2024-09,10122.574372699373
ID0002505,2024-05-15,3,0,21659.0,61,0,1,0.949,1.386,1.8,0.483,1,6869.95,data_drift,2024-05,5948.057851404245
ID0002506,2024-11-02,3,19,6501.0,36,1,2,1.378,1.281,1.8,0.647,22,6949.2,data_drift,2024-11,7200.28268398839
ID0002507,2024-07-27,1,16,9218.0,61,1,2,1.14,1.443,1.4,0.981,9,5981.5,data_drift,2024-07,6517.20353544684
ID0002508,2024-02-01,0,3,9198.0,51,1,2,1.28,1.472,1.0,0.843,23,5031.93,data_drift,2024-02,5945.378147341164
ID0002509,2024-11-12,2,25,5612.0,44,2,2,1.536,1.502,0.4,0.873,5,5454.1,data_drift,2024-11,5052.544126128844
ID0002510,2024-12-15,3,18,7042.0,78,0,2,1.483,1.558,0.4,0.841,17,4862.48,data_drift,2024-12,4165.60768320042
ID0002511,2024-09-23,1,24,7087.0,64,0,2,0.901,1.316,3.2,0.736,5,9859.02,data_drift,2024-09,8831.524567264862
ID0002512,2024-04-20,2,12,22637.0,52,0,2,1.55,1.606,1.1,0.975,9,6243.38,data_drift,2024-04,5580.492078154212
ID0002513,2024-04-25,2,23,4431.0,40,2,2,1.334,1.44,1.8,0.65,16,8018.65,data_drift,2024-04,7706.508871667376
ID0002514,2024-11-13,3,22,7309.0,21,1,1,0.844,1.258,1.8,0.404,4,7231.06,data_drift,2024-11,7358.223593000124
ID0002515,2024-07-17,2,1,25299.0,51,2,1,0.931,1.605,3.2,0.941,8,9796.25,data_drift,2024-07,9466.610988667933
ID0002516,2024-05-22,3,20,5928.0,35,2,2,1.361,1.392,1.4,0.947,12,7599.61,data_drift,2024-05,6918.410795797026
ID0002517,2024-02-15,2,18,6421.0,67,3,2,1.333,1.277,3.2,0.603,2,9636.5,data_drift,2024-02,10063.89529321716
ID0002518,2024-12-01,0,4,9311.0,65,2,2,1.35,1.618,1.4,0.904,7,6205.91,data_drift,2024-12,6463.9675056303895
ID0002519,2024-01-26,4,21,13516.0,43,1,1,1.08,1.345,1.8,0.692,23,6982.91,data_drift,2024-01,7034.2035520474
ID0002520,2024-12-02,2,19,15808.0,26,2,2,1.231,1.657,1.4,0.936,5,7627.53,data_drift,2024-12,7193.2556401872125
ID0002521,2024-05-22,1,20,5037.0,31,1,2,1.114,1.403,1.8,0.695,4,8711.42,data_drift,2024-05,7343.139675003551
ID0002522,2024-08-07,1,5,30449.0,54,2,2,1.081,1.589,1.4,0.971,13,7017.4,data_drift,2024-08,6553.388861965235
ID0002523,2024-05-25,1,24,4518.0,48,4,2,1.214,1.259,1.8,0.502,30,8137.04,data_drift,2024-05,8065.4183250336355
ID0002524,2024-10-22,0,1,14228.0,77,1,2,1.105,1.446,1.4,0.9,2,5160.61,data_drift,2024-10,5695.973800226264
ID0002525,2024-07-09,4,14,17506.0,34,2,2,1.286,0.987,1.2,0.416,2,6072.26,data_drift,2024-07,5816.723533669919
ID0002526,2024-10-12,3,21,13405.0,18,2,2,1.211,1.657,1.4,0.95,7,8161.58,data_drift,2024-10,7869.0057476767115
ID0002527,2024-04-17,3,5,20718.0,76,2,2,1.22,1.206,1.2,0.62,11,6597.36,data_drift,2024-04,5728.532159125314
ID0002528,2024-05-23,2,8,26706.0,46,1,1,1.077,1.712,0.4,0.99,30,4923.34,data_drift,2024-05,4963.038617482524
ID0002529,2024-08-14,4,0,30099.0,57,1,2,1.133,1.454,1.4,0.776,30,7370.99,data_drift,2024-08,6345.810930664963
ID0002530,2024-07-24,3,23,4879.0,38,3,2,1.433,1.701,1.1,0.977,5,7642.78,data_drift,2024-07,6858.951499359691
ID0002531,2024-08-10,2,8,24797.0,50,2,2,1.448,1.286,1.8,0.686,4,6482.64,data_drift,2024-08,7088.23817572
ID0002532,2024-08-14,2,11,23649.0,32,0,2,1.4,1.445,1.4,0.778,23,6140.46,data_drift,2024-08,6556.960479866152
ID0002533,2024-12-13,3,8,23982.0,48,0,1,1.088,1.727,1.4,0.962,4,6857.42,data_drift,2024-12,5665.008550912551
ID0002534,2024-07-19,4,11,28696.0,64,0,2,1.257,1.274,1.8,0.578,5,5913.36,data_drift,2024-07,6322.821731110463
ID0002535,2024-08-28,2,5,15860.0,39,2,1,1.146,1.464,1.4,0.97,24,6055.16,data_drift,2024-08,6373.5635771909665
ID0002536,2024-06-23,2,24,4180.0,20,2,2,1.164,0.979,1.2,0.274,0,6908.72,data_drift,2024-06,6584.492440389499
ID0002537,2024-10-20,2,11,17402.0,66,2,0,0.977,1.331,1.8,0.599,30,7495.17,data_drift,2024-10,6820.752663498561
ID0002538,2024-06-10,2,14,13013.0,33,1,0,0.983,1.018,1.8,0.309,30,6594.98,data_drift,2024-06,6192.630055455712
ID0002539,2024-06-15,2,25,3387.0,23,1,2,1.3,1.508,1.4,0.945,10,9014.87,data_drift,2024-06,7425.491592894221
ID0002540,2024-04-17,0,14,5800.0,50,2,1,1.126,1.284,1.8,0.64,11,6728.18,data_drift,2024-04,7060.288952472861
ID0002541,2024-02-18,1,17,6131.0,18,0,2,1.624,1.181,1.2,0.407,2,6375.98,data_drift,2024-02,6054.809259352021
ID0002542,2024-03-18,3,22,10401.0,67,3,2,1.319,1.306,1.4,0.711,2,6772.58,data_drift,2024-03,6939.264175040847
ID0002543,2024-12-12,4,5,61389.0,32,3,2,1.214,1.375,1.4,0.891,2,7261.6,data_drift,2024-12,7235.406037202705
ID0002544,2024-07-01,3,25,4149.0,19,0,2,1.315,1.739,1.1,0.991,4,6738.22,data_drift,2024-07,6624.050461672387
ID0002545,2024-03-14,3,2,17890.0,23,3,2,1.428,1.245,1.0,0.697,11,6679.02,data_drift,2024-03,6947.353013812762
ID0002546,2024-11-16,2,16,6817.0,26,2,1,0.972,1.161,1.0,0.669,2,6437.23,data_drift,2024-11,5729.267026001994
ID0002547,2024-08-22,3,18,12135.0,18,2,2,1.261,1.298,1.8,0.855,6,8919.19,data_drift,2024-08,8329.631611237577
ID0002548,2024-04-24,3,18,10090.0,53,1,1,1.106,1.318,1.8,0.6,1,7104.21,data_drift,2024-04,6701.713791511622
ID0002549,2024-01-28,0,10,6451.0,66,1,2,1.157,1.843,1.1,0.984,10,6014.71,data_drift,2024-01,5978.4973604352635
ID0002550,2024-10-27,1,15,5713.0,40,2,2,1.376,1.319,3.2,0.666,3,10150.62,data_drift,2024-10,9913.719128344977
ID0002551,2024-10-01,2,15,12332.0,62,1,1,1.169,1.266,1.8,0.662,3,5884.07,data_drift,2024-10,6534.81350578542
ID0002552,2024-07-22,3,25,2768.0,71,4,2,1.174,1.729,1.1,0.978,6,7598.71,data_drift,2024-07,7499.256740076784
ID0002553,2024-08-17,0,9,9961.0,45,2,2,1.063,1.418,1.8,0.788,6,8528.78,data_drift,2024-08,7336.963202002067
ID0002554,2024-09-11,2,17,15296.0,32,3,2,1.451,1.295,1.4,0.64,5,6971.12,data_drift,2024-09,7204.71004797075
ID0002555,2024-12-25,3,9,18514.0,39,2,1,0.832,1.601,0.4,0.95,24,5243.38,data_drift,2024-12,5147.332749580817
ID0002556,2024-09-27,1,9,11995.0,33,2,2,1.285,1.48,1.8,0.629,30,8386.59,data_drift,2024-09,7777.006786371491
ID0002557,2024-07-07,1,14,8325.0,22,1,1,1.288,1.581,0.4,0.918,3,5868.45,data_drift,2024-07,5594.0977573954215
ID0002558,2024-12-26,3,13,15626.0,19,2,1,0.987,1.443,1.8,0.731,3,8791.29,data_drift,2024-12,7901.938438571204
ID0002559,2024-02-12,3,11,9986.0,63,3,2,1.483,1.108,1.0,0.545,1,5571.52,data_drift,2024-02,5407.281253777868
ID0002560,2024-12-20,1,13,11170.0,48,2,1,1.176,1.402,0.4,0.99,6,4221.4,data_drift,2024-12,4709.153002224089
ID0002561,2024-01-16,1,7,26441.0,63,1,2,1.234,1.126,1.0,0.826,3,4890.76,data_drift,2024-01,4977.44867719828
ID0002562,2024-05-09,2,18,11157.0,22,0,2,1.168,1.414,3.2,0.64,30,10412.55,data_drift,2024-05,10676.330235203171
ID0002563,2024-10-24,1,7,7793.0,28,0,1,1.208,1.324,1.4,0.564,30,6076.57,data_drift,2024-10,5778.702107265264
ID0002564,2024-06-09,3,5,50509.0,27,2,1,0.82,1.409,0.4,0.887,2,5305.82,data_drift,2024-06,4725.782180440919
ID0002565,2024-03-15,4,9,40047.0,27,2,1,1.021,1.261,1.8,0.391,2,6833.45,data_drift,2024-03,6670.440143157004
ID0002566,2024-04-19,3,19,18147.0,23,1,2,1.431,1.129,1.8,0.71,4,8070.61,data_drift,2024-04,7531.1400300816495
ID0002567,2024-09-07,4,9,23602.0,63,2,0,1.156,1.99,1.1,0.997,18,5837.3,data_drift,2024-09,5867.84096639718
ID0002568,2024-09-17,3,1,37278.0,25,4,2,1.384,1.139,1.8,0.506,30,7673.66,data_drift,2024-09,7674.857384428472
ID0002569,2024-10-12,1,15,11338.0,73,4,2,1.236,0.999,1.2,0.388,3,6381.57,data_drift,2024-10,6497.837725489661
ID0002570,2024-08-24,0,11,8083.0,25,3,2,1.473,1.423,1.4,0.715,2,7676.18,data_drift,2024-08,6923.70676251213
ID0002571,2024-03-13,0,20,6276.0,45,1,2,1.294,1.254,1.8,0.484,6,6791.08,data_drift,2024-03,6987.474604570749
ID0002572,2024-10-21,2,12,9663.0,19,1,1,1.03,1.09,1.2,0.336,2,5834.64,data_drift,2024-10,5991.728411744999
ID0002573,2024-11-01,3,14,21184.0,57,2,2,1.045,1.082,3.2,0.599,30,10481.25,data_drift,2024-11,9785.025602712913
ID0002574,2024-09-22,2,21,9676.0,51,1,2,1.221,1.411,3.2,0.784,2,9640.29,data_drift,2024-09,10039.95747720882
ID0002575,2024-12-26,1,15,4142.0,30,2,0,0.975,1.573,1.4,0.926,13,7257.62,data_drift,2024-12,6614.638689725259
ID0002576,2024-04-12,1,20,5332.0,44,4,1,1.173,1.413,3.2,0.767,9,11431.98,data_drift,2024-04,11130.43745218255
ID0002577,2024-02-11,1,11,11715.0,31,1,2,1.026,1.04,1.8,0.299,14,5324.3,data_drift,2024-02,6633.7206150328475
ID0002578,2024-08-08,2,7,29857.0,49,3,2,1.314,1.446,0.4,0.889,4,4882.83,data_drift,2024-08,5115.380285605662
ID0002579,2024-11-06,0,7,18520.0,39,4,1,1.1,1.645,0.4,0.944,4,6435.99,data_drift,2024-11,5350.586306638
ID0002580,2024-12-11,1,11,7491.0,75,2,1,0.941,1.473,1.0,0.669,2,5715.58,data_drift,2024-12,5274.435928358693
ID0002581,2024-05-23,3,16,10267.0,41,3,2,1.203,1.144,1.8,0.28,14,7683.58,data_drift,2024-05,7378.8350092306955
ID0002582,2024-10-28,3,25,6818.0,30,3,2,1.453,1.535,0.4,0.975,17,6558.99,data_drift,2024-10,5858.635466620454
ID0002583,2024-07-01,3,20,9739.0,36,0,2,1.128,1.088,1.8,0.617,15,6800.32,data_drift,2024-07,6758.708936989724
ID0002584,2024-07-22,1,0,14273.0,63,0,2,1.524,1.447,0.4,0.851,30,4460.97,data_drift,2024-07,3985.8012389628366
ID0002585,2024-04-19,3,22,9175.0,18,1,1,1.15,0.954,1.2,0.288,10,6856.98,data_drift,2024-04,6014.2646622832435
ID0002586,2024-05-08,1,20,16815.0,40,1,0,0.873,1.215,1.8,0.771,5,5323.33,data_drift,2024-05,6712.188637391154
ID0002587,2024-08-17,4,18,12078.0,37,2,2,1.472,1.08,1.8,0.513,11,6510.36,data_drift,2024-08,7195.17855599108
ID0002588,2024-07-12,2,10,6698.0,75,0,2,1.266,1.172,1.8,0.335,1,5439.64,data_drift,2024-07,5922.766656937042
ID0002589,2024-06-05,3,16,22495.0,18,2,2,1.273,1.325,1.8,0.631,15,8493.38,data_drift,2024-06,8397.424787226822
ID0002590,2024-11-06,4,14,11770.0,54,2,1,1.048,1.522,0.4,0.981,3,4713.07,data_drift,2024-11,4710.016390629175
ID0002591,2024-10-18,4,16,12827.0,21,1,2,1.387,1.184,1.8,0.67,2,7942.44,data_drift,2024-10,7780.277464049203
ID0002592,2024-05-23,2,1,39658.0,50,1,0,1.035,1.753,1.4,0.971,4,6607.78,data_drift,2024-05,5500.847860209518
ID0002593,2024-04-11,3,1,27687.0,52,4,1,1.191,1.156,1.8,0.784,4,6582.59,data_drift,2024-04,7150.520946073413
ID0002594,2024-04-07,1,19,11379.0,22,1,2,1.567,1.874,1.1,0.99,30,8470.63,data_drift,2024-04,7616.498915076543
ID0002595,2024-03-14,2,3,19618.0,52,0,0,0.963,1.392,1.4,0.971,13,5921.64,data_drift,2024-03,4966.411444972501
ID0002596,2024-04-28,2,22,5552.0,77,0,2,1.469,1.445,1.4,0.913,17,5903.35,data_drift,2024-04,5938.376128583236
ID0002597,2024-08-10,2,23,3391.0,64,2,1,0.836,1.003,1.8,0.411,6,6275.13,data_drift,2024-08,6522.268309461069
ID0002598,2024-03-01,2,11,6833.0,33,2,2,1.278,1.257,1.4,0.829,4,7129.14,data_drift,2024-03,6677.826244529623
ID0002599,2024-05-27,2,16,5481.0,38,3,2,1.322,1.333,1.8,0.458,11,8262.42,data_drift,2024-05,7673.88886372363
ID0002600,2024-03-26,2,6,29098.0,72,0,2,1.414,1.485,1.4,0.779,5,5028.42,data_drift,2024-03,5634.483643941389
ID0002601,2024-04-10,1,16,5923.0,65,3,1,1.092,0.98,1.8,0.72,5,6983.55,data_drift,2024-04,6901.4156881111385
ID0002602,2024-09-14,3,13,15182.0,78,4,2,1.057,1.109,1.2,0.573,5,6159.23,data_drift,2024-09,6477.333079995048
ID0002603,2024-09-24,2,11,16696.0,42,1,1,1.091,1.584,1.4,0.858,5,6196.17,data_drift,2024-09,6142.868125361469
ID0002604,2024-07-19,2,7,9704.0,56,0,1,1.125,1.146,1.8,0.637,5,6286.54,data_drift,2024-07,5957.489155862159
ID0002605,2024-02-06,2,0,16275.0,75,1,2,1.446,0.85,1.2,0.242,0,3517.44,data_drift,2024-02,4418.870352616688
ID0002606,2024-08-06,3,16,16321.0,37,4,2,1.114,1.669,1.1,0.949,10,8433.03,data_drift,2024-08,7282.990331484583
ID0002607,2024-12-13,1,7,17387.0,30,2,2,1.399,1.33,1.8,0.662,8,7443.65,data_drift,2024-12,7389.506481269439
ID0002608,2024-03-09,1,13,8423.0,78,3,2,1.373,1.544,1.4,0.883,13,7482.18,data_drift,2024-03,6865.745882094584
ID0002609,2024-11-19,3,5,25206.0,65,2,2,1.363,1.219,3.2,0.804,30,9911.55,data_drift,2024-11,9890.857316183188
ID0002610,2024-03-27,4,6,20438.0,55,2,1,1.083,1.308,1.8,0.4,2,7189.22,data_drift,2024-03,6539.783243632275
ID0002611,2024-06-07,0,9,16456.0,45,0,2,1.382,1.456,1.4,0.886,2,7266.66,data_drift,2024-06,5830.515469639688
ID0002612,2024-07-07,1,3,17880.0,58,2,1,0.978,1.254,1.8,0.376,6,6297.75,data_drift,2024-07,6440.324518938117
ID0002613,2024-10-10,3,16,21320.0,22,2,1,1.032,1.266,1.4,0.632,3,6993.78,data_drift,2024-10,7269.581806545064
ID0002614,2024-04-04,2,15,14943.0,45,1,2,1.389,1.129,1.0,0.616,3,5423.62,data_drift,2024-04,5472.26017744648
ID0002615,2024-07-04,3,25,10732.0,22,1,1,1.078,1.507,0.4,0.869,7,6307.52,data_drift,2024-07,5609.111350434231
ID0002616,2024-05-01,4,14,23777.0,61,2,2,1.304,0.906,1.2,0.266,21,5726.09,data_drift,2024-05,5545.06539430262
ID0002617,2024-09-12,4,25,9327.0,19,2,2,1.367,1.284,1.0,0.6,3,7778.11,data_drift,2024-09,6927.198626752278
ID0002618,2024-10-11,2,8,13808.0,60,2,2,1.054,1.317,1.2,0.549,15,5352.91,data_drift,2024-10,6064.245285109295
ID0002619,2024-02-12,2,5,16717.0,77,3,2,1.22,1.057,1.2,0.275,30,5757.54,data_drift,2024-02,5955.662094678223
ID0002620,2024-06-02,1,18,16094.0,58,1,2,1.185,1.449,1.4,0.822,6,6989.1,data_drift,2024-06,6446.863592098716
ID0002621,2024-06-26,4,25,9982.0,39,2,2,1.511,1.394,1.0,0.743,7,6092.65,data_drift,2024-06,6160.867957818938
ID0002622,2024-04-08,0,22,6289.0,65,2,2,1.448,1.279,1.8,0.519,7,7477.95,data_drift,2024-04,7115.875656870971
ID0002623,2024-06-28,2,14,21667.0,67,2,2,1.207,1.308,1.2,0.461,30,6667.81,data_drift,2024-06,6239.97216077181
ID0002624,2024-12-26,1,13,4591.0,24,1,2,1.357,1.178,1.8,0.509,1,7528.55,data_drift,2024-12,7155.637202065559
ID0002625,2024-04-15,4,8,60905.0,56,0,1,0.936,1.145,1.8,0.429,3,5419.05,data_drift,2024-04,5932.594506670212
ID0002626,2024-06-06,2,7,11218.0,45,3,2,1.432,1.204,1.8,0.576,8,7499.6,data_drift,2024-06,7387.677710765533
ID0002627,2024-02-03,1,13,5500.0,39,3,2,1.405,1.219,1.8,0.66,7,7819.88,data_drift,2024-02,7447.813571823611
ID0002628,2024-12-27,1,9,6863.0,41,3,2,1.365,1.289,1.8,0.681,5,7202.14,data_drift,2024-12,7414.588777547236
ID0002629,2024-10-23,4,20,20349.0,25,1,2,1.351,1.574,1.4,0.971,3,7677.09,data_drift,2024-10,6918.351846507864
ID0002630,2024-07-03,3,14,19448.0,35,2,2,1.105,1.621,1.4,0.945,13,6499.11,data_drift,2024-07,7221.669847794628
ID0002631,2024-01-07,2,21,6952.0,49,1,2,1.41,1.196,1.8,0.417,4,6638.44,data_drift,2024-01,6743.730417008868
ID0002632,2024-06-28,2,7,13145.0,40,0,1,1.171,0.975,1.2,0.557,22,4019.4,data_drift,2024-06,4901.591857651484
ID0002633,2024-10-01,4,0,45418.0,60,0,2,1.422,0.883,1.2,0.27,0,3692.24,data_drift,2024-10,4337.5751140201755
ID0002634,2024-01-25,2,12,8802.0,66,2,1,1.13,1.66,1.4,0.946,3,7098.79,data_drift,2024-01,6423.167940750086
ID0002635,2024-04-07,4,21,12747.0,48,4,2,1.303,0.959,1.8,0.492,1,7569.0,data_drift,2024-04,7439.458070161379
ID0002636,2024-10-15,3,13,11959.0,21,2,2,1.531,1.331,1.4,0.953,3,7004.6,data_drift,2024-10,7628.211619875037
ID0002637,2024-05-28,3,18,12810.0,27,1,2,1.342,1.219,1.4,0.833,7,7753.84,data_drift,2024-05,6649.997325933429
ID0002638,2024-11-14,2,14,4596.0,50,4,2,1.14,1.39,1.4,0.866,8,7754.23,data_drift,2024-11,7397.867119327712
ID0002639,2024-02-12,3,16,4920.0,27,4,2,1.392,0.968,1.2,0.245,0,5795.96,data_drift,2024-02,6471.3719466941375
ID0002640,2024-08-09,3,11,19729.0,78,0,2,1.177,1.625,1.4,0.87,17,7211.52,data_drift,2024-08,5996.33974702284
ID0002641,2024-08-09,2,14,6122.0,58,4,2,1.245,1.041,1.2,0.521,30,6543.31,data_drift,2024-08,6945.421183687614
ID0002642,2024-05-10,2,3,35867.0,44,2,2,1.073,1.229,1.8,0.56,7,7039.39,data_drift,2024-05,6932.0569558229845
ID0002643,2024-06-20,3,11,15857.0,78,2,2,1.027,1.667,0.4,0.962,9,4810.43,data_drift,2024-06,4895.890947022794
ID0002644,2024-01-13,4,2,50356.0,32,2,1,0.944,1.514,1.4,0.953,7,7048.97,data_drift,2024-01,6346.418741708972
ID0002645,2024-12-27,4,15,10619.0,34,0,2,1.152,1.743,1.1,0.943,3,5868.69,data_drift,2024-12,5931.88833922099
ID0002646,2024-11-17,3,13,13144.0,76,4,1,0.995,1.351,1.4,0.828,8,7061.85,data_drift,2024-11,6857.707747254697
ID0002647,2024-03-05,3,15,9753.0,44,3,0,1.104,1.341,1.8,0.751,16,7148.63,data_drift,2024-03,7439.607070496486
ID0002648,2024-04-14,2,10,12803.0,18,0,2,1.55,1.32,1.8,0.46,15,8359.08,data_drift,2024-04,7386.339200527463
ID0002649,2024-01-21,2,17,9054.0,45,0,2,1.356,1.041,1.8,0.388,2,5910.92,data_drift,2024-01,6337.6727735555605
ID0002650,2024-01-28,3,4,53303.0,34,1,0,0.975,1.082,1.2,0.363,1,4844.31,data_drift,2024-01,4781.120559028405
ID0002651,2024-09-27,2,11,17719.0,24,2,2,1.135,1.142,1.8,0.598,4,7896.1,data_drift,2024-09,7852.7112871624395
ID0002652,2024-12-09,3,13,12062.0,49,0,2,1.312,1.395,1.4,0.903,12,5324.67,data_drift,2024-12,6152.856949218135
ID0002653,2024-11-15,2,19,14847.0,27,2,2,1.283,1.104,1.8,0.677,3,8067.2,data_drift,2024-11,7256.470519071798
ID0002654,2024-09-14,1,2,6013.0,69,2,2,1.408,1.268,3.2,0.749,7,9914.46,data_drift,2024-09,9314.917176034056
ID0002655,2024-07-24,3,5,10546.0,69,2,2,1.252,1.071,1.8,0.68,1,6497.65,data_drift,2024-07,6574.125889490383
ID0002656,2024-05-04,1,10,10298.0,31,3,2,1.456,1.313,1.0,0.543,6,7366.89,data_drift,2024-05,6433.205301294008
ID0002657,2024-04-16,3,17,7240.0,46,0,2,1.29,1.416,1.4,0.691,2,5821.13,data_drift,2024-04,5991.653879394065
ID0002658,2024-12-06,4,0,126933.0,68,1,0,1.162,1.156,1.8,0.65,1,5774.49,data_drift,2024-12,5500.381307579888
ID0002659,2024-01-20,2,8,31647.0,54,2,2,1.31,1.251,3.2,0.548,5,8207.5,data_drift,2024-01,9609.460930851033
ID0002660,2024-03-26,3,0,32712.0,49,0,2,1.211,0.973,1.8,0.475,6,5862.51,data_drift,2024-03,5844.218222523309
ID0002661,2024-11-09,1,15,10262.0,21,2,1,1.026,0.969,1.4,0.735,30,6915.52,data_drift,2024-11,7662.801232251195
ID0002662,2024-11-22,2,17,11339.0,69,3,1,1.118,1.765,1.1,0.902,3,7459.94,data_drift,2024-11,6451.479320568972
ID0002663,2024-12-01,1,24,3777.0,76,1,1,1.051,1.577,1.4,0.821,4,5260.01,data_drift,2024-12,6367.548922314412
ID0002664,2024-06-19,1,17,3996.0,64,3,2,1.349,1.139,1.8,0.712,5,8670.73,data_drift,2024-06,7199.299368768821
ID0002665,2024-09-01,4,9,28895.0,49,2,2,1.206,1.307,1.8,0.804,9,6548.22,data_drift,2024-09,7365.384565421576
ID0002666,2024-01-23,2,12,6775.0,59,2,2,1.516,1.076,1.2,0.287,7,5612.25,data_drift,2024-01,5496.956808368656
ID0002667,2024-05-05,2,5,28375.0,43,3,1,0.881,1.24,1.8,0.791,30,8729.87,data_drift,2024-05,7480.154558703532
ID0002668,2024-01-06,1,17,9337.0,56,1,1,1.255,1.611,1.4,0.913,24,6013.57,data_drift,2024-01,7032.115968631675
ID0002669,2024-11-19,1,0,11818.0,32,1,2,1.475,1.278,1.8,0.403,2,7303.44,data_drift,2024-11,6385.174333612673
ID0002670,2024-05-14,1,15,6951.0,39,2,2,1.254,1.12,3.2,0.703,5,11266.66,data_drift,2024-05,9763.334244915508
ID0002671,2024-01-21,1,21,4255.0,57,1,2,1.39,1.313,3.2,0.772,30,9134.79,data_drift,2024-01,10227.974520720372
ID0002672,2024-01-21,3,13,11703.0,56,4,2,1.455,1.307,1.8,0.599,22,8265.28,data_drift,2024-01,8097.891419714995
ID0002673,2024-02-02,4,7,69679.0,63,2,2,1.479,1.956,1.1,0.996,14,6973.21,data_drift,2024-02,6273.223966147927
ID0002674,2024-04-04,3,17,12833.0,71,2,2,1.277,1.451,1.8,0.773,16,7194.48,data_drift,2024-04,7517.386232072311
ID0002675,2024-10-13,4,20,17202.0,77,3,1,1.204,1.085,1.8,0.634,1,7202.04,data_drift,2024-10,7063.062367922577
ID0002676,2024-04-02,0,25,3611.0,33,2,1,0.817,1.197,1.0,0.595,7,5092.77,data_drift,2024-04,5671.558044778652
ID0002677,2024-09-27,3,12,21302.0,51,1,1,0.8,1.495,1.0,0.748,7,5207.61,data_drift,2024-09,5292.753847665897
ID0002678,2024-11-25,2,20,7389.0,73,2,2,1.215,0.859,1.8,0.314,21,5564.4,data_drift,2024-11,6854.1393532837
ID0002679,2024-01-25,0,14,5150.0,70,0,2,1.2,1.52,1.4,0.879,8,6988.49,data_drift,2024-01,6153.64635339343
ID0002680,2024-05-27,2,20,3535.0,37,1,2,1.43,1.459,3.2,0.92,24,10192.26,data_drift,2024-05,10499.70132238578
ID0002681,2024-05-03,4,25,3864.0,52,0,2,1.554,1.624,1.4,0.985,3,7688.95,data_drift,2024-05,6010.548509423349
ID0002682,2024-09-28,2,0,31377.0,27,0,1,1.007,1.219,1.8,0.651,4,5584.41,data_drift,2024-09,6114.769684598309
ID0002683,2024-01-07,3,23,12656.0,30,0,1,0.997,1.328,1.8,0.909,7,6719.88,data_drift,2024-01,6756.031211289417
ID0002684,2024-05-13,3,13,23039.0,73,1,2,1.572,1.628,1.4,0.978,5,6404.07,data_drift,2024-05,6308.599347367915
ID0002685,2024-09-02,2,11,6652.0,22,2,2,1.399,1.385,1.8,0.674,23,8551.91,data_drift,2024-09,8561.225809830266
ID0002686,2024-04-12,0,12,5347.0,48,1,1,0.939,0.917,1.2,0.277,3,4752.07,data_drift,2024-04,4762.068238667223
ID0002687,2024-07-21,3,17,8070.0,47,3,2,1.111,1.298,1.0,0.881,23,5670.33,data_drift,2024-07,6932.200015992693
ID0002688,2024-07-16,3,7,13109.0,59,1,2,1.062,1.31,1.4,0.758,30,6896.64,data_drift,2024-07,6416.031414023808
ID0002689,2024-03-20,3,19,8374.0,53,2,1,1.027,1.194,1.8,0.714,11,7784.75,data_drift,2024-03,7095.848848319966
ID0002690,2024-02-12,0,21,3640.0,54,1,2,1.407,1.525,1.4,0.843,3,7180.93,data_drift,2024-02,6275.595215097764
ID0002691,2024-02-14,3,23,7877.0,77,0,2,1.458,1.635,1.4,0.91,3,6056.88,data_drift,2024-02,6153.2912392655735
ID0002692,2024-09-10,2,3,62946.0,22,1,0,0.913,1.21,1.4,0.438,1,5847.79,data_drift,2024-09,6191.000414691428
ID0002693,2024-08-11,1,14,5066.0,31,0,1,1.03,1.616,0.4,0.873,3,4329.72,data_drift,2024-08,4594.184524787318
ID0002694,2024-01-21,2,17,15494.0,52,1,2,1.296,1.056,1.2,0.493,22,6604.07,data_drift,2024-01,5724.759049587545
ID0002695,2024-09-21,3,13,16653.0,46,1,2,1.314,1.404,1.0,0.894,6,5368.19,data_drift,2024-09,5716.319439073034
ID0002696,2024-07-22,4,15,27226.0,62,4,2,1.433,1.313,3.2,0.859,4,9978.49,data_drift,2024-07,11005.01298897689
ID0002697,2024-05-02,3,7,18749.0,69,1,2,1.325,1.673,1.4,0.972,3,5592.62,data_drift,2024-05,6182.270810669878
ID0002698,2024-11-15,2,9,6412.0,41,2,1,0.878,1.251,1.8,0.656,22,6994.79,data_drift,2024-11,7050.477632989065
ID0002699,2024-11-02,1,6,12048.0,43,3,1,1.302,1.65,1.4,0.968,3,7166.44,data_drift,2024-11,6569.804205169979
ID0002700,2024-04-09,2,5,17046.0,49,0,1,1.114,1.369,1.0,0.752,4,4676.03,data_drift,2024-04,4608.717261673321
ID0002701,2024-10-26,3,11,9820.0,79,4,2,1.009,1.218,1.8,0.416,5,8058.24,data_drift,2024-10,7518.435459944484
ID0002702,2024-11-01,0,7,18911.0,44,1,1,0.978,1.654,1.1,0.972,7,6041.79,data_drift,2024-11,5507.13276191298
ID0002703,2024-08-16,2,25,8559.0,53,3,2,1.407,1.734,1.1,0.978,9,7393.28,data_drift,2024-08,7033.43840761744
ID0002704,2024-05-28,0,6,15872.0,68,2,2,1.369,1.23,1.2,0.32,0,5023.67,data_drift,2024-05,5509.501276053496
ID0002705,2024-08-20,3,11,17855.0,61,0,1,1.203,1.419,1.1,0.842,2,5296.2,data_drift,2024-08,4861.403069370586
ID0002706,2024-05-25,1,25,3022.0,32,2,2,1.125,1.463,1.8,0.519,4,7211.06,data_drift,2024-05,7600.482903840063
ID0002707,2024-08-18,3,4,19402.0,55,0,2,1.301,1.455,1.4,0.809,2,6088.4,data_drift,2024-08,5744.980342265783
ID0002708,2024-08-25,2,8,7416.0,45,2,2,1.372,1.408,3.2,0.91,5,10395.83,data_drift,2024-08,9737.435989679729
ID0002709,2024-10-12,3,23,5984.0,50,3,2,1.355,0.978,1.8,0.35,1,7403.3,data_drift,2024-10,7002.1106983259415
ID0002710,2024-10-24,1,13,7538.0,33,2,1,1.005,0.91,1.2,0.259,4,4470.13,data_drift,2024-10,5247.591450499345
ID0002711,2024-08-17,1,14,13609.0,70,4,2,1.502,1.368,1.4,0.711,30,7789.79,data_drift,2024-08,7524.73315226566
ID0002712,2024-01-19,3,18,15324.0,24,1,1,1.063,1.18,1.8,0.772,5,7969.22,data_drift,2024-01,7614.554743704951
ID0002713,2024-09-15,0,20,4078.0,31,2,1,0.909,1.272,1.8,0.557,4,8140.81,data_drift,2024-09,6998.269248177459
ID0002714,2024-11-24,3,12,4897.0,63,2,2,1.479,1.521,1.4,0.735,30,6833.1,data_drift,2024-11,6982.948482249617
ID0002715,2024-04-23,1,14,6451.0,61,2,2,1.349,1.689,1.4,0.958,4,8134.08,data_drift,2024-04,6853.354787366413
ID0002716,2024-01-27,2,7,12451.0,72,2,1,1.01,1.72,1.4,0.946,13,6705.95,data_drift,2024-01,6238.151517864178
ID0002717,2024-12-27,1,4,17747.0,23,1,1,0.934,1.571,1.4,0.915,30,7400.94,data_drift,2024-12,7084.385686443866
ID0002718,2024-11-04,3,9,26298.0,42,0,1,0.979,1.282,1.8,0.695,4,7178.75,data_drift,2024-11,6164.815952142261
ID0002719,2024-11-04,2,5,11475.0,52,2,2,1.183,1.48,1.8,0.632,30,6730.66,data_drift,2024-11,7559.501879162093
ID0002720,2024-05-28,0,15,4419.0,33,1,2,1.092,1.852,1.1,0.988,30,7201.4,data_drift,2024-05,7046.715539842677
ID0002721,2024-07-06,0,10,7191.0,73,3,2,1.197,1.294,1.0,0.524,1,6112.88,data_drift,2024-07,5980.204364312676
ID0002722,2024-07-18,4,25,19758.0,29,1,1,1.129,1.263,1.8,0.461,4,7049.29,data_drift,2024-07,6700.497030613683
ID0002723,2024-05-03,2,9,27217.0,29,2,0,1.013,0.855,1.2,0.247,7,4690.04,data_drift,2024-05,4966.336952140783
ID0002724,2024-10-20,4,4,36133.0,43,2,1,0.866,1.302,1.8,0.808,4,6009.99,data_drift,2024-10,6829.870923425682
ID0002725,2024-07-09,4,19,11717.0,76,2,2,1.276,1.626,1.4,0.897,4,6623.74,data_drift,2024-07,7051.180849208466
ID0002726,2024-09-06,4,15,18326.0,46,2,2,1.339,1.449,1.8,0.592,2,7198.88,data_drift,2024-09,7563.794007825068
ID0002727,2024-05-26,2,15,12575.0,69,2,2,1.502,1.828,1.1,0.993,4,6905.8,data_drift,2024-05,6259.1646933551765
ID0002728,2024-08-06,2,20,5103.0,39,0,1,1.181,1.457,1.8,0.807,30,7019.32,data_drift,2024-08,7611.97196873879
ID0002729,2024-05-04,3,12,19126.0,59,3,2,1.284,1.615,1.4,0.969,9,7446.79,data_drift,2024-05,7262.006140302358
ID0002730,2024-01-07,1,6,31897.0,77,2,1,0.973,1.433,3.2,0.616,5,9291.44,data_drift,2024-01,9483.665821002245
ID0002731,2024-08-14,3,12,15530.0,58,3,2,1.105,1.777,1.1,0.993,5,7362.99,data_drift,2024-08,6583.4002357052
ID0002732,2024-08-20,1,12,9449.0,74,1,1,1.009,1.208,1.8,0.718,8,6800.76,data_drift,2024-08,6319.051541349638
ID0002733,2024-09-17,2,15,7625.0,62,2,2,1.204,1.61,3.2,0.695,4,11225.06,data_drift,2024-09,10315.04589595345
ID0002734,2024-06-05,3,12,20622.0,20,4,1,1.066,1.091,1.8,0.44,3,7529.37,data_drift,2024-06,8012.42489028341
ID0002735,2024-04-01,2,5,19192.0,76,1,1,0.889,1.116,1.8,0.515,4,6276.71,data_drift,2024-04,5843.69521579508
ID0002736,2024-02-14,1,2,22133.0,42,1,1,1.214,1.718,1.1,0.987,4,6228.79,data_drift,2024-02,5451.819923498688
ID0002737,2024-02-20,2,9,7719.0,32,2,0,0.932,1.25,1.8,0.602,30,8227.01,data_drift,2024-02,6913.866085927179
ID0002738,2024-01-07,0,17,15012.0,30,2,2,1.246,1.12,1.8,0.575,4,8355.91,data_drift,2024-01,7158.531603273723
ID0002739,2024-09-28,3,9,13196.0,73,1,2,1.231,1.386,1.4,0.909,4,6214.39,data_drift,2024-09,5985.923135837004
ID0002740,2024-01-11,2,0,42156.0,29,4,2,1.119,1.489,3.2,0.885,17,10601.11,data_drift,2024-01,10602.417539129196
ID0002741,2024-04-28,4,22,3792.0,69,0,1,1.069,1.314,3.2,0.612,30,8852.21,data_drift,2024-04,9001.324061383193
ID0002742,2024-06-13,3,21,12860.0,69,0,1,1.203,1.184,1.8,0.742,1,6623.73,data_drift,2024-06,6269.194128596875
ID0002743,2024-04-17,3,25,4547.0,27,0,2,1.342,1.394,1.0,0.669,3,5695.87,data_drift,2024-04,5485.394288697401
ID0002744,2024-02-08,1,9,19125.0,69,1,1,0.87,1.169,3.2,0.806,9,8725.32,data_drift,2024-02,9086.849447714203
ID0002745,2024-02-05,0,4,25552.0,65,2,1,1.244,1.088,1.8,0.515,5,6581.07,data_drift,2024-02,6188.325808402935
ID0002746,2024-03-27,1,10,6399.0,62,3,2,1.252,1.336,1.8,0.598,3,7884.18,data_drift,2024-03,7502.682961877922
ID0002747,2024-12-05,1,17,4900.0,49,2,2,1.667,1.207,1.8,0.555,5,6691.22,data_drift,2024-12,6918.789873212209
ID0002748,2024-01-20,2,7,14578.0,56,3,2,1.123,1.284,3.2,0.646,15,10342.28,data_drift,2024-01,9864.54921453078
ID0002749,2024-06-20,3,2,26438.0,70,1,2,1.305,1.093,1.8,0.756,4,6002.05,data_drift,2024-06,6166.919493651507
ID0002750,2024-09-05,3,8,21674.0,35,1,2,1.352,1.672,1.4,0.877,4,6170.57,data_drift,2024-09,6457.781177042653
ID0002751,2024-06-16,2,12,13703.0,36,4,1,1.129,1.587,1.4,0.956,13,8299.38,data_drift,2024-06,7250.846072339147
ID0002752,2024-11-15,3,22,7396.0,70,2,2,1.427,1.997,1.1,0.997,14,7258.99,data_drift,2024-11,6528.347949810622
ID0002753,2024-08-02,4,14,18211.0,75,2,2,1.336,0.946,1.2,0.353,10,4622.41,data_drift,2024-08,5481.371647383025
ID0002754,2024-01-02,3,8,20379.0,56,0,2,1.549,1.147,1.8,0.672,30,5504.26,data_drift,2024-01,6480.817201633499
ID0002755,2024-08-18,4,13,8580.0,68,0,1,1.192,0.85,1.2,0.115,14,4242.51,data_drift,2024-08,4350.163633564837
ID0002756,2024-07-10,2,16,6036.0,34,1,2,1.307,1.415,1.4,0.864,5,6434.77,data_drift,2024-07,6523.272807024797
ID0002757,2024-07-27,2,18,15142.0,59,2,0,0.8,1.449,3.2,0.956,3,9989.29,data_drift,2024-07,9137.218726602714
ID0002758,2024-11-17,3,6,24489.0,50,2,2,1.257,1.655,1.4,0.841,7,6785.58,data_drift,2024-11,6608.904995418135
ID0002759,2024-10-22,4,19,25218.0,67,4,1,0.904,0.953,1.2,0.222,6,5890.39,data_drift,2024-10,5999.13300049323
ID0002760,2024-01-13,1,15,8244.0,29,2,2,1.302,0.899,1.8,0.509,11,7338.02,data_drift,2024-01,7027.250609956439
ID0002761,2024-06-08,4,19,7791.0,21,2,1,1.288,1.338,0.4,0.858,4,5738.73,data_drift,2024-06,5710.0588609641845
ID0002762,2024-05-04,3,10,24209.0,66,1,2,1.28,1.301,1.4,0.763,8,6394.35,data_drift,2024-05,6251.922967745202
ID0002763,2024-12-26,2,21,6124.0,66,1,2,1.155,1.256,1.8,0.628,4,6917.13,data_drift,2024-12,6922.994855457649
ID0002764,2024-04-18,3,5,20415.0,42,1,1,1.053,1.375,1.4,0.687,5,6432.49,data_drift,2024-04,5784.127840092928
ID0002765,2024-01-26,3,21,6033.0,78,0,2,1.341,1.294,1.8,0.777,4,6926.12,data_drift,2024-01,6682.805877744692
ID0002766,2024-07-22,2,15,14339.0,26,1,2,1.049,1.235,1.8,0.688,6,7289.0,data_drift,2024-07,7201.497548644617
ID0002767,2024-02-14,1,18,3867.0,51,4,2,0.947,1.535,0.4,0.972,5,6925.05,data_drift,2024-02,5742.807646744876
ID0002768,2024-03-15,1,21,3689.0,46,2,2,1.129,1.084,1.8,0.326,1,6615.63,data_drift,2024-03,6938.715299730951
ID0002769,2024-07-20,1,8,16328.0,56,0,2,1.224,1.523,1.4,0.863,5,5473.72,data_drift,2024-07,5726.937935966174
ID0002770,2024-01-05,2,21,8855.0,73,0,2,1.514,1.516,0.4,0.934,8,4689.26,data_drift,2024-01,4253.27405591798
ID0002771,2024-04-06,3,6,22060.0,25,0,2,1.344,1.303,1.8,0.759,3,6090.8,data_drift,2024-04,6634.33488912387
ID0002772,2024-12-25,3,20,6596.0,65,0,0,1.043,1.272,1.8,0.419,1,5478.43,data_drift,2024-12,6051.160846807094
ID0002773,2024-02-05,1,17,5911.0,26,2,1,1.016,1.489,1.8,0.861,4,7777.64,data_drift,2024-02,7327.467603538992
ID0002774,2024-12-10,0,9,8545.0,62,1,2,1.453,1.219,1.8,0.58,1,6105.67,data_drift,2024-12,6444.401281439888
ID0002775,2024-04-21,3,13,11799.0,71,2,2,1.447,1.389,1.0,0.794,4,6815.96,data_drift,2024-04,5953.958898583233
ID0002776,2024-02-02,4,16,11301.0,27,1,2,1.275,1.686,0.4,0.932,24,4761.91,data_drift,2024-02,5864.912897993919
ID0002777,2024-01-09,3,7,16507.0,67,2,2,1.342,1.483,1.4,0.887,17,6856.32,data_drift,2024-01,6481.3517342524065
ID0002778,2024-12-21,0,10,8789.0,55,0,2,1.339,1.179,1.2,0.662,8,6170.27,data_drift,2024-12,5433.48341651322
ID0002779,2024-05-06,3,0,62406.0,39,1,2,1.266,1.597,1.4,0.938,30,7102.62,data_drift,2024-05,6859.493143491656
ID0002780,2024-01-24,2,16,12767.0,32,1,1,1.114,1.349,1.8,0.723,5,7048.84,data_drift,2024-01,6850.466849057768
ID0002781,2024-10-20,3,17,7657.0,37,2,2,1.199,1.546,0.4,0.967,8,5477.86,data_drift,2024-10,5340.328892665047
ID0002782,2024-02-13,2,12,4327.0,59,2,2,1.384,1.286,1.8,0.725,23,7225.32,data_drift,2024-02,7424.2637597045505
ID0002783,2024-06-22,2,7,33324.0,33,3,2,1.32,1.472,3.2,0.886,17,10299.97,data_drift,2024-06,10253.68736550193
ID0002784,2024-05-01,3,15,5639.0,50,0,2,1.261,1.171,1.8,0.34,14,6256.86,data_drift,2024-05,6420.047253403512
ID0002785,2024-08-11,3,16,8836.0,29,2,1,1.158,1.672,1.1,0.998,4,6784.78,data_drift,2024-08,6430.432795809061
ID0002786,2024-10-11,3,13,10160.0,42,1,1,1.125,1.291,1.8,0.708,2,6778.93,data_drift,2024-10,6684.698663428629
ID0002787,2024-08-01,4,22,13916.0,49,0,1,1.075,0.917,1.2,0.35,4,5629.32,data_drift,2024-08,4779.747924121409
ID0002788,2024-11-01,2,25,2609.0,49,0,1,0.983,1.565,1.4,0.836,3,6314.15,data_drift,2024-11,6058.5650926173785
ID0002789,2024-01-03,0,13,3941.0,35,3,2,1.147,0.884,1.2,0.183,7,5607.4,data_drift,2024-01,5899.2839545795605
ID0002790,2024-06-19,1,10,10750.0,69,1,2,1.308,1.055,1.2,0.542,1,4619.31,data_drift,2024-06,5225.743203929079
ID0002791,2024-07-28,3,10,23858.0,76,2,0,0.93,1.434,1.4,0.776,23,5303.1,data_drift,2024-07,6070.814065129614
ID0002792,2024-03-28,2,14,11272.0,77,2,1,1.147,1.311,1.8,0.592,2,6441.61,data_drift,2024-03,6783.389314199392
ID0002793,2024-10-13,3,13,20048.0,45,0,2,1.41,1.545,1.1,0.966,9,5434.59,data_drift,2024-10,5578.398552467719
ID0002794,2024-11-04,1,0,41899.0,76,0,2,1.444,1.551,1.0,0.847,3,5203.37,data_drift,2024-11,4439.93070829288
ID0002795,2024-05-27,2,6,10530.0,47,1,2,1.291,1.284,1.4,0.636,2,5462.04,data_drift,2024-05,5986.796889342899
ID0002796,2024-08-08,1,9,7217.0,20,2,2,1.191,0.939,1.2,0.445,22,6453.93,data_drift,2024-08,6644.536822928078
ID0002797,2024-06-19,3,14,10311.0,30,1,2,1.369,1.231,1.2,0.524,11,5330.86,data_drift,2024-06,5957.014702544119
ID0002798,2024-09-05,4,8,35194.0,57,4,1,1.153,1.862,1.1,0.992,4,6746.13,data_drift,2024-09,6444.310948725504
ID0002799,2024-06-23,1,7,19330.0,57,3,2,1.289,1.328,1.0,0.605,7,5378.41,data_drift,2024-06,6105.983801707269
ID0002800,2024-06-28,4,5,21779.0,70,3,2,1.297,1.02,1.8,0.587,22,7694.89,data_drift,2024-06,7035.270674462865
ID0002801,2024-02-08,3,21,12222.0,74,2,2,1.375,1.242,3.2,0.778,5,10790.51,data_drift,2024-02,10044.568756031349
ID0002802,2024-04-19,2,9,9246.0,28,2,2,1.441,1.114,1.8,0.559,1,7205.17,data_drift,2024-04,6829.40750274073
ID0002803,2024-02-26,2,8,10767.0,69,0,2,1.035,1.593,0.4,0.984,4,3959.63,data_drift,2024-02,3928.6087966441723
ID0002804,2024-01-24,2,19,9681.0,42,1,1,0.824,1.289,1.4,0.822,3,5869.74,data_drift,2024-01,6195.174155457744
ID0002805,2024-07-05,1,7,16922.0,65,1,1,1.124,1.077,1.8,0.368,1,6124.55,data_drift,2024-07,5881.315827134822
ID0002806,2024-11-12,3,3,46099.0,59,1,2,1.335,1.401,1.4,0.902,30,7192.4,data_drift,2024-11,6454.020753129863
ID0002807,2024-03-28,3,25,3100.0,65,1,1,1.006,1.207,3.2,0.798,12,8934.38,data_drift,2024-03,9472.870497237564
ID0002808,2024-06-03,2,25,2503.0,79,1,2,1.06,1.535,1.4,0.848,24,7070.46,data_drift,2024-06,6871.925203608177
ID0002809,2024-06-18,4,19,18978.0,48,0,1,1.177,1.685,1.4,0.833,24,7320.16,data_drift,2024-06,6629.031923541288
ID0002810,2024-03-16,4,7,32037.0,72,0,0,1.041,1.32,1.8,0.454,30,5073.28,data_drift,2024-03,5801.923342428812
ID0002811,2024-06-03,2,5,23112.0,78,2,2,1.416,1.607,1.4,0.859,24,7616.77,data_drift,2024-06,6797.867218197719
ID0002812,2024-10-28,1,1,14367.0,39,3,2,1.221,1.28,1.0,0.75,23,6188.97,data_drift,2024-10,6259.695457130459
ID0002813,2024-12-21,2,8,25674.0,57,2,2,1.085,1.619,1.4,0.935,24,6771.07,data_drift,2024-12,6966.642277071462
ID0002814,2024-03-09,1,7,13793.0,39,1,2,1.147,1.271,1.0,0.831,12,5942.53,data_drift,2024-03,5417.991195888445
ID0002815,2024-03-10,3,3,22442.0,33,1,1,1.034,1.275,1.8,0.585,11,7039.22,data_drift,2024-03,6431.265541507158
ID0002816,2024-02-10,3,22,3640.0,37,1,2,1.477,1.878,1.1,0.98,25,8203.43,data_drift,2024-02,6898.741957771853
ID0002817,2024-09-24,2,1,19911.0,59,0,2,1.148,1.73,1.1,0.925,30,6021.2,data_drift,2024-09,5494.314039388876
ID0002818,2024-12-21,3,8,15508.0,69,4,2,1.222,1.355,0.4,0.898,8,5186.7,data_drift,2024-12,5568.4573313382225
ID0002819,2024-06-21,1,7,12433.0,48,4,2,1.41,1.982,1.1,0.997,11,7386.38,data_drift,2024-06,7026.472102907065
ID0002820,2024-05-22,3,9,12840.0,25,4,0,0.925,1.398,1.8,0.685,2,7499.08,data_drift,2024-05,7468.409135832906
ID0002821,2024-09-24,3,12,9301.0,28,0,1,0.97,1.349,1.4,0.835,4,6539.65,data_drift,2024-09,5821.331748187059
ID0002822,2024-10-22,1,16,8230.0,41,0,1,1.074,0.85,1.2,0.274,14,5308.87,data_drift,2024-10,4700.93365181361
ID0002823,2024-03-24,3,15,11772.0,38,2,2,1.602,1.016,1.2,0.451,5,6547.59,data_drift,2024-03,5772.901124440671
ID0002824,2024-09-05,3,16,16914.0,74,3,1,1.18,1.466,3.2,0.817,16,10142.1,data_drift,2024-09,10284.066039014775
ID0002825,2024-08-01,3,11,22659.0,54,2,2,1.238,1.441,1.4,0.926,5,6955.44,data_drift,2024-08,6590.301210636388
ID0002826,2024-11-18,4,16,36807.0,79,1,2,1.281,1.232,1.4,0.773,2,5633.61,data_drift,2024-11,6340.227907599395
ID0002827,2024-06-10,1,11,12673.0,23,1,2,1.251,1.252,1.8,0.576,8,8048.54,data_drift,2024-06,7622.881800110324
ID0002828,2024-09-04,2,12,13017.0,79,2,2,1.275,1.226,1.8,0.745,6,7779.14,data_drift,2024-09,7009.4710835183805
ID0002829,2024-07-15,0,14,6014.0,70,3,2,1.323,1.547,1.4,0.972,3,8728.25,data_drift,2024-07,6882.916169544957
ID0002830,2024-12-17,2,9,7345.0,49,0,1,1.09,1.345,3.2,0.773,5,9369.48,data_drift,2024-12,8640.099508190842
ID0002831,2024-10-17,2,11,13915.0,20,4,1,1.07,1.24,1.8,0.473,3,7813.97,data_drift,2024-10,8345.331484387281
ID0002832,2024-09-06,0,15,5473.0,67,0,1,1.081,1.117,1.8,0.444,15,6840.7,data_drift,2024-09,5975.831471930173
ID0002833,2024-06-15,2,16,8221.0,19,3,1,1.153,1.583,1.1,0.818,8,7586.61,data_drift,2024-06,7491.644131323317
ID0002834,2024-04-04,2,11,13067.0,72,3,2,1.553,1.341,1.8,0.711,16,8046.4,data_drift,2024-04,7377.640643725249
ID0002835,2024-04-05,2,8,18725.0,73,3,2,1.542,1.72,1.1,0.959,8,7071.47,data_drift,2024-04,6340.26233453453
ID0002836,2024-08-01,3,6,42349.0,24,2,1,1.094,1.476,1.4,0.898,3,7698.38,data_drift,2024-08,6999.507515030634
ID0002837,2024-11-25,4,6,89484.0,71,1,2,1.255,1.311,1.4,0.706,30,5904.68,data_drift,2024-11,6221.265614712103
ID0002838,2024-04-05,2,17,5973.0,64,2,2,1.506,1.043,1.2,0.288,21,5871.1,data_drift,2024-04,5819.395052012907
ID0002839,2024-02-10,0,14,10261.0,26,0,2,1.625,1.559,1.4,0.924,10,7178.9,data_drift,2024-02,6629.037010890889
ID0002840,2024-03-10,0,9,7726.0,37,1,2,1.144,1.263,1.8,0.445,1,6593.63,data_drift,2024-03,6648.463214217764
ID0002841,2024-10-26,3,19,18452.0,63,2,1,1.023,1.548,0.4,0.952,5,4931.01,data_drift,2024-10,4501.929106153324
ID0002842,2024-02-26,3,2,36048.0,41,1,1,1.118,1.295,3.2,0.9,2,8528.1,data_drift,2024-02,8935.470502403876
ID0002843,2024-05-22,4,10,28019.0,78,0,0,0.988,1.139,1.2,0.319,7,4520.86,data_drift,2024-05,4355.899972701739
ID0002844,2024-11-12,4,12,20132.0,45,4,2,1.552,1.258,3.2,0.934,23,11159.8,data_drift,2024-11,10912.754326159782
ID0002845,2024-11-16,3,17,17611.0,45,2,1,0.997,1.385,1.4,0.827,4,6921.78,data_drift,2024-11,6492.664190154555
ID0002846,2024-05-20,4,24,5839.0,46,1,2,1.568,1.109,1.8,0.574,11,6623.71,data_drift,2024-05,6701.450302803431
ID0002847,2024-06-21,2,8,16178.0,49,2,2,1.185,1.443,1.4,0.872,6,7862.15,data_drift,2024-06,6493.775420870925
ID0002848,2024-03-28,3,11,15047.0,59,2,2,1.171,1.098,1.8,0.398,2,7128.91,data_drift,2024-03,6608.652230909896
ID0002849,2024-05-11,3,10,5195.0,18,3,2,1.182,1.362,3.2,0.913,5,12649.83,data_drift,2024-05,11432.245178431274
ID0002850,2024-06-13,1,10,9835.0,27,4,2,1.303,1.238,1.2,0.514,8,7005.93,data_drift,2024-06,6982.2481893455815
ID0002851,2024-04-12,1,25,2500.0,46,3,1,1.124,1.125,1.2,0.283,0,6897.82,data_drift,2024-04,5916.421975606603
ID0002852,2024-07-04,3,14,12548.0,57,1,2,1.523,1.807,1.1,0.976,14,6307.56,data_drift,2024-07,6186.022730540822
ID0002853,2024-05-15,4,9,26307.0,70,2,2,1.392,1.311,1.0,0.714,5,6013.26,data_drift,2024-05,5620.306955342209
ID0002854,2024-11-24,3,15,30321.0,69,1,2,1.426,1.547,3.2,0.82,4,10126.61,data_drift,2024-11,10128.31743675022
ID0002855,2024-04-23,2,0,19815.0,22,0,2,1.313,1.401,3.2,0.819,16,9952.94,data_drift,2024-04,9648.946960505938
ID0002856,2024-08-28,2,13,15220.0,61,2,2,1.384,1.394,1.4,0.937,9,7400.19,data_drift,2024-08,6736.86963041869
ID0002857,2024-12-14,2,3,17349.0,34,1,2,1.261,1.084,1.8,0.651,22,6180.67,data_drift,2024-12,6644.6416219609
ID0002858,2024-01-14,2,0,23247.0,32,1,1,1.117,1.185,1.4,0.744,22,6400.37,data_drift,2024-01,5832.167999922541
ID0002859,2024-10-07,0,17,7944.0,60,0,0,0.89,1.67,1.1,0.94,3,6051.43,data_drift,2024-10,4969.6195378371285
ID0002860,2024-09-20,1,13,4141.0,69,4,2,1.366,0.85,1.2,0.433,3,6084.82,data_drift,2024-09,5992.338712250853
ID0002861,2024-05-05,2,17,6350.0,30,0,2,1.188,1.495,3.2,0.905,5,10122.24,data_drift,2024-05,9447.330086533955
ID0002862,2024-01-17,4,10,12145.0,24,2,2,1.224,1.46,1.8,0.893,13,7817.48,data_drift,2024-01,8217.339830393194
ID0002863,2024-07-04,4,10,24982.0,38,1,2,1.34,1.44,1.8,0.875,30,7050.61,data_drift,2024-07,7518.571953473123
ID0002864,2024-09-07,1,14,5312.0,63,2,1,1.085,1.341,1.8,0.724,2,7384.9,data_drift,2024-09,6993.380808931676
ID0002865,2024-01-23,3,23,6073.0,56,1,1,1.236,1.778,1.1,0.979,14,6541.24,data_drift,2024-01,6183.645566850822
ID0002866,2024-12-10,3,22,8695.0,29,1,2,1.236,1.437,3.2,0.776,6,9297.27,data_drift,2024-12,10369.378810856095
ID0002867,2024-08-08,3,12,15137.0,65,0,1,0.91,1.607,0.4,0.965,10,4353.75,data_drift,2024-08,3806.6407012168625
ID0002868,2024-09-18,3,6,30700.0,43,1,2,1.221,1.431,1.4,0.914,12,6941.84,data_drift,2024-09,6136.26925786337
ID0002869,2024-06-14,1,12,6420.0,43,1,2,1.476,1.021,1.8,0.428,2,5301.69,data_drift,2024-06,6215.343094911662
ID0002870,2024-11-22,1,21,5321.0,57,2,1,1.095,1.53,1.8,0.833,6,7255.15,data_drift,2024-11,7285.607045921836
ID0002871,2024-07-13,3,13,9245.0,21,1,2,1.396,1.647,1.4,0.949,4,8495.01,data_drift,2024-07,7482.702357316585
ID0002872,2024-12-17,2,15,16091.0,46,1,2,1.183,1.065,1.8,0.439,22,7603.39,data_drift,2024-12,6833.810444066272
ID0002873,2024-08-19,4,9,15495.0,19,0,2,1.607,1.734,0.4,0.98,14,5958.84,data_drift,2024-08,5438.575295823067
ID0002874,2024-02-05,0,10,10188.0,73,0,2,1.084,1.271,1.4,0.929,12,6391.15,data_drift,2024-02,5581.257615740154
ID0002875,2024-03-23,2,14,10321.0,20,3,2,1.178,1.521,1.8,0.745,5,9320.02,data_drift,2024-03,8657.805110172168
ID0002876,2024-10-16,2,25,7802.0,43,3,1,0.858,1.485,1.4,0.864,30,7930.51,data_drift,2024-10,7524.389094127447
ID0002877,2024-11-25,2,25,3209.0,79,2,1,0.976,1.288,1.8,0.728,16,6580.28,data_drift,2024-11,6808.882123834545
ID0002878,2024-12-23,4,8,33496.0,74,2,2,1.212,1.596,0.4,0.93,30,5350.58,data_drift,2024-12,5247.015406581867
ID0002879,2024-07-20,2,3,21889.0,22,1,2,1.268,1.424,1.4,0.852,30,7812.53,data_drift,2024-07,7145.441252263191
ID0002880,2024-05-16,2,13,16464.0,74,0,2,1.483,1.291,1.0,0.711,6,5492.12,data_drift,2024-05,4733.614213454272
ID0002881,2024-04-03,4,17,18387.0,63,1,1,1.201,1.88,1.1,0.992,5,6060.85,data_drift,2024-04,5846.038418260872
ID0002882,2024-10-09,0,16,8209.0,55,0,2,1.058,1.717,0.4,0.992,9,4707.92,data_drift,2024-10,4554.660128487865
ID0002883,2024-06-24,3,15,12917.0,30,3,2,1.395,1.369,1.4,0.783,6,7138.56,data_drift,2024-06,7589.965658388389
ID0002884,2024-08-22,2,8,21111.0,69,0,2,1.506,1.753,1.1,0.992,18,6072.82,data_drift,2024-08,5647.860806839207
ID0002885,2024-06-07,4,1,27164.0,28,1,1,0.838,1.48,1.0,0.801,2,4958.01,data_drift,2024-06,5181.647303335259
ID0002886,2024-08-04,4,17,24978.0,62,0,1,1.152,1.155,1.0,0.527,1,4679.66,data_drift,2024-08,4740.597152664441
ID0002887,2024-07-09,2,13,10014.0,67,2,2,1.234,1.059,1.2,0.492,22,6213.04,data_drift,2024-07,5884.651523967148
ID0002888,2024-03-21,3,19,12598.0,69,3,2,1.152,1.182,1.8,0.497,8,7225.23,data_drift,2024-03,7375.061249640293
ID0002889,2024-04-15,1,12,10338.0,56,3,2,1.287,1.696,1.4,0.973,5,7409.59,data_drift,2024-04,7224.354485648376
ID0002890,2024-10-28,4,4,24275.0,37,0,1,1.133,1.465,1.4,0.817,3,6538.16,data_drift,2024-10,5682.434948974678
ID0002891,2024-08-02,2,7,42087.0,45,0,2,1.455,1.091,1.8,0.393,5,5542.25,data_drift,2024-08,6310.55756206017
ID0002892,2024-12-15,4,13,22891.0,63,2,2,1.263,1.462,1.4,0.798,2,6974.05,data_drift,2024-12,6768.555213238962
ID0002893,2024-09-16,1,0,23222.0,64,0,2,1.094,1.415,1.4,0.774,30,6359.0,data_drift,2024-09,5794.838552836957
ID0002894,2024-05-05,3,11,16542.0,43,3,2,1.132,1.203,1.8,0.689,8,6791.96,data_drift,2024-05,7445.443019062158
ID0002895,2024-11-20,2,20,13969.0,57,1,2,1.049,1.545,0.4,0.976,3,4553.53,data_drift,2024-11,4777.889519106452
ID0002896,2024-06-01,3,22,17194.0,72,0,1,1.099,1.139,1.2,0.468,2,4862.36,data_drift,2024-06,5135.378621045656
ID0002897,2024-12-23,3,12,10317.0,37,2,0,1.086,1.11,1.2,0.35,5,5440.52,data_drift,2024-12,5421.02689648079
ID0002898,2024-06-09,2,14,8935.0,25,2,2,1.546,1.457,1.4,0.971,4,7631.65,data_drift,2024-06,6913.149280612813
ID0002899,2024-04-04,0,24,2524.0,65,1,2,1.246,1.84,0.4,0.901,25,5564.16,data_drift,2024-04,5722.959700729415
ID0002900,2024-05-10,1,25,2500.0,63,0,0,0.877,1.189,1.8,0.496,2,5637.85,data_drift,2024-05,5879.156840787979
ID0002901,2024-03-22,3,10,23954.0,31,0,1,0.87,1.33,1.4,0.879,23,5859.25,data_drift,2024-03,5955.982636509498
ID0002902,2024-10-28,2,7,36165.0,46,0,2,1.358,1.83,1.1,0.971,10,6401.76,data_drift,2024-10,5392.814191391998
ID0002903,2024-06-06,2,18,16897.0,65,2,2,1.544,1.038,1.8,0.428,11,6081.17,data_drift,2024-06,6776.244221273073
ID0002904,2024-12-17,3,11,4829.0,67,4,2,1.322,1.298,3.2,0.914,6,11066.62,data_drift,2024-12,10324.197279099113
ID0002905,2024-01-27,2,8,20737.0,58,2,2,1.552,1.068,1.2,0.384,10,5579.88,data_drift,2024-01,5552.347886698516
ID0002906,2024-09-18,3,12,22737.0,61,3,1,1.225,0.985,1.8,0.372,1,6549.15,data_drift,2024-09,6601.349383830396
ID0002907,2024-12-27,2,9,18846.0,25,3,2,1.244,1.803,1.1,0.978,8,7441.71,data_drift,2024-12,6768.327476501709
ID0002908,2024-06-10,1,18,2969.0,48,1,2,1.591,1.348,3.2,0.845,30,10122.84,data_drift,2024-06,10397.90631187232
ID0002909,2024-02-16,4,20,9346.0,58,2,1,1.103,1.662,1.4,0.924,24,7262.8,data_drift,2024-02,7271.628488431358
ID0002910,2024-06-07,4,3,50359.0,43,1,2,1.515,1.563,1.4,0.69,4,5502.88,data_drift,2024-06,6366.576508815873
ID0002911,2024-09-10,2,15,10892.0,49,0,2,1.295,1.528,1.4,0.806,3,6497.33,data_drift,2024-09,6308.672660363392
ID0002912,2024-01-12,2,12,14016.0,34,4,2,1.18,0.95,1.8,0.369,4,7728.13,data_drift,2024-01,7471.554884052822
ID0002913,2024-03-04,0,0,15524.0,73,2,2,1.112,1.445,1.4,0.904,30,6805.67,data_drift,2024-03,6459.309151351429
ID0002914,2024-02-14,0,14,6133.0,71,3,2,1.209,1.532,1.4,0.908,13,7841.38,data_drift,2024-02,7055.768086799012
ID0002915,2024-07-27,4,23,30971.0,32,3,2,1.331,1.186,1.4,0.732,15,6879.91,data_drift,2024-07,7017.763405433145
ID0002916,2024-11-15,1,17,4048.0,22,3,2,1.271,0.85,1.2,0.103,3,6342.91,data_drift,2024-11,6614.525660350995
ID0002917,2024-02-23,4,12,22417.0,27,1,0,1.028,1.207,1.4,0.622,8,5299.44,data_drift,2024-02,5711.72889275878
ID0002918,2024-04-12,0,25,3340.0,28,0,2,1.249,1.247,1.8,0.614,22,7389.11,data_drift,2024-04,6904.912560284567
ID0002919,2024-08-12,2,10,18996.0,56,0,2,1.331,1.258,1.8,0.556,7,5649.56,data_drift,2024-08,6451.903477138045
ID0002920,2024-06-24,1,23,4544.0,28,3,2,1.25,1.687,1.1,0.979,10,7743.44,data_drift,2024-06,7252.696658162808
ID0002921,2024-02-08,3,14,10739.0,78,4,2,1.318,1.258,3.2,0.794,3,10663.57,data_drift,2024-02,10704.939585520186
ID0002922,2024-06-12,4,12,22121.0,72,2,2,1.369,1.205,1.8,0.681,22,6646.33,data_drift,2024-06,7090.392432998173
ID0002923,2024-12-21,3,18,4729.0,41,3,1,0.865,1.57,1.4,0.842,6,6724.75,data_drift,2024-12,7022.680181865397
ID0002924,2024-10-22,2,25,2732.0,20,0,1,1.249,1.086,1.2,0.148,30,5902.01,data_drift,2024-10,5988.273853411026
ID0002925,2024-09-13,2,19,11818.0,46,0,1,1.177,1.422,1.4,0.883,12,6698.99,data_drift,2024-09,5944.49828435402
ID0002926,2024-08-27,3,6,40942.0,66,2,1,1.106,1.21,1.8,0.618,5,6896.48,data_drift,2024-08,6329.3960604818185
ID0002927,2024-05-26,4,7,44666.0,40,0,1,1.048,1.209,1.8,0.67,15,6702.88,data_drift,2024-05,6155.752407599921
ID0002928,2024-03-09,3,8,28383.0,62,1,1,0.949,1.522,0.4,0.973,4,4374.6,data_drift,2024-03,3982.875397879813
ID0002929,2024-09-17,1,16,16565.0,30,2,0,0.979,1.462,1.4,0.922,4,5857.92,data_drift,2024-09,6318.00196137253
ID0002930,2024-08-09,4,4,80402.0,27,2,2,1.554,1.366,0.4,0.791,8,5128.1,data_drift,2024-08,5311.617208364419
ID0002931,2024-06-20,2,16,9547.0,18,0,2,1.044,1.076,1.2,0.28,21,6158.21,data_drift,2024-06,6186.474465123661
ID0002932,2024-03-21,2,9,11540.0,54,0,2,1.347,1.375,1.2,0.704,23,5505.08,data_drift,2024-03,5682.331736936039
ID0002933,2024-01-11,1,16,7603.0,38,1,2,1.25,1.02,1.2,0.344,0,5370.27,data_drift,2024-01,5395.900669487082
ID0002934,2024-11-13,2,16,7992.0,51,1,2,1.212,1.478,1.4,0.749,6,6873.56,data_drift,2024-11,6650.782287193686
ID0002935,2024-05-26,3,19,12590.0,43,2,1,0.991,1.226,1.0,0.737,2,5493.63,data_drift,2024-05,5703.658689647925
ID0002936,2024-05-17,4,16,8325.0,23,1,2,1.295,1.356,1.4,0.618,3,7612.18,data_drift,2024-05,7309.8014527056785
ID0002937,2024-09-05,1,7,17469.0,74,0,1,0.994,1.147,1.8,0.33,2,5790.69,data_drift,2024-09,5619.123457586289
ID0002938,2024-04-21,4,16,20643.0,42,1,2,1.468,1.098,1.8,0.503,4,6930.72,data_drift,2024-04,6819.84684359165
ID0002939,2024-04-12,0,9,7326.0,44,1,1,1.098,1.466,1.4,0.81,5,6013.2,data_drift,2024-04,5948.929599525538
ID0002940,2024-09-05,2,9,24543.0,34,2,1,1.099,1.381,3.2,0.854,30,9365.26,data_drift,2024-09,10088.389496369382
ID0002941,2024-11-03,2,10,15295.0,45,2,2,1.631,1.013,1.2,0.302,0,6194.56,data_drift,2024-11,5413.3284453453125
ID0002942,2024-12-20,1,1,11877.0,59,2,2,1.296,1.301,3.2,0.803,6,9524.94,data_drift,2024-12,9448.255925868147
ID0002943,2024-04-12,4,10,28926.0,69,2,0,1.044,1.29,3.2,0.495,7,9638.71,data_drift,2024-04,9321.082755811582
ID0002944,2024-12-02,2,23,4330.0,75,0,2,1.359,0.85,1.2,0.182,14,4061.79,data_drift,2024-12,4792.75319254675
ID0002945,2024-12-20,3,24,10033.0,61,0,2,1.138,1.232,1.8,0.332,21,6830.83,data_drift,2024-12,6617.942176495729
ID0002946,2024-09-01,3,5,27089.0,34,3,1,0.946,1.379,1.8,0.645,7,6683.72,data_drift,2024-09,7386.541607468931
ID0002947,2024-11-22,4,8,64145.0,30,3,0,0.965,1.157,1.8,0.535,11,6561.64,data_drift,2024-11,7165.017032441677
ID0002948,2024-12-11,4,3,39557.0,56,0,2,1.186,1.3,1.8,0.664,7,7113.97,data_drift,2024-12,6203.493401118727
ID0002949,2024-04-11,4,14,14804.0,22,4,2,1.34,1.421,1.4,0.786,30,8072.17,data_drift,2024-04,8886.454142642615
ID0002950,2024-10-18,3,16,28417.0,18,3,2,1.582,1.337,1.4,0.621,4,7986.18,data_drift,2024-10,8048.631470841827
ID0002951,2024-12-25,1,6,21832.0,32,1,1,0.97,1.365,1.4,0.912,16,6604.76,data_drift,2024-12,5927.4801085427125
ID0002952,2024-02-10,3,24,13772.0,71,2,1,1.057,1.627,1.4,0.983,9,6779.22,data_drift,2024-02,6592.234875841737
ID0002953,2024-12-03,3,8,17413.0,20,0,1,1.181,1.505,0.4,0.97,30,5709.52,data_drift,2024-12,5304.560440710187
ID0002954,2024-09-24,3,10,15463.0,41,2,0,0.984,1.155,1.8,0.721,1,6789.08,data_drift,2024-09,6520.615119856907
ID0002955,2024-06-12,2,8,28549.0,29,1,2,1.427,1.142,1.2,0.446,5,6041.55,data_drift,2024-06,5566.230460480364
ID0002956,2024-02-13,3,1,59236.0,58,4,2,1.203,1.196,1.8,0.777,22,7730.01,data_drift,2024-02,7964.408202123834
ID0002957,2024-11-04,3,11,10720.0,46,2,2,1.385,1.052,1.8,0.357,5,6295.37,data_drift,2024-11,6872.986378795294
ID0002958,2024-03-05,1,17,7875.0,40,3,2,1.243,1.834,1.1,0.969,7,6523.94,data_drift,2024-03,7047.918395376906
ID0002959,2024-04-26,1,3,30964.0,27,4,2,1.159,1.159,1.0,0.764,6,5925.94,data_drift,2024-04,6402.048563312498
ID0002960,2024-04-02,1,15,15565.0,70,0,2,1.022,1.296,1.4,0.814,4,5956.99,data_drift,2024-04,6024.027262241543
ID0002961,2024-07-09,3,6,12728.0,29,2,1,0.884,1.599,0.4,0.849,13,5287.8,data_drift,2024-07,4850.030107357723
ID0002962,2024-09-17,2,8,13062.0,23,0,2,1.183,1.364,1.8,0.887,30,8881.7,data_drift,2024-09,7722.395439368364
ID0002963,2024-11-13,1,7,6329.0,19,2,1,0.922,1.5,1.4,0.86,6,7253.27,data_drift,2024-11,7053.864991756029
ID0002964,2024-05-25,2,17,11988.0,41,3,1,1.112,1.495,1.4,0.878,9,7402.24,data_drift,2024-05,6861.409238721129
ID0002965,2024-06-08,3,1,54131.0,29,1,1,0.989,1.382,1.4,0.868,2,6111.23,data_drift,2024-06,6014.989164278298
ID0002966,2024-07-18,3,22,15304.0,68,1,2,1.421,1.642,1.4,0.823,30,6708.03,data_drift,2024-07,7160.543667866899
ID0002967,2024-11-25,3,10,44841.0,26,2,2,1.495,1.44,3.2,0.621,23,10636.62,data_drift,2024-11,10667.744187784167
ID0002968,2024-12-07,4,11,16088.0,67,0,1,0.994,0.916,1.2,0.493,22,4570.77,data_drift,2024-12,4612.054614784711
ID0002969,2024-12-22,0,1,12666.0,36,1,1,1.039,1.589,0.4,0.937,30,4592.41,data_drift,2024-12,4794.816030177841
ID0002970,2024-07-03,2,15,26168.0,58,3,1,1.064,1.208,1.8,0.557,7,7133.79,data_drift,2024-07,7244.333178408539
ID0002971,2024-01-01,4,0,29798.0,44,4,2,1.13,1.379,1.8,0.433,15,7686.92,data_drift,2024-01,7618.5348258338145
ID0002972,2024-02-20,1,8,6412.0,72,1,2,1.339,1.288,1.0,0.671,22,4652.2,data_drift,2024-02,5448.564744905598
ID0002973,2024-09-22,2,10,12295.0,56,2,2,1.325,1.487,1.4,0.96,3,7269.66,data_drift,2024-09,6559.32900584784
ID0002974,2024-04-26,1,8,10252.0,51,0,2,1.441,1.636,0.4,0.946,13,4048.63,data_drift,2024-04,4514.0746337964
ID0002975,2024-07-06,3,7,23999.0,43,1,2,1.186,1.683,1.4,0.959,6,7992.38,data_drift,2024-07,6362.823357269653
ID0002976,2024-06-17,3,1,54272.0,40,2,2,1.261,1.481,1.4,0.883,8,6898.18,data_drift,2024-06,6653.986540121782
ID0002977,2024-11-16,2,11,25437.0,78,1,2,1.144,1.307,1.4,0.685,6,6278.14,data_drift,2024-11,6019.647971899258
ID0002978,2024-05-26,0,7,5785.0,50,2,2,1.522,1.263,1.8,0.514,11,6415.22,data_drift,2024-05,6935.072141780639
ID0002979,2024-12-01,2,16,7557.0,20,4,2,1.039,1.507,1.4,0.956,8,8080.43,data_drift,2024-12,8465.793159858707
ID0002980,2024-02-17,3,18,14529.0,45,1,2,1.349,1.248,1.8,0.56,5,6643.06,data_drift,2024-02,7035.541611440414
ID0002981,2024-11-15,1,0,11015.0,45,0,2,1.225,1.178,1.8,0.701,5,6311.62,data_drift,2024-11,6130.111170064709
ID0002982,2024-10-26,2,8,10089.0,77,1,1,1.178,1.594,1.4,0.796,3,5865.93,data_drift,2024-10,6043.508162549417
ID0002983,2024-11-28,1,10,4040.0,79,2,2,1.348,1.426,1.4,0.844,23,7186.46,data_drift,2024-11,6849.544044768718
ID0002984,2024-03-21,2,7,40781.0,27,2,2,1.333,1.086,1.4,0.623,1,6629.59,data_drift,2024-03,6123.954438258276
ID0002985,2024-12-26,1,13,13150.0,50,1,2,1.328,1.219,1.8,0.647,22,7864.12,data_drift,2024-12,7036.877795750773
ID0002986,2024-07-23,3,9,19767.0,72,0,2,1.201,1.183,3.2,0.722,3,9511.44,data_drift,2024-07,8453.902674445084
ID0002987,2024-05-24,1,0,28846.0,76,3,2,1.681,1.309,3.2,0.84,8,10114.19,data_drift,2024-05,9804.590892525865
ID0002988,2024-03-13,1,14,9637.0,52,1,2,1.268,1.716,1.1,0.967,3,6667.83,data_drift,2024-03,6252.938292710721
ID0002989,2024-02-03,0,11,13123.0,24,1,2,1.298,1.456,1.4,0.858,3,7648.63,data_drift,2024-02,7023.0716762663615
ID0002990,2024-03-20,4,6,59899.0,26,2,1,1.046,1.41,3.2,0.842,9,9480.53,data_drift,2024-03,10122.419068279207
ID0002991,2024-11-14,2,16,3939.0,22,2,2,1.393,1.488,1.4,0.815,5,7238.76,data_drift,2024-11,7832.321699216048
ID0002992,2024-06-22,3,7,29332.0,39,1,2,1.335,1.257,1.4,0.855,4,5963.7,data_drift,2024-06,6111.593067981111
ID0002993,2024-11-23,3,12,22455.0,29,0,2,1.218,1.063,1.8,0.561,6,5646.3,data_drift,2024-11,6519.640463103107
ID0002994,2024-07-22,2,21,6856.0,56,2,2,1.168,0.85,1.2,0.401,2,5147.62,data_drift,2024-07,5588.369157798931
ID0002995,2024-07-05,1,19,2520.0,31,0,2,1.502,1.348,1.0,0.829,5,5996.55,data_drift,2024-07,5393.752909552416
ID0002996,2024-02-01,0,0,29692.0,63,2,1,1.159,1.244,1.8,0.812,5,6398.95,data_drift,2024-02,6567.219302175602
ID0002997,2024-05-27,4,12,50465.0,49,0,0,0.898,1.111,1.8,0.812,3,5649.94,data_drift,2024-05,6010.659913078232
ID0002998,2024-11-09,3,6,26346.0,66,0,1,1.047,0.94,1.2,0.453,4,4488.51,data_drift,2024-11,4404.7884982653495
ID0002999,2024-10-11,4,7,58178.0,23,1,0,0.968,1.334,1.4,0.845,2,6836.58,data_drift,2024-10,6672.382105937377
ID0003000,2024-11-05,3,18,11474.0,53,3,1,1.181,1.104,1.8,0.33,0,7013.74,data_drift,2024-11,6839.975686183853
ID0003001,2024-11-24,2,15,15675.0,27,3,2,1.219,1.444,1.1,0.972,3,7082.5,data_drift,2024-11,6797.643365246094
ID0003002,2024-01-27,3,5,10987.0,27,1,2,1.481,1.442,1.4,0.641,2,6065.96,data_drift,2024-01,6381.284731490312
ID0003003,2024-12-07,3,9,19171.0,50,3,2,1.405,0.884,1.2,0.147,1,5543.67,data_drift,2024-12,5485.891471322386
ID0003004,2024-07-19,1,13,6358.0,50,0,2,1.306,1.368,1.8,0.728,3,6250.24,data_drift,2024-07,6564.185031609506
ID0003005,2024-05-01,3,13,13710.0,34,2,1,1.091,1.537,1.4,0.792,30,6278.75,data_drift,2024-05,6973.044936424972
ID0003006,2024-03-09,4,6,53930.0,21,3,2,1.658,1.109,1.8,0.441,7,7647.15,data_drift,2024-03,8013.096909493995
ID0003007,2024-11-21,4,12,60752.0,68,0,2,1.205,1.089,1.8,0.305,30,6543.41,data_drift,2024-11,6292.381594393542
ID0003008,2024-06-07,2,13,17546.0,35,0,2,1.249,1.19,1.8,0.803,23,6818.04,data_drift,2024-06,7086.04341703444
ID0003009,2024-11-18,1,17,5340.0,63,2,1,1.078,1.082,1.8,0.393,5,6819.63,data_drift,2024-11,6436.809742285919
ID0003010,2024-03-04,2,7,22870.0,30,2,2,1.182,1.072,1.2,0.39,0,5309.17,data_drift,2024-03,5632.479704111172
ID0003011,2024-11-26,4,19,17800.0,20,0,2,1.236,1.675,0.4,0.97,24,6225.7,data_drift,2024-11,5963.645209229013
ID0003012,2024-04-21,4,16,19600.0,47,2,2,1.438,1.117,1.8,0.408,1,6926.36,data_drift,2024-04,6859.843313724524
ID0003013,2024-04-23,3,19,24799.0,61,3,2,1.069,1.609,1.4,0.918,5,7763.15,data_drift,2024-04,7239.2440131831645
ID0003014,2024-08-10,2,13,9261.0,53,1,2,1.233,1.214,1.8,0.629,11,6222.2,data_drift,2024-08,6902.002728166118
ID0003015,2024-12-22,2,25,11203.0,51,2,2,1.326,1.16,1.8,0.421,5,7197.63,data_drift,2024-12,7046.217417074568
ID0003016,2024-06-23,1,17,4375.0,37,1,2,1.261,1.378,1.4,0.77,23,5993.67,data_drift,2024-06,7208.94045587752
ID0003017,2024-12-13,3,18,9528.0,74,0,0,0.934,1.609,1.4,0.876,10,6199.0,data_drift,2024-12,5581.048104107574
ID0003018,2024-03-17,3,24,4346.0,58,2,1,1.001,1.231,1.8,0.643,22,7267.0,data_drift,2024-03,7132.5690624585195
ID0003019,2024-03-20,4,6,34736.0,53,1,1,1.068,1.217,1.8,0.717,5,6916.43,data_drift,2024-03,6177.630030581963
ID0003020,2024-10-27,1,17,9408.0,39,1,2,1.395,1.258,1.4,0.778,8,6566.66,data_drift,2024-10,6741.711890859647
ID0003021,2024-04-14,3,1,26636.0,64,4,1,1.131,1.246,1.4,0.863,4,6622.28,data_drift,2024-04,6402.019731395941
ID0003022,2024-05-02,3,20,12647.0,31,0,2,1.192,1.236,1.8,0.432,1,6496.72,data_drift,2024-05,6657.0968897822495
ID0003023,2024-04-27,1,12,12551.0,59,2,1,1.249,1.431,3.2,0.868,5,9085.01,data_drift,2024-04,9536.903300954295
ID0003024,2024-03-23,1,0,25067.0,53,0,2,1.207,1.406,1.4,0.912,8,5438.27,data_drift,2024-03,5460.597229014621
ID0003025,2024-05-21,4,22,9442.0,51,2,2,1.135,1.264,1.4,0.804,16,7059.41,data_drift,2024-05,7024.571445164957
ID0003026,2024-02-08,2,0,14141.0,62,0,1,0.918,1.266,1.8,0.855,30,7281.24,data_drift,2024-02,6085.481685082286
ID0003027,2024-09-01,4,1,29611.0,46,2,2,1.169,1.996,1.1,0.993,7,6813.22,data_drift,2024-09,5891.629175818979
ID0003028,2024-12-28,1,4,46932.0,71,2,1,0.995,1.238,1.2,0.363,2,5552.73,data_drift,2024-12,5230.0046691102025
ID0003029,2024-01-18,2,0,21097.0,59,2,2,1.147,1.309,1.8,0.608,11,6831.07,data_drift,2024-01,6945.3666658729535
ID0003030,2024-06-23,4,1,39399.0,31,2,2,1.476,1.031,1.2,0.345,5,5172.71,data_drift,2024-06,5627.84231263348
ID0003031,2024-12-23,4,1,68738.0,78,1,2,1.39,1.075,1.8,0.42,22,6178.14,data_drift,2024-12,6261.686500148305
ID0003032,2024-01-12,3,17,7099.0,66,1,2,1.413,1.536,0.4,0.956,17,4898.55,data_drift,2024-01,4834.227571599855
ID0003033,2024-04-08,1,12,7119.0,41,3,1,0.807,1.191,1.8,0.772,5,7348.4,data_drift,2024-04,7313.439170925335
ID0003034,2024-06-23,2,9,43318.0,42,3,2,1.386,1.057,1.8,0.631,7,6954.18,data_drift,2024-06,7377.520901142249
ID0003035,2024-02-22,3,7,15433.0,77,1,2,1.222,1.231,3.2,0.566,6,9994.45,data_drift,2024-02,9233.960729607412
ID0003036,2024-06-10,3,5,29064.0,58,0,1,1.068,1.056,1.8,0.497,1,5950.0,data_drift,2024-06,5717.441624403194
ID0003037,2024-09-05,0,9,6849.0,20,1,2,1.49,1.326,1.8,0.583,15,7718.98,data_drift,2024-09,7552.353093780378
ID0003038,2024-08-10,3,25,6769.0,30,2,2,1.223,1.633,1.4,0.953,13,7418.53,data_drift,2024-08,7423.827295232105
ID0003039,2024-03-28,3,2,32073.0,60,1,2,1.316,1.975,1.1,0.984,14,5775.95,data_drift,2024-03,5573.62282055103
ID0003040,2024-11-18,3,16,16929.0,53,1,1,0.922,1.53,1.4,0.978,30,7787.9,data_drift,2024-11,6556.14658534986
ID0003041,2024-08-16,2,12,6745.0,55,3,2,1.375,1.248,3.2,0.892,8,9662.85,data_drift,2024-08,9939.503830224436
ID0003042,2024-03-14,1,4,18611.0,78,0,2,1.114,1.459,1.4,0.875,8,6139.87,data_drift,2024-03,5434.1612026426565
ID0003043,2024-10-26,2,25,2500.0,22,2,2,1.28,1.534,1.4,0.794,9,7683.2,data_drift,2024-10,7953.722528134841
ID0003044,2024-04-14,2,3,47433.0,67,0,1,1.12,1.382,1.4,0.814,2,5128.23,data_drift,2024-04,5400.562475783553
ID0003045,2024-02-08,4,12,24893.0,53,4,2,1.324,1.432,1.4,0.857,16,7938.46,data_drift,2024-02,7304.568539861319
ID0003046,2024-05-08,2,21,6099.0,21,3,1,0.992,1.164,1.8,0.443,5,9241.16,data_drift,2024-05,8001.876278723241
ID0003047,2024-04-06,2,11,21151.0,60,1,1,0.991,1.118,1.8,0.554,30,6559.87,data_drift,2024-04,6420.5178819899575
ID0003048,2024-01-14,3,25,5557.0,47,3,1,1.196,1.521,1.4,0.946,7,6599.96,data_drift,2024-01,6934.991841146009
ID0003049,2024-11-08,3,7,19337.0,62,0,0,0.893,1.579,1.4,0.902,3,5830.94,data_drift,2024-11,5195.805805110099
ID0003050,2024-06-04,4,21,12206.0,26,0,2,1.106,0.947,1.2,0.337,0,5246.9,data_drift,2024-06,5212.333349876064
ID0003051,2024-10-03,3,17,10019.0,65,1,2,1.343,1.42,1.4,0.86,12,7192.82,data_drift,2024-10,6512.588196943878
ID0003052,2024-02-01,3,17,20479.0,78,2,2,1.527,1.562,0.4,0.889,17,5815.01,data_drift,2024-02,5171.437835557337
ID0003053,2024-11-16,0,3,4561.0,66,1,1,0.995,1.414,1.4,0.945,3,5740.95,data_drift,2024-11,5383.187501739372
ID0003054,2024-07-23,1,9,22601.0,39,2,2,1.321,1.125,1.8,0.572,22,6443.93,data_drift,2024-07,7125.02147440953
ID0003055,2024-07-07,3,25,6085.0,27,3,0,0.831,1.475,1.8,0.751,5,7559.56,data_drift,2024-07,7620.1575943916305
ID0003056,2024-01-14,2,10,22061.0,44,0,2,1.284,1.324,1.4,0.674,23,6275.07,data_drift,2024-01,5986.3070625279315
ID0003057,2024-04-18,4,3,42804.0,21,2,2,1.367,1.255,1.8,0.44,30,8375.37,data_drift,2024-04,7936.239353098731
ID0003058,2024-02-05,2,18,18758.0,49,2,2,1.268,0.977,1.8,0.64,11,7473.26,data_drift,2024-02,7173.256501244422
ID0003059,2024-08-11,2,19,14507.0,58,1,2,1.481,1.217,1.8,0.624,4,6552.51,data_drift,2024-08,6568.1965197195605
ID0003060,2024-04-06,1,16,7395.0,62,0,2,1.347,1.552,1.4,0.932,6,6486.26,data_drift,2024-04,5828.439095908765
ID0003061,2024-07-24,3,13,11307.0,64,0,2,1.272,1.812,1.1,0.986,14,5904.51,data_drift,2024-07,5640.381475550001
ID0003062,2024-08-03,0,13,7277.0,37,1,1,1.135,1.381,1.8,0.615,23,6092.5,data_drift,2024-08,7091.585884498727
ID0003063,2024-09-01,4,9,26820.0,51,2,2,1.481,0.999,1.2,0.578,1,5892.24,data_drift,2024-09,5439.335111135726
ID0003064,2024-11-05,4,17,15617.0,60,0,1,1.088,1.441,1.4,0.813,30,6284.31,data_drift,2024-11,6313.020065521063
ID0003065,2024-10-11,1,17,4533.0,39,1,2,1.154,1.614,1.4,0.938,4,5990.5,data_drift,2024-10,6809.66495395338
ID0003066,2024-06-12,2,7,13777.0,57,0,2,1.092,1.362,3.2,0.729,23,8645.82,data_drift,2024-06,8775.234648033032
ID0003067,2024-12-04,3,17,2507.0,61,2,2,1.239,1.064,1.0,0.64,30,5620.57,data_drift,2024-12,5882.867501376105
ID0003068,2024-07-23,4,21,9227.0,32,0,2,1.304,1.36,1.0,0.669,23,6162.82,data_drift,2024-07,5791.518912111423
ID0003069,2024-12-12,1,12,14670.0,39,4,2,1.402,1.126,1.8,0.531,5,7496.12,data_drift,2024-12,7575.48213373684
ID0003070,2024-08-24,2,6,26923.0,50,0,2,1.572,1.505,3.2,0.883,13,10587.75,data_drift,2024-08,9148.672086748893
ID0003071,2024-03-24,4,14,24060.0,76,2,2,1.489,1.547,1.4,0.978,4,5959.75,data_drift,2024-03,6577.55889193424
ID0003072,2024-05-22,2,22,4243.0,31,2,0,0.996,1.067,1.2,0.578,1,6277.82,data_drift,2024-05,5529.472602907143
ID0003073,2024-04-15,2,14,9859.0,23,2,2,1.176,1.431,1.4,0.839,6,8047.5,data_drift,2024-04,7721.359767799522
ID0003074,2024-06-17,1,19,7227.0,62,1,2,1.246,1.07,1.8,0.353,30,6678.52,data_drift,2024-06,6767.221216770815
ID0003075,2024-06-14,2,9,12572.0,21,1,2,1.296,1.827,1.1,0.998,18,6885.36,data_drift,2024-06,7090.751428267913
ID0003076,2024-09-18,0,20,2816.0,28,0,1,1.231,1.616,1.4,0.949,3,6559.04,data_drift,2024-09,6257.026131686172
ID0003077,2024-06-12,3,11,30114.0,78,3,2,1.353,1.637,1.4,0.907,17,7430.77,data_drift,2024-06,7102.6408891569035
ID0003078,2024-05-01,2,25,4554.0,44,2,2,1.458,1.737,1.1,0.962,25,7376.52,data_drift,2024-05,7195.54540332066
ID0003079,2024-08-03,3,19,7930.0,71,0,2,1.183,1.106,1.4,0.479,30,6222.58,data_drift,2024-08,5913.764272580989
ID0003080,2024-02-20,1,6,11122.0,65,0,0,0.994,1.156,1.8,0.523,4,5742.71,data_drift,2024-02,5542.2945552533865
ID0003081,2024-11-02,3,13,24082.0,71,1,2,1.196,0.92,1.2,0.22,10,5337.2,data_drift,2024-11,4957.590898409686
ID0003082,2024-03-13,1,20,10549.0,52,0,1,1.089,0.963,1.2,0.397,0,5062.76,data_drift,2024-03,4770.936436228784
ID0003083,2024-07-01,2,23,5381.0,19,1,2,1.258,1.174,1.8,0.547,11,8022.76,data_drift,2024-07,7788.274384352794
ID0003084,2024-09-27,4,14,9838.0,68,0,1,1.04,0.977,1.2,0.34,1,4542.8,data_drift,2024-09,4559.645417299051
ID0003085,2024-09-21,2,9,8258.0,37,0,2,1.15,1.534,1.4,0.869,10,6460.76,data_drift,2024-09,5908.411568145094
ID0003086,2024-10-28,1,8,20035.0,74,4,2,1.146,1.598,0.4,0.927,30,6024.88,data_drift,2024-10,5925.0926213263
ID0003087,2024-01-26,3,16,7591.0,47,4,2,1.575,1.774,1.4,0.857,24,7647.32,data_drift,2024-01,8334.744084418999
ID0003088,2024-10-21,3,18,14191.0,23,3,2,1.113,1.485,1.8,0.753,9,8481.81,data_drift,2024-10,8649.845947866346
ID0003089,2024-03-01,2,18,15543.0,40,1,2,1.545,1.528,1.4,0.918,4,8506.35,data_drift,2024-03,6520.1164338717535
ID0003090,2024-08-14,4,11,21318.0,35,0,1,1.059,1.179,1.8,0.538,5,5877.98,data_drift,2024-08,6205.745353402402
ID0003091,2024-05-20,4,12,58355.0,67,0,2,1.697,1.191,1.8,0.68,22,6697.94,data_drift,2024-05,6568.098315973491
ID0003092,2024-10-20,2,14,9444.0,30,0,2,1.261,1.41,1.8,0.761,16,7645.36,data_drift,2024-10,7086.198798026762
ID0003093,2024-01-26,1,13,10489.0,56,1,0,0.961,1.149,3.2,0.574,2,9507.95,data_drift,2024-01,8880.760179697798
ID0003094,2024-08-09,4,20,12904.0,77,1,2,1.379,1.097,1.8,0.723,3,6531.07,data_drift,2024-08,6631.7765842726585
ID0003095,2024-03-28,4,2,74746.0,50,2,2,1.168,1.359,1.4,0.809,5,5728.38,data_drift,2024-03,6820.744932379841
ID0003096,2024-06-14,2,8,16062.0,27,2,2,1.46,1.579,1.4,0.963,30,7249.09,data_drift,2024-06,7462.496909132719
ID0003097,2024-06-16,1,19,8773.0,18,1,2,1.332,1.212,1.4,0.72,30,6557.37,data_drift,2024-06,7678.639799982432
ID0003098,2024-11-23,4,14,17729.0,60,0,0,0.962,1.337,1.4,0.788,2,6548.3,data_drift,2024-11,5542.0833165370495
ID0003099,2024-06-26,4,11,27616.0,35,2,2,1.194,1.585,1.1,0.904,3,6257.87,data_drift,2024-06,6508.79873038632
ID0003100,2024-12-13,2,8,22833.0,31,1,2,1.085,1.126,1.8,0.641,4,7142.45,data_drift,2024-12,6743.512498796684
ID0003101,2024-10-25,4,9,30921.0,51,2,2,1.176,1.35,1.8,0.651,30,7790.44,data_drift,2024-10,7402.4261328094
ID0003102,2024-02-24,2,18,9545.0,36,3,1,1.006,1.344,1.8,0.717,3,8105.92,data_drift,2024-02,7580.89818481385
ID0003103,2024-05-07,3,0,21218.0,27,2,1,0.983,0.85,1.2,0.15,10,5405.98,data_drift,2024-05,4965.959627016473
ID0003104,2024-04-19,3,6,28798.0,68,3,2,1.196,1.227,1.8,0.83,5,8117.23,data_drift,2024-04,7197.823401391027
ID0003105,2024-10-08,1,7,11133.0,25,2,2,1.372,1.405,1.4,0.814,30,7124.4,data_drift,2024-10,7212.077481002455
ID0003106,2024-12-05,0,16,4654.0,75,0,2,1.426,1.33,3.2,0.758,3,9982.1,data_drift,2024-12,8713.806035796788
ID0003107,2024-08-15,2,14,21130.0,27,2,2,1.466,1.574,0.4,0.959,5,6011.8,data_drift,2024-08,5627.109973151268
ID0003108,2024-10-20,3,12,14062.0,48,3,2,1.352,1.364,1.4,0.847,6,7796.51,data_drift,2024-10,7126.921559896691
ID0003109,2024-11-28,2,20,7197.0,35,3,1,0.937,1.0,1.8,0.577,1,5887.22,data_drift,2024-11,7108.9336421068965
ID0003110,2024-10-17,3,8,46343.0,71,4,2,1.349,1.204,1.8,0.402,30,7656.18,data_drift,2024-10,7694.237778609668
ID0003111,2024-10-20,4,13,26545.0,21,3,0,0.932,1.302,1.0,0.833,6,6485.39,data_drift,2024-10,6441.321920202006
ID0003112,2024-11-14,1,22,7600.0,70,0,1,0.806,1.708,1.4,0.928,24,6169.17,data_drift,2024-11,6620.359868153458
ID0003113,2024-10-16,2,19,7362.0,45,1,1,0.993,1.206,1.0,0.701,2,5680.44,data_drift,2024-10,5359.822351149483
ID0003114,2024-10-10,1,6,6908.0,22,2,2,1.661,1.213,1.8,0.674,1,8564.84,data_drift,2024-10,7676.368394389973
ID0003115,2024-07-19,3,20,8489.0,62,1,1,0.98,1.685,1.1,0.967,30,5855.68,data_drift,2024-07,6612.290027868494
ID0003116,2024-08-19,3,11,37438.0,30,3,2,1.305,1.265,1.8,0.726,30,7721.71,data_drift,2024-08,7837.430865566535
ID0003117,2024-07-14,2,3,29667.0,26,4,2,1.658,1.32,1.8,0.639,8,7414.77,data_drift,2024-07,7886.694785385812
ID0003118,2024-03-04,2,12,15045.0,64,0,2,1.3,1.65,1.4,0.815,5,6149.46,data_drift,2024-03,6019.769396048845
ID0003119,2024-07-01,3,25,6704.0,27,2,2,1.48,1.356,1.0,0.71,4,6968.16,data_drift,2024-07,6124.6997945809935
ID0003120,2024-09-10,3,12,14914.0,58,1,2,1.358,1.51,1.4,0.796,6,5624.59,data_drift,2024-09,6379.09200007202
ID0003121,2024-12-10,3,14,6605.0,71,2,2,1.257,1.154,1.4,0.549,11,6126.22,data_drift,2024-12,6304.410324217564
ID0003122,2024-08-18,2,22,8177.0,31,0,2,1.299,1.217,1.8,0.674,6,7481.39,data_drift,2024-08,6796.0680832978305
ID0003123,2024-02-19,1,6,11034.0,26,0,2,1.266,1.359,1.4,0.701,5,5961.85,data_drift,2024-02,5948.662769751591
ID0003124,2024-03-24,4,5,21587.0,34,0,2,1.624,1.292,1.8,0.665,1,6268.29,data_drift,2024-03,6365.324484821063
ID0003125,2024-05-26,3,0,21601.0,56,2,2,1.209,1.434,1.0,0.956,3,6339.71,data_drift,2024-05,5438.819339678948
ID0003126,2024-07-22,1,16,7369.0,63,2,2,1.118,1.017,1.2,0.298,14,5356.73,data_drift,2024-07,5728.7826502406
ID0003127,2024-07-13,3,25,5961.0,27,2,2,1.396,1.613,1.4,0.938,5,7769.94,data_drift,2024-07,7095.657365632555
ID0003128,2024-05-27,3,21,6037.0,62,2,2,1.229,1.358,1.4,0.76,4,7031.74,data_drift,2024-05,6909.643139893716
ID0003129,2024-07-11,3,7,34268.0,77,3,1,0.988,1.121,1.0,0.524,11,5065.92,data_drift,2024-07,5204.97664309822
ID0003130,2024-09-13,3,9,11202.0,35,2,0,1.057,1.507,1.4,0.842,7,6340.03,data_drift,2024-09,6029.625289254575
ID0003131,2024-05-10,0,10,10614.0,72,3,1,1.081,1.555,1.4,0.94,6,6766.7,data_drift,2024-05,6304.774363718037
ID0003132,2024-08-22,2,12,9543.0,49,0,2,1.265,1.673,1.4,0.926,24,7041.35,data_drift,2024-08,6857.365592849605
ID0003133,2024-03-07,2,19,21038.0,50,0,2,1.33,1.533,3.2,0.886,5,9187.02,data_drift,2024-03,9463.514317502217
ID0003134,2024-06-26,3,0,25986.0,66,0,2,1.383,1.036,1.2,0.311,30,4934.92,data_drift,2024-06,4778.873927701511
ID0003135,2024-07-03,4,11,72333.0,44,3,1,1.019,1.406,1.8,0.46,3,6725.33,data_drift,2024-07,7627.0164678093115
ID0003136,2024-06-06,3,0,79437.0,46,1,1,1.037,1.46,1.4,0.779,23,6553.62,data_drift,2024-06,6142.294207200939
ID0003137,2024-09-19,3,22,7345.0,23,2,1,1.04,1.195,1.4,0.73,5,7061.26,data_drift,2024-09,7357.000651554079
ID0003138,2024-12-07,3,11,15281.0,49,0,2,1.246,1.476,3.2,0.847,23,9738.93,data_drift,2024-12,9353.343149898536
ID0003139,2024-06-19,4,13,9165.0,21,0,1,1.226,1.109,1.2,0.395,14,5828.48,data_drift,2024-06,5814.963111081547
ID0003140,2024-12-21,2,17,19455.0,25,1,1,1.249,1.192,1.8,0.55,4,6844.54,data_drift,2024-12,6748.904932145243
ID0003141,2024-08-28,2,0,24769.0,56,1,2,1.255,1.069,1.2,0.551,8,4845.56,data_drift,2024-08,5224.515189320553
ID0003142,2024-05-27,1,7,9697.0,38,0,2,1.15,1.357,1.8,0.655,12,5754.55,data_drift,2024-05,6610.753106109169
ID0003143,2024-09-05,3,18,4693.0,26,3,2,1.085,1.018,1.2,0.31,5,6621.26,data_drift,2024-09,6357.913648767425
ID0003144,2024-12-23,4,7,45372.0,73,1,2,1.617,1.193,1.8,0.611,30,7132.79,data_drift,2024-12,6762.452444667707
ID0003145,2024-01-19,3,17,15333.0,75,2,0,0.935,1.234,3.2,0.585,6,10071.03,data_drift,2024-01,9212.64177351244
ID0003146,2024-10-21,1,12,7200.0,72,1,1,1.002,1.323,1.4,0.805,5,5650.12,data_drift,2024-10,5834.790886788513
ID0003147,2024-02-02,2,19,11345.0,21,1,2,1.077,1.464,1.4,0.796,30,8279.65,data_drift,2024-02,7862.937496235734
ID0003148,2024-03-02,0,11,4724.0,60,4,1,1.054,1.564,1.4,0.958,6,7210.53,data_drift,2024-03,6998.768125422835
ID0003149,2024-02-03,4,9,30315.0,50,1,2,1.244,1.233,1.8,0.62,6,6736.81,data_drift,2024-02,6767.867261483905
ID0003150,2024-12-18,2,12,10344.0,32,1,2,1.543,1.346,3.2,0.943,23,9378.73,data_drift,2024-12,10266.96547998046
ID0003151,2024-11-19,3,5,29749.0,41,0,1,1.042,1.637,0.4,0.953,9,4027.63,data_drift,2024-11,3844.198239795581
ID0003152,2024-10-10,2,0,45611.0,71,2,2,1.584,1.568,1.4,0.91,3,6452.49,data_drift,2024-10,6370.060448855406
ID0003153,2024-04-20,3,10,10398.0,49,0,1,1.03,1.261,1.4,0.459,7,5502.84,data_drift,2024-04,5440.28211600328
ID0003154,2024-12-10,3,2,37767.0,60,1,2,1.237,1.259,3.2,0.583,6,9849.84,data_drift,2024-12,9232.68849231389
ID0003155,2024-10-25,2,17,14967.0,22,0,1,0.93,1.232,1.2,0.746,22,5642.0,data_drift,2024-10,6607.723367192271
ID0003156,2024-04-02,3,14,12426.0,78,3,2,1.359,1.222,1.8,0.472,30,7342.98,data_drift,2024-04,7387.982713840731
ID0003157,2024-05-14,2,17,8348.0,25,1,1,1.111,1.378,3.2,0.652,2,9097.84,data_drift,2024-05,9892.112162678337
ID0003158,2024-04-22,3,4,24843.0,79,0,1,1.003,1.177,1.4,0.797,2,5099.93,data_drift,2024-04,5032.383250101899
ID0003159,2024-01-20,3,6,15790.0,60,2,2,1.254,1.169,1.8,0.292,14,7445.14,data_drift,2024-01,6596.10349464089
ID0003160,2024-09-21,1,23,3142.0,37,0,2,1.182,1.536,1.4,0.937,8,6924.31,data_drift,2024-09,6258.952995272026
ID0003161,2024-06-13,3,0,58527.0,41,2,2,1.365,1.354,3.2,0.912,2,8157.42,data_drift,2024-06,9775.303173203176
ID0003162,2024-05-03,2,11,18853.0,24,2,2,1.24,1.66,0.4,0.997,17,5526.78,data_drift,2024-05,6074.381252404408
ID0003163,2024-05-22,3,17,4296.0,35,0,0,0.982,1.323,3.2,0.689,5,8408.12,data_drift,2024-05,8489.609851029667
ID0003164,2024-08-20,1,14,10262.0,73,2,2,1.381,1.256,3.2,0.757,23,8845.9,data_drift,2024-08,10314.07697740023
ID0003165,2024-04-15,2,5,13103.0,53,1,1,1.263,1.281,1.8,0.652,30,6654.03,data_drift,2024-04,6422.467353005795
ID0003166,2024-10-18,3,8,13639.0,71,2,1,0.896,1.41,1.8,0.668,4,7005.08,data_drift,2024-10,6584.201573235826
ID0003167,2024-08-10,3,12,26393.0,52,4,2,1.283,1.514,1.4,0.96,4,7482.55,data_drift,2024-08,7296.872458609897
ID0003168,2024-03-25,1,12,3644.0,64,1,1,1.264,1.248,1.8,0.476,2,5991.17,data_drift,2024-03,6024.715014708317
ID0003169,2024-03-20,2,21,12453.0,47,1,1,0.8,1.829,0.4,0.955,5,4097.96,data_drift,2024-03,4941.333143118863
ID0003170,2024-05-18,3,5,42076.0,49,1,2,1.282,1.557,1.4,0.863,8,5788.1,data_drift,2024-05,6105.026643258236
ID0003171,2024-06-09,2,11,8981.0,51,0,2,1.32,1.388,1.4,0.825,3,6318.99,data_drift,2024-06,5919.499854032374
ID0003172,2024-02-06,2,11,8549.0,28,2,2,1.222,1.334,1.4,0.806,2,5945.67,data_drift,2024-02,6985.8651289551035
ID0003173,2024-08-01,4,14,23253.0,48,4,1,1.102,1.678,1.4,0.961,5,8648.87,data_drift,2024-08,7170.080818330929
ID0003174,2024-06-27,3,19,5006.0,60,2,2,1.395,1.726,0.4,0.965,7,5379.6,data_drift,2024-06,5219.430951253456
ID0003175,2024-05-08,3,14,10754.0,38,2,2,1.522,1.332,1.8,0.816,23,7650.06,data_drift,2024-05,7906.945569910155
ID0003176,2024-07-12,3,7,43945.0,61,4,2,1.442,1.221,1.8,0.725,11,7880.81,data_drift,2024-07,7692.583545708041
ID0003177,2024-04-19,2,4,10982.0,41,0,2,1.33,1.347,1.0,0.926,5,5870.46,data_drift,2024-04,4960.443363392266
ID0003178,2024-05-27,3,25,5097.0,66,1,2,1.296,1.636,1.1,0.992,5,6756.83,data_drift,2024-05,6410.460913821008
ID0003179,2024-03-25,4,11,22593.0,51,2,1,1.135,1.714,1.1,0.988,10,6459.74,data_drift,2024-03,6065.3498685264285
ID0003180,2024-03-03,3,25,7199.0,61,0,2,1.244,0.85,1.2,0.195,30,5845.03,data_drift,2024-03,5068.818003591147
ID0003181,2024-01-25,3,18,6101.0,60,2,2,1.158,1.428,3.2,0.817,7,9542.73,data_drift,2024-01,10253.247112604904
ID0003182,2024-12-18,3,7,26787.0,49,2,1,1.134,1.669,0.4,0.89,6,4975.17,data_drift,2024-12,4710.726409166408
ID0003183,2024-09-21,2,14,9618.0,30,1,2,1.343,1.439,1.4,0.735,5,6653.47,data_drift,2024-09,6614.826693829004
ID0003184,2024-06-28,3,8,14107.0,34,2,1,1.131,1.056,1.8,0.419,6,7054.8,data_drift,2024-06,6572.644145048229
ID0003185,2024-01-16,3,0,37488.0,53,1,2,1.33,1.206,3.2,0.474,2,8093.79,data_drift,2024-01,9044.663533776542
ID0003186,2024-06-19,1,10,5510.0,55,0,2,1.285,1.293,1.4,0.829,9,5680.6,data_drift,2024-06,5731.823930511455
ID0003187,2024-12-08,2,12,17719.0,72,1,2,1.333,1.35,1.4,0.693,12,6241.15,data_drift,2024-12,6144.7119432053905
ID0003188,2024-03-06,1,9,8211.0,37,3,1,1.075,1.192,1.0,0.708,8,5572.1,data_drift,2024-03,5895.165895076535
ID0003189,2024-03-27,2,15,13123.0,62,4,1,1.042,1.373,1.4,0.587,1,6660.94,data_drift,2024-03,6785.1903990094015
ID0003190,2024-08-02,3,19,8636.0,63,2,1,1.069,1.298,1.8,0.805,5,6553.29,data_drift,2024-08,7103.827915650929
ID0003191,2024-08-18,2,8,20520.0,38,3,2,1.188,1.181,1.2,0.654,1,7004.85,data_drift,2024-08,6346.857514220919
ID0003192,2024-08-14,4,7,47122.0,79,3,2,1.369,1.237,1.8,0.52,2,7491.41,data_drift,2024-08,7087.417224884379
ID0003193,2024-09-27,2,14,16424.0,54,1,2,1.24,1.474,1.4,0.921,30,7168.2,data_drift,2024-09,7010.719046767581
ID0003194,2024-12-02,3,23,5488.0,59,1,2,1.269,1.631,1.4,0.931,5,6074.23,data_drift,2024-12,6664.403688380788
ID0003195,2024-02-03,3,17,19414.0,74,2,2,1.395,1.272,1.8,0.492,2,6100.62,data_drift,2024-02,7108.006529116143
ID0003196,2024-04-14,2,25,8003.0,63,3,2,1.353,1.379,3.2,0.896,12,8432.73,data_drift,2024-04,10503.267640841783
ID0003197,2024-10-16,3,21,6132.0,20,2,2,1.292,1.071,1.2,0.273,3,6724.08,data_drift,2024-10,6673.782117789464
ID0003198,2024-02-08,3,21,8755.0,37,0,2,1.243,1.614,1.4,0.925,30,7376.33,data_drift,2024-02,7237.118466065717
ID0003199,2024-05-07,1,7,27844.0,64,0,1,1.008,1.177,1.8,0.381,3,5410.3,data_drift,2024-05,5777.705465069344
ID0003200,2024-06-20,3,15,9791.0,72,1,2,1.255,1.241,1.8,0.469,4,6575.27,data_drift,2024-06,6694.1316781008845
ID0003201,2024-09-13,4,8,28831.0,70,1,2,1.225,1.486,1.4,0.793,6,6077.44,data_drift,2024-09,6196.228990766259
ID0003202,2024-03-28,3,12,17115.0,43,2,1,1.19,1.557,3.2,0.912,9,11027.43,data_drift,2024-03,9908.278270401632
ID0003203,2024-06-19,0,13,2500.0,26,0,1,1.081,1.349,1.8,0.557,2,7696.18,data_drift,2024-06,6354.439461660083
ID0003204,2024-12-28,1,15,8588.0,37,2,2,1.286,1.656,0.4,0.983,6,5110.55,data_drift,2024-12,5589.173296188022
ID0003205,2024-05-27,4,17,26081.0,60,0,2,1.118,1.354,3.2,0.874,4,9454.59,data_drift,2024-05,9242.319701679739
ID0003206,2024-04-12,4,15,25017.0,49,1,1,1.162,1.525,1.4,0.638,9,5685.27,data_drift,2024-04,6540.629447349836
ID0003207,2024-06-14,3,17,13481.0,76,2,1,0.943,1.399,1.0,0.656,5,5687.09,data_drift,2024-06,5311.9247813818665
ID0003208,2024-09-23,4,8,15900.0,30,1,2,1.473,1.197,1.8,0.556,30,7398.75,data_drift,2024-09,6920.014366357122
ID0003209,2024-07-27,1,13,10976.0,74,3,2,1.369,0.886,1.0,0.591,30,6016.45,data_drift,2024-07,5894.093638626932
ID0003210,2024-05-26,2,21,9734.0,61,1,1,1.113,0.924,1.8,0.277,0,5896.6,data_drift,2024-05,5968.309373150342
ID0003211,2024-11-17,2,10,34022.0,58,2,0,1.04,1.239,1.4,0.694,8,5975.05,data_drift,2024-11,5895.520167071541
ID0003212,2024-03-13,4,19,7462.0,68,0,2,1.293,1.57,0.4,0.958,6,4220.46,data_drift,2024-03,4529.43985443499
ID0003213,2024-08-16,3,16,8833.0,53,1,2,1.551,1.059,1.8,0.638,11,7483.5,data_drift,2024-08,6694.961827232378
ID0003214,2024-07-01,3,25,2956.0,76,3,2,1.126,1.437,1.4,0.911,16,6814.63,data_drift,2024-07,7277.20137987209
ID0003215,2024-03-01,3,12,9496.0,61,0,0,0.828,1.593,0.4,0.843,5,3867.41,data_drift,2024-03,3436.5270276329065
ID0003216,2024-04-02,4,10,25621.0,24,0,2,1.276,1.357,1.8,0.742,12,7847.53,data_drift,2024-04,7406.0060110222075
ID0003217,2024-05-03,3,15,17820.0,38,1,2,1.411,1.094,1.8,0.626,11,7996.14,data_drift,2024-05,7073.433823819423
ID0003218,2024-07-05,4,15,24707.0,66,2,2,1.234,1.312,1.8,0.663,4,6697.48,data_drift,2024-07,7319.4664328062145
ID0003219,2024-09-21,2,17,11532.0,24,2,1,1.11,1.532,1.4,0.922,9,8294.06,data_drift,2024-09,7414.041592544605
ID0003220,2024-03-09,3,7,20680.0,24,0,2,1.352,1.132,1.2,0.394,0,5962.22,data_drift,2024-03,5819.941511960331
ID0003221,2024-07-05,3,17,9745.0,58,4,1,1.119,1.262,1.8,0.374,1,7811.99,data_drift,2024-07,7471.699326444187
ID0003222,2024-04-24,1,12,18808.0,47,1,2,1.458,1.379,3.2,0.521,1,9906.43,data_drift,2024-04,9739.219829105736
ID0003223,2024-05-13,1,11,6243.0,18,0,2,1.222,1.424,1.4,0.913,16,6342.42,data_drift,2024-05,6766.214857723249
ID0003224,2024-10-18,1,9,10620.0,32,2,2,1.274,1.142,1.8,0.76,11,6720.69,data_drift,2024-10,7160.392782439701
ID0003225,2024-12-28,1,22,4277.0,72,2,2,1.089,0.926,1.2,0.368,1,5795.84,data_drift,2024-12,5615.2147153439
ID0003226,2024-10-04,1,20,7227.0,37,0,2,1.455,0.891,1.2,0.571,15,5899.66,data_drift,2024-10,5428.305754681269
ID0003227,2024-04-20,2,16,11555.0,64,2,2,1.297,1.23,1.8,0.744,3,6383.94,data_drift,2024-04,7190.560925740607
ID0003228,2024-04-14,4,9,33602.0,75,1,2,1.611,1.145,1.8,0.427,1,5765.66,data_drift,2024-04,6010.611670467445
ID0003229,2024-07-26,3,12,20963.0,51,1,1,1.047,1.395,1.8,0.93,9,7532.39,data_drift,2024-07,6811.576214884755
ID0003230,2024-06-18,3,8,17096.0,38,2,2,1.461,1.677,1.4,0.99,4,6290.15,data_drift,2024-06,6769.87687250727
ID0003231,2024-03-14,3,21,16021.0,19,2,2,1.018,1.595,1.1,0.9,7,7851.26,data_drift,2024-03,7246.401925898697
ID0003232,2024-04-13,1,5,27263.0,71,1,0,0.917,1.302,1.8,0.749,5,4926.77,data_drift,2024-04,5992.454201007151
ID0003233,2024-05-09,2,25,5673.0,30,3,2,1.173,1.704,0.4,0.963,3,6080.9,data_drift,2024-05,6045.053025290347
ID0003234,2024-07-20,1,8,13295.0,63,2,2,1.315,1.263,3.2,0.785,3,8811.56,data_drift,2024-07,9522.949074925187
ID0003235,2024-04-21,2,11,36079.0,46,0,2,1.345,1.264,1.8,0.515,7,6182.19,data_drift,2024-04,6496.311032818815
ID0003236,2024-02-02,4,12,16815.0,53,1,1,1.11,1.25,1.8,0.483,22,6670.67,data_drift,2024-02,6538.399858726902
ID0003237,2024-01-09,3,19,6984.0,46,0,1,0.964,1.316,1.8,0.74,16,5906.48,data_drift,2024-01,6594.610643900506
ID0003238,2024-06-05,1,16,11672.0,24,1,2,1.475,1.12,1.8,0.502,15,6819.08,data_drift,2024-06,7505.9438072924395
ID0003239,2024-02-10,4,12,18483.0,79,0,2,1.132,1.323,1.8,0.61,2,5945.96,data_drift,2024-02,6282.629005305787
ID0003240,2024-08-22,1,10,14092.0,62,2,2,1.403,1.686,1.4,0.966,8,7435.15,data_drift,2024-08,6673.942302849854
ID0003241,2024-01-16,3,16,17793.0,44,4,2,1.178,1.314,1.8,0.741,2,9109.04,data_drift,2024-01,8135.107765221521
ID0003242,2024-01-14,3,5,29522.0,63,1,2,1.32,1.528,1.0,0.905,13,4886.5,data_drift,2024-01,5244.394708638519
ID0003243,2024-08-08,2,25,8994.0,59,1,0,1.158,1.481,1.4,0.835,7,6322.14,data_drift,2024-08,6092.592946057513
ID0003244,2024-10-25,0,8,9509.0,51,3,1,1.14,1.783,0.4,0.976,8,5736.13,data_drift,2024-10,5228.800174228882
ID0003245,2024-07-27,2,11,10537.0,67,0,2,1.478,1.659,1.1,0.955,24,6928.78,data_drift,2024-07,5881.353916914755
ID0003246,2024-03-14,3,0,25525.0,74,1,1,1.058,1.287,1.4,0.66,1,5205.32,data_drift,2024-03,5319.146157607886
ID0003247,2024-01-06,2,6,18061.0,77,0,2,1.327,1.337,1.0,0.679,6,4368.61,data_drift,2024-01,4650.369029435785
ID0003248,2024-07-07,3,12,14695.0,71,4,1,0.897,1.44,1.4,0.815,16,6573.05,data_drift,2024-07,6913.087520496897
ID0003249,2024-06-11,2,11,15297.0,73,3,2,1.339,1.266,1.4,0.654,30,6317.93,data_drift,2024-06,6969.3186445142255
ID0003250,2024-07-13,1,7,6485.0,29,1,2,1.41,1.497,1.4,0.779,23,6342.78,data_drift,2024-07,6988.257162323243
ID0003251,2024-03-03,3,18,12147.0,79,2,1,1.059,1.191,1.8,0.378,30,7403.6,data_drift,2024-03,6749.500402112306
ID0003252,2024-02-09,0,16,5414.0,60,2,2,1.324,1.289,1.4,0.84,8,6599.6,data_drift,2024-02,6742.865859456564
ID0003253,2024-02-05,3,17,5182.0,29,3,2,1.032,1.8,0.4,0.984,7,6602.02,data_drift,2024-02,6216.685040038774
ID0003254,2024-02-03,3,5,32070.0,78,1,1,0.966,1.558,1.4,0.887,13,5241.06,data_drift,2024-02,5636.622394952842
ID0003255,2024-08-12,4,18,24134.0,48,3,2,1.432,1.092,1.8,0.453,6,7754.98,data_drift,2024-08,7417.085314012789
ID0003256,2024-09-16,4,25,9620.0,38,0,1,0.89,1.534,1.4,0.817,13,6919.61,data_drift,2024-09,6162.412656148813
ID0003257,2024-01-08,1,22,5860.0,49,0,2,1.46,1.375,3.2,0.571,3,8761.89,data_drift,2024-01,9244.935854168169
ID0003258,2024-04-07,3,18,8366.0,72,3,1,1.004,1.456,1.4,0.971,7,7002.22,data_drift,2024-04,6697.436419829591
ID0003259,2024-07-26,2,7,20793.0,47,1,1,1.074,1.365,1.4,0.882,4,6364.04,data_drift,2024-07,5854.535330289575
ID0003260,2024-06-03,1,16,5182.0,51,3,1,1.295,1.379,3.2,0.893,12,11755.28,data_drift,2024-06,10478.385018331646
ID0003261,2024-07-27,3,12,20286.0,65,0,2,1.064,1.276,1.8,0.519,1,6301.71,data_drift,2024-07,6256.595619209444
ID0003262,2024-05-22,2,20,9226.0,69,0,2,1.381,1.324,1.0,0.701,12,4756.56,data_drift,2024-05,5240.708313803159
ID0003263,2024-08-23,3,10,13567.0,60,0,0,0.958,1.345,1.8,0.757,2,6320.12,data_drift,2024-08,5903.362436114333
ID0003264,2024-11-06,0,0,12624.0,21,0,2,1.459,1.538,0.4,0.973,17,5276.89,data_drift,2024-11,5020.381785945369
ID0003265,2024-10-10,1,0,25636.0,40,0,2,1.347,1.316,1.0,0.726,9,4962.42,data_drift,2024-10,4835.507585031402
ID0003266,2024-07-13,0,5,13351.0,59,0,2,1.161,0.984,1.8,0.513,2,5735.14,data_drift,2024-07,5927.9490017814915
ID0003267,2024-07-20,2,10,16994.0,26,3,1,1.055,1.064,1.2,0.399,30,5865.7,data_drift,2024-07,6155.124561581391
ID0003268,2024-08-22,2,19,9564.0,39,2,0,1.082,0.957,1.8,0.379,1,6815.07,data_drift,2024-08,6437.808274352959
ID0003269,2024-01-08,4,20,18072.0,50,4,0,1.058,1.068,1.8,0.613,8,7990.39,data_drift,2024-01,7417.770189151133
ID0003270,2024-02-21,3,12,29993.0,50,2,2,1.367,1.256,1.8,0.56,3,6670.74,data_drift,2024-02,7109.225934069679
ID0003271,2024-10-20,4,17,12695.0,22,3,1,0.864,1.206,1.8,0.464,1,8865.7,data_drift,2024-10,7943.344716983911
ID0003272,2024-10-08,2,9,30949.0,36,1,2,1.541,1.167,1.2,0.368,6,5125.61,data_drift,2024-10,5472.892661480952
ID0003273,2024-07-05,1,14,4691.0,30,3,1,1.193,1.101,1.0,0.741,4,6578.55,data_drift,2024-07,5885.411290388574
ID0003274,2024-03-24,2,14,24411.0,23,2,2,1.275,1.69,0.4,0.983,4,6563.79,data_drift,2024-03,6183.618928205806
ID0003275,2024-01-02,2,21,23316.0,54,2,2,1.454,1.475,3.2,0.887,17,10747.0,data_drift,2024-01,10443.400047093317
ID0003276,2024-06-21,4,0,91202.0,77,2,2,1.323,1.22,1.8,0.472,1,7345.96,data_drift,2024-06,6264.350986188372
ID0003277,2024-01-16,0,0,17339.0,45,2,0,0.906,1.338,1.4,0.699,23,5410.98,data_drift,2024-01,6003.895134515262
ID0003278,2024-06-19,4,9,46884.0,69,3,2,1.379,1.09,1.2,0.385,10,5833.41,data_drift,2024-06,5989.580239043775
ID0003279,2024-01-05,0,13,7821.0,50,1,2,1.195,1.58,1.4,0.845,4,5299.32,data_drift,2024-01,6642.728013622923
ID0003280,2024-12-10,1,12,5593.0,18,1,2,1.469,1.224,1.8,0.583,2,8335.71,data_drift,2024-12,7461.479743481816
ID0003281,2024-09-17,3,23,8166.0,33,1,1,1.21,1.422,1.8,0.633,5,7383.39,data_drift,2024-09,7055.329306229986
ID0003282,2024-12-28,3,14,11069.0,19,0,2,1.437,1.104,1.8,0.487,3,6723.89,data_drift,2024-12,7157.6072690124865
ID0003283,2024-02-19,1,17,6491.0,34,1,2,1.255,1.288,1.8,0.675,5,6619.6,data_drift,2024-02,7013.724248721504
ID0003284,2024-06-28,3,16,17604.0,77,1,1,1.136,1.286,3.2,0.824,4,8612.42,data_drift,2024-06,9423.367479911392
ID0003285,2024-12-28,0,21,5654.0,66,0,1,0.985,1.32,1.0,0.629,1,4250.42,data_drift,2024-12,4897.761801539587
ID0003286,2024-07-06,3,10,9259.0,50,0,2,1.064,1.319,1.4,0.821,23,6435.45,data_drift,2024-07,6405.875848304968
ID0003287,2024-03-19,2,16,10400.0,37,0,2,1.534,1.232,1.8,0.729,5,6534.41,data_drift,2024-03,6582.045506952784
ID0003288,2024-02-09,4,10,18336.0,40,3,2,1.362,1.356,1.2,0.73,9,6820.72,data_drift,2024-02,6809.141529560678
ID0003289,2024-09-10,4,15,24243.0,76,1,2,1.37,1.415,1.8,0.85,30,8199.41,data_drift,2024-09,7608.649095999326
ID0003290,2024-04-12,1,18,10020.0,49,3,1,0.945,1.498,1.4,0.895,10,7555.8,data_drift,2024-04,6889.801624997135
ID0003291,2024-09-05,0,14,7670.0,59,2,2,1.291,1.242,1.8,0.603,15,7130.92,data_drift,2024-09,7242.235887673909
ID0003292,2024-06-23,2,20,12244.0,44,1,2,1.288,1.198,1.4,0.727,4,6506.3,data_drift,2024-06,6354.1117744270805
ID0003293,2024-10-24,1,15,16057.0,48,1,2,1.301,1.435,1.8,0.83,5,8302.98,data_drift,2024-10,7215.195594629016
ID0003294,2024-06-02,4,18,15837.0,37,0,2,1.46,1.559,3.2,0.803,3,8729.48,data_drift,2024-06,9656.442170242062
ID0003295,2024-11-11,2,17,6841.0,53,3,2,1.321,1.391,1.8,0.682,12,7482.62,data_drift,2024-11,7785.182483928349
ID0003296,2024-04-25,3,25,7344.0,65,1,1,1.171,1.255,1.8,0.496,3,7107.08,data_drift,2024-04,6558.554483692943
ID0003297,2024-09-22,4,14,35349.0,21,0,1,1.211,1.13,1.8,0.418,7,7041.75,data_drift,2024-09,6858.455547968433
ID0003298,2024-07-25,2,20,21857.0,36,1,1,0.988,1.575,1.1,0.965,3,6324.93,data_drift,2024-07,6065.5339761749365
ID0003299,2024-04-14,3,19,6456.0,72,4,2,1.211,1.621,1.4,0.946,17,9218.09,data_drift,2024-04,7882.962185135053
ID0003300,2024-11-02,2,1,21349.0,66,0,1,0.874,1.42,1.8,0.739,23,5587.26,data_drift,2024-11,5975.4295495961105
ID0003301,2024-07-16,2,14,11075.0,60,1,2,1.206,1.331,1.4,0.561,22,6675.57,data_drift,2024-07,6480.518169827138
ID0003302,2024-04-06,3,13,12231.0,47,2,2,1.494,1.648,1.1,0.973,24,7446.62,data_drift,2024-04,6889.666856119701
ID0003303,2024-04-04,4,16,18413.0,76,0,1,0.943,1.657,1.4,0.973,10,5861.21,data_drift,2024-04,5838.451431634477
ID0003304,2024-05-15,1,11,10897.0,77,2,1,0.951,1.553,1.4,0.859,30,6566.04,data_drift,2024-05,6347.855152613649
ID0003305,2024-04-12,4,16,22237.0,34,1,2,1.118,1.68,1.4,0.919,24,7858.24,data_drift,2024-04,7313.5311160499205
ID0003306,2024-09-27,3,13,12170.0,18,0,1,0.981,1.324,1.4,0.718,3,7314.72,data_drift,2024-09,6539.624220473846
ID0003307,2024-10-26,1,14,7779.0,64,1,1,1.017,1.266,1.8,0.694,22,6691.53,data_drift,2024-10,6784.871754939363
ID0003308,2024-07-10,2,16,7767.0,62,2,1,1.078,1.33,1.4,0.63,1,5944.04,data_drift,2024-07,6189.004749988221
ID0003309,2024-10-16,3,16,8471.0,59,0,2,1.402,1.459,1.4,0.812,5,5849.63,data_drift,2024-10,6093.220178019756
ID0003310,2024-03-24,1,16,7878.0,37,2,2,1.371,1.762,1.1,0.953,4,7365.76,data_drift,2024-03,6635.690117733013
ID0003311,2024-10-08,3,7,15083.0,74,2,2,1.397,1.381,1.4,0.911,30,8250.55,data_drift,2024-10,6747.808931046538
ID0003312,2024-02-10,2,16,9903.0,32,2,2,1.193,1.355,1.4,0.842,5,7166.7,data_drift,2024-02,7103.150647750929
ID0003313,2024-10-16,3,11,22879.0,55,4,2,1.653,1.175,1.8,0.599,30,7682.23,data_drift,2024-10,7842.757678091288
ID0003314,2024-08-18,3,22,6188.0,71,0,2,0.949,1.247,1.8,0.519,15,7174.63,data_drift,2024-08,6623.327039141277
ID0003315,2024-09-26,1,14,9077.0,76,1,1,0.989,1.443,3.2,0.892,5,8570.06,data_drift,2024-09,9434.063915529818
ID0003316,2024-10-19,2,5,30069.0,44,1,2,1.266,1.433,1.4,0.714,30,7320.95,data_drift,2024-10,6421.9159435228385
ID0003317,2024-02-03,4,25,31080.0,19,1,2,1.362,1.276,1.8,0.691,6,8758.7,data_drift,2024-02,7857.134617232721
ID0003318,2024-02-12,1,13,8611.0,61,3,0,0.989,1.398,1.8,0.634,23,7247.68,data_drift,2024-02,7571.707125955261
ID0003319,2024-01-19,0,11,3860.0,74,0,2,1.107,1.24,1.0,0.642,22,5166.94,data_drift,2024-01,4802.65055560983
ID0003320,2024-10-23,2,5,13626.0,60,4,2,1.34,1.089,1.8,0.54,6,7567.03,data_drift,2024-10,7413.175748275037
ID0003321,2024-12-27,1,11,11860.0,76,3,2,1.426,1.313,1.0,0.764,12,5991.68,data_drift,2024-12,6341.939329452579
ID0003322,2024-01-26,2,7,18454.0,24,3,2,1.453,1.315,1.4,0.827,7,7509.3,data_drift,2024-01,8028.391302455878
ID0003323,2024-03-17,4,17,15630.0,56,1,2,1.251,0.933,1.2,0.401,3,4770.23,data_drift,2024-03,5151.7505818168565
ID0003324,2024-05-15,4,7,47570.0,44,1,2,1.215,1.335,1.8,0.726,7,6790.6,data_drift,2024-05,6956.815457265206
ID0003325,2024-10-25,2,7,41145.0,38,2,2,1.387,1.65,1.4,0.858,4,5801.92,data_drift,2024-10,6727.492570030732
ID0003326,2024-09-01,4,9,29805.0,23,3,1,1.067,1.267,1.8,0.629,3,7186.03,data_drift,2024-09,8093.253175954253
ID0003327,2024-04-25,2,6,28265.0,78,4,1,1.046,1.515,1.4,0.925,5,7434.99,data_drift,2024-04,6562.713690669066
ID0003328,2024-05-06,3,19,5368.0,49,1,1,1.087,1.723,0.4,0.93,3,4938.25,data_drift,2024-05,5063.812258289301
ID0003329,2024-04-07,3,9,22858.0,54,2,2,1.577,1.327,3.2,0.826,12,9399.54,data_drift,2024-04,9859.924506961248
ID0003330,2024-10-28,3,12,11967.0,63,1,2,1.371,1.163,1.8,0.751,5,6773.21,data_drift,2024-10,6632.674692500253
ID0003331,2024-01-26,2,10,18639.0,30,2,2,1.388,0.865,1.8,0.231,5,6398.58,data_drift,2024-01,6727.921799145597
ID0003332,2024-11-06,3,13,15959.0,36,1,1,1.093,1.349,1.4,0.709,5,6612.81,data_drift,2024-11,6131.623659977556
ID0003333,2024-08-23,3,11,13230.0,76,3,2,1.278,1.236,1.8,0.681,1,6883.07,data_drift,2024-08,7261.056069449269
ID0003334,2024-10-23,3,15,5553.0,24,2,2,1.422,1.431,1.0,0.849,23,7437.07,data_drift,2024-10,7541.5987687531115
ID0003335,2024-12-04,2,24,7847.0,49,2,1,0.978,1.484,1.8,0.827,30,8730.01,data_drift,2024-12,7955.672158479969
ID0003336,2024-04-08,3,20,7111.0,21,2,1,1.056,1.462,1.4,0.753,2,7489.58,data_drift,2024-04,7407.379448602389
ID0003337,2024-08-11,2,8,6645.0,20,3,2,1.248,1.072,1.8,0.536,2,8279.06,data_drift,2024-08,7860.678549297752
ID0003338,2024-10-19,4,25,12318.0,78,1,1,1.08,1.326,1.4,0.937,2,5322.67,data_drift,2024-10,5890.309241583003
ID0003339,2024-05-10,4,10,34230.0,55,1,2,1.222,1.307,1.8,0.562,2,7061.3,data_drift,2024-05,6757.122111797075
ID0003340,2024-10-28,3,6,45865.0,26,2,2,1.329,1.577,1.4,0.883,13,6984.87,data_drift,2024-10,7095.648160001042
ID0003341,2024-11-22,3,6,54038.0,70,2,1,1.118,1.344,3.2,0.52,8,9494.57,data_drift,2024-11,9557.893899678154
ID0003342,2024-09-21,3,17,15821.0,38,0,2,1.581,1.32,1.4,0.778,3,5523.09,data_drift,2024-09,6270.758357371583
ID0003343,2024-01-11,2,17,14025.0,45,2,2,1.097,1.501,1.4,0.929,4,7814.34,data_drift,2024-01,6765.705093647462
ID0003344,2024-04-22,4,16,25154.0,54,0,2,1.306,1.051,1.2,0.272,1,5408.29,data_drift,2024-04,5118.345747234343
ID0003345,2024-08-06,2,14,16181.0,40,2,2,1.262,1.414,3.2,0.902,2,9885.35,data_drift,2024-08,10062.54580343209
ID0003346,2024-08-18,3,15,15796.0,77,2,1,1.179,1.049,1.8,0.251,21,5407.14,data_drift,2024-08,6450.79382330337
ID0003347,2024-11-11,2,14,8797.0,63,1,2,1.214,1.252,1.4,0.819,8,6175.99,data_drift,2024-11,6322.948562787838
ID0003348,2024-04-24,2,17,17719.0,26,2,1,0.885,1.357,1.0,0.804,4,7151.59,data_drift,2024-04,6150.619059290378
ID0003349,2024-05-13,2,5,18875.0,72,1,1,1.134,1.527,1.4,0.934,3,7251.67,data_drift,2024-05,5580.81826011535
ID0003350,2024-01-18,2,18,6910.0,51,2,1,1.081,1.301,1.8,0.705,30,7001.18,data_drift,2024-01,7627.490470865391
ID0003351,2024-12-02,4,12,34807.0,42,2,2,1.75,1.021,1.8,0.327,3,6017.99,data_drift,2024-12,6736.055376443073
ID0003352,2024-01-13,2,19,4225.0,61,4,1,1.103,1.519,1.4,0.766,7,7721.52,data_drift,2024-01,7187.4289672577615
ID0003353,2024-02-17,2,20,9736.0,24,1,2,1.426,1.428,3.2,0.926,16,11418.88,data_drift,2024-02,11038.856831199386
ID0003354,2024-11-21,4,11,39637.0,34,1,0,1.117,1.771,0.4,0.982,25,4318.17,data_drift,2024-11,4844.127400191539
ID0003355,2024-02-15,2,9,17580.0,66,1,1,1.027,0.985,1.8,0.317,30,5413.94,data_drift,2024-02,6005.403055163068
ID0003356,2024-04-21,2,10,24747.0,37,1,2,1.366,0.873,1.2,0.307,0,4885.16,data_drift,2024-04,5076.5870838999235
ID0003357,2024-04-09,3,8,20074.0,44,1,0,0.928,1.647,1.4,0.981,3,5489.64,data_drift,2024-04,5706.591232335824
ID0003358,2024-11-21,1,6,5051.0,67,0,2,1.564,1.256,1.8,0.674,3,6370.76,data_drift,2024-11,5920.535004567633
ID0003359,2024-10-11,3,9,14476.0,55,4,1,1.016,1.552,3.2,0.922,7,10954.42,data_drift,2024-10,10192.333099321093
ID0003360,2024-01-18,2,9,17240.0,31,1,2,1.448,1.196,1.8,0.847,30,7651.0,data_drift,2024-01,7164.857587702353
ID0003361,2024-04-18,2,17,5171.0,59,1,2,1.21,1.232,1.8,0.601,30,7747.17,data_drift,2024-04,7268.246715937764
ID0003362,2024-09-17,1,19,2500.0,49,1,2,1.4,1.25,1.8,0.482,15,7483.06,data_drift,2024-09,6804.673395304082
ID0003363,2024-01-26,0,21,7084.0,49,3,2,1.367,1.279,1.8,0.649,1,8051.25,data_drift,2024-01,7548.077156426997
ID0003364,2024-09-19,2,17,8340.0,71,0,2,1.385,1.325,1.4,0.853,30,7307.82,data_drift,2024-09,6530.5674795840905
ID0003365,2024-01-08,2,22,10281.0,47,2,0,1.015,1.541,1.4,0.917,3,6789.28,data_drift,2024-01,6300.377872242275
ID0003366,2024-09-03,1,8,9258.0,73,1,2,1.517,1.434,1.4,0.899,5,6122.41,data_drift,2024-09,5842.142409960969
ID0003367,2024-12-21,4,17,34633.0,26,1,1,1.106,1.172,1.8,0.526,1,6717.39,data_drift,2024-12,6682.129238639774
ID0003368,2024-05-15,1,20,3864.0,34,0,2,1.323,1.2,1.8,0.683,30,7654.32,data_drift,2024-05,6875.69980673744
ID0003369,2024-05-10,1,18,3211.0,47,3,2,1.341,1.545,1.4,0.82,7,8077.82,data_drift,2024-05,7228.907024393276
ID0003370,2024-11-03,4,24,14204.0,61,3,2,1.39,1.396,1.0,0.789,12,6906.19,data_drift,2024-11,6701.524747210668
ID0003371,2024-06-19,3,15,8701.0,74,0,2,1.456,1.614,1.8,0.933,4,7577.96,data_drift,2024-06,6779.735441955465
ID0003372,2024-06-11,3,25,10029.0,43,0,2,1.455,1.338,1.4,0.901,2,7156.9,data_drift,2024-06,6248.813073105251
ID0003373,2024-07-14,2,5,28559.0,73,1,2,1.428,1.225,3.2,0.823,23,8285.17,data_drift,2024-07,9498.448558061997
ID0003374,2024-02-24,4,13,47658.0,32,1,2,1.31,1.518,1.4,0.903,24,7193.71,data_drift,2024-02,7309.528523493002
ID0003375,2024-01-01,3,17,4634.0,21,1,2,1.498,1.25,3.2,0.7,11,10910.5,data_drift,2024-01,10181.37262006718
ID0003376,2024-09-10,1,9,10529.0,70,2,2,1.168,1.236,1.4,0.724,2,5618.13,data_drift,2024-09,6246.850541855624
ID0003377,2024-06-09,1,14,26340.0,75,0,2,1.104,1.084,1.2,0.262,0,4589.26,data_drift,2024-06,4933.633789814782
ID0003378,2024-10-07,4,6,15253.0,32,4,2,1.301,1.163,1.8,0.563,30,9085.53,data_drift,2024-10,7690.373708084398
ID0003379,2024-04-28,2,14,15599.0,38,1,1,1.186,1.154,1.2,0.396,0,5162.79,data_drift,2024-04,5267.08811546188
ID0003380,2024-07-04,1,17,3105.0,67,0,1,0.985,1.301,1.4,0.88,16,6806.15,data_drift,2024-07,5552.500025959727
ID0003381,2024-05-17,2,19,10249.0,75,0,2,1.361,1.196,1.2,0.507,5,5084.15,data_drift,2024-05,5405.8405528659005
ID0003382,2024-11-13,4,10,41689.0,19,3,2,1.419,1.653,0.4,0.946,17,7079.46,data_drift,2024-11,6679.102980568259
ID0003383,2024-08-13,2,15,6133.0,46,2,2,1.069,1.542,0.4,0.894,24,5009.07,data_drift,2024-08,5844.427918432272
ID0003384,2024-12-20,4,6,16794.0,56,1,2,1.433,1.009,1.8,0.403,1,6816.63,data_drift,2024-12,6134.803022411765
ID0003385,2024-01-23,4,17,13957.0,56,4,1,1.184,1.274,1.8,0.44,4,6889.55,data_drift,2024-01,7513.28612271236
ID0003386,2024-07-05,2,7,15050.0,18,3,2,1.137,1.432,1.4,0.935,4,7972.92,data_drift,2024-07,7665.097263925037
ID0003387,2024-01-04,2,4,27454.0,65,2,2,1.314,1.243,1.2,0.476,1,5179.29,data_drift,2024-01,5614.502927961663
ID0003388,2024-09-03,0,4,5679.0,59,2,1,1.278,1.294,3.2,0.622,6,10600.02,data_drift,2024-09,9264.131331997134
ID0003389,2024-12-24,2,23,5395.0,47,3,2,1.348,1.059,1.2,0.217,14,5468.5,data_drift,2024-12,6281.495807218122
ID0003390,2024-10-16,2,22,6446.0,59,3,0,0.998,1.053,1.8,0.382,1,6501.78,data_drift,2024-10,6785.41079369368
ID0003391,2024-10-15,3,20,8484.0,54,2,2,1.409,1.363,1.8,0.74,5,6852.14,data_drift,2024-10,7399.868833324214
ID0003392,2024-05-02,3,23,6525.0,54,1,2,1.347,1.448,1.8,0.727,4,7588.76,data_drift,2024-05,7032.261339022534
ID0003393,2024-11-02,3,20,23144.0,64,1,2,1.543,1.284,3.2,0.596,3,11050.27,data_drift,2024-11,9639.7753385014
ID0003394,2024-11-09,2,11,12106.0,73,3,2,1.334,1.282,1.8,0.629,11,7191.59,data_drift,2024-11,7422.432895502778
ID0003395,2024-07-08,1,18,9033.0,48,0,2,1.305,1.75,0.4,0.994,30,4677.15,data_drift,2024-07,5501.89023571696
ID0003396,2024-03-23,1,21,6273.0,37,2,2,1.452,1.182,1.2,0.297,0,6177.51,data_drift,2024-03,5891.010124433756
ID0003397,2024-12-17,4,16,21235.0,77,3,1,0.863,1.464,1.4,0.897,10,6961.41,data_drift,2024-12,6658.817727137677
ID0003398,2024-04-21,0,15,7487.0,32,2,1,0.917,1.093,1.8,0.25,6,6713.24,data_drift,2024-04,6641.622083542576
ID0003399,2024-09-10,4,19,11584.0,29,2,1,1.108,1.387,1.8,0.578,30,7072.73,data_drift,2024-09,7665.884213728359
ID0003400,2024-06-02,3,7,18057.0,68,2,2,1.404,1.055,1.8,0.499,6,6254.67,data_drift,2024-06,6613.946946319282
ID0003401,2024-12-11,3,4,23747.0,62,3,0,0.881,1.376,1.4,0.83,7,6510.28,data_drift,2024-12,6078.997407888587
ID0003402,2024-01-07,2,3,15830.0,38,3,1,1.026,1.319,1.8,0.594,15,7946.29,data_drift,2024-01,7161.248950065194
ID0003403,2024-08-26,1,7,17855.0,68,2,0,0.834,1.446,1.4,0.909,13,6615.47,data_drift,2024-08,5712.879443435471
ID0003404,2024-07-20,2,8,28084.0,44,2,2,1.286,1.246,1.8,0.676,7,6663.1,data_drift,2024-07,7185.453658771319
ID0003405,2024-07-03,3,9,12560.0,73,2,0,1.072,1.212,1.8,0.543,11,6211.02,data_drift,2024-07,6317.92121202381
ID0003406,2024-06-16,4,13,12353.0,35,1,1,1.104,1.62,1.4,0.903,30,6430.62,data_drift,2024-06,6894.511403533595
ID0003407,2024-02-23,1,23,7307.0,55,4,2,1.305,1.288,1.8,0.57,22,9199.42,data_drift,2024-02,8151.117598103696
ID0003408,2024-11-12,0,9,5581.0,64,1,2,1.091,1.265,1.8,0.548,30,5935.46,data_drift,2024-11,6757.369409085562
ID0003409,2024-04-25,4,25,5462.0,68,1,1,1.12,0.946,1.2,0.267,4,5151.22,data_drift,2024-04,4986.838549644701
ID0003410,2024-03-16,3,15,12783.0,62,2,1,0.907,1.779,1.1,0.996,5,7080.55,data_drift,2024-03,5983.315375120426
ID0003411,2024-04-08,4,21,4993.0,51,3,2,1.455,1.583,1.4,0.956,4,8492.03,data_drift,2024-04,7208.675717465837
ID0003412,2024-12-25,1,2,19656.0,28,0,2,1.156,1.642,1.4,0.983,4,6607.99,data_drift,2024-12,5978.732277146554
ID0003413,2024-09-16,0,16,8143.0,36,3,2,0.942,1.461,1.4,0.857,2,7267.1,data_drift,2024-09,7196.761796092425
ID0003414,2024-01-23,2,5,14481.0,35,1,2,1.119,1.686,1.1,0.986,24,6510.81,data_drift,2024-01,6179.734233429546
ID0003415,2024-08-20,2,18,4690.0,23,2,2,1.143,0.856,1.2,0.219,14,6284.19,data_drift,2024-08,6520.501898517287
ID0003416,2024-10-21,2,7,23684.0,53,1,2,1.33,0.897,1.2,0.403,5,5079.47,data_drift,2024-10,4988.151874005797
ID0003417,2024-11-17,3,10,26389.0,38,1,1,1.024,1.608,1.4,0.925,4,6099.81,data_drift,2024-11,6201.196264422222
ID0003418,2024-04-13,2,22,4560.0,34,1,2,1.19,1.51,1.4,0.84,24,7964.74,data_drift,2024-04,7391.191088260516
ID0003419,2024-07-16,2,20,5727.0,33,1,2,1.416,1.69,1.4,0.91,24,7687.51,data_drift,2024-07,7452.712289852298
ID0003420,2024-02-27,4,6,17419.0,61,2,1,1.106,1.417,1.8,0.589,7,6750.68,data_drift,2024-02,6692.61404414615
ID0003421,2024-09-23,2,13,9083.0,61,2,2,1.487,1.317,1.4,0.723,8,6414.8,data_drift,2024-09,6388.113745402023
ID0003422,2024-10-25,2,0,24723.0,24,3,2,1.486,1.461,1.0,0.846,5,7493.94,data_drift,2024-10,6696.844305865225
ID0003423,2024-08-17,2,19,16791.0,75,0,2,1.273,1.029,1.8,0.327,0,5573.21,data_drift,2024-08,6212.2753890260565
ID0003424,2024-10-12,4,3,52715.0,63,1,2,1.292,1.368,1.4,0.959,2,6584.56,data_drift,2024-10,6065.234669351543
ID0003425,2024-05-10,2,14,19665.0,44,0,2,1.54,1.441,3.2,0.592,23,10120.38,data_drift,2024-05,9780.217607035105
ID0003426,2024-12-05,2,12,11290.0,46,2,2,1.365,1.608,1.4,0.955,8,7253.01,data_drift,2024-12,6931.139307946896
ID0003427,2024-09-25,2,13,9416.0,41,0,2,1.194,1.449,1.4,0.702,8,5083.17,data_drift,2024-09,5997.378926985395
ID0003428,2024-08-01,1,16,3619.0,54,2,2,1.308,1.074,1.8,0.518,15,7436.28,data_drift,2024-08,6891.149675558469
ID0003429,2024-03-06,3,24,3222.0,48,2,1,0.852,1.218,1.8,0.905,2,6915.61,data_drift,2024-03,7085.184591841569
ID0003430,2024-09-13,3,25,7042.0,19,1,1,1.141,1.735,1.4,0.936,8,7974.31,data_drift,2024-09,7352.647663515635
ID0003431,2024-11-22,4,25,17087.0,29,2,0,1.083,1.066,1.8,0.453,30,7011.69,data_drift,2024-11,6872.0659292617975
ID0003432,2024-06-15,2,18,5311.0,50,1,1,0.953,1.373,1.4,0.458,30,6331.19,data_drift,2024-06,6296.920316711565
ID0003433,2024-11-13,1,20,6548.0,24,1,2,1.305,1.23,1.8,0.678,1,8470.23,data_drift,2024-11,7723.095190990132
ID0003434,2024-04-25,4,10,27189.0,30,2,2,1.234,1.347,1.4,0.821,16,7078.55,data_drift,2024-04,6952.247016829911
ID0003435,2024-06-12,3,20,9604.0,37,1,2,1.11,1.251,3.2,0.741,16,9722.8,data_drift,2024-06,9831.385565748213
ID0003436,2024-07-28,4,12,7007.0,72,0,2,1.405,1.116,1.8,0.463,30,6046.2,data_drift,2024-07,6191.5096138145855
ID0003437,2024-12-19,1,25,4363.0,77,0,1,0.903,1.703,0.4,0.986,30,4717.29,data_drift,2024-12,4664.078845761047
ID0003438,2024-08-27,3,0,19402.0,23,0,2,1.473,1.274,1.8,0.586,11,6583.01,data_drift,2024-08,7169.281080551906
ID0003439,2024-07-08,2,15,7220.0,63,4,1,1.004,1.525,1.4,0.959,17,8052.31,data_drift,2024-07,7110.966908609494
ID0003440,2024-04-19,4,10,29480.0,24,0,0,0.914,1.112,1.8,0.313,5,6788.89,data_drift,2024-04,6348.183703789365
ID0003441,2024-02-14,3,9,21730.0,46,3,0,1.12,1.093,1.8,0.541,1,6759.53,data_drift,2024-02,6696.900687279778
ID0003442,2024-09-12,3,15,10322.0,66,0,2,1.029,1.56,0.4,0.97,8,4920.92,data_drift,2024-09,4344.252573779674
ID0003443,2024-07-06,3,17,12899.0,73,0,1,0.845,1.469,1.4,0.838,4,5973.03,data_drift,2024-07,5617.423125086426
ID0003444,2024-08-28,4,3,79046.0,55,2,2,1.459,1.569,1.4,0.868,8,6416.35,data_drift,2024-08,6726.51790007746
ID0003445,2024-09-14,3,14,19216.0,20,0,2,1.377,1.321,3.2,0.606,7,8915.43,data_drift,2024-09,10148.209885715212
ID0003446,2024-08-06,3,15,7120.0,66,3,2,1.497,1.54,1.4,0.901,5,6822.59,data_drift,2024-08,6898.524568382457
ID0003447,2024-06-16,4,14,16336.0,41,2,2,1.371,0.976,1.2,0.281,30,5992.23,data_drift,2024-06,5966.863677924607
ID0003448,2024-05-16,4,20,14383.0,51,3,0,1.016,1.442,1.4,0.86,4,6184.15,data_drift,2024-05,6544.138480024833
ID0003449,2024-06-04,1,8,23362.0,51,1,1,0.969,1.615,1.8,0.864,5,7798.03,data_drift,2024-06,6692.514612692114
ID0003450,2024-11-08,3,13,10519.0,21,2,2,1.23,1.201,1.8,0.331,21,7605.72,data_drift,2024-11,8021.775247232246
ID0003451,2024-01-13,3,14,11953.0,75,0,2,1.233,1.666,3.2,0.833,9,9572.96,data_drift,2024-01,9363.372958854246
ID0003452,2024-09-14,2,18,11098.0,18,3,0,0.963,1.455,1.8,0.748,2,8137.62,data_drift,2024-09,8249.44931384594
ID0003453,2024-09-15,2,13,19381.0,59,2,2,1.574,1.496,3.2,0.861,24,9376.49,data_drift,2024-09,10397.285934614907
ID0003454,2024-10-05,3,11,61349.0,74,1,2,1.086,1.179,1.8,0.695,11,6941.14,data_drift,2024-10,6726.308197492497
ID0003455,2024-06-18,2,4,53350.0,64,1,1,0.998,1.225,1.8,0.67,3,5725.06,data_drift,2024-06,6252.07844027532
ID0003456,2024-11-16,2,0,37583.0,39,0,2,1.255,0.914,1.2,0.194,6,4044.38,data_drift,2024-11,4440.104883062673
ID0003457,2024-12-14,1,17,5905.0,36,0,1,1.125,1.308,3.2,0.82,4,9291.98,data_drift,2024-12,8892.75773604679
ID0003458,2024-11-13,3,2,42826.0,49,3,2,1.548,1.444,3.2,0.72,4,11160.96,data_drift,2024-11,10074.727552708926
ID0003459,2024-08-28,4,7,28083.0,64,4,2,1.23,1.73,1.1,0.966,5,6479.6,data_drift,2024-08,6688.303048847496
ID0003460,2024-05-28,2,15,23556.0,30,1,2,1.229,0.914,1.2,0.226,30,5503.1,data_drift,2024-05,5542.91741658588
ID0003461,2024-03-15,3,3,15660.0,38,3,2,1.31,1.64,1.4,0.884,8,7653.33,data_drift,2024-03,6799.56028731703
ID0003462,2024-05-11,1,19,4431.0,47,2,2,1.158,0.995,1.8,0.568,3,7438.05,data_drift,2024-05,7028.625373119608
ID0003463,2024-10-23,1,1,15407.0,32,4,2,1.298,1.773,0.4,0.958,30,5211.13,data_drift,2024-10,5871.421092581809
ID0003464,2024-07-27,2,16,11200.0,29,2,2,1.251,1.274,1.8,0.62,2,8762.04,data_drift,2024-07,7413.091171590679
ID0003465,2024-10-15,1,0,27993.0,43,0,0,0.949,1.45,3.2,0.821,16,6565.52,data_drift,2024-10,8495.18328039074
ID0003466,2024-08-11,4,14,11772.0,65,3,2,1.339,1.141,1.8,0.524,6,7400.87,data_drift,2024-08,7252.411818502188
ID0003467,2024-06-07,4,14,33798.0,51,0,0,0.947,1.373,1.4,0.893,6,5999.65,data_drift,2024-06,5543.770481957203
ID0003468,2024-12-23,1,7,7864.0,78,2,2,1.421,1.396,1.4,0.888,3,6090.12,data_drift,2024-12,6214.66629788676
ID0003469,2024-05-08,2,25,3783.0,65,0,2,1.457,1.516,1.8,0.714,23,7268.36,data_drift,2024-05,7110.794006185743
ID0003470,2024-08-17,2,2,32475.0,60,2,2,1.282,1.302,1.8,0.649,7,6639.7,data_drift,2024-08,6927.483915189878
ID0003471,2024-03-06,1,20,3597.0,51,2,2,1.155,1.304,1.8,0.477,5,6543.9,data_drift,2024-03,7181.509820760749
ID0003472,2024-10-26,4,22,13326.0,34,1,0,1.001,0.947,1.2,0.287,5,4601.66,data_drift,2024-10,4973.338217909647
ID0003473,2024-02-19,2,8,18023.0,32,1,1,1.009,1.255,1.8,0.795,2,7094.05,data_drift,2024-02,6673.328652725737
ID0003474,2024-07-14,2,6,18830.0,33,3,2,1.541,1.56,0.4,0.878,17,6032.23,data_drift,2024-07,5548.9318211129885
ID0003475,2024-03-15,2,8,24539.0,60,4,2,1.133,1.467,1.4,0.85,7,7784.41,data_drift,2024-03,7120.5515630357
ID0003476,2024-10-08,3,2,25868.0,40,0,2,1.14,1.685,0.4,0.927,7,5144.89,data_drift,2024-10,4098.935084822839
ID0003477,2024-06-21,2,1,23782.0,31,0,2,1.294,1.331,1.8,0.679,2,7045.34,data_drift,2024-06,6411.694741242544
ID0003478,2024-09-12,4,12,9065.0,18,0,2,1.326,1.082,1.8,0.694,15,7551.45,data_drift,2024-09,7138.6424380935205
ID0003479,2024-02-27,1,15,6760.0,66,1,0,0.957,1.101,1.8,0.416,5,5683.36,data_drift,2024-02,6025.700203693191
ID0003480,2024-09-22,3,9,40799.0,76,1,2,1.377,1.32,1.4,0.91,6,5350.2,data_drift,2024-09,5927.34564986172
ID0003481,2024-02-12,1,15,8805.0,53,3,2,1.311,1.082,3.2,0.722,11,10357.0,data_drift,2024-02,9798.618647536136
ID0003482,2024-02-09,2,14,5382.0,75,2,1,1.094,1.729,0.4,0.952,9,4490.03,data_drift,2024-02,4957.883645048175
ID0003483,2024-02-27,2,12,20905.0,61,1,2,1.243,1.254,1.8,0.747,6,7439.14,data_drift,2024-02,6844.875278586401
ID0003484,2024-09-27,2,14,14142.0,41,2,1,0.947,1.443,1.4,0.864,6,6017.01,data_drift,2024-09,6389.125827489208
ID0003485,2024-12-24,3,21,10017.0,63,0,2,1.414,1.379,1.8,0.463,1,6679.75,data_drift,2024-12,6605.828119940285
ID0003486,2024-07-19,4,14,18723.0,39,2,0,1.014,1.342,1.8,0.745,5,6957.29,data_drift,2024-07,7066.326835016467
ID0003487,2024-07-22,0,10,6304.0,50,2,1,1.301,1.872,0.4,0.976,7,5285.52,data_drift,2024-07,4856.475009694897
ID0003488,2024-11-09,1,16,12100.0,33,1,2,1.459,1.056,1.8,0.389,3,6138.74,data_drift,2024-11,6681.7126876486445
ID0003489,2024-11-26,2,16,6604.0,23,1,2,1.347,1.631,1.4,0.944,3,7789.32,data_drift,2024-11,7393.6856252911875
ID0003490,2024-07-02,1,11,4489.0,36,4,2,1.381,1.73,1.4,0.955,5,8345.76,data_drift,2024-07,7386.79014694017
ID0003491,2024-08-24,4,22,7896.0,71,0,1,1.104,1.168,1.8,0.836,30,7289.69,data_drift,2024-08,6770.623583447083
ID0003492,2024-06-24,2,20,6261.0,53,4,2,1.211,1.349,1.4,0.845,2,7365.78,data_drift,2024-06,7503.447553563561
ID0003493,2024-03-10,3,0,33517.0,49,3,2,1.499,1.216,1.4,0.821,12,6367.19,data_drift,2024-03,6450.279726013499
ID0003494,2024-01-02,3,2,39309.0,69,1,2,1.22,1.478,1.4,0.944,5,6194.6,data_drift,2024-01,5802.676911967076
ID0003495,2024-06-12,3,14,9608.0,51,2,1,1.31,0.984,1.2,0.453,15,5143.07,data_drift,2024-06,5396.111170646838
ID0003496,2024-03-20,2,9,16750.0,79,0,2,1.214,1.407,0.4,0.765,5,4134.05,data_drift,2024-03,3668.4499253935505
ID0003497,2024-01-26,2,19,9395.0,76,2,2,1.164,1.756,1.1,0.964,14,6245.59,data_drift,2024-01,6655.211044045988
ID0003498,2024-09-15,2,25,3409.0,51,1,0,0.883,1.199,1.8,0.854,3,6741.18,data_drift,2024-09,6478.518301355578
ID0003499,2024-09-26,4,22,9794.0,69,1,2,1.561,1.392,1.4,0.878,12,6749.57,data_drift,2024-09,6488.169520293071
ID0003500,2024-08-15,1,15,2500.0,39,1,2,1.382,1.175,1.8,0.539,6,6818.68,data_drift,2024-08,6660.963055725922
ID0003501,2024-03-23,2,20,9684.0,43,3,2,1.357,1.434,1.0,0.697,12,7257.3,data_drift,2024-03,6523.2280011535295
ID0003502,2024-04-28,3,20,16322.0,54,1,2,1.34,1.583,0.4,0.967,10,5878.5,data_drift,2024-04,5251.086211262642
ID0003503,2024-09-07,4,25,13652.0,78,2,2,1.294,1.256,1.4,0.663,2,6460.12,data_drift,2024-09,6437.684188138428
ID0003504,2024-10-05,3,12,17668.0,29,1,2,1.393,1.529,1.4,0.762,2,6996.77,data_drift,2024-10,6798.15269461374
ID0003505,2024-03-04,1,5,20899.0,27,3,1,1.024,0.989,1.2,0.226,14,5244.61,data_drift,2024-03,5674.677654800014
ID0003506,2024-01-06,1,14,6693.0,25,0,2,1.369,1.377,1.4,0.868,2,7180.18,data_drift,2024-01,6280.047000800335
ID0003507,2024-08-15,1,16,10303.0,38,2,2,1.423,1.111,1.8,0.584,2,7664.35,data_drift,2024-08,7151.272270821395
ID0003508,2024-06-21,2,0,79899.0,18,3,2,1.226,1.527,1.8,0.931,24,9081.59,data_drift,2024-06,8917.464316656264
ID0003509,2024-02-26,0,4,23307.0,47,2,2,1.216,1.456,1.4,0.825,23,7370.88,data_drift,2024-02,6680.585584346441
ID0003510,2024-03-27,0,25,4036.0,42,1,2,1.662,1.041,1.2,0.35,0,5068.13,data_drift,2024-03,5123.422885783814
ID0003511,2024-07-27,1,1,16127.0,49,3,2,1.339,1.09,1.8,0.525,1,6687.34,data_drift,2024-07,6959.660662805536
ID0003512,2024-07-28,1,5,22481.0,44,3,2,1.239,1.453,1.8,0.833,4,7618.92,data_drift,2024-07,7370.353679458686
ID0003513,2024-01-23,4,4,13046.0,28,1,1,0.948,1.24,1.8,0.792,16,6165.69,data_drift,2024-01,6543.81666202837
ID0003514,2024-10-23,1,10,17586.0,55,4,1,1.078,0.917,1.2,0.376,21,6186.19,data_drift,2024-10,6064.0017813990735
ID0003515,2024-11-16,2,17,13933.0,31,2,2,1.471,1.155,1.2,0.705,8,7298.63,data_drift,2024-11,6331.752931838185
ID0003516,2024-10-15,1,16,10775.0,35,2,2,1.35,1.072,1.8,0.401,8,7289.67,data_drift,2024-10,7057.239800670244
ID0003517,2024-02-08,3,8,19232.0,46,3,2,1.27,1.066,1.8,0.824,2,8068.86,data_drift,2024-02,7210.466044753822
ID0003518,2024-11-22,2,1,44797.0,30,3,2,1.636,1.552,0.4,0.921,3,5216.85,data_drift,2024-11,5204.481778758405
ID0003519,2024-10-23,2,12,5831.0,52,0,2,1.311,1.29,1.8,0.47,2,6719.57,data_drift,2024-10,6301.507714178045
ID0003520,2024-02-25,3,13,8025.0,60,4,1,0.941,1.165,1.8,0.595,3,6790.63,data_drift,2024-02,7324.1753425440465
ID0003521,2024-08-16,2,25,11106.0,30,3,2,1.302,1.373,1.4,0.828,6,7243.62,data_drift,2024-08,7472.36260726465
ID0003522,2024-06-03,3,8,18639.0,31,2,1,1.242,1.162,1.8,0.341,21,6495.59,data_drift,2024-06,6658.624943188677
ID0003523,2024-01-19,2,18,10466.0,26,0,2,1.1,1.379,1.8,0.65,6,7203.83,data_drift,2024-01,7127.983043610142
ID0003524,2024-03-12,3,9,17453.0,35,3,2,1.424,1.168,1.2,0.325,3,6596.94,data_drift,2024-03,6141.60777118003
ID0003525,2024-03-02,2,10,18166.0,77,3,2,1.542,1.345,1.4,0.805,7,7657.53,data_drift,2024-03,6939.667581465343
ID0003526,2024-08-05,2,9,26779.0,72,3,0,1.128,1.232,1.8,0.657,7,5288.76,data_drift,2024-08,6920.314004709697
ID0003527,2024-12-19,1,15,5191.0,59,3,2,1.45,1.735,1.1,0.996,14,6862.24,data_drift,2024-12,7188.420367339827
ID0003528,2024-02-15,2,20,6050.0,77,1,2,1.479,1.189,1.8,0.401,3,6581.47,data_drift,2024-02,6388.395719083937
ID0003529,2024-06-03,3,19,12469.0,22,2,2,1.135,1.071,1.8,0.426,22,8488.64,data_drift,2024-06,7933.698589157242
ID0003530,2024-06-22,4,9,71245.0,46,0,1,1.088,1.317,1.8,0.735,8,6967.86,data_drift,2024-06,6509.851466131679
ID0003531,2024-06-19,3,16,7510.0,58,1,2,1.301,1.237,1.8,0.484,11,6566.59,data_drift,2024-06,6848.903125075634
ID0003532,2024-09-26,3,24,9624.0,61,1,2,1.254,1.143,1.8,0.393,2,5901.08,data_drift,2024-09,6566.597499285521
ID0003533,2024-05-03,2,13,4816.0,61,2,1,1.027,1.537,3.2,0.926,17,10995.23,data_drift,2024-05,9565.379268349227
ID0003534,2024-11-21,1,9,4221.0,37,0,1,1.039,0.965,1.2,0.332,2,4750.34,data_drift,2024-11,4616.1512181437365
ID0003535,2024-07-17,1,4,15618.0,44,0,1,0.862,1.107,1.2,0.3,30,5364.19,data_drift,2024-07,4772.3587491052485
ID0003536,2024-06-19,4,17,10101.0,24,0,2,1.31,1.304,1.8,0.743,30,7425.85,data_drift,2024-06,8085.724638270189
ID0003537,2024-10-06,4,19,27067.0,35,1,2,1.312,1.38,3.2,0.586,16,8525.09,data_drift,2024-10,10465.880646921898
ID0003538,2024-07-13,2,5,31278.0,44,3,0,1.059,1.791,1.1,0.945,9,6717.29,data_drift,2024-07,5872.400664076078
ID0003539,2024-05-09,1,19,8943.0,61,1,0,1.119,1.432,3.2,0.784,8,9245.56,data_drift,2024-05,9583.411746316066
ID0003540,2024-08-27,2,2,64714.0,68,3,2,1.454,1.286,1.0,0.814,2,5268.72,data_drift,2024-08,6122.602782939186
ID0003541,2024-01-02,3,11,16065.0,79,2,2,1.384,1.387,1.8,0.632,12,7494.38,data_drift,2024-01,7159.6147388734325
ID0003542,2024-07-15,3,25,4461.0,75,2,1,1.032,1.054,1.2,0.523,22,4797.33,data_drift,2024-07,5723.084489952382
ID0003543,2024-05-17,2,19,8392.0,36,0,2,1.229,1.399,1.4,0.85,23,6603.76,data_drift,2024-05,6770.377083475286
ID0003544,2024-04-07,2,9,34616.0,63,2,1,1.146,1.411,0.4,0.842,23,4837.88,data_drift,2024-04,4544.598496797143
ID0003545,2024-02-01,2,21,7827.0,40,3,2,1.206,1.759,1.1,0.914,6,6560.36,data_drift,2024-02,7144.094201248449
ID0003546,2024-11-26,2,15,16097.0,38,2,2,1.557,1.276,1.8,0.645,22,7214.14,data_drift,2024-11,7544.804509634975
ID0003547,2024-12-20,4,16,11134.0,74,1,2,1.201,1.649,0.4,0.973,4,4990.74,data_drift,2024-12,4933.081305203265
ID0003548,2024-08-18,1,15,9881.0,65,1,2,1.406,1.107,1.8,0.583,11,6783.36,data_drift,2024-08,6700.809871703727
ID0003549,2024-04-07,1,9,6643.0,40,4,2,1.234,1.486,1.4,0.954,6,7538.41,data_drift,2024-04,7227.434652020827
ID0003550,2024-07-10,1,22,7858.0,37,3,2,1.128,1.281,1.8,0.624,4,6814.62,data_drift,2024-07,7735.350753233884
ID0003551,2024-03-17,4,20,9575.0,79,2,2,1.138,1.157,1.8,0.384,10,7567.53,data_drift,2024-03,6818.230667647955
ID0003552,2024-05-06,1,6,16188.0,26,2,1,1.165,1.58,1.4,0.922,30,8009.98,data_drift,2024-05,6901.633063722989
ID0003553,2024-10-20,3,10,12931.0,29,4,2,1.398,1.529,1.4,0.958,8,6672.68,data_drift,2024-10,7493.220578033572
ID0003554,2024-11-22,2,8,11443.0,45,0,2,1.457,1.671,0.4,0.973,3,4595.19,data_drift,2024-11,4321.76877441748
ID0003555,2024-09-02,2,10,13415.0,55,1,2,1.182,1.556,1.4,0.965,7,6725.22,data_drift,2024-09,6122.009474175803
ID0003556,2024-03-06,1,4,9940.0,47,1,2,1.355,1.379,1.4,0.671,2,6676.71,data_drift,2024-03,6051.466939222668
ID0003557,2024-09-05,1,14,26994.0,59,2,2,1.29,1.25,3.2,0.666,5,9948.82,data_drift,2024-09,9878.282518609733
ID0003558,2024-06-04,2,15,14496.0,69,1,0,0.862,1.488,1.4,0.895,6,7120.09,data_drift,2024-06,5740.471370448047
ID0003559,2024-01-21,3,9,13486.0,43,2,2,1.426,1.582,1.4,0.947,7,7475.12,data_drift,2024-01,6747.35964680206
ID0003560,2024-02-07,3,25,2569.0,28,3,2,1.218,1.524,1.4,0.904,4,8709.65,data_drift,2024-02,7356.293022114352
ID0003561,2024-05-19,1,0,24304.0,70,2,2,1.288,1.09,1.8,0.628,4,5975.62,data_drift,2024-05,6555.036342444893
ID0003562,2024-12-02,4,25,4945.0,59,0,2,1.284,1.634,0.4,0.964,3,5158.37,data_drift,2024-12,4412.491036475474
ID0003563,2024-03-07,3,7,27600.0,71,3,0,0.995,1.199,1.0,0.461,1,4873.33,data_drift,2024-03,5125.633396299005
ID0003564,2024-07-28,3,6,35056.0,30,1,2,1.401,1.131,1.8,0.32,3,7551.77,data_drift,2024-07,6423.33810725948
ID0003565,2024-09-19,2,3,10114.0,66,3,2,1.376,1.026,1.8,0.444,7,6397.64,data_drift,2024-09,6875.470016928914
ID0003566,2024-05-11,2,13,4732.0,47,1,2,1.049,1.576,1.4,0.95,3,7032.09,data_drift,2024-05,6584.251775218745
ID0003567,2024-04-20,3,6,18301.0,18,3,2,1.564,1.619,1.4,0.789,10,7491.62,data_drift,2024-04,8157.957764717049
ID0003568,2024-11-20,1,12,9467.0,28,1,2,1.286,1.628,0.4,0.966,9,5070.34,data_drift,2024-11,5297.150448865036
ID0003569,2024-10-06,4,9,13998.0,34,1,0,1.021,1.183,1.4,0.665,11,5426.2,data_drift,2024-10,5577.339588765832
ID0003570,2024-12-02,3,20,10887.0,64,1,2,1.166,1.484,1.4,0.85,4,6790.21,data_drift,2024-12,6535.310708994489
ID0003571,2024-08-09,4,18,21867.0,77,2,1,1.238,1.141,1.8,0.53,5,6600.84,data_drift,2024-08,6536.320822283422
ID0003572,2024-01-09,3,25,6713.0,23,2,1,1.03,1.236,1.8,0.695,4,7394.4,data_drift,2024-01,8021.381690760537
ID0003573,2024-12-25,3,5,17602.0,56,1,2,1.512,1.852,1.1,0.983,25,5975.34,data_drift,2024-12,6085.99853486083
ID0003574,2024-08-07,1,17,5975.0,24,1,2,1.293,1.405,1.4,0.933,23,8145.72,data_drift,2024-08,7779.778394608711
ID0003575,2024-03-08,1,18,5023.0,60,3,1,1.059,0.85,1.2,0.224,2,5647.88,data_drift,2024-03,5506.41118676138
ID0003576,2024-07-12,4,20,22064.0,46,0,1,1.145,1.143,1.8,0.865,2,6567.53,data_drift,2024-07,6556.0059969265885
ID0003577,2024-03-21,4,16,29219.0,67,2,1,1.213,1.241,3.2,0.571,30,9790.52,data_drift,2024-03,9934.27767949361
ID0003578,2024-12-11,2,25,3013.0,34,1,2,1.179,1.382,1.4,0.803,16,6663.09,data_drift,2024-12,6895.176827634856
ID0003579,2024-04-05,1,11,5363.0,34,4,0,1.02,1.672,1.4,0.863,8,6824.22,data_drift,2024-04,7159.9056489548575
ID0003580,2024-06-25,1,16,13668.0,47,3,1,0.921,1.328,1.8,0.533,1,7859.13,data_drift,2024-06,7256.630424888203
ID0003581,2024-10-09,4,14,23482.0,55,1,2,1.271,1.283,3.2,0.626,4,8113.47,data_drift,2024-10,9749.139145899366
ID0003582,2024-05-13,0,1,10297.0,18,0,2,1.255,1.239,1.8,0.669,2,7058.47,data_drift,2024-05,6998.886260819197
ID0003583,2024-03-26,3,19,9089.0,66,0,2,1.188,1.716,1.4,0.943,9,6828.69,data_drift,2024-03,6434.333382935017
ID0003584,2024-05-03,1,6,10676.0,43,1,2,1.401,1.116,1.8,0.54,5,6569.63,data_drift,2024-05,6494.698281625668
ID0003585,2024-11-27,3,17,14674.0,67,3,2,1.086,1.203,1.8,0.584,4,7818.24,data_drift,2024-11,7270.809655408203
ID0003586,2024-08-27,2,7,41790.0,36,4,2,1.252,1.352,3.2,0.624,9,10093.25,data_drift,2024-08,10736.97424566449
ID0003587,2024-08-02,2,1,38054.0,38,2,2,1.023,1.251,1.8,0.607,2,6901.75,data_drift,2024-08,6917.4378278786935
ID0003588,2024-10-02,4,8,34155.0,23,2,2,1.381,1.217,1.8,0.676,2,7893.11,data_drift,2024-10,7915.979013806638
ID0003589,2024-10-23,4,20,11127.0,45,1,1,1.183,1.524,1.4,0.735,8,5723.95,data_drift,2024-10,6314.642603719144
ID0003590,2024-09-28,3,14,9562.0,60,3,0,0.958,1.362,1.8,0.829,16,7541.29,data_drift,2024-09,7400.3850109982395
ID0003591,2024-05-10,4,14,15485.0,32,2,2,1.281,0.859,1.2,0.477,4,5389.31,data_drift,2024-05,5672.505713830339
ID0003592,2024-10-23,3,12,15099.0,40,2,2,1.443,1.417,3.2,0.901,12,10975.47,data_drift,2024-10,10055.88815414389
ID0003593,2024-06-12,3,0,65579.0,58,1,1,1.012,1.268,1.8,0.391,15,6193.84,data_drift,2024-06,6041.429886724955
ID0003594,2024-11-21,3,5,8575.0,37,1,2,1.391,1.232,1.8,0.783,12,6906.51,data_drift,2024-11,6833.315035226842
ID0003595,2024-04-20,2,18,7073.0,70,1,1,1.028,1.558,1.4,0.916,24,6470.59,data_drift,2024-04,6978.654607964168
ID0003596,2024-02-10,2,20,8070.0,45,3,2,1.158,1.432,1.4,0.905,16,8066.43,data_drift,2024-02,7287.942283886534
ID0003597,2024-05-23,3,0,15093.0,68,1,2,1.11,1.232,1.4,0.713,6,5893.34,data_drift,2024-05,5755.362038780067
ID0003598,2024-06-27,3,12,23162.0,43,1,2,1.459,1.433,3.2,0.741,6,8788.12,data_drift,2024-06,9975.138367658437
ID0003599,2024-02-12,3,6,19008.0,61,2,1,0.842,1.222,1.0,0.477,3,4976.84,data_drift,2024-02,5010.069318920731
ID0003600,2024-08-02,2,9,25774.0,56,1,1,1.212,1.204,3.2,0.732,7,10681.52,data_drift,2024-08,9131.27482850165
ID0003601,2024-08-14,1,9,21782.0,55,2,1,1.021,1.601,1.4,0.951,17,7410.43,data_drift,2024-08,6422.1295141268965
ID0003602,2024-03-07,2,10,16881.0,26,3,1,1.08,1.298,1.8,0.674,2,6849.41,data_drift,2024-03,7380.347120568796
ID0003603,2024-07-20,1,8,15706.0,33,2,2,1.329,1.275,1.8,0.77,9,7383.1,data_drift,2024-07,7301.076743060024
ID0003604,2024-11-22,3,18,34574.0,33,3,2,1.29,1.337,1.8,0.482,22,7976.75,data_drift,2024-11,7853.217343507584
ID0003605,2024-03-05,3,1,27503.0,27,1,2,1.205,0.85,1.2,0.218,1,4740.76,data_drift,2024-03,4897.084297595643
ID0003606,2024-08-13,2,4,33670.0,28,1,1,1.082,1.34,1.8,0.55,4,6140.83,data_drift,2024-08,6452.00646318976
ID0003607,2024-09-18,2,25,3330.0,66,0,2,1.315,1.132,1.8,0.451,11,5728.67,data_drift,2024-09,6228.974709657686
ID0003608,2024-04-12,4,12,13142.0,39,1,1,0.919,1.353,1.4,0.533,22,6108.4,data_drift,2024-04,6059.576568776304
ID0003609,2024-07-18,1,13,12582.0,67,1,2,1.137,1.42,1.0,0.916,8,5112.6,data_drift,2024-07,5455.1024121093105
ID0003610,2024-07-20,3,23,8044.0,26,1,2,1.205,1.403,1.4,0.879,5,6773.96,data_drift,2024-07,6704.252654570425
ID0003611,2024-01-27,4,15,27261.0,77,1,2,1.291,1.226,1.8,0.486,15,7562.9,data_drift,2024-01,6819.879443740968
ID0003612,2024-08-23,1,25,2500.0,64,1,2,1.412,1.547,1.4,0.854,10,6632.96,data_drift,2024-08,6298.02068629869
ID0003613,2024-05-08,3,11,20966.0,35,0,2,1.514,1.411,1.8,0.616,30,7090.36,data_drift,2024-05,6955.33163620409
ID0003614,2024-02-11,2,11,16158.0,32,0,0,0.964,1.574,0.4,0.899,9,3876.53,data_drift,2024-02,3798.1407442750283
ID0003615,2024-05-03,2,7,15233.0,55,1,2,1.098,1.661,1.4,0.891,24,5557.84,data_drift,2024-05,6609.966748164097
ID0003616,2024-08-21,1,14,4626.0,48,1,2,1.318,1.647,1.4,0.978,4,6799.36,data_drift,2024-08,6688.288975366645
ID0003617,2024-09-11,4,5,34384.0,43,0,1,1.006,1.087,1.8,0.441,2,4949.94,data_drift,2024-09,5838.564720042249
ID0003618,2024-12-18,2,24,3849.0,19,1,1,1.063,1.297,1.0,0.878,2,7231.82,data_drift,2024-12,6323.152121109689
ID0003619,2024-06-07,4,18,27297.0,79,2,2,1.526,1.336,1.8,0.583,15,6682.38,data_drift,2024-06,7184.964769406948
ID0003620,2024-04-01,4,5,24562.0,19,4,2,1.445,1.417,1.4,0.721,2,7455.39,data_drift,2024-04,8157.116026078543
ID0003621,2024-01-23,3,16,8081.0,46,2,1,1.164,1.471,1.4,0.828,2,6200.25,data_drift,2024-01,6487.747187065386
ID0003622,2024-10-28,4,10,92637.0,64,2,2,1.444,1.657,1.1,0.971,17,7338.57,data_drift,2024-10,6367.584256854241
ID0003623,2024-05-26,2,6,22068.0,67,2,2,1.249,1.276,1.4,0.841,7,6683.0,data_drift,2024-05,6281.493528879621
ID0003624,2024-12-24,2,0,17589.0,36,4,2,1.388,1.664,1.4,0.888,17,7884.91,data_drift,2024-12,7228.981188304784
ID0003625,2024-10-21,2,16,6283.0,58,0,2,1.459,1.187,1.8,0.746,5,7189.03,data_drift,2024-10,6586.243460022804
ID0003626,2024-05-25,3,13,28101.0,28,3,2,1.488,1.315,3.2,0.522,3,10681.98,data_drift,2024-05,10115.426072322025
ID0003627,2024-02-26,1,20,5195.0,69,0,2,1.412,1.182,1.8,0.585,30,6650.27,data_drift,2024-02,6654.372482385883
ID0003628,2024-05-25,3,7,20743.0,18,1,2,1.196,1.347,1.4,0.787,5,7311.58,data_drift,2024-05,7110.47287276568
ID0003629,2024-11-19,3,8,14709.0,71,0,1,0.925,1.741,0.4,0.948,24,4549.71,data_drift,2024-11,3977.2954683664498
ID0003630,2024-09-24,2,0,22365.0,63,0,2,1.133,1.232,1.0,0.722,22,4394.92,data_drift,2024-09,4822.623524291973
ID0003631,2024-10-04,1,12,21564.0,37,2,2,1.301,1.314,1.4,0.478,15,6081.19,data_drift,2024-10,6684.295017543832
ID0003632,2024-12-19,2,9,16400.0,64,1,2,1.572,1.114,1.8,0.57,6,6453.67,data_drift,2024-12,6327.092894950331
ID0003633,2024-06-14,1,11,20762.0,22,2,2,1.197,1.56,1.8,0.773,8,9447.65,data_drift,2024-06,8459.66819546633
ID0003634,2024-09-09,2,17,11946.0,36,0,2,1.449,1.501,1.4,0.71,23,6482.14,data_drift,2024-09,6645.508145604157
ID0003635,2024-07-09,1,11,13718.0,28,0,2,1.326,1.603,1.0,0.901,13,5416.44,data_drift,2024-07,5691.526713291478
ID0003636,2024-06-02,4,8,87456.0,73,3,2,1.419,1.552,1.4,0.904,24,6945.13,data_drift,2024-06,7179.127317295653
ID0003637,2024-12-01,2,15,12394.0,31,3,2,1.41,1.364,1.4,0.817,9,7619.89,data_drift,2024-12,7581.480059322521
ID0003638,2024-02-08,3,14,12773.0,58,4,1,0.922,1.229,1.8,0.817,3,7795.18,data_drift,2024-02,7716.535027673228
ID0003639,2024-10-16,2,22,7627.0,44,0,2,1.282,1.285,1.8,0.611,11,7241.43,data_drift,2024-10,6816.896628908831
ID0003640,2024-07-18,2,25,10792.0,56,1,0,0.963,1.31,1.0,0.643,2,5283.45,data_drift,2024-07,5245.3132220254
ID0003641,2024-01-06,4,23,9011.0,29,0,2,1.533,1.331,1.4,0.65,7,6259.0,data_drift,2024-01,6308.143744288911
ID0003642,2024-10-20,1,10,10810.0,60,3,2,1.244,1.012,1.8,0.486,5,6930.41,data_drift,2024-10,7116.4432331693215
ID0003643,2024-07-04,1,9,9020.0,55,2,2,1.385,1.364,1.4,0.839,30,7288.16,data_drift,2024-07,7290.110958218367
ID0003644,2024-08-24,2,10,22260.0,41,1,2,1.19,1.345,1.4,0.774,16,6391.01,data_drift,2024-08,6543.957555020988
ID0003645,2024-02-01,3,7,21774.0,19,3,1,1.09,1.402,1.8,0.723,23,8191.95,data_drift,2024-02,8517.447852895833
ID0003646,2024-12-26,3,22,4212.0,79,2,2,1.455,1.492,0.4,0.89,8,4839.59,data_drift,2024-12,4864.612662315502
ID0003647,2024-11-24,2,11,13744.0,27,1,2,1.643,1.144,1.8,0.361,2,8041.63,data_drift,2024-11,6446.753731964105
ID0003648,2024-03-25,1,24,2633.0,78,1,1,0.993,1.529,1.4,0.946,17,6831.06,data_drift,2024-03,5948.87298772785
ID0003649,2024-02-11,3,17,4851.0,41,3,2,1.188,1.433,1.0,0.931,17,7156.83,data_drift,2024-02,6579.870033577872
ID0003650,2024-01-04,3,4,18569.0,21,3,2,1.243,1.77,0.4,0.984,14,6231.94,data_drift,2024-01,6016.073704253302
ID0003651,2024-09-19,4,10,36170.0,35,1,0,0.879,1.416,1.0,0.732,9,5101.53,data_drift,2024-09,4940.996846123436
ID0003652,2024-12-22,1,17,5093.0,74,1,1,0.988,1.338,3.2,0.628,22,9127.92,data_drift,2024-12,9684.237930023988
ID0003653,2024-04-27,4,17,15005.0,56,0,2,1.17,1.413,3.2,0.909,2,9764.86,data_drift,2024-04,9149.443708114053
ID0003654,2024-05-24,4,15,23249.0,79,2,0,0.886,1.485,1.4,0.923,30,5975.0,data_drift,2024-05,6510.5557695449825
ID0003655,2024-07-08,1,20,2705.0,40,0,2,1.283,1.2,1.8,0.801,5,7214.85,data_drift,2024-07,6853.777650500842
ID0003656,2024-10-19,2,11,24418.0,77,1,2,1.262,1.149,1.8,0.661,30,7101.13,data_drift,2024-10,6722.981664334075
ID0003657,2024-07-10,2,18,7366.0,49,1,2,1.514,1.604,0.4,0.911,6,4581.19,data_drift,2024-07,5099.913841726429
ID0003658,2024-07-12,4,6,51728.0,54,1,2,1.313,1.695,1.4,0.93,7,6934.19,data_drift,2024-07,6455.266569011982
ID0003659,2024-05-15,0,24,4756.0,18,4,2,1.134,1.776,1.1,0.987,4,8897.12,data_drift,2024-05,8086.281788101373
ID0003660,2024-05-09,2,23,3254.0,76,2,2,1.29,1.531,1.4,0.954,24,7993.54,data_drift,2024-05,7507.825580469467
ID0003661,2024-09-21,2,16,9753.0,55,1,2,1.148,1.203,1.8,0.308,4,6555.63,data_drift,2024-09,6647.990754183329
ID0003662,2024-06-03,1,3,21314.0,77,3,2,1.019,1.344,1.8,0.754,5,6765.12,data_drift,2024-06,7270.220913217587
ID0003663,2024-05-11,2,13,19564.0,18,1,1,1.078,1.172,1.8,0.74,3,7398.77,data_drift,2024-05,7280.356605089482
ID0003664,2024-04-28,4,13,24531.0,39,2,1,1.165,1.66,1.1,0.936,3,6195.12,data_drift,2024-04,6116.2859199461045
ID0003665,2024-01-04,2,7,21838.0,79,4,2,1.3,1.333,1.8,0.634,5,8496.16,data_drift,2024-01,7725.44059224227
ID0003666,2024-09-27,1,1,32146.0,31,2,2,1.307,1.509,1.4,0.93,8,7868.21,data_drift,2024-09,6456.633821895441
ID0003667,2024-08-01,2,7,25580.0,46,1,2,1.245,1.439,1.4,0.847,3,5577.05,data_drift,2024-08,6120.453090557927
ID0003668,2024-12-02,2,14,7031.0,66,4,2,1.314,1.395,3.2,0.551,1,11104.65,data_drift,2024-12,10757.32176610557
ID0003669,2024-10-23,3,3,21053.0,79,0,0,1.089,1.55,1.4,0.797,30,5513.56,data_drift,2024-10,5197.641847053432
ID0003670,2024-06-19,2,12,14754.0,65,2,2,1.385,1.097,1.8,0.397,3,6745.09,data_drift,2024-06,6646.493563572742
ID0003671,2024-06-18,4,12,21040.0,73,2,1,0.952,1.15,1.8,0.341,3,6233.3,data_drift,2024-06,6326.432274260759
ID0003672,2024-07-20,2,25,5623.0,29,2,1,1.113,1.431,1.8,0.852,30,8665.18,data_drift,2024-07,7993.993991011164
ID0003673,2024-04-13,2,10,20793.0,62,1,1,1.117,1.198,1.2,0.548,3,5333.15,data_drift,2024-04,5282.997196958499
ID0003674,2024-04-24,2,11,19215.0,39,4,1,1.105,1.579,1.8,0.897,3,8201.68,data_drift,2024-04,7826.07301378522
ID0003675,2024-05-12,3,14,11927.0,57,2,2,1.359,1.365,1.4,0.711,9,6678.68,data_drift,2024-05,6694.801701251103
ID0003676,2024-07-10,1,18,5025.0,48,2,2,1.493,1.216,1.8,0.616,3,8154.67,data_drift,2024-07,7114.4331187493635
ID0003677,2024-06-10,2,25,5519.0,70,2,0,0.971,1.781,1.1,0.993,7,6877.47,data_drift,2024-06,5914.947515535977
ID0003678,2024-09-24,2,25,9291.0,72,2,2,1.348,1.472,1.4,0.911,7,6394.32,data_drift,2024-09,6917.202040381396
ID0003679,2024-08-01,3,4,27746.0,31,3,1,0.917,1.439,0.4,0.983,5,5377.22,data_drift,2024-08,4678.884766030745
ID0003680,2024-04-23,4,8,43796.0,50,2,1,0.904,1.41,1.4,0.771,30,6216.16,data_drift,2024-04,6581.329219333191
ID0003681,2024-08-25,2,2,22387.0,79,3,2,1.563,1.366,1.8,0.784,12,6910.85,data_drift,2024-08,7353.411676685563
ID0003682,2024-05-07,1,23,11034.0,51,4,1,0.996,1.507,1.4,0.942,7,8123.72,data_drift,2024-05,7066.790718653074
ID0003683,2024-05-27,2,21,12215.0,49,1,2,1.395,1.157,1.8,0.637,22,7505.54,data_drift,2024-05,7104.158519241144
ID0003684,2024-11-23,2,0,32113.0,45,2,1,1.097,1.329,3.2,0.724,7,9614.71,data_drift,2024-11,9316.280482952128
ID0003685,2024-09-05,3,17,9143.0,45,1,1,1.022,1.224,1.8,0.674,15,6746.68,data_drift,2024-09,6857.467431919264
ID0003686,2024-02-20,3,4,14888.0,52,2,2,1.317,1.074,1.8,0.544,6,6429.79,data_drift,2024-02,6661.853853214826
ID0003687,2024-09-25,3,11,13727.0,54,0,0,0.943,1.29,1.8,0.503,22,6764.07,data_drift,2024-09,5987.155312234181
ID0003688,2024-11-17,3,7,45667.0,65,3,2,1.395,1.046,1.2,0.722,2,6070.79,data_drift,2024-11,6035.2736551731605
ID0003689,2024-05-13,3,14,18674.0,32,1,1,1.182,1.557,0.4,0.95,9,4963.96,data_drift,2024-05,4863.004573184175
ID0003690,2024-04-26,3,6,15312.0,75,1,2,1.071,1.508,1.4,0.628,23,6376.99,data_drift,2024-04,6230.681691605143
ID0003691,2024-11-19,2,14,8232.0,64,2,0,0.955,1.248,1.8,0.759,16,6368.5,data_drift,2024-11,6737.685859079971
ID0003692,2024-01-11,1,11,6733.0,31,1,1,1.15,1.312,1.8,0.798,7,7361.4,data_drift,2024-01,6830.872461256082
ID0003693,2024-01-04,2,7,12528.0,36,3,2,1.308,1.27,1.8,0.502,2,7402.9,data_drift,2024-01,7308.073272140191
ID0003694,2024-07-23,0,23,4915.0,36,1,1,0.997,1.402,1.4,0.646,30,6080.91,data_drift,2024-07,6631.7245803702535
ID0003695,2024-05-04,3,0,51094.0,32,2,1,1.041,0.989,1.8,0.365,30,6373.37,data_drift,2024-05,6504.512393759661
ID0003696,2024-05-16,3,25,3372.0,26,2,2,1.479,1.319,1.8,0.723,16,7842.82,data_drift,2024-05,7358.807210663016
ID0003697,2024-01-14,3,12,22997.0,48,0,2,1.387,1.032,1.8,0.603,5,6345.91,data_drift,2024-01,6396.580596881511
ID0003698,2024-09-28,2,25,10766.0,44,2,2,1.523,1.303,1.8,0.815,6,7403.3,data_drift,2024-09,7516.167153430296
ID0003699,2024-10-20,1,14,7927.0,74,2,1,1.02,1.33,1.8,0.805,9,6810.72,data_drift,2024-10,7084.9405861619825
ID0003700,2024-07-02,0,21,6300.0,49,1,1,0.96,1.14,1.2,0.421,22,5933.27,data_drift,2024-07,5568.510583637436
ID0003701,2024-08-16,3,19,10453.0,34,1,1,1.044,1.101,1.8,0.473,1,6458.41,data_drift,2024-08,6481.964163136066
ID0003702,2024-08-13,0,12,7604.0,53,2,2,1.309,1.295,3.2,0.761,2,9659.17,data_drift,2024-08,9560.930978257684
ID0003703,2024-02-22,3,15,15415.0,61,3,0,0.905,1.553,1.4,0.795,13,6721.34,data_drift,2024-02,6460.178045487618
ID0003704,2024-07-28,0,20,5195.0,62,0,2,1.271,1.342,1.0,0.503,6,5597.25,data_drift,2024-07,5354.011988731747
ID0003705,2024-09-03,2,7,23847.0,38,1,2,1.551,1.485,1.8,0.893,10,8487.23,data_drift,2024-09,6918.965782337869
ID0003706,2024-05-16,2,1,19150.0,62,1,1,1.041,1.367,1.0,0.87,16,4710.95,data_drift,2024-05,4779.325576212347
ID0003707,2024-01-11,3,9,12290.0,29,2,1,1.103,1.121,1.2,0.57,22,6422.51,data_drift,2024-01,5792.222259709146
ID0003708,2024-08-04,4,0,81972.0,26,2,2,1.244,1.298,1.8,0.399,5,7047.27,data_drift,2024-08,6772.154129309286
ID0003709,2024-10-15,4,4,43201.0,38,1,2,0.994,1.445,1.4,0.771,9,6615.51,data_drift,2024-10,6189.807213783331
ID0003710,2024-09-25,3,24,4595.0,35,4,2,1.23,1.21,1.2,0.422,22,7283.95,data_drift,2024-09,7095.7566721022395
ID0003711,2024-07-26,1,4,16711.0,22,4,2,1.154,1.293,1.8,0.666,5,7743.3,data_drift,2024-07,8692.939515785061
ID0003712,2024-09-21,2,18,16263.0,66,1,2,1.188,1.321,1.8,0.686,2,7389.23,data_drift,2024-09,6860.884719484521
ID0003713,2024-05-20,3,20,5341.0,78,1,2,1.419,1.075,1.8,0.422,11,6616.05,data_drift,2024-05,6341.722685534198
ID0003714,2024-09-27,2,21,3013.0,73,2,2,1.419,1.63,1.4,0.99,6,7860.72,data_drift,2024-09,6838.522892208883
ID0003715,2024-10-08,3,14,14561.0,57,1,0,0.898,1.252,1.8,0.556,1,6180.95,data_drift,2024-10,6313.472185894896
ID0003716,2024-10-11,2,24,4798.0,73,0,1,1.091,1.124,1.2,0.574,2,5214.83,data_drift,2024-10,5058.58888300595
ID0003717,2024-02-24,3,8,21305.0,61,2,2,1.098,1.374,1.4,0.957,6,6600.76,data_drift,2024-02,6446.0264033280855
ID0003718,2024-05-17,3,13,16179.0,59,1,2,1.009,1.559,1.4,0.967,7,7078.55,data_drift,2024-05,6466.306758645033
ID0003719,2024-08-07,2,13,3461.0,46,1,2,1.288,1.559,1.4,0.813,24,6922.56,data_drift,2024-08,7457.2898886247
ID0003720,2024-10-12,1,5,5971.0,62,0,2,1.176,1.039,1.2,0.31,14,4472.96,data_drift,2024-10,4717.046163398488
ID0003721,2024-06-09,3,14,5598.0,48,1,2,1.415,1.419,1.4,0.658,6,6180.98,data_drift,2024-06,6340.879526388105
ID0003722,2024-11-14,2,3,20330.0,56,2,1,0.992,1.267,3.2,0.698,15,9663.84,data_drift,2024-11,9249.933702973889
ID0003723,2024-02-22,3,20,5337.0,19,3,2,1.185,1.387,1.4,0.854,5,8685.53,data_drift,2024-02,8408.482679263238
ID0003724,2024-04-07,1,16,9082.0,25,2,2,1.222,1.061,1.2,0.294,1,6083.65,data_drift,2024-04,5892.964120126258
ID0003725,2024-12-21,3,4,48007.0,24,4,1,0.915,1.126,1.8,0.493,1,7603.77,data_drift,2024-12,7895.9035628347565
ID0003726,2024-07-21,3,17,12746.0,34,0,2,1.185,1.309,1.4,0.827,23,6253.75,data_drift,2024-07,6509.475700465756
ID0003727,2024-03-22,4,0,22627.0,21,2,2,1.487,1.381,1.8,0.629,4,8272.71,data_drift,2024-03,7890.123662689817
ID0003728,2024-01-15,3,10,46049.0,27,1,1,1.145,1.204,3.2,0.751,3,10259.23,data_drift,2024-01,9520.727888785406
ID0003729,2024-09-05,3,6,29101.0,41,0,2,1.338,1.489,3.2,0.934,8,8781.11,data_drift,2024-09,8955.54419052691
ID0003730,2024-11-26,2,11,14900.0,47,0,1,1.083,1.431,1.4,0.812,7,5359.47,data_drift,2024-11,5718.755004458789
ID0003731,2024-05-07,2,11,17547.0,74,1,2,1.226,1.18,1.8,0.55,8,6272.5,data_drift,2024-05,6528.298319295212
ID0003732,2024-10-08,4,6,25920.0,32,1,2,1.192,1.37,1.8,0.675,6,6599.18,data_drift,2024-10,6862.354569473515
ID0003733,2024-10-04,1,0,21815.0,55,1,2,1.349,1.647,1.4,0.959,4,6548.19,data_drift,2024-10,6035.612052433555
ID0003734,2024-01-11,3,3,63230.0,52,2,0,0.955,1.294,3.2,0.729,6,9205.74,data_drift,2024-01,9310.668133456158
ID0003735,2024-07-23,2,25,7653.0,66,0,2,1.406,1.71,1.1,0.98,9,6173.56,data_drift,2024-07,5713.58501738326
ID0003736,2024-06-07,3,15,14338.0,36,2,2,1.462,1.425,1.4,0.896,23,7444.41,data_drift,2024-06,7380.568041812298
ID0003737,2024-03-15,1,8,17818.0,79,0,1,1.097,1.423,1.4,0.851,2,5636.03,data_drift,2024-03,5203.359523590299
ID0003738,2024-07-23,2,17,16439.0,69,1,1,0.993,1.293,1.8,0.735,12,6048.32,data_drift,2024-07,6620.771346660605
ID0003739,2024-05-03,1,15,7223.0,71,3,1,1.095,1.456,1.4,0.905,30,7008.34,data_drift,2024-05,7273.255584894728
ID0003740,2024-11-17,3,17,10498.0,25,2,2,1.157,1.323,1.8,0.63,6,9134.53,data_drift,2024-11,7598.439814086546
ID0003741,2024-06-06,0,19,11631.0,50,0,2,1.469,1.427,1.4,0.78,7,7177.16,data_drift,2024-06,6287.110639534164
ID0003742,2024-10-14,1,19,6148.0,41,2,2,1.054,1.471,1.4,0.872,12,7147.83,data_drift,2024-10,6957.721313400741
ID0003743,2024-01-18,1,2,19853.0,66,2,2,1.504,1.115,1.2,0.359,6,5286.99,data_drift,2024-01,5430.47085920797
ID0003744,2024-12-26,4,14,16989.0,22,3,0,0.835,0.926,1.2,0.307,4,6697.8,data_drift,2024-12,6329.079048604959
ID0003745,2024-08-18,4,17,17891.0,30,4,2,1.291,1.026,1.8,0.639,11,8611.32,data_drift,2024-08,7871.739198133769
ID0003746,2024-11-07,2,15,9047.0,74,0,1,0.824,1.134,1.4,0.526,30,4531.71,data_drift,2024-11,5459.469110705018
ID0003747,2024-10-21,3,17,14246.0,49,4,2,1.449,1.371,1.8,0.64,12,8690.84,data_drift,2024-10,8239.503323801844
ID0003748,2024-12-21,2,16,8520.0,52,1,2,1.631,0.967,1.8,0.55,30,6965.88,data_drift,2024-12,6790.878630918348
ID0003749,2024-01-03,3,19,5829.0,22,3,2,1.173,1.59,1.4,0.944,17,8563.71,data_drift,2024-01,8366.653185878758
ID0003750,2024-07-12,1,25,3912.0,42,0,2,1.057,1.572,1.4,0.947,13,7294.54,data_drift,2024-07,6475.804998304935
ID0003751,2024-09-07,3,23,5764.0,28,2,2,1.21,1.053,1.8,0.58,22,7667.09,data_drift,2024-09,7399.548428849626
ID0003752,2024-04-19,3,14,8914.0,53,2,2,1.223,1.395,3.2,0.783,30,10437.78,data_drift,2024-04,10859.84197285972
ID0003753,2024-07-28,4,25,11687.0,68,0,2,1.289,1.169,1.2,0.425,1,5472.55,data_drift,2024-07,5340.909356256489
ID0003754,2024-02-24,4,5,38744.0,18,2,0,1.103,1.558,1.4,0.686,30,7265.7,data_drift,2024-02,7139.221063862534
ID0003755,2024-03-11,2,7,37551.0,22,2,2,1.375,1.3,3.2,0.858,4,9482.63,data_drift,2024-03,10649.912641412908
ID0003756,2024-11-23,1,24,8321.0,75,0,2,0.992,1.303,1.8,0.817,6,5931.8,data_drift,2024-11,6845.623366571208
ID0003757,2024-06-26,2,12,11421.0,74,0,2,1.495,1.296,1.8,0.702,4,7348.51,data_drift,2024-06,6087.118720231943
ID0003758,2024-04-06,2,15,8957.0,23,3,2,1.077,1.423,1.4,0.874,5,8648.74,data_drift,2024-04,7957.332866662805
ID0003759,2024-12-09,3,7,18862.0,63,1,2,1.316,1.279,1.4,0.951,4,5204.35,data_drift,2024-12,5998.030278122208
ID0003760,2024-10-26,1,4,10850.0,40,1,1,1.063,1.205,1.2,0.44,3,5005.91,data_drift,2024-10,5204.961924856852
ID0003761,2024-04-23,2,12,9702.0,48,2,2,1.392,1.37,1.4,0.916,7,7050.88,data_drift,2024-04,6916.851427869609
ID0003762,2024-05-18,4,16,25558.0,30,1,2,1.447,1.057,1.8,0.212,30,6500.63,data_drift,2024-05,7002.376486314045
ID0003763,2024-08-14,3,17,5758.0,39,2,2,1.325,1.554,1.4,0.94,4,6795.13,data_drift,2024-08,6722.305437293391
ID0003764,2024-03-28,3,16,7550.0,57,0,2,1.362,1.429,1.0,0.782,8,5674.86,data_drift,2024-03,5365.727519835185
ID0003765,2024-01-01,1,9,27991.0,31,3,2,1.508,1.465,0.4,0.966,7,5401.88,data_drift,2024-01,5336.2841932540505
ID0003766,2024-08-04,2,8,29605.0,61,0,2,1.216,1.569,1.4,0.897,5,6405.08,data_drift,2024-08,5830.140154806597
ID0003767,2024-12-28,2,15,6821.0,31,1,2,1.351,1.28,1.8,0.58,30,7702.44,data_drift,2024-12,7316.078710138989
ID0003768,2024-06-09,3,25,4267.0,27,2,2,1.141,1.079,1.2,0.438,3,6799.32,data_drift,2024-06,5903.817541557053
ID0003769,2024-11-23,2,0,24840.0,67,3,2,1.365,1.417,1.8,0.693,12,8124.08,data_drift,2024-11,7020.372323592225
ID0003770,2024-03-27,2,17,2867.0,35,1,2,1.192,1.19,1.8,0.785,1,7372.05,data_drift,2024-03,7190.952935162173
ID0003771,2024-09-24,3,16,11884.0,49,2,1,0.8,1.41,1.8,0.806,6,7978.98,data_drift,2024-09,7319.381461619914
ID0003772,2024-04-15,1,6,14926.0,36,0,1,0.904,1.216,1.2,0.291,3,5623.68,data_drift,2024-04,4854.869540418684
ID0003773,2024-04-14,1,6,15101.0,22,0,2,1.497,1.261,1.8,0.605,4,7245.82,data_drift,2024-04,7196.57093530438
ID0003774,2024-07-03,2,22,11334.0,61,4,1,0.983,1.223,1.8,0.652,4,6603.42,data_drift,2024-07,7596.713675031617
ID0003775,2024-04-22,1,21,10127.0,31,3,2,1.204,1.068,1.2,0.395,30,6518.04,data_drift,2024-04,6559.603566334734
ID0003776,2024-05-01,4,3,53178.0,20,1,2,1.18,1.353,1.8,0.654,30,9049.51,data_drift,2024-05,8020.684554227995
ID0003777,2024-03-13,1,13,18807.0,44,1,1,1.112,1.206,1.8,0.358,14,6871.6,data_drift,2024-03,6447.385996302869
ID0003778,2024-10-18,1,25,2500.0,50,2,2,1.354,1.298,1.4,0.825,16,6581.05,data_drift,2024-10,6759.3037384217
ID0003779,2024-02-22,2,10,9954.0,77,0,2,1.469,1.518,1.4,0.939,17,5788.74,data_drift,2024-02,5728.389308091354
ID0003780,2024-11-03,2,11,18205.0,55,1,2,1.578,1.268,1.8,0.486,1,6600.91,data_drift,2024-11,6471.060857184968
ID0003781,2024-12-20,2,17,13955.0,34,0,1,1.136,1.336,1.4,0.769,4,5914.69,data_drift,2024-12,6080.203903014068
ID0003782,2024-11-06,4,14,21945.0,38,4,2,1.451,1.631,1.4,0.837,8,8247.19,data_drift,2024-11,7743.472544912078
ID0003783,2024-09-26,1,11,9614.0,71,2,2,0.932,1.211,1.8,0.672,30,8375.82,data_drift,2024-09,7201.758803439496
ID0003784,2024-06-14,0,6,6974.0,60,2,2,1.287,1.18,1.8,0.532,4,7050.97,data_drift,2024-06,6753.394251692826
ID0003785,2024-01-09,2,13,10134.0,52,3,1,1.009,1.19,1.8,0.377,21,7179.32,data_drift,2024-01,7168.244223471676
ID0003786,2024-07-28,2,20,10650.0,77,2,2,1.655,1.341,1.8,0.893,23,7798.71,data_drift,2024-07,7648.839828763248
ID0003787,2024-10-28,2,16,4992.0,68,4,2,1.327,1.587,1.4,0.859,3,7263.17,data_drift,2024-10,7539.668467969826
ID0003788,2024-02-10,2,10,11626.0,60,1,0,0.895,1.211,1.8,0.678,3,6350.31,data_drift,2024-02,6168.920416730414
ID0003789,2024-09-12,1,22,8478.0,21,2,2,1.35,1.2,1.8,0.787,4,8211.14,data_drift,2024-09,8364.553403123255
ID0003790,2024-10-17,3,1,16354.0,35,3,2,1.323,1.339,3.2,0.919,23,11460.56,data_drift,2024-10,10173.244534450987
ID0003791,2024-04-09,3,13,16226.0,59,2,2,0.928,1.104,1.2,0.333,30,5934.15,data_drift,2024-04,5726.080332733907
ID0003792,2024-11-05,1,0,8402.0,32,1,2,1.404,1.485,0.4,0.958,8,4467.97,data_drift,2024-11,4497.743725719911
ID0003793,2024-06-07,3,5,46969.0,38,1,2,1.435,1.654,1.4,0.931,3,6352.53,data_drift,2024-06,6548.762254545624
ID0003794,2024-07-09,3,6,12418.0,65,0,1,1.048,0.987,1.8,0.726,22,5750.61,data_drift,2024-07,5769.458491080009
ID0003795,2024-07-07,2,16,10599.0,35,0,1,0.917,1.166,1.8,0.284,0,5494.78,data_drift,2024-07,6096.339316940439
ID0003796,2024-07-12,3,24,4942.0,79,1,0,1.022,1.61,1.4,0.919,24,6611.38,data_drift,2024-07,6504.534489511445
ID0003797,2024-01-15,0,10,8298.0,26,1,2,1.306,1.611,1.4,0.949,10,6929.61,data_drift,2024-01,6814.796659478662
ID0003798,2024-12-17,2,0,16256.0,22,0,2,1.618,1.759,0.4,0.981,8,5170.19,data_drift,2024-12,4948.956419878
ID0003799,2024-06-01,2,12,8601.0,22,0,1,1.135,0.945,1.2,0.446,2,5782.22,data_drift,2024-06,5551.860275826272
ID0003800,2024-01-22,4,16,17491.0,61,4,2,1.242,1.204,3.2,0.746,7,10295.57,data_drift,2024-01,10671.210168497579
ID0003801,2024-04-22,1,7,11439.0,57,4,2,1.434,1.174,1.8,0.785,15,7614.92,data_drift,2024-04,7768.887615594265
ID0003802,2024-11-10,2,10,9950.0,46,2,2,1.358,1.434,1.0,0.768,12,6105.93,data_drift,2024-11,6102.6452875530285
ID0003803,2024-04-20,3,14,18824.0,74,1,2,1.292,1.369,1.4,0.774,23,7259.01,data_drift,2024-04,6845.567520853452
ID0003804,2024-12-03,3,17,6375.0,47,2,2,1.399,1.77,1.1,0.995,8,6669.3,data_drift,2024-12,6556.711146032116
ID0003805,2024-01-10,2,25,2500.0,48,2,1,1.17,1.484,1.8,0.801,9,7653.6,data_drift,2024-01,7471.120450202653
ID0003806,2024-11-11,4,18,18282.0,75,1,1,1.097,1.078,1.2,0.301,21,5401.46,data_drift,2024-11,5221.501472198549
ID0003807,2024-09-15,2,12,7546.0,25,1,2,1.329,1.467,1.4,0.866,23,7424.29,data_drift,2024-09,7108.8859698669885
ID0003808,2024-02-28,1,5,8632.0,54,1,2,1.395,1.522,0.4,0.885,24,4796.12,data_drift,2024-02,5142.033653627394
ID0003809,2024-08-09,3,14,12708.0,35,3,2,1.571,1.014,1.8,0.484,7,7098.59,data_drift,2024-08,7188.896816068009
ID0003810,2024-10-02,3,14,8788.0,62,2,1,1.055,1.431,3.2,0.905,30,9690.95,data_drift,2024-10,10314.449555037654
ID0003811,2024-12-06,3,10,14511.0,28,2,2,1.376,1.395,1.8,0.765,12,8263.02,data_drift,2024-12,7686.468954440891
ID0003812,2024-08-14,2,18,7616.0,33,1,0,1.058,1.111,1.8,0.406,7,6185.19,data_drift,2024-08,6306.116253130213
ID0003813,2024-09-26,1,16,7567.0,79,2,1,1.152,1.346,1.4,0.759,3,7145.89,data_drift,2024-09,6250.4753707535365
ID0003814,2024-11-18,2,17,9453.0,64,2,2,1.35,1.742,0.4,0.996,18,5319.38,data_drift,2024-11,5936.745587942758
ID0003815,2024-05-13,2,18,5647.0,21,2,2,1.528,0.936,1.2,0.265,0,6553.21,data_drift,2024-05,6354.519128637108
ID0003816,2024-07-13,1,25,2500.0,24,0,1,1.115,1.748,0.4,0.972,7,6331.84,data_drift,2024-07,5212.298352586379
ID0003817,2024-11-26,0,13,6594.0,67,3,1,1.159,1.303,1.8,0.537,7,7262.26,data_drift,2024-11,7155.548887661216
ID0003818,2024-01-20,1,1,42623.0,37,2,1,1.18,0.909,1.2,0.199,4,5163.38,data_drift,2024-01,4969.85316570161
ID0003819,2024-05-24,3,6,22809.0,32,1,2,1.317,1.196,1.8,0.555,1,6534.96,data_drift,2024-05,6673.896735983231
ID0003820,2024-09-17,4,13,9297.0,48,1,1,0.992,1.183,1.8,0.462,8,6808.9,data_drift,2024-09,6417.4266278685145
ID0003821,2024-03-20,4,11,23416.0,22,1,2,1.201,1.218,1.8,0.464,5,7547.74,data_drift,2024-03,7425.526521230447
ID0003822,2024-03-06,3,9,13511.0,27,3,0,0.962,1.264,1.2,0.342,30,6219.01,data_drift,2024-03,5998.335187511294
ID0003823,2024-08-08,1,13,3658.0,22,4,2,1.163,1.574,0.4,0.965,6,6748.55,data_drift,2024-08,6785.987335629483
ID0003824,2024-08-14,0,2,10324.0,78,3,0,0.8,1.451,1.4,0.755,8,6357.77,data_drift,2024-08,5917.972379049346
ID0003825,2024-03-17,3,15,8995.0,75,2,2,1.306,1.621,0.4,0.926,10,5187.33,data_drift,2024-03,5372.4745281392015
ID0003826,2024-02-19,2,24,11808.0,41,0,2,1.215,1.104,1.2,0.513,6,5650.85,data_drift,2024-02,5563.658851472929
ID0003827,2024-09-20,0,17,4112.0,79,2,1,1.133,1.647,1.1,0.774,4,5946.76,data_drift,2024-09,5998.822295414191
ID0003828,2024-01-17,0,15,3822.0,61,0,2,1.347,1.247,1.8,0.416,1,7273.21,data_drift,2024-01,6203.230488911972
ID0003829,2024-03-09,3,12,21993.0,48,2,1,1.198,1.172,1.0,0.56,3,6042.56,data_drift,2024-03,5404.5915883425305
ID0003830,2024-07-22,3,1,12802.0,18,1,2,1.474,1.189,1.8,0.465,4,6161.54,data_drift,2024-07,7059.806156389436
ID0003831,2024-03-22,3,10,12197.0,45,0,2,1.442,1.203,1.8,0.48,4,6043.76,data_drift,2024-03,6408.983905317227
ID0003832,2024-10-12,2,17,7564.0,24,1,1,0.909,1.612,1.1,0.973,5,6836.31,data_drift,2024-10,6637.326001143426
ID0003833,2024-04-12,2,20,11627.0,54,1,1,1.048,1.089,1.8,0.66,11,6239.06,data_drift,2024-04,6615.095003540775
ID0003834,2024-01-26,0,23,6049.0,50,2,2,1.463,1.554,1.4,0.911,4,7929.19,data_drift,2024-01,6535.409825448943
ID0003835,2024-11-16,3,20,13835.0,54,4,0,1.044,1.465,1.4,0.734,23,7310.99,data_drift,2024-11,7137.046950201749
ID0003836,2024-02-07,3,23,5132.0,50,1,2,1.396,1.564,1.4,0.708,23,7381.26,data_drift,2024-02,7516.166515643149
ID0003837,2024-03-27,0,21,2500.0,23,1,1,0.8,1.408,1.8,0.735,23,9022.47,data_drift,2024-03,8271.068319103531
ID0003838,2024-06-28,4,15,21091.0,71,2,2,1.517,1.606,1.4,0.849,3,7082.11,data_drift,2024-06,6754.393207837698
ID0003839,2024-04-02,3,14,17517.0,22,1,0,1.018,1.447,1.4,0.947,13,6965.93,data_drift,2024-04,6820.488772151113
ID0003840,2024-07-17,4,5,37261.0,61,2,2,1.372,1.407,1.8,0.835,9,7102.67,data_drift,2024-07,6879.958111001028
ID0003841,2024-03-11,1,17,15819.0,71,2,2,1.335,1.27,1.8,0.449,8,7438.73,data_drift,2024-03,7045.127939853617
ID0003842,2024-04-14,3,10,30217.0,37,1,2,1.3,1.38,1.8,0.639,16,7272.91,data_drift,2024-04,7133.127304590255
ID0003843,2024-10-10,4,8,20570.0,59,2,1,1.153,1.216,1.8,0.709,5,6576.7,data_drift,2024-10,6669.33126733458
ID0003844,2024-09-14,3,11,18210.0,63,0,2,1.464,1.22,3.2,0.79,12,9485.69,data_drift,2024-09,8987.172191862064
ID0003845,2024-08-08,3,0,29291.0,50,3,0,1.012,1.075,1.2,0.521,11,5381.05,data_drift,2024-08,5484.819561685878
ID0003846,2024-07-10,2,15,11371.0,54,3,2,1.444,1.231,1.8,0.625,1,7468.26,data_drift,2024-07,7407.718342410707
ID0003847,2024-08-19,2,9,12470.0,20,2,2,1.22,1.309,1.8,0.752,23,8289.71,data_drift,2024-08,8328.215908496068
ID0003848,2024-09-07,2,25,3010.0,22,2,2,1.3,1.662,0.4,0.963,17,6994.88,data_drift,2024-09,6380.409145853297
ID0003849,2024-07-11,3,9,10776.0,48,1,1,1.149,1.506,1.4,0.9,9,6398.82,data_drift,2024-07,5970.219640579025
ID0003850,2024-08-22,3,23,6628.0,77,1,2,1.518,1.332,1.4,0.724,4,5864.34,data_drift,2024-08,6121.545846487666
ID0003851,2024-04-21,2,10,11598.0,27,2,2,1.273,1.648,1.4,0.974,9,8046.62,data_drift,2024-04,7119.514546279385
ID0003852,2024-02-25,0,5,15525.0,40,3,2,1.253,1.737,1.1,0.979,8,7637.99,data_drift,2024-02,6470.343586468719
ID0003853,2024-05-27,3,14,11441.0,79,0,2,1.353,1.583,1.4,0.971,24,5689.9,data_drift,2024-05,6551.478271197395
ID0003854,2024-05-04,1,16,14229.0,78,1,1,1.074,1.683,1.1,0.984,4,6478.64,data_drift,2024-05,5603.124162323912
ID0003855,2024-07-20,1,16,6623.0,34,0,1,1.196,1.436,3.2,0.916,12,10170.51,data_drift,2024-07,9248.209899420186
ID0003856,2024-07-22,2,19,8348.0,75,2,1,1.084,0.85,1.2,0.259,10,5272.79,data_drift,2024-07,5195.1710711328315
ID0003857,2024-08-16,3,21,10030.0,45,0,2,1.398,1.757,0.4,0.966,30,5508.29,data_drift,2024-08,5516.754847717394
ID0003858,2024-03-13,1,14,7422.0,21,3,2,1.099,1.122,1.8,0.545,3,8043.91,data_drift,2024-03,8001.347171868537
ID0003859,2024-11-26,2,17,5018.0,30,1,2,1.077,1.376,1.8,0.681,2,7674.54,data_drift,2024-11,7162.176310314961
ID0003860,2024-11-13,1,17,6974.0,29,1,2,1.704,1.381,1.4,0.696,23,7882.6,data_drift,2024-11,6902.662492884827
ID0003861,2024-01-27,3,18,10134.0,65,1,1,1.088,1.444,1.4,0.653,23,6775.28,data_drift,2024-01,6383.2640062887995
ID0003862,2024-03-24,4,19,12414.0,77,3,2,1.397,1.68,1.4,0.97,30,7846.48,data_drift,2024-03,7795.6145657943025
ID0003863,2024-12-03,2,13,16817.0,59,2,1,1.064,1.358,1.4,0.814,5,7585.21,data_drift,2024-12,6334.333705877552
ID0003864,2024-04-13,4,13,24170.0,64,1,1,1.161,1.457,1.8,0.57,5,7149.75,data_drift,2024-04,6672.905377308435
ID0003865,2024-07-07,3,13,13994.0,51,1,2,1.415,1.301,1.4,0.708,16,6683.28,data_drift,2024-07,6333.518207687692
ID0003866,2024-06-23,3,16,11007.0,19,3,1,1.009,1.447,1.4,0.696,2,7784.75,data_drift,2024-06,7749.688857742251
ID0003867,2024-02-04,2,5,21959.0,34,2,1,0.955,1.229,1.8,0.749,3,7129.86,data_drift,2024-02,6833.394519046708
ID0003868,2024-09-19,3,5,30195.0,35,2,2,1.515,1.464,0.4,0.935,10,5686.73,data_drift,2024-09,4927.599321013377
ID0003869,2024-04-05,1,14,8601.0,72,3,1,1.043,1.199,1.8,0.596,15,6597.45,data_drift,2024-04,7104.51362205639
ID0003870,2024-01-15,1,11,14184.0,56,0,0,0.815,1.463,1.4,0.87,9,5446.39,data_drift,2024-01,5209.189597045337
ID0003871,2024-07-28,4,17,25988.0,65,0,2,1.357,1.597,0.4,0.903,30,4572.29,data_drift,2024-07,5086.604939342685
ID0003872,2024-12-09,1,13,12797.0,47,3,1,1.145,1.143,1.8,0.539,2,7023.2,data_drift,2024-12,6982.054961458447
ID0003873,2024-04-10,3,23,8241.0,69,1,1,0.875,1.251,1.8,0.641,1,6231.07,data_drift,2024-04,6704.476075254509
ID0003874,2024-06-22,2,3,53995.0,38,2,1,1.041,1.598,1.4,0.756,3,6068.96,data_drift,2024-06,6431.052310887711
ID0003875,2024-05-17,4,14,19868.0,70,2,1,1.179,0.989,1.2,0.239,3,5378.78,data_drift,2024-05,5131.2093159681
ID0003876,2024-09-20,2,17,11431.0,34,4,2,1.097,1.383,0.4,0.817,23,6208.84,data_drift,2024-09,6432.2978046485105
ID0003877,2024-01-25,3,0,85368.0,67,0,2,1.483,1.393,1.8,0.552,1,5662.9,data_drift,2024-01,5765.360572332963
ID0003878,2024-12-22,3,21,12030.0,26,2,1,0.815,1.05,1.2,0.232,4,5449.48,data_drift,2024-12,5666.153037412075
ID0003879,2024-08-25,3,15,11512.0,46,4,1,1.234,1.623,1.4,0.948,30,8321.09,data_drift,2024-08,7752.717013840594
ID0003880,2024-05-23,3,15,8012.0,55,3,2,1.308,1.164,1.8,0.409,6,7294.6,data_drift,2024-05,7217.771206590234
ID0003881,2024-04-11,3,12,19605.0,58,0,2,1.484,1.409,1.4,0.923,23,4990.17,data_drift,2024-04,6161.721482280231
ID0003882,2024-11-21,3,22,9287.0,33,3,2,1.278,1.417,1.0,0.856,8,6756.3,data_drift,2024-11,6738.018909991122
ID0003883,2024-04-24,4,17,24420.0,23,1,0,1.062,1.052,1.2,0.3,5,6253.18,data_drift,2024-04,5896.3087506899465
ID0003884,2024-01-08,3,12,12705.0,28,0,2,1.106,1.299,1.8,0.619,15,7330.99,data_drift,2024-01,6737.252448718167
ID0003885,2024-04-01,2,10,27039.0,39,2,2,1.513,1.614,1.4,0.876,6,7864.73,data_drift,2024-04,6807.375920948363
ID0003886,2024-10-12,1,9,8288.0,61,2,2,1.235,1.627,1.1,0.885,17,7117.61,data_drift,2024-10,6307.960222677716
ID0003887,2024-02-09,3,3,6383.0,21,4,2,1.084,1.654,0.4,0.934,9,6338.45,data_drift,2024-02,6457.123711456991
ID0003888,2024-11-18,1,22,7823.0,70,2,1,0.869,1.575,1.1,0.952,3,6337.86,data_drift,2024-11,6135.350829343178
ID0003889,2024-02-27,3,9,22926.0,70,2,2,1.363,1.515,0.4,0.848,10,5724.2,data_drift,2024-02,4758.831340479413
ID0003890,2024-04-05,2,6,47669.0,75,0,1,1.019,1.171,1.8,0.699,6,5603.28,data_drift,2024-04,5774.77459159411
ID0003891,2024-04-23,3,25,9429.0,62,1,1,1.187,1.211,1.8,0.735,1,6702.68,data_drift,2024-04,6515.483554671158
ID0003892,2024-05-26,4,20,10946.0,32,1,1,1.079,1.333,1.8,0.435,6,7015.6,data_drift,2024-05,6803.254455789591
ID0003893,2024-05-09,2,3,13417.0,19,0,1,1.0,1.454,3.2,0.853,7,9323.76,data_drift,2024-05,9385.616446940237
ID0003894,2024-05-08,2,24,5696.0,34,1,2,1.197,1.49,1.4,0.789,7,7483.59,data_drift,2024-05,6883.962831429555
ID0003895,2024-12-25,4,15,13663.0,41,1,2,1.344,1.328,1.8,0.769,7,7716.86,data_drift,2024-12,7343.726150936752
ID0003896,2024-10-22,3,23,5933.0,54,3,2,1.307,1.527,1.4,0.86,17,8475.24,data_drift,2024-10,7301.466991872032
ID0003897,2024-08-23,3,25,2871.0,18,1,0,1.01,1.251,1.8,0.41,22,7244.67,data_drift,2024-08,7286.735689082732
ID0003898,2024-09-23,3,12,22005.0,75,2,1,0.891,1.812,1.1,0.99,4,7345.72,data_drift,2024-09,5731.14768051398
ID0003899,2024-06-19,3,12,25156.0,52,2,1,1.063,1.6,1.4,0.925,30,6584.95,data_drift,2024-06,6879.775071999588
ID0003900,2024-04-28,3,25,6951.0,70,2,2,1.155,1.522,1.4,0.85,30,6795.9,data_drift,2024-04,7620.735380697184
ID0003901,2024-07-09,4,16,9358.0,63,3,0,0.863,1.246,1.8,0.39,8,6603.72,data_drift,2024-07,7024.274238572914
ID0003902,2024-10-06,4,8,29120.0,33,2,1,0.903,1.301,1.8,0.665,3,6917.18,data_drift,2024-10,6943.65826255321
ID0003903,2024-04-06,3,7,13944.0,55,1,1,1.103,0.86,1.8,0.261,0,4533.78,data_drift,2024-04,5667.324568486033
ID0003904,2024-05-15,3,6,39593.0,51,1,2,1.222,0.85,1.2,0.136,14,5229.81,data_drift,2024-05,4831.096157981271
ID0003905,2024-01-08,3,25,6488.0,70,2,2,1.386,1.468,1.4,0.871,8,6400.94,data_drift,2024-01,6718.500607988033
ID0003906,2024-06-03,0,6,20832.0,48,3,0,1.0,1.099,1.8,0.507,30,6888.21,data_drift,2024-06,6809.914907014664
ID0003907,2024-06-24,1,12,5008.0,50,1,1,1.131,1.679,1.1,0.937,3,5987.88,data_drift,2024-06,5876.134766205875
ID0003908,2024-11-06,3,0,44569.0,79,2,2,1.225,1.135,1.2,0.241,6,4774.59,data_drift,2024-11,5281.106611979879
ID0003909,2024-10-14,3,22,9219.0,51,0,2,1.338,1.636,1.1,0.952,7,5304.16,data_drift,2024-10,5800.114224933058
ID0003910,2024-05-15,1,13,9373.0,73,1,2,1.357,1.547,3.2,0.838,10,9795.38,data_drift,2024-05,9679.76951799276
ID0003911,2024-07-24,2,3,49232.0,35,1,2,1.233,1.16,1.8,0.355,30,6768.16,data_drift,2024-07,6743.617766571591
ID0003912,2024-11-04,2,16,11635.0,22,1,2,1.381,1.297,3.2,0.372,1,9592.6,data_drift,2024-11,10346.264095544728
ID0003913,2024-05-22,2,14,27478.0,20,3,2,1.517,1.478,3.2,0.711,6,10707.5,data_drift,2024-05,11261.480590742147
ID0003914,2024-02-11,1,4,15378.0,24,1,1,1.135,1.452,1.4,0.66,4,8050.42,data_drift,2024-02,6490.885688965528
ID0003915,2024-02-10,2,9,16174.0,21,2,2,1.546,1.559,1.4,0.823,9,8011.54,data_drift,2024-02,7672.640260859555
ID0003916,2024-02-17,3,18,18349.0,18,1,1,1.03,1.661,1.4,0.971,5,7368.08,data_drift,2024-02,7102.465384568295
ID0003917,2024-03-27,3,8,11958.0,45,2,1,1.044,1.537,1.1,0.986,13,6190.83,data_drift,2024-03,5748.342193880288
ID0003918,2024-02-15,4,9,39316.0,30,2,2,1.509,1.426,1.8,0.717,2,7181.52,data_drift,2024-02,7232.803750923768
ID0003919,2024-02-21,1,8,12069.0,26,2,2,1.008,1.191,3.2,0.661,2,9022.49,data_drift,2024-02,9622.517736843896
ID0003920,2024-05-12,2,25,5643.0,28,1,2,1.334,1.297,3.2,0.605,3,10314.32,data_drift,2024-05,9889.55748882577
ID0003921,2024-02-08,4,13,17290.0,61,0,2,1.352,1.279,1.4,0.723,2,6887.14,data_drift,2024-02,5678.415613785425
ID0003922,2024-07-13,4,2,67436.0,76,2,1,0.894,1.65,1.4,0.959,5,7187.85,data_drift,2024-07,6065.599661978532
ID0003923,2024-03-16,2,22,3825.0,51,0,2,1.104,1.492,1.4,0.929,7,6837.19,data_drift,2024-03,6146.013336844898
ID0003924,2024-03-10,1,17,10392.0,59,4,1,1.16,1.309,3.2,0.908,5,10403.92,data_drift,2024-03,10500.210687825536
ID0003925,2024-10-01,3,25,12187.0,19,4,2,1.298,1.302,3.2,0.602,30,12188.8,data_drift,2024-10,12114.183584186127
ID0003926,2024-04-01,1,12,5506.0,58,1,2,1.242,1.455,1.8,0.697,23,7641.58,data_drift,2024-04,7178.175035858701
ID0003927,2024-12-04,3,9,8872.0,40,0,1,0.975,1.422,1.4,0.911,12,6938.83,data_drift,2024-12,5532.657374336848
ID0003928,2024-10-01,1,14,6298.0,44,1,2,1.27,1.27,1.4,0.692,1,5338.88,data_drift,2024-10,6275.2300798687875
ID0003929,2024-07-22,1,19,5280.0,43,1,2,1.215,1.42,1.4,0.873,8,7537.32,data_drift,2024-07,6683.589283817152
ID0003930,2024-06-10,1,10,12612.0,77,0,1,1.131,1.445,1.4,0.879,16,5207.09,data_drift,2024-06,5474.800989941931
ID0003931,2024-02-01,4,11,23074.0,37,2,2,1.316,1.4,3.2,0.784,2,9962.13,data_drift,2024-02,10115.423881915092
ID0003932,2024-10-03,3,24,6959.0,32,0,2,1.347,1.805,1.1,0.992,4,6716.95,data_drift,2024-10,5879.7972474741555
ID0003933,2024-12-08,3,21,11966.0,31,2,2,1.555,1.166,1.2,0.318,21,6568.06,data_drift,2024-12,6282.591561387457
ID0003934,2024-07-19,4,17,13031.0,57,1,1,0.923,1.344,1.8,0.406,11,6668.95,data_drift,2024-07,6403.097994538878
ID0003935,2024-04-21,3,0,33636.0,70,3,2,1.458,1.424,1.4,0.803,7,6317.41,data_drift,2024-04,6538.158392024951
ID0003936,2024-06-08,2,12,17431.0,45,4,2,1.312,1.275,1.8,0.638,15,8544.91,data_drift,2024-06,7898.529640373294
ID0003937,2024-11-21,2,20,9305.0,67,0,2,1.151,1.281,1.8,0.315,15,5806.84,data_drift,2024-11,6555.297978167919
ID0003938,2024-05-06,3,25,6371.0,48,2,2,1.437,1.467,1.0,0.949,24,6910.17,data_drift,2024-05,6746.311100668586
ID0003939,2024-10-08,1,12,11731.0,54,2,2,1.072,1.647,1.1,0.975,10,7095.44,data_drift,2024-10,6328.657041004219
ID0003940,2024-08-24,2,8,29395.0,37,2,2,1.252,1.347,1.4,0.884,30,6166.49,data_drift,2024-08,7000.623041618092
ID0003941,2024-08-26,4,17,10831.0,43,1,1,0.997,1.322,3.2,0.824,2,9398.18,data_drift,2024-08,9450.039374948947
ID0003942,2024-12-23,3,10,15065.0,66,2,2,1.311,1.824,1.1,0.966,25,6082.21,data_drift,2024-12,6591.03997228374
ID0003943,2024-09-20,1,9,8472.0,72,2,2,1.328,1.48,1.4,0.889,6,6914.24,data_drift,2024-09,6401.688274047691
ID0003944,2024-06-18,2,20,12812.0,23,3,1,1.104,1.529,3.2,0.896,5,11654.08,data_drift,2024-06,11023.225079035077
ID0003945,2024-09-22,1,11,16670.0,34,1,2,1.46,1.636,1.1,0.78,3,5597.07,data_drift,2024-09,6255.434389225222
ID0003946,2024-09-13,0,13,9412.0,25,3,2,1.313,1.613,1.4,0.929,13,8749.81,data_drift,2024-09,7591.050237920088
ID0003947,2024-10-10,1,2,18920.0,27,2,2,1.401,1.597,1.4,0.9,13,7697.99,data_drift,2024-10,6829.027306251637
ID0003948,2024-01-22,2,17,3575.0,70,0,2,1.101,1.521,1.1,0.914,30,6302.48,data_drift,2024-01,6025.034226953447
ID0003949,2024-12-25,2,18,12311.0,61,3,2,1.425,1.157,1.8,0.621,3,7340.33,data_drift,2024-12,7263.877412509518
ID0003950,2024-10-05,1,18,3184.0,45,1,2,1.292,1.38,3.2,0.619,4,8792.85,data_drift,2024-10,9978.060240725106
ID0003951,2024-08-16,3,24,3511.0,36,3,2,1.275,1.194,1.8,0.549,11,8218.03,data_drift,2024-08,7542.719265555503
ID0003952,2024-10-06,2,4,16981.0,65,2,2,1.342,1.792,1.1,0.985,9,6885.72,data_drift,2024-10,5926.8298387233945
ID0003953,2024-05-21,3,14,11064.0,63,3,2,1.229,1.096,1.8,0.444,2,7959.45,data_drift,2024-05,7090.450514889243
ID0003954,2024-03-05,1,7,20362.0,23,1,1,0.985,1.061,1.2,0.261,0,5890.52,data_drift,2024-03,5787.950691932324
ID0003955,2024-11-04,1,19,4755.0,53,1,2,1.402,1.428,1.8,0.652,6,6621.67,data_drift,2024-11,6848.119094917139
ID0003956,2024-03-12,3,17,4184.0,50,0,2,1.449,1.857,0.4,0.992,18,5364.93,data_drift,2024-03,5141.236427635185
ID0003957,2024-12-17,2,4,46766.0,50,0,1,0.942,1.633,1.4,0.924,7,6304.99,data_drift,2024-12,5714.693954678328
ID0003958,2024-02-10,3,25,3155.0,74,2,2,1.514,1.367,1.0,0.715,12,6057.3,data_drift,2024-02,5905.380832226388
ID0003959,2024-12-07,1,21,24984.0,30,4,2,1.445,1.316,3.2,0.839,23,12103.68,data_drift,2024-12,11264.096416435597
ID0003960,2024-06-13,3,18,9603.0,58,1,2,1.385,1.27,1.8,0.588,4,6698.74,data_drift,2024-06,6910.427722266399
ID0003961,2024-12-19,2,13,13078.0,29,1,2,1.036,1.383,1.0,0.735,3,5523.4,data_drift,2024-12,5735.22483114056
ID0003962,2024-07-18,2,11,16525.0,22,0,1,0.947,1.173,3.2,0.529,3,10059.88,data_drift,2024-07,9462.900157587646
ID0003963,2024-11-21,2,20,16074.0,67,2,2,1.042,1.267,1.8,0.867,8,7590.38,data_drift,2024-11,7331.952375067184
ID0003964,2024-03-05,2,12,32746.0,33,2,1,1.139,1.523,1.4,0.96,3,6730.69,data_drift,2024-03,6428.1021346024145
ID0003965,2024-08-19,2,17,5164.0,55,3,2,1.299,1.076,1.8,0.506,6,7337.45,data_drift,2024-08,7359.122565587282
ID0003966,2024-06-15,2,8,11770.0,56,2,2,1.171,1.597,1.4,0.912,7,6905.89,data_drift,2024-06,6721.774847939762
ID0003967,2024-12-10,4,24,10758.0,23,2,1,1.169,1.308,3.2,0.847,2,10954.37,data_drift,2024-12,10626.040107902427
ID0003968,2024-05-22,1,16,4416.0,74,3,1,1.208,1.186,1.8,0.609,11,6947.64,data_drift,2024-05,7010.7455409697295
ID0003969,2024-10-05,4,20,13081.0,34,4,2,1.454,1.434,1.4,0.765,2,6961.21,data_drift,2024-10,7635.71947211089
ID0003970,2024-04-12,2,0,50622.0,24,0,2,1.191,1.775,0.4,0.906,3,4657.64,data_drift,2024-04,4931.5211397746125
ID0003971,2024-05-19,2,20,5680.0,57,0,2,1.22,1.301,1.8,0.503,7,6491.01,data_drift,2024-05,6614.331920175263
ID0003972,2024-04-04,2,11,26336.0,29,1,1,1.001,1.385,1.0,0.783,6,5777.34,data_drift,2024-04,5584.907079405469
ID0003973,2024-01-09,3,12,21642.0,38,1,1,0.8,1.739,1.1,0.962,4,6472.04,data_drift,2024-01,5803.9128968045
ID0003974,2024-10-13,3,5,28832.0,77,1,2,1.686,1.137,1.8,0.336,7,6200.05,data_drift,2024-10,6196.257601404585
ID0003975,2024-09-13,2,13,23717.0,66,3,2,1.381,1.579,1.1,0.96,3,5737.78,data_drift,2024-09,6622.460393740315
ID0003976,2024-03-24,2,17,5939.0,19,4,2,1.601,1.529,1.4,0.875,3,8747.11,data_drift,2024-03,8560.27441751458
ID0003977,2024-08-23,0,4,12343.0,48,3,2,1.307,1.669,1.4,0.923,17,7956.92,data_drift,2024-08,6969.918187990724
ID0003978,2024-04-06,2,11,13103.0,43,4,2,1.223,1.231,1.8,0.706,30,7850.33,data_drift,2024-04,8190.331476168479
ID0003979,2024-05-12,4,23,6339.0,58,0,1,0.969,2.0,1.1,0.997,6,6356.51,data_drift,2024-05,5381.881325001742
ID0003980,2024-04-10,1,18,3257.0,47,0,2,1.259,1.255,1.8,0.733,3,7512.16,data_drift,2024-04,6548.466563300547
ID0003981,2024-10-01,1,0,35275.0,54,1,1,1.266,1.117,1.8,0.557,30,6722.44,data_drift,2024-10,6119.490432640043
ID0003982,2024-09-03,3,13,22523.0,34,3,1,1.093,1.893,1.1,0.999,7,6675.26,data_drift,2024-09,6513.781139607849
ID0003983,2024-09-17,2,11,28425.0,66,2,2,1.472,1.192,1.8,0.68,1,6670.59,data_drift,2024-09,6831.532015868558
ID0003984,2024-03-18,2,16,15044.0,19,3,2,1.107,1.141,1.8,0.613,1,8447.88,data_drift,2024-03,8181.444956318661
ID0003985,2024-12-16,3,17,14170.0,59,0,2,1.103,1.623,1.1,0.965,8,5747.54,data_drift,2024-12,5587.655310888205
ID0003986,2024-02-02,2,13,12125.0,45,2,1,1.167,1.725,1.4,0.867,24,7953.24,data_drift,2024-02,7063.399027552197
ID0003987,2024-12-02,4,22,16425.0,62,2,1,1.118,1.686,0.4,0.958,17,6076.81,data_drift,2024-12,4928.4465404464245
ID0003988,2024-04-12,2,22,4192.0,72,2,2,1.162,1.45,1.4,0.711,8,7172.38,data_drift,2024-04,6752.7777370066115
ID0003989,2024-05-16,2,20,7481.0,24,3,2,1.31,1.197,1.4,0.525,1,8753.2,data_drift,2024-05,7659.098270669307
ID0003990,2024-01-03,2,24,9064.0,51,1,2,1.671,1.289,1.4,0.983,3,7052.32,data_drift,2024-01,6309.334336337705
ID0003991,2024-12-06,2,18,6590.0,52,3,1,1.1,0.987,1.2,0.372,7,5375.83,data_drift,2024-12,5839.990575341876
ID0003992,2024-06-16,3,14,6484.0,44,4,2,1.1,1.584,1.4,0.91,24,8945.31,data_drift,2024-06,8231.131407595556
ID0003993,2024-04-17,4,9,44784.0,67,1,2,1.247,1.325,1.0,0.552,5,5792.61,data_drift,2024-04,5248.98507518956
ID0003994,2024-10-12,3,10,14862.0,73,2,2,1.257,1.236,1.8,0.468,1,7009.94,data_drift,2024-10,6829.441881665548
ID0003995,2024-08-14,3,0,94510.0,30,4,2,1.498,1.399,1.4,0.9,2,7068.07,data_drift,2024-08,6978.715190258581
ID0003996,2024-12-28,1,1,13616.0,54,0,2,1.282,0.917,1.2,0.405,1,4508.71,data_drift,2024-12,4540.119681820408
ID0003997,2024-08-22,4,15,18333.0,57,0,2,1.289,1.535,3.2,0.939,30,7789.82,data_drift,2024-08,9810.100772078305
ID0003998,2024-07-14,2,20,2979.0,58,1,1,1.041,1.451,1.4,0.896,8,7352.19,data_drift,2024-07,6104.063567226163
ID0003999,2024-11-06,2,16,8921.0,47,0,2,1.285,0.949,1.8,0.356,30,5811.6,data_drift,2024-11,6377.944668126025
ID0004000,2024-11-16,3,16,24359.0,49,4,2,1.357,1.053,1.2,0.338,1,7025.54,data_drift,2024-11,6568.444228247731
ID0004001,2024-04-18,0,20,4932.0,32,0,2,1.417,1.392,1.4,0.777,6,6469.04,data_drift,2024-04,6270.545819926656
ID0004002,2024-01-26,1,13,11001.0,58,1,2,1.229,1.583,1.1,0.94,10,6340.46,data_drift,2024-01,6178.526932399943
ID0004003,2024-09-13,2,15,9455.0,47,1,2,1.164,1.203,1.8,0.624,1,5908.46,data_drift,2024-09,6946.710644028932
ID0004004,2024-02-06,2,21,11030.0,58,2,1,1.108,1.461,3.2,0.63,4,9725.08,data_drift,2024-02,10001.907155124341
ID0004005,2024-04-02,2,11,11912.0,75,2,2,1.352,1.094,1.8,0.418,4,5870.76,data_drift,2024-04,6612.831240829175
ID0004006,2024-01-07,3,4,22708.0,27,1,1,1.175,1.569,1.4,0.973,7,5445.16,data_drift,2024-01,6078.003452134723
ID0004007,2024-01-25,3,12,11392.0,50,0,2,1.165,1.573,1.4,0.713,30,6117.1,data_drift,2024-01,6633.3443118194355
ID0004008,2024-09-11,1,9,7614.0,54,1,2,1.148,1.404,3.2,0.693,8,9482.14,data_drift,2024-09,9492.598869661526
ID0004009,2024-09-16,2,10,14295.0,41,1,2,1.434,1.456,1.4,0.78,5,5804.69,data_drift,2024-09,6397.744242588861
ID0004010,2024-05-27,4,20,19960.0,76,2,0,0.8,1.485,1.4,0.955,5,6178.83,data_drift,2024-05,6314.945981511548
ID0004011,2024-07-18,1,1,18697.0,66,0,2,1.545,1.255,1.8,0.756,2,6266.32,data_drift,2024-07,6039.416300712535
ID0004012,2024-06-23,2,1,32979.0,52,1,2,1.295,1.216,1.8,0.558,3,7552.25,data_drift,2024-06,6401.837355827512
ID0004013,2024-09-18,1,9,19682.0,62,0,2,1.482,1.52,1.4,0.936,30,5823.88,data_drift,2024-09,6240.311708768152
ID0004014,2024-07-25,1,15,4726.0,65,1,2,1.134,1.209,1.8,0.363,21,6928.15,data_drift,2024-07,6837.679112227381
ID0004015,2024-08-23,2,8,44194.0,21,3,2,1.317,1.499,1.4,0.845,6,7271.17,data_drift,2024-08,7791.735546609784
ID0004016,2024-10-05,3,6,29976.0,39,0,0,1.055,1.732,0.4,0.947,5,4785.38,data_drift,2024-10,3566.0912796090174
ID0004017,2024-03-17,2,6,39110.0,44,1,1,1.043,1.165,1.8,0.334,21,6249.73,data_drift,2024-03,6181.740772014311
ID0004018,2024-01-26,2,9,34259.0,27,2,2,1.526,1.179,1.0,0.54,2,5140.21,data_drift,2024-01,5499.520403303117
ID0004019,2024-05-24,3,8,26635.0,27,3,2,1.36,1.071,1.2,0.341,14,6163.01,data_drift,2024-05,6048.835356256097
ID0004020,2024-03-28,1,11,7376.0,40,3,1,1.066,1.169,1.2,0.57,30,5710.24,data_drift,2024-03,6372.073519035146
ID0004021,2024-09-13,2,13,15796.0,28,2,2,1.357,1.361,1.8,0.662,23,7135.56,data_drift,2024-09,7630.449009631116
ID0004022,2024-03-18,3,21,5561.0,61,1,1,1.195,1.166,1.8,0.473,5,6727.94,data_drift,2024-03,6362.210752831019
ID0004023,2024-04-09,1,8,11385.0,75,1,2,1.254,1.274,1.8,0.798,23,6946.53,data_drift,2024-04,6942.774611893831
ID0004024,2024-12-08,1,13,19210.0,29,1,2,1.423,1.061,1.2,0.271,0,4675.29,data_drift,2024-12,5313.081872450508
ID0004025,2024-02-03,2,17,3703.0,53,0,1,0.879,0.984,1.2,0.244,4,4646.74,data_drift,2024-02,4587.739011050691
ID0004026,2024-04-01,3,18,8181.0,50,1,2,1.442,1.478,1.4,0.717,3,7044.92,data_drift,2024-04,6408.703996894157
ID0004027,2024-01-27,3,16,10472.0,62,1,0,1.093,1.362,1.4,0.935,3,6575.77,data_drift,2024-01,5853.418214453001
ID0004028,2024-05-09,2,15,5366.0,70,0,2,1.279,1.027,1.8,0.298,30,6544.51,data_drift,2024-05,6271.179106495585
ID0004029,2024-11-26,3,8,8496.0,51,1,0,0.981,1.18,1.8,0.623,22,6018.7,data_drift,2024-11,6336.2833834922585
ID0004030,2024-08-10,2,10,40734.0,43,1,2,1.397,1.343,1.4,0.884,7,7134.87,data_drift,2024-08,6396.14560057351
ID0004031,2024-08-09,3,11,15763.0,63,3,2,1.236,1.478,1.4,0.853,16,7253.73,data_drift,2024-08,6971.971048488489
ID0004032,2024-03-06,4,22,13811.0,64,1,2,1.496,1.383,1.8,0.856,23,6732.26,data_drift,2024-03,7416.024914532944
ID0004033,2024-12-11,2,12,10684.0,27,1,2,1.186,1.186,1.8,0.43,22,7507.25,data_drift,2024-12,6959.723675272755
ID0004034,2024-10-12,2,16,5768.0,29,0,2,1.185,1.135,1.0,0.629,22,5547.31,data_drift,2024-10,5421.714009414027
ID0004035,2024-09-18,2,19,3868.0,56,4,2,1.463,1.632,1.4,0.913,3,8358.44,data_drift,2024-09,7495.840051531497
ID0004036,2024-05-26,1,16,8472.0,20,3,2,1.658,1.341,1.0,0.81,6,6951.78,data_drift,2024-05,7460.38951957479
ID0004037,2024-09-20,3,14,6328.0,29,3,0,0.807,1.542,0.4,0.878,4,4879.64,data_drift,2024-09,5071.158525928035
ID0004038,2024-11-08,4,17,9287.0,76,2,2,1.369,1.541,1.4,0.887,10,7124.04,data_drift,2024-11,6790.9210006541025
ID0004039,2024-12-14,3,11,14052.0,25,1,2,1.627,1.313,1.4,0.71,3,6124.83,data_drift,2024-12,6299.116184967257
ID0004040,2024-05-15,4,13,13238.0,34,2,2,1.331,1.22,1.8,0.532,11,7690.95,data_drift,2024-05,7236.278719331296
ID0004041,2024-02-04,2,2,31492.0,47,2,2,1.484,1.419,1.8,0.576,6,7948.34,data_drift,2024-02,7148.98150005534
ID0004042,2024-11-14,2,11,15046.0,20,3,1,1.109,1.511,3.2,0.686,4,11081.28,data_drift,2024-11,10745.588113414111
ID0004043,2024-04-12,2,10,12778.0,45,1,2,1.506,1.864,1.1,0.997,30,7964.77,data_drift,2024-04,6586.185609553766
ID0004044,2024-07-16,4,0,56296.0,50,3,0,1.009,1.36,3.2,0.832,2,9230.09,data_drift,2024-07,9565.630381759729
ID0004045,2024-06-17,1,18,6254.0,70,1,2,1.353,1.404,3.2,0.764,3,10564.43,data_drift,2024-06,9897.379967985322
ID0004046,2024-06-28,1,10,12263.0,77,2,0,0.954,1.352,1.8,0.695,12,6392.49,data_drift,2024-06,6623.1651323952965
ID0004047,2024-09-10,2,16,8158.0,36,2,2,1.03,1.51,0.4,0.906,30,5397.86,data_drift,2024-09,6078.603077696774
ID0004048,2024-05-01,2,10,13325.0,58,2,1,0.869,1.207,1.8,0.57,11,6181.98,data_drift,2024-05,6778.662160615111
ID0004049,2024-01-15,4,17,17667.0,68,0,2,1.108,1.203,1.4,0.572,15,5387.13,data_drift,2024-01,5804.440540821389
ID0004050,2024-10-07,3,13,18984.0,31,1,1,1.045,1.336,1.8,0.482,3,6674.46,data_drift,2024-10,6677.085167585817
ID0004051,2024-12-28,2,10,21084.0,50,1,2,1.28,1.077,1.8,0.53,6,6535.59,data_drift,2024-12,6656.619912560854
ID0004052,2024-11-23,1,22,3043.0,52,3,1,1.074,1.713,0.4,0.883,30,5442.81,data_drift,2024-11,6142.952794951548
ID0004053,2024-04-08,1,9,5556.0,40,1,2,1.185,1.422,1.4,0.582,4,5801.71,data_drift,2024-04,6281.985864984638
ID0004054,2024-08-04,3,15,17522.0,46,2,2,1.391,1.471,1.4,0.831,16,7952.81,data_drift,2024-08,7185.7154590427
ID0004055,2024-07-26,3,13,10605.0,69,0,2,1.266,0.85,1.2,0.183,21,4024.66,data_drift,2024-07,4686.313991110528
ID0004056,2024-09-08,1,24,4997.0,77,4,2,1.696,1.608,0.4,0.917,3,5768.04,data_drift,2024-09,5873.941482670784
ID0004057,2024-02-23,3,15,12649.0,20,3,2,1.247,1.247,1.8,0.72,5,9227.24,data_drift,2024-02,8481.724711876284
ID0004058,2024-09-11,2,14,11091.0,58,2,1,0.96,1.623,1.4,0.99,3,6414.2,data_drift,2024-09,6515.612479974571
ID0004059,2024-07-20,1,0,24530.0,76,1,2,1.123,1.525,1.4,0.877,6,6119.68,data_drift,2024-07,5811.175135840687
ID0004060,2024-05-22,2,7,23567.0,69,1,0,0.902,1.093,1.2,0.527,3,4688.52,data_drift,2024-05,4662.643112566811
ID0004061,2024-12-17,2,18,10333.0,32,2,2,1.264,1.466,1.4,0.831,6,6061.68,data_drift,2024-12,7041.788978980396
ID0004062,2024-08-06,3,14,15883.0,73,2,2,1.382,1.39,3.2,0.699,30,10828.22,data_drift,2024-08,10260.159709596866
ID0004063,2024-12-16,3,12,37263.0,19,4,2,1.234,1.742,1.4,0.978,30,9967.04,data_drift,2024-12,8882.449661321582
ID0004064,2024-11-25,3,9,18525.0,79,1,2,1.417,1.891,1.1,0.966,10,6712.81,data_drift,2024-11,5756.120958465659
ID0004065,2024-05-05,4,10,45123.0,70,1,2,1.049,1.348,1.4,0.587,3,7016.62,data_drift,2024-05,6109.81190996807
ID0004066,2024-09-28,3,14,19963.0,40,1,2,1.324,1.238,3.2,0.732,6,10490.83,data_drift,2024-09,9741.445328045069
ID0004067,2024-07-06,3,18,6109.0,64,2,2,1.624,1.155,1.8,0.42,1,6488.65,data_drift,2024-07,6533.357093667998
ID0004068,2024-07-05,3,12,14038.0,59,2,2,1.553,1.329,1.4,0.781,3,6175.14,data_drift,2024-07,6548.473266343996
ID0004069,2024-02-25,2,22,5039.0,52,4,2,1.258,1.48,1.4,0.87,24,7728.35,data_drift,2024-02,8329.662290822294
ID0004070,2024-06-01,2,23,4659.0,66,1,2,1.596,1.511,1.4,0.749,16,6505.54,data_drift,2024-06,6381.869844443261
ID0004071,2024-03-17,2,5,25869.0,67,1,2,1.367,1.323,1.8,0.382,11,6425.16,data_drift,2024-03,6450.262160949936
ID0004072,2024-12-08,2,15,22734.0,43,1,1,0.884,1.358,1.4,0.811,6,5999.26,data_drift,2024-12,6468.630524359712
ID0004073,2024-09-17,3,11,22385.0,46,3,2,1.533,1.419,1.8,0.627,8,7359.67,data_drift,2024-09,7641.1870335573185
ID0004074,2024-03-19,1,0,21180.0,53,4,1,1.079,1.035,1.2,0.358,21,6330.52,data_drift,2024-03,5956.281133705868
ID0004075,2024-10-18,1,17,11158.0,39,3,2,1.272,1.367,1.0,0.801,9,6034.64,data_drift,2024-10,6909.94305676966
ID0004076,2024-06-06,3,17,5110.0,20,3,1,1.056,1.68,0.4,0.975,13,6653.25,data_drift,2024-06,6357.1187956434105
ID0004077,2024-08-13,2,15,10289.0,25,1,2,1.41,1.301,1.0,0.799,5,6163.53,data_drift,2024-08,6114.047433622792
ID0004078,2024-01-23,3,21,5537.0,48,3,2,1.515,1.607,1.4,0.944,10,7540.25,data_drift,2024-01,7327.78067465726
ID0004079,2024-03-01,1,10,11572.0,45,1,2,1.17,1.153,1.2,0.446,3,6410.16,data_drift,2024-03,5522.311893457999
ID0004080,2024-07-16,1,19,8720.0,63,0,1,1.08,1.282,1.4,0.747,7,6800.49,data_drift,2024-07,5771.0701881954255
ID0004081,2024-07-02,4,15,26825.0,42,1,1,1.058,1.425,1.8,0.765,2,7346.82,data_drift,2024-07,7133.019179478386
ID0004082,2024-09-24,1,15,7402.0,25,2,1,0.995,1.31,1.8,0.65,15,6551.31,data_drift,2024-09,7408.136507142186
ID0004083,2024-03-19,3,10,14809.0,22,1,2,1.044,1.434,1.4,0.754,2,7469.49,data_drift,2024-03,7087.515626384963
ID0004084,2024-03-28,3,25,5235.0,19,1,1,0.988,1.494,1.4,0.81,2,7384.08,data_drift,2024-03,7442.194359784617
ID0004085,2024-01-06,3,10,25888.0,49,2,1,0.984,1.024,1.8,0.31,7,7166.99,data_drift,2024-01,6477.619990771053
ID0004086,2024-02-09,3,8,4758.0,20,1,2,1.565,1.559,1.4,0.938,9,7175.97,data_drift,2024-02,7098.421561227964
ID0004087,2024-07-05,3,7,19339.0,18,1,2,1.327,1.395,1.4,0.733,5,7156.17,data_drift,2024-07,6933.02144417631
ID0004088,2024-09-24,3,24,12517.0,31,2,2,1.267,1.509,1.4,0.942,5,7650.14,data_drift,2024-09,6985.659395578914
ID0004089,2024-09-19,2,22,8206.0,66,3,2,1.145,1.278,1.4,0.83,16,8243.52,data_drift,2024-09,7117.2154857486685
ID0004090,2024-10-19,3,12,8246.0,73,3,2,1.306,1.532,1.4,0.472,30,7025.02,data_drift,2024-10,7291.340049419873
ID0004091,2024-07-22,3,23,10422.0,27,1,2,1.529,1.153,1.8,0.375,7,6683.67,data_drift,2024-07,6711.376119995964
ID0004092,2024-10-06,0,16,16788.0,30,4,1,1.039,1.12,1.0,0.58,2,5732.8,data_drift,2024-10,6109.060646516054
ID0004093,2024-12-09,2,4,48332.0,63,2,2,1.273,1.271,1.8,0.737,3,6844.03,data_drift,2024-12,6906.956046922108
ID0004094,2024-10-08,4,11,12810.0,67,1,2,1.358,1.069,1.2,0.253,3,5304.25,data_drift,2024-10,5063.9665466414235
ID0004095,2024-10-03,2,19,13545.0,58,2,0,1.076,1.862,0.4,0.992,7,5871.48,data_drift,2024-10,4637.562823610735
ID0004096,2024-05-08,2,5,30016.0,33,0,1,0.953,1.088,1.8,0.191,21,6028.39,data_drift,2024-05,5843.738662240617
ID0004097,2024-10-05,1,17,7917.0,65,4,2,1.105,1.151,1.8,0.634,1,7500.62,data_drift,2024-10,7651.258180796059
ID0004098,2024-11-20,3,10,11227.0,35,2,2,1.355,1.264,3.2,0.864,30,9880.8,data_drift,2024-11,10065.834216581432
ID0004099,2024-05-05,3,14,11211.0,62,1,1,0.807,1.238,1.8,0.628,3,5478.54,data_drift,2024-05,6517.438262693457
ID0004100,2024-05-03,1,12,18173.0,71,2,2,1.245,1.328,1.4,0.967,16,7312.39,data_drift,2024-05,6606.450363154419
ID0004101,2024-02-24,3,10,6684.0,58,2,2,1.265,1.758,1.1,0.987,5,6324.54,data_drift,2024-02,6225.161987532252
ID0004102,2024-08-02,1,12,9554.0,75,2,2,1.186,1.331,1.8,0.533,1,7473.51,data_drift,2024-08,7017.41652124608
ID0004103,2024-03-06,3,7,28019.0,49,2,2,1.438,1.455,3.2,0.864,2,9694.5,data_drift,2024-03,9926.781817692077
ID0004104,2024-02-15,3,15,18302.0,21,3,1,1.179,1.507,0.4,0.933,3,5810.99,data_drift,2024-02,5986.363100953426
ID0004105,2024-07-26,3,13,18958.0,73,1,2,1.504,1.22,1.8,0.517,4,5990.51,data_drift,2024-07,6474.141348376334
ID0004106,2024-01-05,3,15,9866.0,79,3,2,1.354,1.13,1.8,0.399,6,7430.96,data_drift,2024-01,7052.966940204096
ID0004107,2024-06-24,2,11,8785.0,75,0,2,1.465,1.942,1.1,0.995,6,5480.51,data_drift,2024-06,5238.979918053719
ID0004108,2024-10-11,2,24,7232.0,41,0,1,1.114,1.422,3.2,0.881,30,9229.49,data_drift,2024-10,9599.831323576327
ID0004109,2024-09-10,0,15,12501.0,75,0,2,1.416,1.406,1.8,0.918,2,6860.73,data_drift,2024-09,6657.658724901977
ID0004110,2024-04-28,3,0,36176.0,69,3,1,1.034,1.603,1.4,0.934,4,6718.79,data_drift,2024-04,6181.539200969739
ID0004111,2024-01-22,1,19,12651.0,49,1,2,1.276,1.267,1.8,0.606,8,6528.96,data_drift,2024-01,7076.325558865711
ID0004112,2024-09-13,2,2,33993.0,44,0,2,1.233,1.269,1.8,0.574,15,6434.79,data_drift,2024-09,6287.38688225009
ID0004113,2024-05-09,1,0,9605.0,47,3,1,0.999,1.324,1.8,0.468,1,6574.61,data_drift,2024-05,6951.714181465385
ID0004114,2024-05-11,2,7,6307.0,37,3,2,1.306,1.659,1.4,0.943,7,6981.95,data_drift,2024-05,7137.05104325291
ID0004115,2024-06-04,2,15,19962.0,67,2,2,1.42,1.513,1.4,0.885,24,7594.08,data_drift,2024-06,7277.633989959718
ID0004116,2024-10-05,3,10,15082.0,47,0,2,1.552,0.986,1.8,0.311,30,5721.32,data_drift,2024-10,6225.762690117886
ID0004117,2024-11-05,1,0,19850.0,24,1,2,1.332,1.442,1.4,0.877,4,6325.98,data_drift,2024-11,6660.353580672173
ID0004118,2024-11-27,3,23,12084.0,25,2,2,1.239,1.389,1.8,0.792,4,7633.69,data_drift,2024-11,7749.143173650081
ID0004119,2024-02-13,3,14,8696.0,24,2,2,1.377,1.686,0.4,0.837,24,6309.74,data_drift,2024-02,7028.047978228592
ID0004120,2024-11-24,3,1,69146.0,50,4,1,1.046,1.393,1.4,0.867,2,6252.56,data_drift,2024-11,6681.662305184359
ID0004121,2024-05-06,1,13,8727.0,73,2,2,1.383,1.317,1.8,0.562,22,6603.18,data_drift,2024-05,7270.951885258066
ID0004122,2024-03-08,3,16,5977.0,46,2,1,0.972,1.458,1.4,0.914,3,6468.85,data_drift,2024-03,6390.205294259146
ID0004123,2024-08-15,4,18,27694.0,22,1,2,1.142,1.998,1.1,0.992,7,7419.6,data_drift,2024-08,7062.23261226511
ID0004124,2024-01-05,1,22,6689.0,30,1,1,1.139,1.118,1.8,0.639,6,7190.58,data_drift,2024-01,6692.244001671358
ID0004125,2024-04-09,2,2,13468.0,39,2,1,1.182,1.61,0.4,0.977,30,5840.28,data_drift,2024-04,5054.754324316296
ID0004126,2024-10-22,1,7,6671.0,77,2,1,1.025,1.287,1.8,0.684,1,5722.11,data_drift,2024-10,6497.020161413696
ID0004127,2024-10-15,2,11,11293.0,51,3,1,1.093,1.074,1.8,0.559,2,6893.76,data_drift,2024-10,6937.700462948883
ID0004128,2024-07-11,0,20,2555.0,70,2,2,1.187,1.699,1.4,0.977,24,6778.98,data_drift,2024-07,7669.570109722474
ID0004129,2024-09-24,4,14,18908.0,52,2,1,1.147,1.417,1.8,0.699,4,8378.92,data_drift,2024-09,6872.37875860996
ID0004130,2024-06-22,1,13,12415.0,66,1,1,1.051,1.639,0.4,0.979,4,4814.27,data_drift,2024-06,4451.1318250151735
ID0004131,2024-10-02,2,13,7200.0,32,0,2,1.317,0.933,1.2,0.278,2,4922.62,data_drift,2024-10,4813.900034478615
ID0004132,2024-11-18,4,15,49978.0,70,2,2,1.151,1.382,1.4,0.914,7,6814.01,data_drift,2024-11,7123.843854082157
ID0004133,2024-12-27,2,17,16429.0,76,1,0,1.052,0.965,1.2,0.328,7,4146.3,data_drift,2024-12,4637.728721567698
ID0004134,2024-04-12,1,5,11135.0,59,2,1,1.223,1.24,1.8,0.723,1,7307.15,data_drift,2024-04,6503.602021957615
ID0004135,2024-01-25,2,12,14139.0,30,0,1,1.022,1.523,0.4,0.913,3,3852.83,data_drift,2024-01,4089.357069550967
ID0004136,2024-09-01,3,14,11370.0,78,2,2,1.288,0.866,1.2,0.168,4,4915.66,data_drift,2024-09,5212.631397353366
ID0004137,2024-10-27,3,6,49050.0,51,2,2,1.338,1.334,1.4,0.844,2,6708.17,data_drift,2024-10,6592.046780967484
ID0004138,2024-03-05,3,7,15326.0,70,3,1,0.972,1.256,3.2,0.871,23,8887.64,data_drift,2024-03,9668.897370525974
ID0004139,2024-12-26,1,14,7288.0,76,3,2,1.394,1.126,1.8,0.678,8,6991.69,data_drift,2024-12,7175.8932518507645
ID0004140,2024-08-06,3,16,9101.0,62,3,2,1.106,1.032,1.2,0.345,2,6285.63,data_drift,2024-08,6110.125571922461
ID0004141,2024-05-10,4,21,8927.0,57,4,1,0.8,1.004,1.2,0.322,5,5738.73,data_drift,2024-05,6393.176576123011
ID0004142,2024-03-22,2,23,3797.0,37,0,1,1.249,1.36,1.4,0.785,5,5562.54,data_drift,2024-03,6091.057734811422
ID0004143,2024-06-28,3,19,10995.0,25,1,2,1.627,1.505,1.4,0.906,6,8233.83,data_drift,2024-06,6754.4700094826685
ID0004144,2024-04-13,3,9,13847.0,61,1,2,1.369,1.223,1.8,0.808,9,6817.3,data_drift,2024-04,6748.494226245898
ID0004145,2024-10-26,2,23,6258.0,21,4,2,1.476,1.199,1.4,0.671,30,7658.47,data_drift,2024-10,8606.62543718115
ID0004146,2024-02-02,3,14,7117.0,49,2,1,1.047,1.505,1.0,0.799,3,5565.32,data_drift,2024-02,5864.566439861967
ID0004147,2024-03-28,4,8,65277.0,72,1,2,1.152,1.297,1.8,0.558,6,6975.75,data_drift,2024-03,6813.951146874554
ID0004148,2024-01-10,3,15,34957.0,38,0,1,0.99,1.318,1.4,0.633,5,6130.44,data_drift,2024-01,5850.435009871558
ID0004149,2024-12-26,2,3,54693.0,68,4,1,1.161,1.629,1.4,0.886,24,7285.46,data_drift,2024-12,7250.811759117652
ID0004150,2024-02-19,2,0,13429.0,25,1,2,1.464,1.051,1.2,0.25,0,5379.96,data_drift,2024-02,5196.157838864371
ID0004151,2024-02-11,2,22,3366.0,30,1,1,1.119,0.896,1.2,0.201,4,5174.05,data_drift,2024-02,5091.343153991611
ID0004152,2024-02-21,3,7,12673.0,29,1,2,1.365,1.416,1.4,0.833,12,7347.55,data_drift,2024-02,6254.341287004048
ID0004153,2024-10-09,2,14,14122.0,45,1,1,1.035,1.732,0.4,0.973,5,5255.85,data_drift,2024-10,4791.965487819687
ID0004154,2024-11-15,2,13,14218.0,69,0,2,1.516,0.912,1.2,0.399,21,4437.71,data_drift,2024-11,4736.73167679801
ID0004155,2024-11-19,1,15,4844.0,44,3,2,1.381,1.629,1.4,0.962,4,7534.96,data_drift,2024-11,7214.592667450023
ID0004156,2024-09-26,1,9,13486.0,45,4,2,1.196,1.713,1.4,0.901,8,7018.6,data_drift,2024-09,7302.558595908448
ID0004157,2024-06-07,1,16,15156.0,42,2,2,1.284,1.353,3.2,0.732,4,10282.28,data_drift,2024-06,10117.882616215822
ID0004158,2024-04-07,1,18,4491.0,66,3,2,1.151,1.532,1.4,0.907,8,7502.83,data_drift,2024-04,7153.498729064838
ID0004159,2024-04-04,1,22,2500.0,23,3,2,1.346,1.088,1.8,0.567,11,8012.29,data_drift,2024-04,8123.086444637191
ID0004160,2024-07-14,4,11,37495.0,21,4,2,1.338,1.219,3.2,0.622,7,10902.03,data_drift,2024-07,11257.788817363646
ID0004161,2024-10-01,2,10,13215.0,45,2,2,1.229,0.97,1.2,0.244,6,5893.84,data_drift,2024-10,5496.245740075554
ID0004162,2024-11-08,4,25,10831.0,48,2,2,1.248,1.391,1.4,0.866,5,6607.95,data_drift,2024-11,6910.62945283742
ID0004163,2024-04-25,0,14,4934.0,65,2,2,1.256,1.227,1.8,0.584,3,7091.68,data_drift,2024-04,6848.603834355369
ID0004164,2024-09-21,2,0,41130.0,31,0,2,1.548,1.599,0.4,0.952,3,3828.56,data_drift,2024-09,4196.206348533645
ID0004165,2024-07-04,3,7,21269.0,61,1,0,0.988,0.942,1.2,0.548,4,4512.27,data_drift,2024-07,4549.535948390448
ID0004166,2024-04-27,2,5,27960.0,64,1,1,1.029,1.48,1.4,0.946,6,6665.94,data_drift,2024-04,5605.566004374758
ID0004167,2024-12-13,1,4,23095.0,42,2,1,0.806,1.101,1.2,0.561,30,5746.88,data_drift,2024-12,5626.068979724738
ID0004168,2024-03-22,1,6,29202.0,24,2,1,1.166,1.281,1.8,0.661,6,7018.07,data_drift,2024-03,7739.441725850686
ID0004169,2024-07-12,2,6,11401.0,74,1,2,1.388,1.547,0.4,0.958,7,4846.37,data_drift,2024-07,4172.452793572937
ID0004170,2024-02-24,2,7,21636.0,32,2,2,1.662,1.481,1.1,0.958,4,6308.55,data_drift,2024-02,5962.58303485431
ID0004171,2024-09-25,3,16,15890.0,38,3,2,1.378,1.342,1.8,0.706,30,5920.97,data_drift,2024-09,8129.4271684624255
ID0004172,2024-03-19,1,0,52142.0,20,1,0,0.991,1.278,1.8,0.625,6,6570.85,data_drift,2024-03,7087.598791660285
ID0004173,2024-03-21,4,16,17576.0,48,3,2,1.374,1.6,1.4,0.867,5,7268.63,data_drift,2024-03,7395.144338184824
ID0004174,2024-07-19,3,21,4790.0,71,4,2,1.162,1.408,1.4,0.91,2,8506.83,data_drift,2024-07,7554.460604190927
ID0004175,2024-09-18,0,10,11526.0,46,3,2,1.43,1.342,1.8,0.77,23,8003.43,data_drift,2024-09,8098.159624379256
ID0004176,2024-09-17,1,7,17826.0,70,3,2,1.512,1.084,1.8,0.597,11,6902.43,data_drift,2024-09,6956.827177085903
ID0004177,2024-02-04,2,13,13762.0,21,0,2,1.229,1.481,1.0,0.803,30,6266.78,data_drift,2024-02,6772.071752858672
ID0004178,2024-07-16,1,19,3639.0,50,0,2,1.28,1.459,1.4,0.854,2,6181.51,data_drift,2024-07,6147.966089256906
ID0004179,2024-03-24,2,16,17701.0,46,2,1,1.256,1.609,1.4,0.919,5,7422.65,data_drift,2024-03,6617.391458636181
ID0004180,2024-04-10,3,14,18862.0,62,0,1,1.076,1.337,1.4,0.902,6,6361.29,data_drift,2024-04,5758.879485392836
ID0004181,2024-05-03,4,8,56955.0,73,2,2,1.463,1.629,1.4,0.95,4,5839.59,data_drift,2024-05,6827.432730050386
ID0004182,2024-10-09,0,17,2803.0,75,3,2,1.38,1.156,1.8,0.713,5,7354.28,data_drift,2024-10,7148.788169294793
ID0004183,2024-10-16,3,7,18635.0,62,0,2,1.197,1.635,1.4,0.917,24,6204.13,data_drift,2024-10,6248.530296607953
ID0004184,2024-08-20,2,20,16651.0,75,1,1,1.044,1.547,1.4,0.929,3,6184.13,data_drift,2024-08,6050.663039444693
ID0004185,2024-04-11,4,20,8098.0,48,1,2,1.552,1.358,1.8,0.521,1,6858.59,data_drift,2024-04,6921.294232842492
ID0004186,2024-06-01,2,4,15014.0,56,0,2,1.366,1.37,1.4,0.848,4,6264.09,data_drift,2024-06,5602.220231114353
ID0004187,2024-06-08,2,15,8908.0,28,0,2,1.213,1.517,1.4,0.797,7,5998.07,data_drift,2024-06,6555.110375923854
ID0004188,2024-01-18,3,16,14196.0,33,2,2,1.193,1.304,1.8,0.312,8,7252.86,data_drift,2024-01,7237.578725212611
ID0004189,2024-08-13,4,17,15676.0,71,1,2,1.199,0.978,1.8,0.402,2,6350.04,data_drift,2024-08,6294.81941888408
ID0004190,2024-06-27,3,10,24650.0,75,1,1,1.011,1.19,1.8,0.73,1,6428.05,data_drift,2024-06,6208.613481410104
ID0004191,2024-02-16,2,12,22964.0,42,2,1,0.971,1.191,1.8,0.706,30,7549.86,data_drift,2024-02,7313.00481217044
ID0004192,2024-04-06,2,10,9272.0,71,3,1,1.047,1.599,0.4,0.879,3,5338.76,data_drift,2024-04,4981.36353780922
ID0004193,2024-06-13,2,20,5168.0,21,1,2,1.076,1.454,1.8,0.851,6,7826.49,data_drift,2024-06,8221.421106264535
ID0004194,2024-12-11,2,19,8368.0,52,4,2,1.035,1.63,1.4,0.88,8,8638.73,data_drift,2024-12,7668.766614178841
ID0004195,2024-11-02,2,11,41986.0,45,1,2,1.248,1.53,1.8,0.759,2,6878.72,data_drift,2024-11,7142.597445720011
ID0004196,2024-03-15,0,17,5447.0,78,2,2,1.455,1.686,0.4,0.942,7,5658.72,data_drift,2024-03,4993.432701446739
ID0004197,2024-03-27,2,16,7330.0,42,1,2,1.24,1.221,1.8,0.646,22,6913.67,data_drift,2024-03,7239.995576943356
ID0004198,2024-11-22,2,9,25277.0,56,1,1,1.036,1.545,0.4,0.947,6,4516.67,data_drift,2024-11,4161.45162230026
ID0004199,2024-01-05,3,17,9422.0,30,2,2,1.141,1.434,1.4,0.895,6,7033.57,data_drift,2024-01,7049.565251658353
ID0004200,2024-07-17,2,16,5097.0,50,2,2,1.33,0.994,1.8,0.294,14,6946.91,data_drift,2024-07,6913.45821944201
ID0004201,2024-11-28,3,19,10669.0,59,0,1,1.06,1.309,1.8,0.897,5,6893.77,data_drift,2024-11,6432.867329258818
ID0004202,2024-01-18,1,5,7277.0,60,3,1,1.049,1.257,1.8,0.558,30,7053.88,data_drift,2024-01,7208.635059563774
ID0004203,2024-09-03,1,19,5057.0,30,0,1,1.059,1.142,1.4,0.592,1,5870.77,data_drift,2024-09,5697.922993887588
ID0004204,2024-04-08,0,14,11122.0,46,1,1,1.141,1.22,1.4,0.603,4,5151.71,data_drift,2024-04,5960.212915046525
ID0004205,2024-01-27,2,2,16867.0,53,2,2,1.352,1.6,1.4,0.815,7,7218.16,data_drift,2024-01,6476.093060605563
ID0004206,2024-02-16,0,9,8889.0,72,3,2,1.236,1.454,3.2,0.609,12,9434.16,data_drift,2024-02,10297.766664514724
ID0004207,2024-09-12,1,19,4277.0,27,4,2,1.243,1.71,0.4,0.971,13,7050.48,data_drift,2024-09,6466.321646792497
ID0004208,2024-03-14,3,9,18527.0,43,3,2,1.044,1.504,1.4,0.86,6,6685.56,data_drift,2024-03,6898.677330179914
ID0004209,2024-02-24,1,18,13363.0,65,2,2,1.097,1.262,1.4,0.779,30,6467.11,data_drift,2024-02,7115.099918849027
ID0004210,2024-11-19,3,25,4749.0,73,3,1,1.244,1.076,1.8,0.273,21,6521.31,data_drift,2024-11,7003.412030849898
ID0004211,2024-04-26,1,0,15464.0,57,2,0,1.071,1.272,1.8,0.561,5,6235.33,data_drift,2024-04,6364.27549097087
ID0004212,2024-07-27,2,24,6621.0,74,1,2,1.47,1.462,3.2,0.779,9,9354.79,data_drift,2024-07,10034.091063079139
ID0004213,2024-12-20,4,13,31669.0,64,2,1,0.976,1.016,1.2,0.401,15,5536.71,data_drift,2024-12,5250.154283401397
ID0004214,2024-06-24,4,11,26857.0,39,0,2,1.114,1.392,1.8,0.793,5,6565.7,data_drift,2024-06,6774.454059086467
ID0004215,2024-09-06,2,0,21329.0,56,2,0,0.898,1.585,1.4,0.898,5,5905.37,data_drift,2024-09,5744.455039652775
ID0004216,2024-10-16,3,11,18995.0,54,2,2,1.364,1.598,0.4,0.911,3,5160.95,data_drift,2024-10,5126.876177471372
ID0004217,2024-12-16,4,22,6918.0,38,1,1,1.243,1.82,1.1,0.995,6,6402.03,data_drift,2024-12,6071.446865055585
ID0004218,2024-11-24,2,15,18574.0,44,0,1,1.026,0.928,1.2,0.186,3,4843.24,data_drift,2024-11,4557.153211499812
ID0004219,2024-01-24,0,3,20937.0,19,4,2,1.299,1.103,1.2,0.374,1,7122.19,data_drift,2024-01,7234.577262325819
ID0004220,2024-07-13,3,10,11585.0,44,1,2,1.465,1.56,0.4,0.97,10,4934.46,data_drift,2024-07,5062.325902327464
ID0004221,2024-02-23,2,15,3295.0,19,0,2,1.085,1.327,1.0,0.764,23,6477.11,data_drift,2024-02,6816.156505046179
ID0004222,2024-09-08,2,12,15209.0,30,1,1,0.945,1.069,1.8,0.544,22,6691.22,data_drift,2024-09,6523.35698932594
ID0004223,2024-12-03,2,0,26176.0,48,1,2,1.428,1.435,1.0,0.95,17,6117.86,data_drift,2024-12,5273.816277666538
ID0004224,2024-06-08,4,4,20999.0,62,2,2,1.299,1.313,3.2,0.633,8,8633.46,data_drift,2024-06,9654.423643654349
ID0004225,2024-12-14,2,15,8852.0,33,2,1,1.168,1.308,1.8,0.56,22,7191.49,data_drift,2024-12,7318.105594163006
ID0004226,2024-02-23,3,18,16179.0,19,0,2,1.588,1.576,3.2,0.859,4,10491.77,data_drift,2024-02,10417.563785391883
ID0004227,2024-07-28,2,5,11447.0,44,1,2,1.044,1.028,1.2,0.447,1,5198.23,data_drift,2024-07,5214.557113373253
ID0004228,2024-08-08,1,8,9339.0,66,3,2,1.129,1.616,0.4,0.926,13,5927.71,data_drift,2024-08,5511.251670308924
ID0004229,2024-05-08,2,12,6711.0,48,1,2,1.4,1.019,1.2,0.456,22,6182.17,data_drift,2024-05,5498.821487580557
ID0004230,2024-11-26,1,5,31028.0,75,0,1,1.144,1.278,1.8,0.683,2,5961.7,data_drift,2024-11,5755.571883770205
ID0004231,2024-08-09,2,14,12093.0,69,3,1,1.044,1.173,1.8,0.691,5,7554.37,data_drift,2024-08,7011.302015420097
ID0004232,2024-05-14,3,14,18497.0,70,3,1,1.184,1.46,1.4,0.728,2,7110.27,data_drift,2024-05,6593.982225576045
ID0004233,2024-04-14,1,17,6091.0,29,1,1,0.969,1.351,1.2,0.584,15,5543.43,data_drift,2024-04,5930.232666035103
ID0004234,2024-06-27,3,17,12449.0,59,3,1,0.898,1.376,1.4,0.851,12,7816.06,data_drift,2024-06,6722.267463957833
ID0004235,2024-04-23,2,12,16677.0,20,0,1,0.975,1.718,0.4,0.977,5,5428.44,data_drift,2024-04,4861.611471996256
ID0004236,2024-10-17,0,20,7189.0,73,0,1,1.122,1.502,1.4,0.785,6,6187.54,data_drift,2024-10,5969.439696543326
ID0004237,2024-08-08,3,19,12938.0,49,1,2,1.184,0.984,1.2,0.401,1,5039.0,data_drift,2024-08,5350.576665781217
ID0004238,2024-09-25,2,16,18093.0,38,2,0,1.028,1.103,1.4,0.518,30,5814.92,data_drift,2024-09,6178.014565438396
ID0004239,2024-11-18,2,17,13098.0,68,1,2,1.17,1.306,1.8,0.717,9,7136.25,data_drift,2024-11,6888.676945036594
ID0004240,2024-05-09,3,12,22756.0,56,2,2,1.364,1.386,3.2,0.901,7,10214.81,data_drift,2024-05,10085.653522968923
ID0004241,2024-07-27,4,14,29648.0,39,1,2,1.603,1.427,1.8,0.911,12,7111.85,data_drift,2024-07,7352.533722038978
ID0004242,2024-02-12,4,8,47239.0,79,0,2,1.306,1.566,0.4,0.961,30,4428.14,data_drift,2024-02,4814.685672838166
ID0004243,2024-08-09,4,15,19893.0,35,2,2,1.463,1.213,1.8,0.503,30,8186.37,data_drift,2024-08,7539.22098407038
ID0004244,2024-06-01,2,16,12630.0,75,2,2,1.245,1.121,1.8,0.612,22,7746.09,data_drift,2024-06,7049.949745910515
ID0004245,2024-05-26,2,14,7689.0,30,3,1,1.009,1.659,1.1,0.984,8,7380.44,data_drift,2024-05,6787.535526655319
ID0004246,2024-02-24,3,20,7347.0,46,0,2,1.436,1.412,1.8,0.676,2,7525.79,data_drift,2024-02,6652.665167313371
ID0004247,2024-10-20,2,11,11991.0,32,2,2,1.266,1.139,1.8,0.683,22,7568.34,data_drift,2024-10,7287.157591408671
ID0004248,2024-08-28,3,14,9555.0,35,1,2,1.229,1.554,1.4,0.89,4,6648.47,data_drift,2024-08,6582.0004843936495
ID0004249,2024-12-01,1,6,26230.0,70,0,2,1.407,1.357,1.8,0.601,2,5470.33,data_drift,2024-12,6219.592651858096
ID0004250,2024-11-20,3,13,10533.0,21,2,2,1.292,1.359,1.8,0.826,5,7932.5,data_drift,2024-11,8360.203577122034
ID0004251,2024-10-25,1,16,5912.0,42,1,1,1.091,1.258,1.2,0.59,7,5594.62,data_drift,2024-10,5714.432765217384
ID0004252,2024-08-26,1,5,11752.0,43,2,2,1.151,1.403,1.8,0.554,22,6995.07,data_drift,2024-08,7375.710787309204
ID0004253,2024-09-17,1,9,8487.0,62,3,1,1.078,1.145,1.8,0.681,3,6430.02,data_drift,2024-09,6842.893153878868
ID0004254,2024-09-12,2,14,9243.0,76,0,2,1.074,1.166,1.2,0.338,10,4935.11,data_drift,2024-09,5058.678100812388
ID0004255,2024-07-05,2,16,6062.0,75,3,1,1.163,1.368,1.4,0.751,2,7057.15,data_drift,2024-07,6716.475451536964
ID0004256,2024-11-15,1,13,15585.0,19,3,2,1.414,1.394,3.2,0.806,3,11254.67,data_drift,2024-11,11588.202786459053
ID0004257,2024-03-07,0,18,6578.0,72,3,0,0.98,1.2,1.8,0.462,6,6576.59,data_drift,2024-03,6982.082759263272
ID0004258,2024-10-18,4,9,34266.0,29,4,1,0.978,0.85,1.2,0.365,10,6124.85,data_drift,2024-10,5942.289324992438
ID0004259,2024-04-02,2,4,36436.0,43,2,2,1.504,1.482,1.4,0.816,2,6693.81,data_drift,2024-04,6559.602334527383
ID0004260,2024-08-23,2,9,16523.0,57,2,2,1.446,1.418,1.4,0.682,7,6674.12,data_drift,2024-08,6294.377803617012
ID0004261,2024-10-07,3,15,16233.0,45,2,2,1.372,1.408,3.2,0.841,23,10335.09,data_drift,2024-10,10615.13723223492
ID0004262,2024-06-28,1,2,19174.0,57,1,2,1.348,1.437,0.4,0.93,4,4383.16,data_drift,2024-06,4198.396204292011
ID0004263,2024-03-28,2,11,12954.0,52,1,2,1.398,1.428,3.2,0.898,4,9822.03,data_drift,2024-03,9771.790233381631
ID0004264,2024-07-03,3,19,7213.0,61,4,2,1.396,1.868,0.4,0.99,4,6278.54,data_drift,2024-07,6007.814120301903
ID0004265,2024-02-19,4,18,18320.0,59,1,2,1.602,1.395,1.4,0.862,5,6360.98,data_drift,2024-02,6451.954413348188
ID0004266,2024-10-19,1,4,22376.0,75,2,2,1.611,1.104,1.8,0.376,21,7049.54,data_drift,2024-10,6586.665105691666
ID0004267,2024-08-27,3,0,20365.0,62,3,2,1.355,1.077,1.8,0.565,4,7063.52,data_drift,2024-08,6830.225034498576
ID0004268,2024-12-18,4,13,19952.0,26,1,2,1.337,1.718,0.4,0.895,30,5530.55,data_drift,2024-12,5736.408585018947
ID0004269,2024-06-25,3,11,23092.0,78,4,2,1.27,1.341,1.8,0.75,16,7261.95,data_drift,2024-06,7933.596871126335
ID0004270,2024-12-21,3,21,6938.0,44,0,2,1.583,1.003,1.8,0.328,14,5453.91,data_drift,2024-12,6291.791374170543
ID0004271,2024-07-14,4,11,42798.0,43,0,2,1.502,0.921,1.8,0.391,21,5787.53,data_drift,2024-07,6346.128803062685
ID0004272,2024-05-14,3,18,9212.0,72,0,2,1.177,1.15,1.8,0.565,4,5693.35,data_drift,2024-05,6388.052384952909
ID0004273,2024-05-05,3,14,11082.0,77,1,2,0.94,1.447,1.4,0.781,4,6348.64,data_drift,2024-05,6300.682608690601
ID0004274,2024-03-09,3,6,32276.0,37,0,0,0.835,1.629,1.4,0.889,24,7429.72,data_drift,2024-03,5557.992046777945
ID0004275,2024-07-17,2,2,25930.0,37,3,2,1.294,1.137,1.8,0.742,22,7560.7,data_drift,2024-07,7356.459997816664
ID0004276,2024-06-15,3,5,26900.0,22,0,2,1.355,1.451,1.4,0.791,4,6538.65,data_drift,2024-06,6635.87403501054
ID0004277,2024-06-04,1,12,6852.0,24,2,2,1.406,1.003,1.2,0.28,5,7331.0,data_drift,2024-06,6550.250578724247
ID0004278,2024-08-21,3,9,22617.0,44,2,2,1.391,1.151,1.8,0.625,8,7326.91,data_drift,2024-08,7107.6683414795825
ID0004279,2024-02-07,0,16,4491.0,75,3,1,1.279,1.032,1.2,0.496,30,5775.93,data_drift,2024-02,5968.685714465919
ID0004280,2024-04-25,2,18,5244.0,53,3,1,0.836,1.064,1.2,0.221,3,6267.34,data_drift,2024-04,5690.077452035574
ID0004281,2024-03-25,2,15,4790.0,33,0,1,1.082,1.392,1.8,0.503,22,6392.13,data_drift,2024-03,6789.49948091328
ID0004282,2024-04-24,3,12,8930.0,65,1,2,1.469,1.306,3.2,0.938,4,7934.19,data_drift,2024-04,9441.574908392344
ID0004283,2024-07-24,2,12,7084.0,51,3,1,1.121,1.408,1.8,0.667,16,7416.32,data_drift,2024-07,7393.198453899755
ID0004284,2024-10-02,3,16,12204.0,35,3,2,1.309,0.998,1.8,0.569,4,7452.68,data_drift,2024-10,7323.942348848977
ID0004285,2024-04-26,2,10,9780.0,40,0,2,1.279,1.181,1.8,0.666,22,6940.29,data_drift,2024-04,6677.256614784191
ID0004286,2024-06-26,1,13,6079.0,46,1,2,1.278,1.173,1.0,0.569,1,5729.16,data_drift,2024-06,5328.60968298237
ID0004287,2024-06-08,3,20,21940.0,58,1,2,1.041,1.524,1.4,0.905,5,6302.49,data_drift,2024-06,6497.587757967696
ID0004288,2024-03-01,1,9,10346.0,67,1,2,1.316,1.238,1.8,0.606,3,7358.24,data_drift,2024-03,6562.076450755345
ID0004289,2024-04-18,3,25,6474.0,60,0,2,1.392,1.447,1.8,0.696,4,7595.31,data_drift,2024-04,6484.329905832473
ID0004290,2024-07-14,2,3,42631.0,74,4,2,1.528,1.428,1.8,0.661,2,8426.42,data_drift,2024-07,7630.747030109894
ID0004291,2024-05-26,2,23,10363.0,19,1,1,1.114,1.053,1.2,0.669,3,5824.87,data_drift,2024-05,6428.307192248131
ID0004292,2024-09-04,1,14,29459.0,24,1,2,1.352,1.874,1.1,0.989,6,7406.83,data_drift,2024-09,7010.105858986757
ID0004293,2024-05-24,2,0,52906.0,30,1,1,1.043,0.944,1.8,0.26,30,5394.81,data_drift,2024-05,6146.12632470519
ID0004294,2024-09-13,1,12,14797.0,64,1,1,0.965,1.545,1.4,0.807,9,6169.68,data_drift,2024-09,5909.976832135925
ID0004295,2024-06-03,3,13,22108.0,51,0,2,1.191,1.266,1.8,0.668,30,6471.88,data_drift,2024-06,6809.396333584436
ID0004296,2024-03-11,3,8,20420.0,62,3,2,1.599,0.956,1.8,0.419,11,6528.01,data_drift,2024-03,6874.410970726208
ID0004297,2024-04-08,3,22,6821.0,21,1,2,1.29,0.874,1.2,0.163,2,5976.46,data_drift,2024-04,6034.889710351601
ID0004298,2024-07-06,1,14,9753.0,27,2,2,1.588,1.287,3.2,0.773,30,10881.23,data_drift,2024-07,10681.612565456759
ID0004299,2024-06-13,3,12,10861.0,20,3,1,1.271,1.381,1.0,0.803,2,6474.83,data_drift,2024-06,6992.432825939976
ID0004300,2024-11-03,3,25,3164.0,25,1,1,1.028,1.463,0.4,0.882,7,4779.44,data_drift,2024-11,4975.266204451868
ID0004301,2024-01-17,2,10,21678.0,73,2,2,1.365,1.207,1.8,0.76,5,7390.85,data_drift,2024-01,7073.232047575749
ID0004302,2024-02-11,3,24,8268.0,46,1,2,1.277,1.531,1.4,0.679,23,7375.63,data_drift,2024-02,6967.635599688971
ID0004303,2024-05-28,3,0,41169.0,56,4,0,0.911,1.509,1.4,0.93,13,7501.73,data_drift,2024-05,6185.056518408
ID0004304,2024-09-01,3,14,10449.0,38,3,2,1.282,1.267,3.2,0.694,4,11709.93,data_drift,2024-09,10094.05537118143
ID0004305,2024-08-09,3,23,5102.0,24,0,2,1.175,1.179,1.8,0.59,4,7979.58,data_drift,2024-08,7465.6736062754635
ID0004306,2024-10-22,1,5,22558.0,77,3,0,0.893,1.546,1.4,0.966,17,6146.7,data_drift,2024-10,5916.220479621636
ID0004307,2024-09-18,2,12,8541.0,60,1,2,1.366,1.416,3.2,0.954,10,10164.63,data_drift,2024-09,9564.182541303717
ID0004308,2024-02-20,1,8,7788.0,42,1,1,1.262,1.418,1.8,0.892,4,6979.67,data_drift,2024-02,6418.293459779279
ID0004309,2024-06-27,4,17,21474.0,46,0,2,1.493,1.591,1.8,0.809,7,7562.92,data_drift,2024-06,7135.309620029635
ID0004310,2024-11-06,4,15,11150.0,65,3,2,1.494,1.49,0.4,0.906,7,5136.47,data_drift,2024-11,5352.721594988925
ID0004311,2024-07-22,3,23,3833.0,26,1,1,1.085,1.494,1.4,0.715,2,6528.94,data_drift,2024-07,6383.203057248904
ID0004312,2024-05-28,3,20,5240.0,59,0,1,1.008,1.245,1.8,0.557,22,5948.68,data_drift,2024-05,6625.730832204209
ID0004313,2024-07-27,2,4,28139.0,23,4,2,1.264,1.389,1.8,0.568,11,8170.83,data_drift,2024-07,8735.880188929932
ID0004314,2024-03-11,2,9,12994.0,34,1,2,1.12,1.088,1.2,0.379,0,5886.3,data_drift,2024-03,5323.396642449882
ID0004315,2024-01-09,2,1,21151.0,32,3,2,1.207,1.504,1.8,0.487,30,7607.58,data_drift,2024-01,7785.374220689134
ID0004316,2024-03-07,3,12,16626.0,64,4,2,1.39,1.234,1.8,0.566,2,8620.1,data_drift,2024-03,7720.661567938861
ID0004317,2024-08-22,1,18,9131.0,46,0,2,1.21,1.553,1.4,0.916,13,6847.98,data_drift,2024-08,6233.3074487957265
ID0004318,2024-07-27,2,19,5618.0,41,1,2,1.125,1.289,1.8,0.424,30,6533.92,data_drift,2024-07,7103.306605802044
ID0004319,2024-10-21,3,11,12326.0,41,1,1,0.837,1.475,1.4,0.886,4,6713.71,data_drift,2024-10,5986.672002002929
ID0004320,2024-02-07,1,19,10577.0,40,1,2,1.263,1.482,1.4,0.86,4,6867.86,data_drift,2024-02,6712.93808555905
ID0004321,2024-09-01,4,5,30025.0,76,3,1,1.223,0.926,1.2,0.152,2,4280.95,data_drift,2024-09,5129.4045369629075
ID0004322,2024-02-25,3,25,7873.0,47,0,2,1.396,1.326,1.0,0.456,6,5339.93,data_drift,2024-02,5295.017377412658
ID0004323,2024-03-28,4,15,14456.0,66,2,2,1.374,0.997,1.8,0.341,21,7821.35,data_drift,2024-03,6870.029572489443
ID0004324,2024-01-12,1,5,12420.0,73,1,2,1.597,1.53,1.4,0.967,24,7096.38,data_drift,2024-01,6204.3162129289385
ID0004325,2024-10-20,2,18,17435.0,42,2,2,1.176,1.76,1.4,0.928,5,8938.06,data_drift,2024-10,7114.522421330433
ID0004326,2024-04-03,2,9,9169.0,25,0,2,1.436,1.173,1.8,0.55,5,6712.92,data_drift,2024-04,6406.737613968489
ID0004327,2024-01-04,3,8,26652.0,42,0,1,1.045,1.208,3.2,0.713,30,9380.05,data_drift,2024-01,8830.531579806986
ID0004328,2024-01-10,1,20,3680.0,74,0,1,1.216,1.11,1.8,0.475,30,5459.94,data_drift,2024-01,6203.175142563959
ID0004329,2024-05-22,2,7,10276.0,39,1,2,1.23,1.427,3.2,0.622,2,9591.31,data_drift,2024-05,9883.789386680264
ID0004330,2024-08-02,3,16,7190.0,78,0,2,1.36,1.506,1.4,0.927,17,6248.66,data_drift,2024-08,5944.238403279275
ID0004331,2024-07-06,3,6,24392.0,35,0,2,1.299,1.232,1.8,0.576,7,6497.91,data_drift,2024-07,6419.329712770324
ID0004332,2024-11-21,0,13,5048.0,33,2,1,1.29,1.219,1.2,0.484,22,5766.95,data_drift,2024-11,5937.923687560201
ID0004333,2024-02-21,4,15,18297.0,73,0,2,1.094,0.85,1.8,0.327,21,6093.29,data_drift,2024-02,5994.7148710051215
ID0004334,2024-05-18,2,9,10105.0,49,1,1,1.137,1.021,1.2,0.481,1,4936.91,data_drift,2024-05,4990.849030503563
ID0004335,2024-07-14,4,16,30163.0,24,1,2,1.132,1.299,3.2,0.727,2,8886.14,data_drift,2024-07,10371.905446460487
ID0004336,2024-11-18,4,21,29629.0,29,1,2,1.625,0.977,1.8,0.331,21,7306.61,data_drift,2024-11,6861.175170020122
ID0004337,2024-04-23,2,13,7080.0,22,3,2,1.357,1.104,1.2,0.363,30,5744.34,data_drift,2024-04,7102.308945552897
ID0004338,2024-08-28,1,12,9012.0,55,2,2,1.514,1.594,0.4,0.953,5,5445.62,data_drift,2024-08,5078.030460254955
ID0004339,2024-12-03,2,17,5736.0,65,1,2,1.046,1.373,3.2,0.911,6,9263.92,data_drift,2024-12,9725.273154011984
ID0004340,2024-11-08,2,25,2500.0,35,0,2,1.527,1.129,1.8,0.719,22,6898.92,data_drift,2024-11,6895.880008024338
ID0004341,2024-02-19,2,11,15984.0,31,0,2,1.331,1.172,1.4,0.729,11,5882.26,data_drift,2024-02,5736.192911590567
ID0004342,2024-05-26,0,18,4341.0,75,3,2,1.414,1.478,3.2,0.78,4,11658.45,data_drift,2024-05,10111.600184848248
ID0004343,2024-10-12,3,7,15363.0,57,2,2,1.326,1.323,3.2,0.729,6,9724.57,data_drift,2024-10,9487.823002936148
ID0004344,2024-12-15,3,6,18969.0,30,1,0,0.858,1.052,1.8,0.354,21,6426.04,data_drift,2024-12,6018.681303851317
ID0004345,2024-06-20,0,15,3939.0,21,0,2,1.25,1.354,1.8,0.831,5,7669.49,data_drift,2024-06,7536.525637435295
ID0004346,2024-04-22,2,1,21381.0,51,1,1,1.081,1.165,1.8,0.677,4,5346.17,data_drift,2024-04,6138.61324072578
ID0004347,2024-05-08,2,23,9677.0,31,3,2,1.235,1.352,1.8,0.763,16,8610.73,data_drift,2024-05,8142.229981076426
ID0004348,2024-10-11,3,9,9030.0,53,0,1,1.012,1.745,0.4,0.981,18,4540.22,data_drift,2024-10,4686.9283617701185
ID0004349,2024-05-20,3,25,7411.0,58,1,1,0.974,1.69,0.4,0.921,5,5611.53,data_drift,2024-05,4791.464369703231
ID0004350,2024-05-24,2,11,14446.0,40,2,2,1.23,1.106,1.8,0.39,3,7616.42,data_drift,2024-05,6866.576477865066
ID0004351,2024-02-19,3,13,18311.0,25,2,1,0.837,1.471,1.4,0.639,12,6750.15,data_drift,2024-02,6661.8889665709075
ID0004352,2024-12-08,3,25,6782.0,48,1,2,1.234,1.465,1.4,0.84,2,6901.28,data_drift,2024-12,6613.751728169215
ID0004353,2024-02-23,3,3,21277.0,40,3,2,1.375,1.296,3.2,0.772,4,9927.86,data_drift,2024-02,10001.92386922856
ID0004354,2024-07-15,3,21,9500.0,27,0,2,1.338,1.628,1.4,0.743,4,6929.32,data_drift,2024-07,6429.352567565536
ID0004355,2024-02-11,2,20,3248.0,78,2,2,1.41,1.249,1.8,0.429,3,7165.92,data_drift,2024-02,6742.677474330934
ID0004356,2024-01-27,1,16,10104.0,55,2,1,1.228,1.255,3.2,0.634,15,10292.27,data_drift,2024-01,9648.001414140394
ID0004357,2024-11-10,2,11,15902.0,24,4,2,1.334,1.485,1.4,0.902,6,9590.69,data_drift,2024-11,8249.488567074912
ID0004358,2024-08-13,2,7,7718.0,49,1,2,1.242,1.84,1.1,0.979,30,7528.44,data_drift,2024-08,6714.828171207876
ID0004359,2024-06-21,2,8,16996.0,45,1,0,0.881,1.347,3.2,0.858,30,9692.19,data_drift,2024-06,9341.141229211898
ID0004360,2024-03-06,2,12,13026.0,41,0,2,1.343,1.564,0.4,0.95,6,5263.74,data_drift,2024-03,4453.105216786888
ID0004361,2024-01-24,4,8,32855.0,19,2,2,1.347,1.207,1.8,0.438,15,8672.89,data_drift,2024-01,7794.559593061695
ID0004362,2024-07-18,1,3,12158.0,54,4,2,1.33,1.019,1.8,0.334,3,8075.54,data_drift,2024-07,7197.536312243409
ID0004363,2024-07-20,4,22,7638.0,52,2,1,1.077,1.118,1.0,0.84,12,5393.05,data_drift,2024-07,5521.521253496384
ID0004364,2024-07-09,1,21,5827.0,26,1,2,1.291,1.534,1.1,0.942,30,6805.19,data_drift,2024-07,7059.408611278791
ID0004365,2024-11-02,1,14,4178.0,46,2,2,1.495,1.399,1.4,0.93,4,7538.63,data_drift,2024-11,6429.129678716037
ID0004366,2024-07-27,4,13,10820.0,19,1,2,1.426,1.65,0.4,0.975,6,6680.74,data_drift,2024-07,5925.38103050386
ID0004367,2024-09-12,1,23,2705.0,71,0,1,1.228,1.308,1.8,0.655,22,7162.59,data_drift,2024-09,6420.406540666396
ID0004368,2024-07-12,1,13,6148.0,18,2,2,1.613,1.431,1.4,0.936,13,7882.83,data_drift,2024-07,7603.395896799826
ID0004369,2024-06-05,3,15,16003.0,22,0,2,1.157,1.048,1.8,0.708,4,7105.41,data_drift,2024-06,7172.695444861988
ID0004370,2024-08-06,3,7,23470.0,29,1,1,0.937,0.963,1.8,0.428,6,6506.05,data_drift,2024-08,6101.884488002837
ID0004371,2024-06-01,3,6,14259.0,36,4,1,1.206,1.254,1.8,0.542,22,7484.37,data_drift,2024-06,7483.8338143329875
ID0004372,2024-03-09,2,17,9115.0,60,0,2,1.223,1.513,1.4,0.851,3,7028.5,data_drift,2024-03,6073.835278398516
ID0004373,2024-11-14,3,9,11690.0,24,3,2,1.127,1.219,1.8,0.703,30,8238.9,data_drift,2024-11,8672.697261682159
ID0004374,2024-11-17,2,17,12845.0,37,4,2,1.24,1.626,0.4,0.95,4,5650.5,data_drift,2024-11,6109.556224344178
ID0004375,2024-08-17,1,7,11051.0,53,3,2,1.489,1.188,1.8,0.571,22,7033.6,data_drift,2024-08,7346.120219505695
ID0004376,2024-02-23,2,24,9107.0,69,3,2,1.409,1.419,0.4,0.971,9,5697.74,data_drift,2024-02,5448.4590218265075
ID0004377,2024-06-22,1,6,18496.0,61,1,1,0.917,1.075,1.8,0.612,15,6188.38,data_drift,2024-06,6090.720283788026
ID0004378,2024-10-02,4,18,19438.0,75,4,2,1.204,1.066,1.8,0.394,1,7492.28,data_drift,2024-10,7449.7594359389195
ID0004379,2024-06-14,4,21,16944.0,74,2,2,1.544,1.339,1.4,0.834,2,5503.99,data_drift,2024-06,6594.453848476404
ID0004380,2024-12-11,2,9,16234.0,32,2,0,1.033,1.437,3.2,0.881,23,9491.1,data_drift,2024-12,9625.165781531186
ID0004381,2024-02-05,2,14,9753.0,24,1,2,1.05,1.399,1.4,0.785,3,6893.52,data_drift,2024-02,7290.384535536734
ID0004382,2024-07-13,2,14,16544.0,26,0,2,1.403,1.576,0.4,0.945,17,4875.32,data_drift,2024-07,5038.259042782207
ID0004383,2024-11-28,2,14,6860.0,24,1,0,1.046,1.071,1.8,0.423,5,7305.94,data_drift,2024-11,6864.286948167939
ID0004384,2024-07-03,3,5,24861.0,78,3,2,1.255,1.233,3.2,0.536,15,10284.78,data_drift,2024-07,9824.470420161093
ID0004385,2024-10-10,3,20,6002.0,27,4,2,1.409,1.908,1.1,0.997,30,7702.48,data_drift,2024-10,8064.596920571628
ID0004386,2024-08-02,3,7,19789.0,18,1,2,1.419,1.134,1.0,0.699,3,5865.42,data_drift,2024-08,5957.123234736437
ID0004387,2024-05-10,4,9,45454.0,65,2,2,1.405,1.281,1.4,0.905,3,6158.23,data_drift,2024-05,6464.371937414261
ID0004388,2024-05-01,1,25,3113.0,53,2,2,1.658,1.363,1.0,0.639,2,6484.05,data_drift,2024-05,5782.85243097733
ID0004389,2024-03-16,0,11,2815.0,43,2,2,1.218,1.522,1.4,0.984,8,7195.5,data_drift,2024-03,6711.630397500645
ID0004390,2024-12-24,4,19,23225.0,53,4,2,1.273,1.483,3.2,0.808,23,12118.6,data_drift,2024-12,11546.797676788172
ID0004391,2024-12-24,1,21,7243.0,29,2,2,1.566,1.306,1.4,0.859,16,8024.5,data_drift,2024-12,6891.81012924777
ID0004392,2024-08-15,3,13,12867.0,23,1,2,1.332,1.057,1.2,0.378,30,5987.8,data_drift,2024-08,6407.838342270638
ID0004393,2024-05-22,1,15,4847.0,70,1,2,1.082,1.432,1.4,0.927,30,6796.96,data_drift,2024-05,7001.103245357838
ID0004394,2024-06-01,0,14,14661.0,19,1,1,1.119,1.798,1.1,0.976,30,6337.19,data_drift,2024-06,7252.640418294948
ID0004395,2024-05-15,2,17,7879.0,43,2,1,1.041,1.072,1.2,0.477,6,5808.69,data_drift,2024-05,5649.575177809864
ID0004396,2024-07-13,2,8,5084.0,20,2,2,1.397,1.185,1.8,0.573,2,8428.72,data_drift,2024-07,8006.552264091934
ID0004397,2024-07-27,2,15,14568.0,61,2,1,0.988,1.242,1.8,0.72,1,7350.14,data_drift,2024-07,6849.922046761621
ID0004398,2024-06-20,0,12,7614.0,62,3,2,1.404,1.531,1.4,0.888,6,7147.26,data_drift,2024-06,6885.100966708343
ID0004399,2024-02-21,3,23,14522.0,56,2,1,0.881,1.306,1.8,0.605,3,7267.72,data_drift,2024-02,6994.739828446644
ID0004400,2024-06-07,2,25,11033.0,25,2,2,1.343,1.358,1.8,0.589,30,8006.49,data_drift,2024-06,7944.361433209133
ID0004401,2024-07-22,3,8,27160.0,21,2,2,1.389,1.348,1.8,0.677,12,8446.54,data_drift,2024-07,8225.422898684974
ID0004402,2024-07-21,3,20,9834.0,45,1,2,1.328,1.445,1.4,0.953,13,6711.68,data_drift,2024-07,6750.953315809682
ID0004403,2024-11-20,3,9,30564.0,58,2,2,1.42,1.174,1.8,0.625,30,7779.59,data_drift,2024-11,7177.264297284395
ID0004404,2024-05-20,4,21,21368.0,35,3,0,1.087,1.19,3.2,0.375,3,9787.19,data_drift,2024-05,9644.350316958706
ID0004405,2024-06-13,3,0,44210.0,22,1,0,0.955,1.512,1.4,0.806,30,6926.05,data_drift,2024-06,6735.388415370522
ID0004406,2024-03-26,1,0,47370.0,34,2,2,1.463,1.666,0.4,0.989,30,5776.74,data_drift,2024-03,5850.257050789406
ID0004407,2024-12-16,1,9,6878.0,23,2,2,1.085,1.624,1.1,0.954,30,7915.32,data_drift,2024-12,7780.614016120508
ID0004408,2024-03-08,2,14,13133.0,23,3,2,1.282,1.554,1.4,0.985,4,8395.02,data_drift,2024-03,7883.238658414009
ID0004409,2024-11-09,2,10,24828.0,67,1,1,1.143,1.28,1.8,0.761,6,5880.11,data_drift,2024-11,6539.846011678822
ID0004410,2024-09-08,4,13,19589.0,67,3,2,1.422,1.49,1.4,0.82,4,7892.05,data_drift,2024-09,6978.438764958145
ID0004411,2024-01-13,1,11,8306.0,33,0,1,0.947,1.248,1.8,0.557,22,6707.69,data_drift,2024-01,6474.814342598328
ID0004412,2024-03-25,4,12,43890.0,53,0,0,1.005,1.268,1.8,0.372,6,6181.38,data_drift,2024-03,5859.379906574903
ID0004413,2024-12-26,3,11,8971.0,59,2,1,1.185,1.495,0.4,0.908,30,5523.94,data_drift,2024-12,5361.993740189982
ID0004414,2024-05-24,2,24,6283.0,79,1,2,1.427,1.229,1.4,0.951,2,6079.68,data_drift,2024-05,6006.932515567239
ID0004415,2024-11-08,3,14,17323.0,50,0,2,0.992,1.235,1.8,0.736,30,7233.26,data_drift,2024-11,6993.054472106498
ID0004416,2024-10-10,2,15,8703.0,44,2,1,0.999,1.273,1.8,0.615,5,7678.21,data_drift,2024-10,7103.593699980785
ID0004417,2024-09-27,1,5,22647.0,34,0,2,1.295,1.417,1.4,0.753,2,6563.36,data_drift,2024-09,5746.044799049022
ID0004418,2024-02-10,3,12,19250.0,18,1,1,1.116,1.529,1.4,0.899,9,7309.35,data_drift,2024-02,6919.725219930885
ID0004419,2024-12-25,2,1,22476.0,35,3,1,1.018,1.461,1.8,0.923,3,7085.09,data_drift,2024-12,7162.548322167767
ID0004420,2024-04-17,3,22,7465.0,40,2,2,1.337,1.589,1.4,0.948,17,7118.31,data_drift,2024-04,7282.977676239027
ID0004421,2024-09-19,3,17,7883.0,61,1,2,1.414,1.525,1.4,0.89,24,6936.28,data_drift,2024-09,7103.524121301995
ID0004422,2024-06-23,3,8,14038.0,33,3,1,0.969,1.416,0.4,0.915,3,4760.67,data_drift,2024-06,4895.172252258537
ID0004423,2024-04-13,1,14,12873.0,31,0,2,1.427,1.22,1.8,0.632,11,6954.98,data_drift,2024-04,6878.855815570572
ID0004424,2024-05-13,3,9,43100.0,71,2,1,1.129,1.874,1.1,0.998,4,6413.72,data_drift,2024-05,5658.689765336823
ID0004425,2024-01-07,3,9,11015.0,66,1,1,1.297,1.399,1.4,0.776,6,6012.01,data_drift,2024-01,5674.345612137499
ID0004426,2024-04-14,3,17,26572.0,27,3,2,1.369,1.335,0.4,0.969,16,5600.98,data_drift,2024-04,5729.961883233266
ID0004427,2024-10-09,3,14,26542.0,44,0,2,1.113,1.465,1.4,0.948,7,6196.53,data_drift,2024-10,6300.346724021994
ID0004428,2024-12-05,3,15,16693.0,40,0,2,1.176,1.175,1.0,0.641,2,5321.48,data_drift,2024-12,5239.813815889284
ID0004429,2024-01-15,3,2,52168.0,28,1,2,1.302,1.414,1.4,0.853,16,6953.84,data_drift,2024-01,6318.717635340311
ID0004430,2024-04-10,1,14,8693.0,58,2,2,1.111,1.299,1.4,0.836,7,7073.7,data_drift,2024-04,6615.237300025445
ID0004431,2024-05-04,3,6,15894.0,71,2,1,1.131,1.229,1.8,0.712,3,7176.09,data_drift,2024-05,6485.939068865508
ID0004432,2024-02-28,4,15,58708.0,67,2,2,1.402,0.85,1.2,0.301,14,4956.14,data_drift,2024-02,5754.767173241426
ID0004433,2024-10-20,2,12,19634.0,46,3,2,1.552,1.122,1.8,0.512,5,7316.25,data_drift,2024-10,7181.956185905021
ID0004434,2024-08-20,2,8,12409.0,70,3,2,1.351,1.144,1.8,0.514,1,7084.82,data_drift,2024-08,6969.391968829819
ID0004435,2024-10-15,4,6,56368.0,61,1,1,1.12,1.229,3.2,0.761,5,8449.95,data_drift,2024-10,9217.791706973803
ID0004436,2024-02-06,1,14,6964.0,43,1,1,1.029,1.245,1.8,0.73,15,6487.42,data_drift,2024-02,6764.059910661647
ID0004437,2024-02-26,4,11,20538.0,46,2,2,1.474,1.302,1.8,0.654,1,7217.46,data_drift,2024-02,6986.399518705394
ID0004438,2024-04-25,3,23,12013.0,52,2,2,1.117,1.11,1.8,0.605,3,7300.14,data_drift,2024-04,7092.504795036939
ID0004439,2024-06-01,1,18,14019.0,78,1,2,1.396,0.997,1.8,0.637,22,6267.95,data_drift,2024-06,6631.178529086619
ID0004440,2024-07-23,4,14,35781.0,62,0,2,1.36,1.495,3.2,0.746,30,9166.55,data_drift,2024-07,9735.898229331775
ID0004441,2024-03-15,1,22,3718.0,67,2,2,1.389,1.542,1.4,0.949,5,7044.94,data_drift,2024-03,6623.322480037489
ID0004442,2024-03-13,2,4,14314.0,59,1,2,1.368,1.525,0.4,0.885,4,4347.1,data_drift,2024-03,4181.904191376803
ID0004443,2024-04-24,2,18,9112.0,60,1,1,1.067,1.251,1.8,0.547,7,7197.9,data_drift,2024-04,6633.952849142073
ID0004444,2024-11-21,2,19,5283.0,37,4,1,0.977,1.543,1.4,0.791,13,7164.76,data_drift,2024-11,7495.193543429616
ID0004445,2024-07-07,4,9,45116.0,58,1,2,1.256,1.284,1.8,0.675,1,6218.63,data_drift,2024-07,6607.950351632485
ID0004446,2024-06-15,0,9,11122.0,29,1,1,1.138,1.641,1.1,0.975,6,5626.49,data_drift,2024-06,5813.412829701663
ID0004447,2024-08-21,3,0,16938.0,60,1,2,1.528,1.179,1.8,0.765,30,6599.16,data_drift,2024-08,6686.857905212985
ID0004448,2024-10-11,3,18,7368.0,24,1,2,1.468,0.85,1.8,0.38,5,7080.95,data_drift,2024-10,7092.502544887764
ID0004449,2024-12-07,3,2,28197.0,78,0,1,0.8,1.516,1.4,0.789,9,5732.43,data_drift,2024-12,5143.522894072332
ID0004450,2024-10-26,1,15,4039.0,75,3,2,1.291,1.09,1.2,0.415,7,5836.74,data_drift,2024-10,5958.174155729541
ID0004451,2024-10-13,2,3,47271.0,58,4,1,1.162,1.025,1.8,0.463,30,7378.07,data_drift,2024-10,7267.750655006088
ID0004452,2024-02-09,4,10,25912.0,34,2,2,1.434,0.85,1.2,0.324,21,5389.57,data_drift,2024-02,5746.346274180533
ID0004453,2024-05-21,0,10,9708.0,60,3,2,1.221,0.928,1.8,0.326,21,6942.32,data_drift,2024-05,7058.116170782277
ID0004454,2024-07-06,3,3,22584.0,52,1,2,1.305,1.369,3.2,0.664,23,10360.91,data_drift,2024-07,9556.15422602811
ID0004455,2024-10-05,4,21,13320.0,31,2,2,1.644,1.206,1.8,0.524,6,7912.21,data_drift,2024-10,7124.758660825842
ID0004456,2024-02-06,3,0,29943.0,55,1,1,1.244,1.379,0.4,0.885,3,3925.62,data_drift,2024-02,3853.1146119319596
ID0004457,2024-07-12,2,22,6530.0,52,2,0,0.869,1.805,1.4,0.98,4,7534.35,data_drift,2024-07,6490.3292451139
ID0004458,2024-02-27,2,2,31429.0,79,0,2,1.189,1.669,1.1,0.956,6,5207.38,data_drift,2024-02,4873.289544169499
ID0004459,2024-11-11,2,20,9859.0,22,4,2,1.22,1.093,1.8,0.569,1,8370.57,data_drift,2024-11,8511.20675834528
ID0004460,2024-05-18,4,22,16372.0,24,1,2,1.653,1.039,1.8,0.582,30,7887.09,data_drift,2024-05,7738.562952826223
ID0004461,2024-03-27,1,3,27559.0,46,0,0,0.895,1.47,1.4,0.899,4,5501.75,data_drift,2024-03,5038.447906655598
ID0004462,2024-05-21,3,13,9542.0,60,2,1,1.257,1.508,1.4,0.769,30,7114.5,data_drift,2024-05,7149.663780881086
ID0004463,2024-12-28,2,18,12258.0,51,1,1,1.103,1.233,1.4,0.918,16,5424.42,data_drift,2024-12,6093.049613746406
ID0004464,2024-10-27,2,4,49104.0,27,3,2,1.493,1.115,1.8,0.439,4,6494.41,data_drift,2024-10,7095.369370547278
ID0004465,2024-10-13,1,13,9446.0,29,1,2,1.46,1.41,1.4,0.879,7,6162.24,data_drift,2024-10,6612.782946575634
ID0004466,2024-09-03,3,11,25749.0,76,3,1,1.128,1.232,1.8,0.716,7,7137.45,data_drift,2024-09,7054.376660706859
ID0004467,2024-06-14,3,10,17675.0,37,1,2,1.282,1.179,1.8,0.478,4,7482.49,data_drift,2024-06,6711.23035302089
ID0004468,2024-01-28,3,6,14969.0,24,0,2,1.24,1.231,1.2,0.538,1,7489.0,data_drift,2024-01,6077.053545821856
ID0004469,2024-01-21,2,20,6050.0,68,0,2,1.279,1.305,3.2,0.699,8,9800.13,data_drift,2024-01,9055.96664305986
ID0004470,2024-06-02,1,3,21932.0,20,1,2,1.169,1.79,0.4,0.924,9,6504.21,data_drift,2024-06,5323.664884819191
ID0004471,2024-01-22,2,21,16268.0,79,1,0,0.951,1.368,1.4,0.881,4,6320.93,data_drift,2024-01,5725.160703961924
ID0004472,2024-03-15,1,14,11863.0,66,0,2,1.488,1.328,1.0,0.643,3,4754.46,data_drift,2024-03,4942.602383497959
ID0004473,2024-05-27,2,5,12808.0,26,0,2,1.656,1.53,1.4,0.861,10,7100.35,data_drift,2024-05,5954.0352026977125
ID0004474,2024-02-05,2,19,9736.0,21,1,0,1.09,1.21,1.0,0.5,6,5141.2,data_drift,2024-02,5889.850470857941
ID0004475,2024-06-21,1,6,14658.0,56,1,2,1.236,1.291,3.2,0.777,23,8595.4,data_drift,2024-06,9588.684100651077
ID0004476,2024-09-28,3,20,9275.0,70,1,2,1.368,1.486,3.2,0.855,5,9601.73,data_drift,2024-09,9980.917700962891
ID0004477,2024-03-20,2,12,9091.0,54,0,2,1.151,1.718,1.4,0.926,24,7081.37,data_drift,2024-03,6750.6995789806615
ID0004478,2024-07-12,1,12,10331.0,75,3,2,1.57,1.179,1.0,0.666,7,5810.14,data_drift,2024-07,5795.72004376233
ID0004479,2024-04-04,1,18,8302.0,41,0,1,1.066,1.354,1.8,0.694,30,7515.7,data_drift,2024-04,6889.202205107609
ID0004480,2024-12-23,3,0,30278.0,26,1,2,1.153,1.361,3.2,0.65,12,8264.9,data_drift,2024-12,9880.106861481798
ID0004481,2024-06-20,0,9,8039.0,34,2,2,1.443,1.728,1.1,0.922,3,7279.6,data_drift,2024-06,6410.353869510676
ID0004482,2024-12-03,1,21,4327.0,58,2,0,0.96,1.331,1.4,0.646,2,5558.01,data_drift,2024-12,6183.960921342095
ID0004483,2024-07-24,3,20,3109.0,23,1,2,1.264,1.249,1.8,0.523,1,8008.06,data_drift,2024-07,7589.244210602176
ID0004484,2024-10-24,2,3,22610.0,34,0,2,1.2,1.417,1.4,0.811,3,6262.35,data_drift,2024-10,5836.132717486834
ID0004485,2024-07-25,4,17,14780.0,18,0,2,1.328,1.557,1.4,0.799,7,6636.11,data_drift,2024-07,7105.792907399267
ID0004486,2024-04-13,3,14,8156.0,26,0,2,1.218,1.059,1.2,0.595,3,5432.17,data_drift,2024-04,5464.39878579059
ID0004487,2024-03-22,2,25,4431.0,56,1,2,1.078,1.472,1.8,0.506,16,7017.15,data_drift,2024-03,7292.685139795917
ID0004488,2024-10-20,4,18,7536.0,75,2,2,1.428,1.67,1.4,0.903,7,6901.64,data_drift,2024-10,6858.341699888265
ID0004489,2024-07-14,2,13,17484.0,47,3,2,1.158,1.294,1.8,0.718,6,8403.82,data_drift,2024-07,7585.407111401771
ID0004490,2024-06-16,3,17,6491.0,48,0,2,1.198,1.043,1.8,0.318,2,5723.9,data_drift,2024-06,6285.111474287457
ID0004491,2024-09-07,3,6,7880.0,55,3,2,1.429,1.528,0.4,0.92,24,5029.55,data_drift,2024-09,5762.055348006651
ID0004492,2024-09-25,1,13,9896.0,55,4,2,1.548,1.194,1.2,0.284,4,6284.39,data_drift,2024-09,6539.362805899556
ID0004493,2024-08-20,3,16,15487.0,42,0,2,1.223,1.307,1.8,0.45,7,6379.43,data_drift,2024-08,6640.310874918848
ID0004494,2024-07-16,2,14,11473.0,34,2,2,1.461,1.621,1.4,0.912,3,7283.24,data_drift,2024-07,7186.591519489978
ID0004495,2024-08-26,2,20,6039.0,25,0,0,1.061,1.196,1.4,0.571,11,5631.27,data_drift,2024-08,5562.718596611359
ID0004496,2024-12-05,2,12,21593.0,21,1,2,1.225,1.467,1.4,0.766,12,7639.57,data_drift,2024-12,7325.713931520322
ID0004497,2024-03-01,3,21,12058.0,54,2,1,1.158,1.102,1.8,0.21,7,6891.13,data_drift,2024-03,6525.300640575372
ID0004498,2024-08-24,3,25,14315.0,44,2,2,1.421,1.23,1.8,0.686,1,7160.2,data_drift,2024-08,7162.629472465228
ID0004499,2024-12-28,2,15,18614.0,54,2,1,0.868,1.143,1.2,0.246,0,4981.25,data_drift,2024-12,5438.668187692576
ID0004500,2024-07-23,1,20,6989.0,75,1,2,1.427,1.726,0.4,0.956,30,6001.92,data_drift,2024-07,5723.569160196363
ID0004501,2024-07-05,3,21,9340.0,45,2,2,0.998,1.449,1.4,0.76,30,8079.01,data_drift,2024-07,7635.800796865495
ID0004502,2024-03-02,2,14,10914.0,30,2,2,1.325,1.72,1.1,0.985,25,7391.23,data_drift,2024-03,7191.338265612106
ID0004503,2024-09-10,1,13,9738.0,46,2,1,1.008,1.285,1.8,0.736,16,6560.15,data_drift,2024-09,7020.108811857745
ID0004504,2024-04-16,4,7,13159.0,22,0,2,1.386,1.351,1.8,0.88,30,8102.3,data_drift,2024-04,7839.624032682893
ID0004505,2024-08-28,3,12,18363.0,64,2,2,1.378,1.608,0.4,0.882,6,4533.46,data_drift,2024-08,5018.341331886825
ID0004506,2024-08-18,3,25,17573.0,43,2,2,1.362,1.281,1.8,0.669,30,8323.18,data_drift,2024-08,7624.712580536217
ID0004507,2024-07-04,3,2,13172.0,47,2,1,1.011,1.182,1.8,0.404,30,6242.94,data_drift,2024-07,6532.291800817308
ID0004508,2024-11-23,3,17,10481.0,47,2,1,0.874,1.667,0.4,0.967,30,5670.32,data_drift,2024-11,5728.078847067444
ID0004509,2024-10-28,1,0,24346.0,54,2,1,1.062,1.134,3.2,0.475,4,8467.72,data_drift,2024-10,8991.698232825378
ID0004510,2024-03-25,2,11,10758.0,50,2,2,1.275,1.722,0.4,0.93,4,5620.85,data_drift,2024-03,5281.724119190642
ID0004511,2024-01-09,3,14,23948.0,42,4,2,1.173,1.257,3.2,0.604,1,10263.55,data_drift,2024-01,10634.030592108209
ID0004512,2024-03-07,1,24,3099.0,22,2,2,1.434,1.194,1.8,0.683,1,8847.05,data_drift,2024-03,7879.665148980687
ID0004513,2024-05-16,3,13,9403.0,47,3,2,1.266,1.305,3.2,0.817,9,10614.17,data_drift,2024-05,10241.02001122138
ID0004514,2024-07-22,3,23,5596.0,48,0,1,1.117,1.236,1.8,0.601,1,6348.16,data_drift,2024-07,6418.841516496086
ID0004515,2024-09-08,3,13,8515.0,49,1,2,1.467,1.385,3.2,0.879,9,9549.17,data_drift,2024-09,9988.58330586792
ID0004516,2024-12-22,3,19,4108.0,39,1,2,1.465,1.012,1.2,0.287,7,5542.49,data_drift,2024-12,5474.353303677996
ID0004517,2024-04-23,2,17,14188.0,34,2,2,1.328,1.373,1.4,0.896,5,7336.44,data_drift,2024-04,6969.361721428915
ID0004518,2024-02-09,4,3,14188.0,49,2,2,1.609,1.356,1.4,0.678,16,6391.5,data_drift,2024-02,6502.787955956761
ID0004519,2024-07-14,1,25,2831.0,56,4,2,1.331,0.883,1.2,0.492,2,6724.09,data_drift,2024-07,6457.598152357399
ID0004520,2024-12-02,1,13,4588.0,71,1,2,1.439,1.371,1.4,0.891,16,5700.43,data_drift,2024-12,6118.662506200289
ID0004521,2024-01-22,2,11,12564.0,26,1,1,0.938,1.521,1.1,0.901,4,6126.27,data_drift,2024-01,5669.295575497028
ID0004522,2024-02-12,4,7,30477.0,24,2,2,1.272,1.4,3.2,0.931,2,12012.52,data_drift,2024-02,10601.450691702634
ID0004523,2024-09-02,1,15,6445.0,52,2,2,1.395,1.14,1.2,0.551,30,6097.01,data_drift,2024-09,6346.91512822545
ID0004524,2024-12-21,0,13,3715.0,34,0,2,1.441,1.193,1.2,0.347,7,5713.92,data_drift,2024-12,5338.928626067529
ID0004525,2024-10-16,2,12,18120.0,34,1,0,1.042,0.889,1.8,0.293,30,6355.06,data_drift,2024-10,5934.76467060426
ID0004526,2024-11-21,3,24,9039.0,62,1,2,1.2,1.372,1.4,0.775,30,7140.72,data_drift,2024-11,7314.525078490326
ID0004527,2024-08-05,2,25,5570.0,32,1,1,0.8,1.19,1.8,0.373,6,6257.66,data_drift,2024-08,6690.870236991967
ID0004528,2024-10-03,0,15,4913.0,49,1,2,1.245,1.209,1.2,0.319,0,5403.79,data_drift,2024-10,5536.771746732811
ID0004529,2024-01-03,3,5,45929.0,52,2,1,1.06,1.253,1.8,0.41,3,6289.2,data_drift,2024-01,6475.633884895672
ID0004530,2024-07-26,3,22,9411.0,45,3,2,1.368,1.0,1.2,0.459,1,6000.13,data_drift,2024-07,6226.480997049658
ID0004531,2024-07-12,4,16,16029.0,40,0,1,1.084,0.85,1.2,0.334,30,4832.73,data_drift,2024-07,4843.855894165643
ID0004532,2024-12-04,1,16,5447.0,79,0,2,1.505,1.424,0.4,0.919,23,4112.59,data_drift,2024-12,4469.724518033558
ID0004533,2024-03-28,0,16,6355.0,26,0,2,1.426,1.136,1.8,0.63,22,6354.04,data_drift,2024-03,6881.001079057745
ID0004534,2024-06-02,1,11,11130.0,46,1,2,1.433,1.259,1.4,0.63,6,5191.27,data_drift,2024-06,6252.913833684394
ID0004535,2024-02-22,3,0,44910.0,55,2,0,0.911,1.385,1.8,0.491,30,5876.65,data_drift,2024-02,6663.511618479451
ID0004536,2024-01-22,2,10,14499.0,55,2,0,0.932,1.156,1.8,0.51,22,6729.73,data_drift,2024-01,6457.646946834494
ID0004537,2024-04-05,3,11,17831.0,31,1,1,0.911,1.445,1.4,0.818,2,6319.39,data_drift,2024-04,6170.676392545704
ID0004538,2024-08-03,2,25,9050.0,63,3,1,0.983,1.277,3.2,0.792,23,9691.34,data_drift,2024-08,10487.552300422185
ID0004539,2024-10-02,3,7,9129.0,58,2,2,1.404,1.181,1.8,0.745,5,7074.29,data_drift,2024-10,6820.903381035106
ID0004540,2024-03-26,3,25,7389.0,36,1,2,1.566,1.321,1.0,0.802,3,6266.18,data_drift,2024-03,5876.077691582578
ID0004541,2024-08-04,4,12,27972.0,25,3,1,1.087,1.22,1.0,0.834,23,6361.08,data_drift,2024-08,6335.87811781416
ID0004542,2024-05-03,4,11,38481.0,51,1,2,1.357,1.209,3.2,0.554,1,8851.88,data_drift,2024-05,9378.75020570589
ID0004543,2024-01-12,3,16,26182.0,69,1,2,1.589,1.446,1.8,0.8,12,7751.65,data_drift,2024-01,7295.835867459629
ID0004544,2024-09-16,1,19,2500.0,43,1,1,1.017,1.132,1.8,0.641,11,7015.46,data_drift,2024-09,6666.866754182118
ID0004545,2024-02-10,2,15,8549.0,50,1,1,1.083,1.444,3.2,0.762,2,9651.63,data_drift,2024-02,9662.131502363507
ID0004546,2024-01-19,3,23,3326.0,77,0,2,1.491,1.665,0.4,0.985,9,4499.41,data_drift,2024-01,4227.199031554998
ID0004547,2024-04-12,2,7,7598.0,24,3,2,1.336,1.323,3.2,0.826,2,11516.83,data_drift,2024-04,10608.989776262995
ID0004548,2024-10-09,2,20,6706.0,33,1,2,1.202,1.804,1.1,0.979,25,6497.62,data_drift,2024-10,7181.643987797402
ID0004549,2024-05-17,4,11,48619.0,56,2,1,0.977,1.335,1.8,0.681,8,7024.18,data_drift,2024-05,7116.125212216461
ID0004550,2024-06-20,1,9,5829.0,65,3,1,1.115,1.106,1.8,0.439,1,6342.15,data_drift,2024-06,6604.213000098348
ID0004551,2024-04-06,3,6,36155.0,33,2,2,1.473,1.365,1.8,0.721,7,6772.42,data_drift,2024-04,7143.04442834172
ID0004552,2024-05-23,2,10,22473.0,28,1,2,1.266,1.427,1.4,0.919,4,6763.86,data_drift,2024-05,6488.0182595637225
ID0004553,2024-05-13,2,16,5864.0,53,0,1,1.097,1.083,1.8,0.305,10,5682.96,data_drift,2024-05,5943.542536281109
ID0004554,2024-02-17,4,4,73315.0,53,1,2,1.164,1.418,1.4,0.834,2,6318.64,data_drift,2024-02,6148.360007000542
ID0004555,2024-06-07,4,11,30303.0,20,0,2,1.474,1.175,1.8,0.699,22,6985.21,data_drift,2024-06,7463.3799635029
ID0004556,2024-04-10,3,12,16180.0,72,2,1,0.929,1.058,1.8,0.634,2,5560.13,data_drift,2024-04,6412.505733739241
ID0004557,2024-09-18,1,14,5613.0,77,2,2,1.262,1.471,1.8,0.751,4,6757.83,data_drift,2024-09,7252.862166114339
ID0004558,2024-05-20,1,25,3481.0,42,4,1,1.076,1.45,3.2,0.855,23,10992.16,data_drift,2024-05,11168.692994132782
ID0004559,2024-04-03,3,17,7349.0,69,0,2,1.099,1.251,1.2,0.375,22,4904.19,data_drift,2024-04,5479.692503118608
ID0004560,2024-11-16,3,21,8849.0,50,4,2,1.484,1.536,3.2,0.902,3,10973.61,data_drift,2024-11,10842.732018283616
ID0004561,2024-05-26,2,13,9053.0,35,2,2,1.237,1.55,1.4,0.953,24,7974.3,data_drift,2024-05,7472.320249562052
ID0004562,2024-11-14,4,23,11701.0,67,3,1,1.02,1.396,1.8,0.676,2,7448.18,data_drift,2024-11,7444.026753937554
ID0004563,2024-02-18,2,20,10574.0,33,1,2,1.078,1.254,1.2,0.396,1,6612.74,data_drift,2024-02,5825.772305028965
ID0004564,2024-02-10,4,18,10157.0,69,2,0,1.008,1.142,3.2,0.557,1,9605.73,data_drift,2024-02,9091.84988183943
ID0004565,2024-09-10,1,9,17358.0,67,1,1,1.161,0.988,1.2,0.351,3,4621.51,data_drift,2024-09,4757.334808114504
ID0004566,2024-10-03,2,1,32062.0,25,0,2,1.245,1.041,1.8,0.312,1,5340.76,data_drift,2024-10,5988.807013013776
ID0004567,2024-11-11,3,11,25389.0,37,1,2,1.39,1.237,1.8,0.598,2,8004.2,data_drift,2024-11,6892.843345706419
ID0004568,2024-09-06,4,5,32766.0,48,4,1,1.069,1.681,0.4,0.811,3,5888.45,data_drift,2024-09,5241.246450271186
ID0004569,2024-08-21,3,6,37788.0,58,1,1,0.951,0.85,1.2,0.184,10,4464.56,data_drift,2024-08,4587.899290963049
ID0004570,2024-10-03,1,17,10617.0,21,1,2,1.199,1.241,3.2,0.765,6,9390.17,data_drift,2024-10,10652.84178143154
ID0004571,2024-02-17,3,7,13263.0,71,1,2,1.516,1.358,1.4,0.857,2,5599.97,data_drift,2024-02,5840.0447344535405
ID0004572,2024-09-25,3,18,13011.0,32,2,2,1.344,1.336,3.2,0.842,5,9180.93,data_drift,2024-09,10283.4350131513
ID0004573,2024-01-01,2,12,21233.0,65,2,2,1.134,1.302,1.0,0.749,30,6244.65,data_drift,2024-01,6236.335299306367
ID0004574,2024-09-22,1,7,18515.0,26,4,2,1.472,1.43,1.0,0.658,8,6461.15,data_drift,2024-09,6719.339840776779
ID0004575,2024-04-18,1,14,5290.0,25,2,2,0.986,1.677,1.4,0.956,3,6620.09,data_drift,2024-04,7339.910888153641
ID0004576,2024-07-09,2,25,5003.0,23,1,1,1.139,1.08,1.8,0.49,1,7628.55,data_drift,2024-07,7113.658764476469
ID0004577,2024-07-07,1,13,7772.0,52,1,1,1.034,1.618,1.4,0.973,8,6811.42,data_drift,2024-07,6243.3034911809555
ID0004578,2024-10-09,1,4,31417.0,31,0,2,1.127,1.151,3.2,0.494,3,7670.95,data_drift,2024-10,8759.802156695245
ID0004579,2024-02-08,1,9,14454.0,79,4,2,1.218,1.248,1.0,0.857,4,6458.31,data_drift,2024-02,6383.763955550971
ID0004580,2024-08-04,0,0,18650.0,56,2,2,1.218,1.217,1.8,0.815,12,7010.87,data_drift,2024-08,6936.101549061232
ID0004581,2024-12-10,3,0,39783.0,75,2,1,0.997,1.528,1.4,0.944,3,6393.89,data_drift,2024-12,5716.107278551039
ID0004582,2024-04-07,2,12,6523.0,56,1,2,1.328,1.782,1.1,0.986,5,6194.08,data_drift,2024-04,5962.54360402555
ID0004583,2024-10-03,2,3,29172.0,48,0,2,1.55,1.129,1.8,0.506,30,6579.84,data_drift,2024-10,6341.040041854984
ID0004584,2024-01-20,1,7,27353.0,61,1,2,1.263,1.465,3.2,0.791,9,10710.48,data_drift,2024-01,9849.292909750739
ID0004585,2024-06-06,3,13,10436.0,23,3,2,1.293,1.312,3.2,0.712,4,11110.48,data_drift,2024-06,10919.134387819111
ID0004586,2024-12-15,1,25,4232.0,37,0,2,1.363,1.456,1.8,0.868,23,7066.73,data_drift,2024-12,7302.777324581981
ID0004587,2024-11-27,4,14,10967.0,57,4,2,1.198,0.85,1.2,0.32,3,6551.11,data_drift,2024-11,6335.756748370267
ID0004588,2024-04-09,3,10,12912.0,36,0,1,1.092,1.343,1.8,0.642,23,7300.45,data_drift,2024-04,6548.071044178895
ID0004589,2024-06-12,4,5,77369.0,19,1,2,1.664,1.455,1.8,0.773,23,7804.97,data_drift,2024-06,8819.149216555705
ID0004590,2024-03-01,1,21,6707.0,24,0,2,1.543,1.278,1.8,0.777,30,9099.62,data_drift,2024-03,8307.966693094715
ID0004591,2024-09-26,2,16,14118.0,23,2,2,1.405,1.132,1.4,0.838,16,7730.0,data_drift,2024-09,7715.989443050123
ID0004592,2024-03-14,3,22,20234.0,36,3,2,1.302,1.065,1.8,0.581,3,7416.07,data_drift,2024-03,7438.911394874802
ID0004593,2024-12-07,4,19,23493.0,68,1,2,1.387,1.18,1.8,0.513,7,6667.83,data_drift,2024-12,6921.545010550533
ID0004594,2024-03-11,0,15,6031.0,55,3,1,1.282,1.219,1.0,0.727,4,5936.2,data_drift,2024-03,5845.705121300163
ID0004595,2024-08-21,2,20,7689.0,71,2,2,1.341,1.794,0.4,0.965,10,5853.82,data_drift,2024-08,5492.1880405240645
ID0004596,2024-02-26,2,11,11473.0,53,2,1,1.048,1.122,1.8,0.571,8,6388.8,data_drift,2024-02,6657.711533839402
ID0004597,2024-01-21,3,18,15048.0,49,2,2,1.181,1.413,3.2,0.824,8,9795.02,data_drift,2024-01,10119.625631320043
ID0004598,2024-05-25,3,18,13361.0,23,1,2,1.442,1.418,1.8,0.937,8,8419.62,data_drift,2024-05,7933.639843513679
ID0004599,2024-05-03,3,19,6502.0,41,2,2,1.462,1.955,1.1,0.993,4,7147.06,data_drift,2024-05,6491.1081415546305
ID0004600,2024-02-16,2,12,9988.0,53,1,1,1.118,1.573,0.4,0.952,5,4965.25,data_drift,2024-02,4601.156887070417
ID0004601,2024-12-10,2,9,5674.0,23,2,2,1.559,1.309,1.8,0.61,5,8520.89,data_drift,2024-12,7924.074251501978
ID0004602,2024-10-11,3,4,21509.0,75,1,2,1.492,1.466,1.8,0.747,5,6478.45,data_drift,2024-10,6461.07633075867
ID0004603,2024-10-12,2,18,10069.0,79,1,0,1.037,1.58,1.4,0.882,13,6516.75,data_drift,2024-10,6094.385608218274
ID0004604,2024-09-02,2,11,14295.0,50,1,2,1.312,1.118,1.8,0.368,2,7153.88,data_drift,2024-09,6447.1988436321435
ID0004605,2024-11-20,4,21,24256.0,59,2,1,0.919,1.333,1.0,0.833,8,4929.66,data_drift,2024-11,5832.685803469729
ID0004606,2024-08-18,1,25,6142.0,48,0,2,1.298,1.424,1.4,0.906,4,6862.01,data_drift,2024-08,6119.148702941164
ID0004607,2024-05-06,3,14,8689.0,30,0,2,1.3,1.571,1.4,0.929,24,7036.3,data_drift,2024-05,7220.523648599811
ID0004608,2024-07-04,1,0,24343.0,56,1,2,1.245,1.3,1.4,0.914,5,6114.16,data_drift,2024-07,5845.492336717385
ID0004609,2024-10-04,2,11,37417.0,18,1,1,1.261,1.054,1.8,0.599,3,7505.78,data_drift,2024-10,6939.825539900027
ID0004610,2024-11-11,1,18,12029.0,52,1,2,1.212,1.245,1.8,0.464,1,6717.98,data_drift,2024-11,6771.382024628138
ID0004611,2024-03-19,2,16,7387.0,40,2,2,1.092,1.14,1.8,0.751,30,8149.77,data_drift,2024-03,7931.7578778935795
ID0004612,2024-11-10,3,15,29639.0,43,0,0,0.897,1.444,1.0,0.89,8,5201.75,data_drift,2024-11,4857.659685813717
ID0004613,2024-06-27,4,8,31390.0,74,1,2,1.372,1.195,1.8,0.647,3,6810.3,data_drift,2024-06,6459.032021805395
ID0004614,2024-06-04,1,23,2500.0,70,2,0,0.92,1.144,1.2,0.398,0,5523.01,data_drift,2024-06,5312.872025484039
ID0004615,2024-09-12,2,13,5618.0,56,2,1,0.972,1.164,1.8,0.699,1,6078.16,data_drift,2024-09,6670.372370317317
ID0004616,2024-05-04,3,7,26198.0,35,0,1,1.075,1.68,1.1,0.977,4,6573.9,data_drift,2024-05,5130.226348110001
ID0004617,2024-11-25,2,17,6658.0,34,2,0,0.997,1.296,1.0,0.815,16,5494.55,data_drift,2024-11,5734.921009381304
ID0004618,2024-08-07,3,25,6087.0,27,2,2,1.297,1.33,1.4,0.513,1,6635.36,data_drift,2024-08,6790.512906817668
ID0004619,2024-04-03,3,8,11282.0,22,0,2,1.169,1.483,1.4,0.973,10,7266.51,data_drift,2024-04,6722.961927583317
ID0004620,2024-10-06,2,20,10405.0,34,0,2,1.366,1.383,1.0,0.792,2,5192.0,data_drift,2024-10,5828.163160879662
ID0004621,2024-10-21,2,25,5032.0,39,3,1,1.116,1.535,1.4,0.986,7,7593.32,data_drift,2024-10,7089.755170560913
ID0004622,2024-08-26,2,7,31997.0,40,4,1,1.126,1.646,1.4,0.938,8,7830.01,data_drift,2024-08,6907.1471664011615
ID0004623,2024-03-18,2,15,9395.0,66,1,0,1.144,0.985,1.2,0.486,5,4563.69,data_drift,2024-03,4871.409617811154
ID0004624,2024-02-18,3,6,17962.0,19,3,0,0.947,1.365,1.8,0.588,22,7336.49,data_drift,2024-02,8192.191955831322
ID0004625,2024-09-06,4,23,18030.0,22,1,1,0.9,1.385,1.8,0.808,16,7677.51,data_drift,2024-09,7967.5891255034185
ID0004626,2024-03-13,1,13,19205.0,24,2,1,0.965,1.177,1.0,0.636,30,7786.31,data_drift,2024-03,6454.726422537947
ID0004627,2024-11-27,3,9,14022.0,59,0,2,1.199,1.165,1.8,0.839,16,6487.57,data_drift,2024-11,6240.546763520618
ID0004628,2024-09-05,3,15,10088.0,61,0,2,1.243,1.439,1.0,0.73,30,6246.34,data_drift,2024-09,5895.225340523719
ID0004629,2024-04-23,3,9,33153.0,27,4,2,1.578,0.986,1.8,0.764,1,6677.44,data_drift,2024-04,7392.094938150811
ID0004630,2024-09-06,2,12,10810.0,54,1,2,1.181,1.386,1.4,0.907,7,5582.99,data_drift,2024-09,6345.215788484004
ID0004631,2024-05-18,2,24,6932.0,21,1,2,1.444,1.218,1.0,0.751,1,7520.83,data_drift,2024-05,6422.969110274527
ID0004632,2024-01-15,2,14,15314.0,73,0,0,0.988,1.256,1.8,0.343,1,5247.65,data_drift,2024-01,5756.435711442365
ID0004633,2024-12-25,3,7,14432.0,78,1,2,1.195,1.238,3.2,0.76,5,9645.95,data_drift,2024-12,9181.388879288432
ID0004634,2024-02-07,3,11,14719.0,42,1,2,1.557,1.488,1.4,0.83,3,6615.45,data_drift,2024-02,6247.85178276649
ID0004635,2024-08-06,3,10,10327.0,49,1,2,1.318,1.391,1.4,0.87,2,7710.11,data_drift,2024-08,6311.249977645029
ID0004636,2024-04-26,4,2,78941.0,39,3,2,1.39,1.053,1.8,0.627,4,6637.95,data_drift,2024-04,7271.6160069562275
ID0004637,2024-09-02,2,17,24367.0,72,1,2,1.182,1.563,1.4,0.976,6,6482.5,data_drift,2024-09,6710.4745979349345
ID0004638,2024-10-09,3,25,4110.0,42,1,2,1.35,0.917,1.2,0.279,14,5470.15,data_drift,2024-10,5489.8112969072
ID0004639,2024-05-28,3,23,8427.0,43,2,2,1.595,1.613,1.4,0.882,4,7642.74,data_drift,2024-05,6943.594022989089
ID0004640,2024-03-10,4,16,18435.0,43,2,0,1.101,1.344,1.8,0.66,16,7192.25,data_drift,2024-03,7025.693770525607
ID0004641,2024-09-15,0,19,4349.0,60,1,2,1.414,1.509,1.4,0.911,13,7322.15,data_drift,2024-09,6408.294044229408
ID0004642,2024-02-14,1,9,12231.0,79,2,2,1.308,1.473,1.4,0.794,8,6563.37,data_drift,2024-02,6506.658084219442
ID0004643,2024-04-10,4,10,85648.0,53,2,1,0.943,1.409,1.0,0.789,4,6216.33,data_drift,2024-04,5496.555901802242
ID0004644,2024-02-28,2,9,6623.0,62,3,2,1.521,1.502,1.4,0.822,23,8012.84,data_drift,2024-02,7360.4607313791885
ID0004645,2024-11-20,2,23,3211.0,64,4,0,1.096,1.219,1.8,0.79,12,6339.57,data_drift,2024-11,7686.5240528004115
ID0004646,2024-11-27,4,2,60053.0,21,1,2,1.239,1.55,1.4,0.703,12,7161.26,data_drift,2024-11,7098.834601634474
ID0004647,2024-04-01,2,20,6770.0,28,0,2,1.497,1.067,1.8,0.49,7,6032.82,data_drift,2024-04,6403.535910181413
ID0004648,2024-09-18,1,4,14581.0,19,0,2,1.449,1.465,1.4,0.913,4,7667.26,data_drift,2024-09,6751.771482328859
ID0004649,2024-09-11,1,23,2500.0,29,4,2,1.039,1.349,3.2,0.861,4,11335.18,data_drift,2024-09,10962.583756192795
ID0004650,2024-01-14,1,21,4870.0,61,0,2,1.47,1.356,1.8,0.739,2,7090.65,data_drift,2024-01,6531.355095878428
ID0004651,2024-08-28,2,12,8515.0,34,1,2,1.503,1.556,1.4,0.881,5,7085.64,data_drift,2024-08,6140.646023027827
ID0004652,2024-09-03,1,11,5298.0,67,4,2,1.166,1.361,1.8,0.779,12,8291.35,data_drift,2024-09,8310.721269002703
ID0004653,2024-08-07,1,1,50610.0,73,0,0,1.008,1.354,1.8,0.559,11,5025.73,data_drift,2024-08,5744.492260592204
ID0004654,2024-07-12,2,7,13662.0,74,0,2,1.516,1.381,1.4,0.828,2,5362.53,data_drift,2024-07,5430.127680822376
ID0004655,2024-12-16,3,14,13865.0,41,2,2,1.104,1.188,1.8,0.716,22,7805.09,data_drift,2024-12,7571.095561724244
ID0004656,2024-04-27,2,21,8796.0,73,0,0,0.937,1.117,1.8,0.571,8,6282.75,data_drift,2024-04,6027.189512629284
ID0004657,2024-07-25,4,24,4096.0,36,1,1,0.96,1.368,1.8,0.387,3,6655.0,data_drift,2024-07,6800.082977220578
ID0004658,2024-04-16,1,12,7769.0,69,0,2,1.124,1.298,3.2,0.647,2,9686.9,data_drift,2024-04,8606.207574034179
ID0004659,2024-01-22,0,6,16542.0,53,1,2,1.31,1.953,1.1,0.996,4,6862.92,data_drift,2024-01,5733.308022996087
ID0004660,2024-02-07,4,19,13482.0,54,2,1,1.192,1.402,1.4,0.718,23,6824.14,data_drift,2024-02,6653.7624687001735
ID0004661,2024-01-09,1,21,5762.0,74,4,1,0.987,1.188,1.8,0.606,2,7174.02,data_drift,2024-01,7585.648678967796
ID0004662,2024-02-22,1,16,10550.0,63,2,0,0.931,0.97,1.2,0.253,21,4998.67,data_drift,2024-02,5104.992312441896
ID0004663,2024-09-09,4,12,19370.0,70,2,2,1.436,1.404,1.4,0.921,3,6724.4,data_drift,2024-09,6517.391663563747
ID0004664,2024-08-07,0,6,11022.0,50,4,0,1.083,1.403,1.4,0.89,16,7563.33,data_drift,2024-08,6409.33125309812
ID0004665,2024-09-13,3,7,26663.0,71,2,2,1.639,1.269,3.2,0.648,22,9618.87,data_drift,2024-09,9617.2081342902
ID0004666,2024-07-11,4,15,16733.0,56,0,2,1.48,1.047,1.8,0.542,30,6512.05,data_drift,2024-07,6534.534985935193
ID0004667,2024-02-15,2,21,7083.0,22,2,2,1.312,1.686,1.1,0.994,3,8385.49,data_drift,2024-02,7285.1866898119
ID0004668,2024-07-03,4,19,6233.0,23,0,2,1.562,1.203,1.8,0.566,6,7037.09,data_drift,2024-07,7263.94229350613
ID0004669,2024-04-13,3,23,7322.0,71,1,2,1.351,1.04,1.8,0.378,4,6538.05,data_drift,2024-04,6558.711304306429
ID0004670,2024-11-09,2,16,20417.0,48,0,2,1.179,1.213,1.4,0.784,7,6004.34,data_drift,2024-11,6239.204727573932
ID0004671,2024-03-13,0,17,4774.0,55,2,2,1.287,1.226,1.8,0.64,6,6080.78,data_drift,2024-03,7203.493477750775
ID0004672,2024-05-18,1,20,3777.0,21,0,1,1.222,1.143,1.8,0.793,2,7168.52,data_drift,2024-05,7292.106695590242
ID0004673,2024-09-08,4,17,21185.0,52,0,1,0.858,1.123,1.2,0.563,7,5048.18,data_drift,2024-09,5243.157372435766
ID0004674,2024-09-19,4,15,26286.0,43,1,2,1.195,1.414,1.4,0.894,5,6920.15,data_drift,2024-09,6642.315593922301
ID0004675,2024-02-25,3,9,34350.0,78,2,2,1.436,1.519,3.2,0.893,13,9965.83,data_drift,2024-02,9860.532701692817
ID0004676,2024-09-17,0,8,10906.0,28,3,2,1.214,0.956,1.2,0.619,30,6505.99,data_drift,2024-09,6495.637265707532
ID0004677,2024-09-10,1,0,20150.0,54,2,2,1.246,1.383,1.4,0.666,5,6070.19,data_drift,2024-09,6256.635623454614
ID0004678,2024-07-08,2,17,8045.0,50,1,1,1.091,0.85,1.2,0.346,30,5256.27,data_drift,2024-07,5222.910123183664
ID0004679,2024-01-24,1,16,7354.0,48,3,2,1.296,1.711,1.4,0.93,24,8059.5,data_drift,2024-01,8090.5157146012425
ID0004680,2024-10-15,2,3,18921.0,59,2,2,1.499,1.529,1.4,0.927,6,6957.64,data_drift,2024-10,6288.551535145056
ID0004681,2024-06-14,0,9,14969.0,42,1,2,1.336,1.255,3.2,0.729,22,9620.82,data_drift,2024-06,9473.529372123683
ID0004682,2024-10-03,3,13,9623.0,23,3,1,1.069,1.358,1.0,0.648,8,7369.59,data_drift,2024-10,6933.845883936039
ID0004683,2024-09-05,0,17,3634.0,56,2,1,1.038,1.476,1.4,0.832,2,6600.76,data_drift,2024-09,6295.613677991056
ID0004684,2024-04-04,3,17,8947.0,64,1,0,1.056,1.46,1.4,0.836,5,5873.49,data_drift,2024-04,5841.68767348406
ID0004685,2024-04-21,2,11,11435.0,42,0,2,1.25,1.918,0.4,0.989,5,5236.53,data_drift,2024-04,4337.532429720483
ID0004686,2024-03-22,4,25,18598.0,25,1,2,1.216,1.068,1.2,0.46,6,6244.94,data_drift,2024-03,5839.409011906161
ID0004687,2024-03-05,4,6,62798.0,78,0,2,1.065,1.367,1.4,0.861,7,6231.31,data_drift,2024-03,5627.873505434362
ID0004688,2024-11-17,1,16,6597.0,73,2,2,1.292,1.27,1.8,0.62,3,7567.04,data_drift,2024-11,7117.20739524308
ID0004689,2024-04-08,4,10,20454.0,53,1,2,1.549,1.543,0.4,0.964,8,4967.58,data_drift,2024-04,4575.58171773948
ID0004690,2024-01-04,1,10,10135.0,38,2,2,1.276,1.393,1.8,0.703,16,7875.7,data_drift,2024-01,7478.603218611901
ID0004691,2024-02-19,3,20,4653.0,29,1,1,1.073,1.234,1.8,0.59,5,6907.17,data_drift,2024-02,6689.571008408953
ID0004692,2024-02-03,1,6,19575.0,35,2,2,1.195,1.344,1.4,0.849,2,6844.28,data_drift,2024-02,6650.026899722176
ID0004693,2024-06-14,4,8,47789.0,79,4,1,1.06,1.389,1.4,0.782,16,7192.99,data_drift,2024-06,6885.136295693297
ID0004694,2024-10-07,3,14,12394.0,68,3,2,1.223,1.409,3.2,0.661,30,9510.28,data_drift,2024-10,10424.191910431988
ID0004695,2024-07-22,2,10,5017.0,79,1,1,1.331,1.292,1.4,0.649,15,4951.92,data_drift,2024-07,5591.312570193999
ID0004696,2024-03-11,3,10,16930.0,77,2,2,1.215,1.403,3.2,0.805,4,10057.56,data_drift,2024-03,9807.035404933506
ID0004697,2024-12-09,0,10,11907.0,76,0,2,1.434,1.303,3.2,0.62,30,9289.38,data_drift,2024-12,8951.881040407865
ID0004698,2024-06-24,2,17,10654.0,37,4,2,1.434,1.624,1.4,0.967,5,7807.13,data_drift,2024-06,7708.544329722922
ID0004699,2024-11-19,2,16,5805.0,43,1,2,1.448,1.417,1.4,0.829,16,7373.9,data_drift,2024-11,6494.938575058056
ID0004700,2024-03-25,3,15,13962.0,41,1,0,0.995,1.195,1.8,0.753,4,6496.26,data_drift,2024-03,6521.1082779692415
ID0004701,2024-02-04,3,14,9461.0,39,1,2,1.43,1.287,1.4,0.768,3,6641.67,data_drift,2024-02,6569.97447951704
ID0004702,2024-03-08,2,10,15025.0,41,2,0,0.904,1.495,1.4,0.81,16,6977.74,data_drift,2024-03,6186.904703598914
ID0004703,2024-02-26,2,12,14743.0,41,4,2,1.088,0.989,1.2,0.304,5,5938.04,data_drift,2024-02,6411.109993087036
ID0004704,2024-09-01,3,9,16519.0,37,3,1,1.019,1.556,1.4,0.913,6,7605.87,data_drift,2024-09,6455.119965233329
ID0004705,2024-04-11,3,25,3968.0,61,1,2,1.313,1.03,1.8,0.361,10,6586.41,data_drift,2024-04,6565.237209072938
ID0004706,2024-01-21,2,13,11316.0,67,0,1,1.057,1.487,1.4,0.737,30,6303.75,data_drift,2024-01,6013.4808745706305
ID0004707,2024-03-21,1,25,4425.0,30,0,2,1.463,1.751,1.1,0.957,4,7330.27,data_drift,2024-03,5867.109751547358
ID0004708,2024-08-04,3,15,18189.0,26,2,2,1.248,1.253,1.8,0.932,30,7771.98,data_drift,2024-08,8035.827094242508
ID0004709,2024-12-09,1,11,6564.0,53,1,1,1.124,1.34,1.8,0.819,12,7104.68,data_drift,2024-12,6689.52193242893
ID0004710,2024-10-08,3,13,21679.0,32,0,1,1.18,1.597,3.2,0.828,9,9913.26,data_drift,2024-10,9405.701487501292
ID0004711,2024-05-27,4,7,46581.0,26,1,2,1.457,1.08,1.2,0.243,0,4854.69,data_drift,2024-05,5384.1882766152885
ID0004712,2024-04-14,4,14,29503.0,63,1,2,1.463,1.487,1.4,0.771,2,5754.58,data_drift,2024-04,6657.241107028322
ID0004713,2024-07-16,3,20,7129.0,36,1,2,1.538,1.36,1.0,0.739,12,6956.4,data_drift,2024-07,5898.869599384105
ID0004714,2024-11-01,2,15,14046.0,19,1,2,1.27,1.324,1.4,0.755,4,6483.87,data_drift,2024-11,7431.644097623667
ID0004715,2024-06-04,2,5,21986.0,32,0,2,1.355,1.586,1.1,0.994,6,5016.83,data_drift,2024-06,5366.9087636561335
ID0004716,2024-01-10,4,15,26633.0,46,2,1,1.102,1.48,1.4,0.822,16,6422.83,data_drift,2024-01,6692.073936999182
ID0004717,2024-08-22,1,16,5015.0,33,0,2,1.12,1.506,1.4,0.916,8,6205.07,data_drift,2024-08,6372.15458108065
ID0004718,2024-05-28,3,8,17590.0,72,0,2,1.325,1.373,1.8,0.71,3,6457.48,data_drift,2024-05,6204.6632438243505
ID0004719,2024-08-02,3,4,25970.0,45,3,2,1.346,1.261,1.0,0.556,2,5500.59,data_drift,2024-08,5950.059348163903
ID0004720,2024-06-18,3,11,16934.0,62,2,2,1.354,1.517,1.4,0.767,7,7111.72,data_drift,2024-06,6662.522777420334
ID0004721,2024-09-04,1,5,22979.0,54,4,2,1.081,1.181,1.8,0.646,6,6892.06,data_drift,2024-09,7550.178486760082
ID0004722,2024-02-27,1,25,3182.0,71,1,1,0.839,1.257,1.8,0.648,4,6639.7,data_drift,2024-02,6577.827460486776
ID0004723,2024-07-19,3,14,8200.0,45,1,2,0.953,0.956,1.2,0.181,5,4712.59,data_drift,2024-07,5169.769924290098
ID0004724,2024-12-26,2,20,5372.0,45,1,2,1.644,0.947,1.8,0.297,10,7031.36,data_drift,2024-12,6468.781661839335
ID0004725,2024-10-22,2,18,12182.0,19,3,2,1.43,1.526,1.0,0.749,2,7790.91,data_drift,2024-10,7504.1431361110845
ID0004726,2024-02-16,0,6,9874.0,55,0,0,1.041,1.081,1.8,0.35,7,6155.56,data_drift,2024-02,5574.308086708799
ID0004727,2024-05-06,2,25,4656.0,68,0,2,1.014,1.198,1.8,0.718,1,6589.65,data_drift,2024-05,6455.961155600841
ID0004728,2024-11-18,3,16,16601.0,43,0,2,1.203,1.163,1.8,0.477,15,6243.69,data_drift,2024-11,6616.582271299462
ID0004729,2024-06-09,2,20,14110.0,29,0,1,1.084,1.497,1.4,0.926,7,6579.05,data_drift,2024-06,6088.571341260721
ID0004730,2024-01-09,3,11,8572.0,53,0,1,1.146,1.356,1.8,0.726,2,7000.23,data_drift,2024-01,6229.235172667041
ID0004731,2024-09-27,3,16,12284.0,58,0,2,1.423,1.355,3.2,0.843,16,8670.51,data_drift,2024-09,9466.786634418318
ID0004732,2024-12-10,2,6,14673.0,67,1,1,1.187,1.092,1.8,0.567,2,5112.15,data_drift,2024-12,5965.281347235933
ID0004733,2024-06-17,3,23,7316.0,48,2,2,1.353,1.266,3.2,0.731,8,10004.3,data_drift,2024-06,9918.332287643228
ID0004734,2024-03-12,3,13,10703.0,58,2,1,0.84,1.496,1.4,0.944,30,6446.55,data_drift,2024-03,6685.092585921499
ID0004735,2024-07-17,2,15,17963.0,38,3,1,1.044,1.181,1.0,0.654,22,5115.09,data_drift,2024-07,6118.563399741485
ID0004736,2024-05-23,1,16,6079.0,51,2,1,1.089,1.232,1.8,0.495,2,6022.4,data_drift,2024-05,6831.26797029088
ID0004737,2024-02-21,2,7,29270.0,44,2,1,1.014,1.223,1.4,0.473,3,5976.96,data_drift,2024-02,5919.780670274881
ID0004738,2024-09-21,1,20,4863.0,72,3,2,1.372,1.504,1.4,0.801,12,6916.28,data_drift,2024-09,7180.29283486253
ID0004739,2024-07-07,1,6,12254.0,75,0,2,1.301,1.456,1.4,0.91,5,6097.75,data_drift,2024-07,5476.358713426754
ID0004740,2024-08-18,3,9,11761.0,75,3,2,1.068,1.156,1.2,0.282,1,5135.07,data_drift,2024-08,5776.5760638478905
ID0004741,2024-01-04,3,16,9040.0,58,0,2,1.391,1.503,1.4,0.855,6,6480.06,data_drift,2024-01,6185.970825493241
ID0004742,2024-01-16,1,18,8087.0,19,1,2,1.371,1.214,1.8,0.489,3,7509.88,data_drift,2024-01,7729.658981570018
ID0004743,2024-02-17,3,19,5839.0,77,1,1,0.968,1.504,3.2,0.834,3,10202.41,data_drift,2024-02,9609.60099338382
ID0004744,2024-03-28,2,25,5523.0,70,3,2,1.459,1.505,1.4,0.748,30,7357.47,data_drift,2024-03,7741.943931578209
ID0004745,2024-03-18,0,19,3841.0,38,1,1,1.068,1.226,1.8,0.498,4,6729.38,data_drift,2024-03,6522.3157395809085
ID0004746,2024-05-01,3,16,9287.0,33,1,2,1.241,1.228,1.2,0.537,30,6362.26,data_drift,2024-05,6227.975739076471
ID0004747,2024-12-14,2,1,26675.0,35,1,1,0.976,1.631,1.4,0.971,13,6221.48,data_drift,2024-12,5883.942817554702
ID0004748,2024-07-05,0,7,13028.0,31,2,2,1.279,1.378,3.2,0.71,12,10011.98,data_drift,2024-07,9924.608515595848
ID0004749,2024-08-28,3,15,21193.0,30,0,0,0.968,1.131,1.8,0.692,4,5821.31,data_drift,2024-08,6171.03292884191
ID0004750,2024-03-23,2,9,16254.0,34,1,2,1.234,1.086,1.2,0.366,10,5475.65,data_drift,2024-03,5412.680309061094
ID0004751,2024-09-14,1,14,7731.0,62,1,1,1.224,1.521,3.2,0.779,4,9574.37,data_drift,2024-09,9733.415300527522
ID0004752,2024-10-19,3,0,21551.0,68,4,2,1.361,1.446,1.4,0.73,23,6642.83,data_drift,2024-10,6999.301885869092
ID0004753,2024-03-09,4,14,15515.0,40,2,2,1.152,1.503,1.4,0.879,30,6797.02,data_drift,2024-03,7425.846449546881
ID0004754,2024-02-15,4,12,22556.0,57,1,2,1.182,1.582,1.4,0.772,13,7299.52,data_drift,2024-02,6701.301986010391
ID0004755,2024-02-19,3,14,9406.0,25,1,2,1.372,1.22,1.8,0.492,1,7157.0,data_drift,2024-02,6964.613771979065
ID0004756,2024-04-26,4,15,20297.0,46,0,2,1.299,1.094,1.8,0.667,1,6309.37,data_drift,2024-04,6483.3128903300485
ID0004757,2024-07-23,0,13,3482.0,25,2,2,1.146,1.241,1.4,0.567,2,6710.3,data_drift,2024-07,6578.722277530326
ID0004758,2024-01-07,2,9,14662.0,55,2,1,0.921,1.33,1.4,0.842,4,6247.37,data_drift,2024-01,6076.354948768882
ID0004759,2024-04-22,2,15,15663.0,51,2,2,1.522,1.657,1.4,0.904,5,6772.3,data_drift,2024-04,6877.001350444746
ID0004760,2024-10-08,3,17,12511.0,56,2,2,1.472,1.276,1.0,0.84,2,6016.98,data_drift,2024-10,6030.76588722556
ID0004761,2024-02-09,1,18,8759.0,57,1,1,1.019,1.431,1.8,0.865,16,7438.18,data_drift,2024-02,6935.891919202041
ID0004762,2024-11-18,3,16,10175.0,70,2,1,1.194,1.427,3.2,0.722,30,9559.91,data_drift,2024-11,10381.53916818808
ID0004763,2024-07-09,3,13,16407.0,25,2,2,1.227,1.123,1.8,0.83,23,6880.25,data_drift,2024-07,7591.147993781559
ID0004764,2024-11-03,1,23,2648.0,26,2,1,1.041,1.236,1.0,0.865,2,6072.14,data_drift,2024-11,5969.33559357865
ID0004765,2024-04-02,2,2,34041.0,28,4,2,1.543,1.95,0.4,0.979,25,6181.2,data_drift,2024-04,6007.831268138039
ID0004766,2024-07-05,2,6,25977.0,60,0,2,1.193,1.431,0.4,0.896,23,4470.46,data_drift,2024-07,4065.649653081136
ID0004767,2024-06-19,2,3,15400.0,69,2,2,1.499,1.227,1.8,0.618,5,6698.83,data_drift,2024-06,6652.691006549678
ID0004768,2024-03-05,1,13,6504.0,28,2,2,1.275,1.024,1.8,0.778,1,7090.18,data_drift,2024-03,7231.762101160777
ID0004769,2024-07-20,3,9,18621.0,63,1,2,1.081,1.003,1.2,0.163,3,4867.18,data_drift,2024-07,4876.737565642423
ID0004770,2024-02-28,3,9,13223.0,70,1,2,1.148,1.002,1.8,0.325,6,5388.09,data_drift,2024-02,6223.293564994113
ID0004771,2024-06-09,4,25,7843.0,60,1,0,1.083,1.503,1.8,0.744,7,6117.41,data_drift,2024-06,6769.686906442537
ID0004772,2024-02-18,4,5,26279.0,65,3,1,1.107,1.314,1.8,0.894,16,6454.79,data_drift,2024-02,7022.434595936376
ID0004773,2024-08-22,1,0,48166.0,31,2,2,1.237,1.594,1.1,0.924,30,6839.92,data_drift,2024-08,6887.789440145421
ID0004774,2024-03-17,4,23,7670.0,79,0,2,1.22,1.441,1.8,0.635,9,6666.26,data_drift,2024-03,6817.20946403504
ID0004775,2024-06-23,3,4,27625.0,63,1,2,1.217,1.695,1.1,0.966,30,5543.72,data_drift,2024-06,6029.058808273687
ID0004776,2024-08-20,4,21,17509.0,62,2,2,1.51,1.354,1.8,0.872,23,7635.71,data_drift,2024-08,7766.899754405961
ID0004777,2024-09-12,1,13,9545.0,36,2,1,1.048,1.519,1.4,0.843,4,7365.23,data_drift,2024-09,6451.058067572306
ID0004778,2024-12-10,4,18,8172.0,60,0,2,1.635,1.52,1.4,0.828,10,6297.77,data_drift,2024-12,6051.995628601978
ID0004779,2024-12-20,2,16,7054.0,70,2,2,1.386,1.507,0.4,0.968,10,4817.53,data_drift,2024-12,5092.676467045322
ID0004780,2024-09-14,1,14,5045.0,66,3,2,1.115,1.572,1.4,0.964,4,7270.08,data_drift,2024-09,7447.17633737791
ID0004781,2024-06-08,1,13,6393.0,63,2,1,1.024,1.349,1.0,0.634,7,6243.35,data_drift,2024-06,5468.397829160038
ID0004782,2024-01-06,3,0,25950.0,30,2,2,1.278,1.324,1.8,0.793,4,7622.87,data_drift,2024-01,7204.556664807568
ID0004783,2024-06-22,3,10,11132.0,67,1,0,1.073,1.472,3.2,0.902,17,9424.92,data_drift,2024-06,8969.848361341947
ID0004784,2024-05-17,3,17,12632.0,39,1,1,1.02,1.658,1.1,0.942,3,6220.07,data_drift,2024-05,5980.776368641604
ID0004785,2024-01-01,2,21,9701.0,34,1,2,1.235,1.2,1.8,0.509,1,7080.37,data_drift,2024-01,6969.375781578013
ID0004786,2024-03-28,1,5,28398.0,68,1,2,1.333,1.164,1.8,0.576,15,6330.42,data_drift,2024-03,6425.243745229687
ID0004787,2024-12-10,2,0,27093.0,59,3,2,1.153,1.49,1.4,0.778,30,7772.89,data_drift,2024-12,7097.006381757909
ID0004788,2024-12-11,1,11,10179.0,34,4,2,1.557,1.508,1.4,0.808,3,7326.69,data_drift,2024-12,7470.921096631722
ID0004789,2024-03-17,4,23,7557.0,68,4,1,1.137,1.229,1.8,0.652,11,6873.09,data_drift,2024-03,7728.177080403655
ID0004790,2024-10-08,1,19,5825.0,77,2,2,1.504,1.121,1.8,0.593,6,7709.43,data_drift,2024-10,6664.278010724014
ID0004791,2024-04-27,2,14,12656.0,54,2,1,0.971,1.043,1.8,0.314,10,7035.13,data_drift,2024-04,6467.660584202832
ID0004792,2024-09-08,3,20,11884.0,36,3,1,1.096,1.641,1.4,0.92,4,6954.8,data_drift,2024-09,7107.828848336996
ID0004793,2024-08-20,3,11,7583.0,33,0,1,1.121,1.263,1.8,0.739,8,7273.85,data_drift,2024-08,6269.056681610449
ID0004794,2024-06-22,3,16,12777.0,62,3,0,0.827,1.199,1.8,0.675,3,7714.97,data_drift,2024-06,7040.853742336995
ID0004795,2024-03-26,0,18,7639.0,30,1,2,1.233,1.165,1.8,0.427,1,7264.17,data_drift,2024-03,6787.488877140137
ID0004796,2024-03-27,1,12,4911.0,70,2,1,0.978,1.482,3.2,0.86,4,9610.9,data_drift,2024-03,9350.8318809478
ID0004797,2024-09-27,2,25,2500.0,66,0,2,1.323,1.168,1.2,0.712,7,5322.32,data_drift,2024-09,5412.266604673957
ID0004798,2024-02-15,1,11,5657.0,23,2,2,1.37,0.872,1.2,0.336,30,6504.18,data_drift,2024-02,6633.097727228507
ID0004799,2024-12-20,2,8,25631.0,39,3,2,1.325,1.597,1.4,0.884,9,7945.71,data_drift,2024-12,7169.509540578675
ID0004800,2024-07-18,2,12,27762.0,45,0,1,1.196,1.575,0.4,0.951,4,4795.3,data_drift,2024-07,4199.547065512135
ID0004801,2024-08-13,1,23,12975.0,78,4,1,1.033,1.393,3.2,0.854,30,10796.75,data_drift,2024-08,10978.35024140891
ID0004802,2024-03-28,2,4,14787.0,63,2,2,1.274,1.526,3.2,0.889,6,10195.11,data_drift,2024-03,9594.753713002761
ID0004803,2024-09-27,3,8,22873.0,40,2,2,1.535,1.853,1.1,0.988,4,7247.77,data_drift,2024-09,6168.451548633835
ID0004804,2024-01-23,3,17,3255.0,76,4,2,1.223,1.116,1.8,0.599,7,8138.83,data_drift,2024-01,7520.982672821486
ID0004805,2024-08-28,2,10,17653.0,31,0,2,1.364,1.437,1.8,0.636,23,7541.41,data_drift,2024-08,7003.346610391079
ID0004806,2024-04-01,3,25,4754.0,29,0,2,1.085,1.097,1.2,0.546,3,6234.23,data_drift,2024-04,5430.068301752673
ID0004807,2024-02-01,4,0,57000.0,77,3,2,1.199,1.492,1.4,0.902,24,7379.94,data_drift,2024-02,7051.890230730592
ID0004808,2024-01-12,1,17,5145.0,39,0,0,0.876,1.669,1.4,0.901,3,6544.44,data_drift,2024-01,5933.923022676735
ID0004809,2024-03-19,2,21,8314.0,76,0,0,0.956,1.33,1.8,0.717,12,5507.73,data_drift,2024-03,6126.576573334782
ID0004810,2024-05-19,1,16,8359.0,79,3,2,1.169,0.85,1.8,0.171,5,6102.27,data_drift,2024-05,6706.29972029466
ID0004811,2024-11-01,2,16,5278.0,59,1,2,1.333,1.651,1.4,0.96,7,6496.13,data_drift,2024-11,6812.931330321601
ID0004812,2024-10-07,0,12,3192.0,18,0,2,1.236,1.08,1.2,0.468,5,6585.49,data_drift,2024-10,5804.342581906544
ID0004813,2024-05-27,3,17,7182.0,26,2,2,1.396,1.296,1.4,0.895,7,7069.31,data_drift,2024-05,7047.1390470676215
ID0004814,2024-02-14,4,6,22645.0,30,1,2,1.21,1.573,3.2,0.852,9,10903.46,data_drift,2024-02,10028.045501748164
ID0004815,2024-09-02,2,17,30685.0,28,0,2,1.23,1.358,1.0,0.855,23,5512.0,data_drift,2024-09,6028.600324382241
ID0004816,2024-12-13,3,13,17263.0,25,4,1,1.092,1.454,1.4,0.808,30,8278.33,data_drift,2024-12,7590.9485218069685
ID0004817,2024-10-25,3,13,16087.0,26,0,2,1.366,1.052,1.8,0.6,1,7079.11,data_drift,2024-10,6460.385062546415
ID0004818,2024-05-05,2,15,17621.0,76,1,2,1.372,1.388,1.8,0.701,2,6653.56,data_drift,2024-05,6901.425951779006
ID0004819,2024-02-15,2,7,17764.0,76,1,2,1.44,1.541,1.4,0.852,6,5983.63,data_drift,2024-02,5986.855096464155
ID0004820,2024-02-09,3,24,9683.0,35,3,2,1.236,1.1,1.2,0.292,0,6827.49,data_drift,2024-02,6253.192646004687
ID0004821,2024-02-28,1,5,12028.0,38,3,2,1.294,1.173,1.8,0.619,5,7637.48,data_drift,2024-02,7206.819033366359
ID0004822,2024-09-02,4,16,14798.0,32,2,1,0.998,1.398,1.4,0.809,12,6124.33,data_drift,2024-09,6638.485572248307
ID0004823,2024-04-21,1,0,13549.0,33,3,0,0.892,1.421,1.8,0.847,12,6452.02,data_drift,2024-04,6733.201101009173
ID0004824,2024-06-14,1,18,18985.0,60,1,1,1.038,1.358,1.8,0.821,4,5847.44,data_drift,2024-06,6900.57025142343
ID0004825,2024-10-12,4,14,16216.0,40,1,2,1.225,1.767,1.4,0.967,4,7678.62,data_drift,2024-10,6810.074662384237
ID0004826,2024-06-07,0,21,3958.0,67,4,2,0.883,1.186,1.8,0.716,3,7191.68,data_drift,2024-06,7844.841440012969
ID0004827,2024-04-03,2,1,44824.0,33,2,2,1.429,1.682,1.4,0.906,3,7222.59,data_drift,2024-04,6718.336263690521
ID0004828,2024-09-27,0,7,7473.0,70,0,2,1.33,1.358,1.4,0.896,6,6061.17,data_drift,2024-09,5582.886313486274
ID0004829,2024-11-21,4,0,40204.0,76,3,2,1.63,1.101,1.2,0.669,11,6068.21,data_drift,2024-11,5822.864052554273
ID0004830,2024-05-11,4,5,40853.0,30,0,2,1.281,0.965,1.2,0.41,1,4637.92,data_drift,2024-05,4741.62460554452
ID0004831,2024-05-07,2,16,5542.0,55,2,1,1.234,1.321,1.8,0.729,6,6724.27,data_drift,2024-05,7070.894355606946
ID0004832,2024-11-08,3,18,7525.0,56,2,2,1.438,1.385,1.8,0.639,16,7488.68,data_drift,2024-11,7553.858134291097
ID0004833,2024-01-24,3,15,16452.0,37,1,2,1.451,1.246,3.2,0.733,3,10497.73,data_drift,2024-01,9699.33229704895
ID0004834,2024-08-15,2,8,23409.0,57,2,1,0.941,1.683,1.4,0.934,24,7706.44,data_drift,2024-08,6574.839053360693
ID0004835,2024-08-06,2,7,12306.0,52,1,2,1.09,0.968,1.2,0.389,0,4497.04,data_drift,2024-08,5022.553562394056
ID0004836,2024-07-28,2,7,24706.0,23,0,2,1.089,1.477,1.4,0.935,17,6472.69,data_drift,2024-07,6703.119613763341
ID0004837,2024-02-26,2,0,33505.0,51,2,2,1.23,1.203,1.8,0.514,2,6643.44,data_drift,2024-02,6780.594532068895
ID0004838,2024-02-04,1,12,4119.0,72,1,2,1.358,1.197,1.0,0.621,3,5197.25,data_drift,2024-02,4888.871885074551
ID0004839,2024-02-11,1,25,5127.0,38,0,1,1.049,1.575,1.4,0.734,3,6172.39,data_drift,2024-02,6313.088748789542
ID0004840,2024-04-27,2,14,15051.0,18,3,2,1.252,1.743,0.4,0.966,18,6422.97,data_drift,2024-04,6850.111510306084
ID0004841,2024-03-22,2,1,27544.0,28,3,2,1.17,1.38,1.4,0.878,3,7797.97,data_drift,2024-03,6856.83890765558
ID0004842,2024-11-24,3,17,13452.0,71,3,2,1.378,1.506,1.1,0.964,17,6613.77,data_drift,2024-11,6676.417065446402
ID0004843,2024-09-22,2,17,12911.0,65,1,2,1.488,1.591,1.4,0.813,5,6653.45,data_drift,2024-09,6559.9765233333865
ID0004844,2024-04-15,1,13,6276.0,37,2,1,0.97,0.98,1.2,0.428,6,4755.43,data_drift,2024-04,5459.7584507349875
ID0004845,2024-05-20,1,9,6836.0,68,3,2,1.354,1.533,1.4,0.924,17,7710.76,data_drift,2024-05,6776.4560178138045
ID0004846,2024-06-15,3,11,26380.0,39,2,2,1.181,1.44,1.4,0.94,8,8021.72,data_drift,2024-06,6782.906062572902
ID0004847,2024-07-12,3,22,2500.0,76,1,2,1.441,1.279,1.0,0.807,5,5280.15,data_drift,2024-07,5717.843232079625
ID0004848,2024-11-28,1,15,4642.0,27,1,0,0.919,1.411,1.8,0.917,12,6532.62,data_drift,2024-11,6649.22622318585
ID0004849,2024-09-07,3,10,12933.0,19,3,1,1.033,1.091,1.2,0.356,10,6834.67,data_drift,2024-09,6651.940742602999
ID0004850,2024-10-09,3,13,11731.0,38,1,1,1.162,1.224,1.8,0.484,6,5990.08,data_drift,2024-10,6607.161188573146
ID0004851,2024-11-04,3,11,8655.0,36,2,2,1.324,1.394,1.8,0.705,12,6528.92,data_drift,2024-11,7470.2553770858085
ID0004852,2024-06-22,2,9,24198.0,25,0,0,0.948,1.233,1.4,0.775,5,5138.1,data_drift,2024-06,5358.082997420304
ID0004853,2024-03-21,3,12,13870.0,79,1,1,1.228,1.297,1.8,0.698,16,7013.07,data_drift,2024-03,6399.773246948192
ID0004854,2024-12-06,2,17,4856.0,75,2,1,1.055,1.439,1.4,0.812,3,5932.46,data_drift,2024-12,6293.518421972456
ID0004855,2024-09-16,2,5,18135.0,25,2,2,1.063,1.225,1.8,0.476,6,7386.49,data_drift,2024-09,7095.288645108143
ID0004856,2024-07-24,1,15,11413.0,71,4,2,1.424,1.163,1.2,0.382,6,6717.77,data_drift,2024-07,6635.616058441837
ID0004857,2024-08-10,3,12,9269.0,19,4,1,1.046,1.629,1.4,0.774,5,8116.09,data_drift,2024-08,8383.21026455201
ID0004858,2024-02-18,1,18,6821.0,21,0,2,1.239,1.338,1.2,0.581,1,5644.22,data_drift,2024-02,6545.260712473667
ID0004859,2024-12-16,0,12,6464.0,63,2,2,1.418,1.44,1.4,0.819,6,6957.62,data_drift,2024-12,6441.8110059128
ID0004860,2024-11-10,1,12,9109.0,49,3,2,1.253,1.212,1.8,0.683,1,7577.49,data_drift,2024-11,7405.234539828145
ID0004861,2024-05-24,2,19,16770.0,45,0,2,1.451,1.378,1.4,0.819,23,5945.66,data_drift,2024-05,6668.35792887613
ID0004862,2024-07-21,1,5,8809.0,69,1,1,1.049,0.955,1.2,0.411,30,4811.75,data_drift,2024-07,4918.1238896409295
ID0004863,2024-02-17,1,21,7472.0,39,1,1,1.099,1.448,1.4,0.924,4,5872.66,data_drift,2024-02,6187.155493772753
ID0004864,2024-09-02,1,19,5688.0,71,1,2,1.238,1.419,3.2,0.742,30,8802.76,data_drift,2024-09,10544.772057889146
ID0004865,2024-06-15,1,6,21927.0,20,2,2,1.174,1.6,1.4,0.874,4,8729.27,data_drift,2024-06,7518.232186982663
ID0004866,2024-09-18,1,6,9237.0,57,0,2,1.438,1.331,1.4,0.795,4,6570.41,data_drift,2024-09,5853.198184614936
ID0004867,2024-02-01,4,9,10075.0,63,1,1,1.141,1.233,3.2,0.649,7,8885.78,data_drift,2024-02,9161.373791717799
ID0004868,2024-08-28,2,7,26135.0,68,4,2,1.368,1.208,1.8,0.836,2,8115.81,data_drift,2024-08,7509.017042220807
ID0004869,2024-10-18,3,15,5620.0,43,4,2,1.032,1.509,1.4,0.834,4,7592.0,data_drift,2024-10,7513.24290814756
ID0004870,2024-09-09,3,25,3671.0,47,2,1,1.218,1.029,1.8,0.32,3,6827.63,data_drift,2024-09,6633.87669808577
ID0004871,2024-03-20,2,25,6437.0,73,2,0,0.8,1.226,1.8,0.575,7,7257.62,data_drift,2024-03,6896.746546291812
ID0004872,2024-03-18,3,23,4240.0,24,4,2,1.212,1.087,1.8,0.675,4,7866.17,data_drift,2024-03,8590.023814288696
ID0004873,2024-09-09,3,11,36632.0,25,0,1,1.192,0.85,1.2,0.295,5,4730.61,data_drift,2024-09,4583.535139813382
ID0004874,2024-06-13,2,14,17613.0,29,2,2,1.362,0.898,1.8,0.361,5,6889.91,data_drift,2024-06,6789.677221179587
ID0004875,2024-09-24,0,17,6456.0,30,3,2,1.646,1.669,0.4,0.88,4,5445.45,data_drift,2024-09,5815.433926514313
ID0004876,2024-05-09,2,17,6869.0,23,3,1,1.112,1.107,1.8,0.482,8,8119.44,data_drift,2024-05,7867.118057588158
ID0004877,2024-08-27,2,7,23511.0,18,0,2,1.315,1.451,1.4,0.773,16,7368.17,data_drift,2024-08,6821.969939394644
ID0004878,2024-10-20,1,0,27572.0,58,2,2,1.418,1.294,1.4,0.869,30,6417.38,data_drift,2024-10,6646.928513647594
ID0004879,2024-03-02,3,19,6064.0,32,1,1,0.944,1.023,1.8,0.418,8,6752.19,data_drift,2024-03,6460.8220737134325
ID0004880,2024-05-05,4,16,25744.0,59,0,2,1.404,1.475,3.2,0.82,3,9004.58,data_drift,2024-05,9492.714320340783
ID0004881,2024-02-17,3,23,4971.0,33,0,2,1.079,1.524,1.4,0.914,4,6981.82,data_drift,2024-02,6213.411719624999
ID0004882,2024-10-21,2,25,5376.0,35,3,2,1.467,1.469,1.4,0.832,30,7543.27,data_drift,2024-10,7926.727381718612
ID0004883,2024-09-05,1,8,18893.0,56,4,1,1.1,1.097,1.2,0.304,7,5348.35,data_drift,2024-09,6022.053680072279
ID0004884,2024-03-13,1,14,9199.0,53,0,2,1.423,1.473,0.4,0.957,17,4655.94,data_drift,2024-03,4582.165074688634
ID0004885,2024-03-20,2,25,8701.0,56,1,2,1.379,1.736,0.4,0.978,30,5434.45,data_drift,2024-03,5972.572728266458
ID0004886,2024-01-09,3,18,10333.0,28,0,2,1.48,1.82,0.4,0.982,4,4778.37,data_drift,2024-01,4727.674021426917
ID0004887,2024-03-26,1,3,15955.0,41,3,1,0.959,1.228,1.8,0.442,1,6975.99,data_drift,2024-03,6856.926889228133
ID0004888,2024-10-25,4,19,9146.0,47,3,2,1.476,1.291,3.2,0.583,7,11523.55,data_drift,2024-10,10121.50626909244
ID0004889,2024-10-13,3,8,25418.0,69,4,1,1.25,1.369,1.8,0.767,4,7964.38,data_drift,2024-10,7503.747908942893
ID0004890,2024-02-17,2,9,13601.0,66,0,1,1.188,1.68,0.4,0.96,4,4308.6,data_drift,2024-02,3742.350700187531
ID0004891,2024-08-19,3,10,20627.0,64,0,2,1.283,1.008,1.2,0.366,3,4627.39,data_drift,2024-08,4816.363901863854
ID0004892,2024-05-26,2,23,4611.0,77,2,2,1.2,1.337,1.4,0.825,2,6953.07,data_drift,2024-05,6816.974692427429
ID0004893,2024-02-19,3,15,8786.0,79,1,1,1.009,0.899,1.2,0.27,10,4792.26,data_drift,2024-02,4739.359528985222
ID0004894,2024-03-12,3,25,6912.0,41,2,2,1.301,1.384,1.4,0.948,2,7863.83,data_drift,2024-03,6984.331119171282
ID0004895,2024-02-10,1,11,6908.0,63,0,2,1.071,1.053,1.8,0.291,5,5688.11,data_drift,2024-02,5887.911961685089
ID0004896,2024-07-24,2,25,8214.0,63,0,1,0.982,1.111,1.8,0.773,15,6371.31,data_drift,2024-07,6380.74171504835
ID0004897,2024-11-04,4,21,11335.0,47,1,2,1.393,1.353,1.4,0.914,2,6987.34,data_drift,2024-11,6569.196830043717
ID0004898,2024-09-01,3,7,8861.0,42,0,2,1.025,1.736,1.1,0.933,5,4923.58,data_drift,2024-09,5383.3003359989325
ID0004899,2024-09-20,3,18,13764.0,19,3,2,1.347,1.144,1.2,0.461,5,7924.23,data_drift,2024-09,7192.5442026336195
ID0004900,2024-03-03,3,9,17960.0,41,0,2,1.428,1.701,0.4,0.929,10,5319.15,data_drift,2024-03,4472.358770982385
ID0004901,2024-01-14,3,18,3266.0,39,3,1,0.958,1.297,1.0,0.656,2,5896.19,data_drift,2024-01,5983.550400249096
ID0004902,2024-07-20,3,11,18983.0,42,2,1,1.165,1.523,0.4,0.938,3,4419.58,data_drift,2024-07,4777.1375050761135
ID0004903,2024-10-10,1,10,8190.0,75,0,2,1.576,1.501,1.4,0.897,24,6586.47,data_drift,2024-10,6182.638376906403
ID0004904,2024-04-20,3,7,33449.0,52,3,2,1.201,1.348,1.4,0.862,23,7157.48,data_drift,2024-04,7061.1822667086235
ID0004905,2024-05-05,2,4,11863.0,40,0,1,1.162,1.268,3.2,0.804,9,9088.65,data_drift,2024-05,8529.65314156588
ID0004906,2024-05-01,4,13,40838.0,62,0,2,1.431,1.169,1.8,0.5,5,7170.97,data_drift,2024-05,6252.992579481563
ID0004907,2024-09-16,4,8,90409.0,55,1,2,1.303,1.166,1.8,0.353,10,5851.43,data_drift,2024-09,6261.035507154693
ID0004908,2024-06-04,2,10,17758.0,75,1,2,1.432,1.066,1.8,0.376,1,5563.03,data_drift,2024-06,6196.025005919144
ID0004909,2024-09-17,3,19,24887.0,21,2,2,1.427,1.481,1.4,0.904,5,8610.12,data_drift,2024-09,7881.679845726835
ID0004910,2024-05-11,2,3,28893.0,71,0,1,1.174,1.695,1.1,0.959,9,5410.89,data_drift,2024-05,4667.094150104971
ID0004911,2024-03-15,4,16,13494.0,35,1,2,1.25,1.306,1.8,0.719,4,6976.41,data_drift,2024-03,7057.424393550906
ID0004912,2024-04-04,3,10,28429.0,79,1,2,1.234,1.19,1.8,0.61,6,6366.84,data_drift,2024-04,6603.051934134056
ID0004913,2024-11-16,2,15,6748.0,54,0,1,1.165,1.132,1.8,0.366,10,6832.48,data_drift,2024-11,6085.9546094326
ID0004914,2024-03-05,2,13,16285.0,34,4,2,1.401,1.537,0.4,0.965,10,5746.37,data_drift,2024-03,5891.115367414947
ID0004915,2024-11-12,2,14,11096.0,43,2,1,1.272,1.491,0.4,0.85,9,4902.24,data_drift,2024-11,4957.662882242144
ID0004916,2024-10-13,4,11,25327.0,60,3,2,1.084,1.651,0.4,0.991,5,5587.43,data_drift,2024-10,5303.443683109178
ID0004917,2024-11-17,3,21,16191.0,49,2,2,1.442,1.478,1.4,0.819,4,7277.64,data_drift,2024-11,6843.827066992126
ID0004918,2024-02-18,3,7,24094.0,70,2,0,1.084,1.217,3.2,0.692,2,9206.93,data_drift,2024-02,8858.648868518412
ID0004919,2024-01-15,2,21,3970.0,76,1,1,1.17,1.536,1.4,0.946,3,6108.99,data_drift,2024-01,6152.100800116241
ID0004920,2024-09-24,3,13,21527.0,49,2,2,1.1,1.062,1.8,0.436,15,6673.77,data_drift,2024-09,6967.483514593485
ID0004921,2024-01-13,3,25,10350.0,70,2,2,1.367,1.529,1.4,0.844,6,7659.64,data_drift,2024-01,6817.779122051853
ID0004922,2024-08-22,2,10,18675.0,37,0,2,1.448,1.463,1.4,0.818,16,6146.97,data_drift,2024-08,6271.458976551485
ID0004923,2024-06-18,2,13,15775.0,22,1,2,1.404,1.407,3.2,0.899,5,10407.67,data_drift,2024-06,10763.30965777347
ID0004924,2024-03-17,2,8,32325.0,70,1,0,1.086,1.176,1.8,0.639,30,6407.39,data_drift,2024-03,6118.1610863937485
ID0004925,2024-10-28,3,19,9948.0,48,0,2,1.293,1.499,1.4,0.877,5,6588.59,data_drift,2024-10,6268.743483111221
ID0004926,2024-09-20,4,1,94619.0,52,0,1,0.981,1.276,1.0,0.382,6,4235.85,data_drift,2024-09,4158.960304678091
ID0004927,2024-09-06,3,21,8827.0,39,1,2,1.359,1.506,1.4,0.771,30,7340.12,data_drift,2024-09,7509.90920174167
ID0004928,2024-11-05,3,8,15477.0,30,4,2,1.359,1.17,1.2,0.729,8,6639.03,data_drift,2024-11,6777.864565083995
ID0004929,2024-10-07,2,11,26116.0,37,0,1,0.935,1.466,1.8,0.474,2,6170.73,data_drift,2024-10,6394.802929190079
ID0004930,2024-07-28,3,14,6226.0,21,2,1,0.923,1.562,1.4,0.978,13,7589.06,data_drift,2024-07,7532.414486969848
ID0004931,2024-08-17,2,6,50069.0,32,3,2,1.511,1.566,1.4,0.842,17,6967.27,data_drift,2024-08,7500.706904428157
ID0004932,2024-05-25,4,15,11220.0,35,2,1,1.072,0.85,1.2,0.138,3,4872.01,data_drift,2024-05,5180.935808726044
ID0004933,2024-06-15,2,15,6296.0,19,0,2,1.22,1.132,1.8,0.484,22,7498.9,data_drift,2024-06,7432.0402877259185
ID0004934,2024-04-13,3,18,7629.0,54,0,2,1.474,0.85,1.2,0.271,30,4526.98,data_drift,2024-04,5146.01584539165
ID0004935,2024-12-07,2,13,11170.0,61,2,2,1.255,1.125,1.8,0.457,11,7054.45,data_drift,2024-12,6822.9849260893025
ID0004936,2024-11-23,1,24,4121.0,27,0,1,1.111,1.436,1.8,0.888,12,7315.35,data_drift,2024-11,6766.392596469946
ID0004937,2024-01-06,2,18,6148.0,34,1,1,0.919,1.477,1.4,0.887,6,6282.35,data_drift,2024-01,6271.6934992729075
ID0004938,2024-01-23,1,22,6421.0,34,3,2,1.221,1.535,3.2,0.826,8,10305.88,data_drift,2024-01,10608.435522874526
ID0004939,2024-08-22,2,19,3549.0,44,0,2,1.369,1.123,1.8,0.448,11,6656.69,data_drift,2024-08,6261.169399431457
ID0004940,2024-12-12,1,10,9507.0,67,1,2,1.275,1.391,3.2,0.842,16,9170.99,data_drift,2024-12,9628.850153843172
ID0004941,2024-05-02,4,5,69951.0,42,2,2,1.242,1.633,0.4,0.97,10,5403.52,data_drift,2024-05,5335.841013021515
ID0004942,2024-06-20,3,17,4179.0,73,3,2,1.225,1.769,1.4,0.966,8,8326.67,data_drift,2024-06,7314.366067371638
ID0004943,2024-12-17,3,12,14384.0,36,1,1,1.329,1.372,1.8,0.861,12,7031.78,data_drift,2024-12,6775.972280150165
ID0004944,2024-06-16,1,25,2500.0,34,4,1,1.044,1.617,1.4,0.947,5,7553.86,data_drift,2024-06,7377.647320779612
ID0004945,2024-02-13,1,22,7481.0,60,1,2,1.627,1.31,1.8,0.651,30,6646.2,data_drift,2024-02,7174.281222345581
ID0004946,2024-10-21,3,11,20634.0,38,1,2,1.308,1.618,1.4,0.78,30,6926.89,data_drift,2024-10,7214.879182182916
ID0004947,2024-04-28,1,0,12649.0,34,3,1,1.105,0.985,1.2,0.52,2,5870.35,data_drift,2024-04,5651.114696886691
ID0004948,2024-03-14,0,9,6221.0,18,0,1,0.982,1.568,0.4,0.896,3,5227.14,data_drift,2024-03,4870.102566093196
ID0004949,2024-03-14,3,8,22023.0,20,0,2,1.421,1.655,0.4,0.963,7,6289.2,data_drift,2024-03,5323.3306927493795
ID0004950,2024-10-25,3,4,30427.0,41,2,0,1.061,1.581,1.4,0.924,7,6976.27,data_drift,2024-10,5947.144761267817
ID0004951,2024-03-22,4,0,59749.0,19,1,2,1.637,1.424,1.8,0.862,3,7703.46,data_drift,2024-03,7859.520449687531
ID0004952,2024-09-20,1,22,6396.0,41,2,2,1.189,1.597,0.4,0.975,24,4715.07,data_drift,2024-09,6257.099038863082
ID0004953,2024-05-20,2,7,12587.0,71,0,1,0.902,1.435,1.4,0.921,4,5639.34,data_drift,2024-05,5223.447692498446
ID0004954,2024-10-15,1,21,9591.0,32,2,2,1.392,1.156,1.4,0.944,23,7216.31,data_drift,2024-10,7225.362921821368
ID0004955,2024-09-08,3,14,20275.0,36,0,2,1.43,1.18,3.2,0.547,2,10244.4,data_drift,2024-09,9111.72022031054
ID0004956,2024-08-24,1,14,15775.0,45,0,2,1.048,1.44,1.4,0.922,3,6666.53,data_drift,2024-08,6085.351420707918
ID0004957,2024-08-11,0,14,8212.0,48,2,2,1.307,1.143,1.2,0.661,15,5822.7,data_drift,2024-08,6201.590304078436
ID0004958,2024-04-15,3,18,8924.0,25,2,2,1.29,1.551,1.4,0.804,5,7937.78,data_drift,2024-04,7079.057137057312
ID0004959,2024-12-21,3,11,22016.0,54,2,1,1.01,1.13,1.8,0.393,21,6201.61,data_drift,2024-12,6583.918142508818
ID0004960,2024-10-15,0,23,3689.0,32,2,1,0.935,1.238,1.0,0.615,30,5894.33,data_drift,2024-10,6059.882651243606
ID0004961,2024-12-23,4,12,27804.0,36,0,2,1.398,1.356,1.0,0.804,4,6279.01,data_drift,2024-12,5698.306634288981
ID0004962,2024-11-14,2,19,9473.0,58,2,2,1.342,1.065,1.2,0.459,22,6054.67,data_drift,2024-11,6172.00229939358
ID0004963,2024-07-28,2,16,4680.0,32,1,0,0.967,1.313,1.8,0.72,8,7055.54,data_drift,2024-07,6605.705507230083
ID0004964,2024-08-17,3,15,25269.0,69,0,2,1.134,1.386,1.8,0.569,3,6752.61,data_drift,2024-08,6761.157508123744
ID0004965,2024-01-27,3,18,13061.0,79,1,2,1.531,1.402,1.4,0.929,7,6270.26,data_drift,2024-01,6203.888310810961
ID0004966,2024-03-15,3,12,10823.0,43,1,2,1.213,1.218,1.8,0.807,7,8060.16,data_drift,2024-03,7059.688241982498
ID0004967,2024-04-22,3,11,29302.0,23,2,0,1.104,1.27,1.8,0.508,6,7766.14,data_drift,2024-04,7561.943381819434
ID0004968,2024-05-05,4,1,43554.0,71,4,1,1.041,1.568,3.2,0.877,30,11060.25,data_drift,2024-05,10659.299021570867
ID0004969,2024-12-05,0,20,3874.0,59,1,2,1.361,1.032,1.8,0.502,8,7141.09,data_drift,2024-12,6464.755375077835
ID0004970,2024-05-25,3,22,6321.0,73,1,2,1.204,1.499,1.4,0.967,30,6906.44,data_drift,2024-05,7280.179958928349
ID0004971,2024-02-10,4,8,31838.0,27,2,2,1.179,1.314,1.8,0.616,4,7678.59,data_drift,2024-02,7277.013928804748
ID0004972,2024-05-15,1,18,6064.0,75,1,2,1.307,1.393,1.4,0.949,8,5669.78,data_drift,2024-05,6462.6163718278
ID0004973,2024-03-20,1,15,11275.0,47,0,2,1.141,1.537,1.4,0.848,3,6938.49,data_drift,2024-03,6156.569237207833
ID0004974,2024-05-24,2,16,7194.0,41,0,2,1.201,1.254,1.8,0.72,1,6513.43,data_drift,2024-05,6619.93392571099
ID0004975,2024-04-04,3,25,6104.0,50,1,2,1.41,1.681,0.4,0.956,17,4935.18,data_drift,2024-04,5291.689286604343
ID0004976,2024-09-21,3,25,5062.0,56,1,2,1.466,1.226,1.8,0.585,3,6050.96,data_drift,2024-09,6829.796052145114
ID0004977,2024-05-28,4,21,9907.0,51,0,2,1.105,1.476,3.2,0.848,5,10197.41,data_drift,2024-05,9250.608774878154
ID0004978,2024-09-11,2,9,9897.0,58,3,2,1.336,1.103,1.8,0.543,11,7924.78,data_drift,2024-09,7143.675396267093
ID0004979,2024-01-20,3,14,8666.0,21,2,1,1.338,1.363,1.4,0.805,3,7902.14,data_drift,2024-01,7498.035893696386
ID0004980,2024-08-18,2,14,22926.0,35,0,2,1.385,1.18,1.8,0.335,0,5931.51,data_drift,2024-08,6457.5027665198995
ID0004981,2024-04-27,3,19,6028.0,38,4,2,1.325,1.493,1.4,0.951,13,7644.12,data_drift,2024-04,7631.8809610727285
ID0004982,2024-09-19,0,12,10661.0,56,3,1,1.192,1.069,1.2,0.48,2,5783.6,data_drift,2024-09,5826.807659251915
ID0004983,2024-10-02,2,15,34335.0,64,3,2,1.489,1.386,3.2,0.822,2,10352.02,data_drift,2024-10,10373.650134731317
ID0004984,2024-11-22,3,20,13089.0,35,1,2,1.241,1.412,3.2,0.668,9,8388.58,data_drift,2024-11,10110.488125693557
ID0004985,2024-09-16,3,25,4626.0,73,0,0,0.982,1.207,1.4,0.77,4,5760.42,data_drift,2024-09,5393.205010829288
ID0004986,2024-01-10,2,13,13131.0,62,2,1,1.166,1.191,1.8,0.626,15,6829.13,data_drift,2024-01,6804.474995661076
ID0004987,2024-07-18,1,25,4616.0,49,2,0,1.02,1.937,1.1,0.986,6,5527.44,data_drift,2024-07,6062.190941985419
ID0004988,2024-09-26,1,25,2500.0,45,3,2,1.254,1.622,1.4,0.93,9,7004.91,data_drift,2024-09,7524.960056287451
ID0004989,2024-09-27,3,22,7230.0,40,0,1,1.163,1.419,1.8,0.666,4,6833.36,data_drift,2024-09,6505.412268742682
ID0004990,2024-07-08,3,16,8188.0,49,3,2,1.751,1.226,1.8,0.581,15,8363.45,data_drift,2024-07,7572.138880443613
ID0004991,2024-06-17,2,9,14260.0,38,1,0,1.133,1.388,3.2,0.875,4,8770.03,data_drift,2024-06,9260.495494022929
ID0004992,2024-06-13,3,17,13070.0,55,2,2,1.353,1.426,1.4,0.862,30,6508.47,data_drift,2024-06,7202.041394797363
ID0004993,2024-10-27,1,16,16593.0,22,1,0,0.972,1.537,1.4,0.878,5,7321.03,data_drift,2024-10,6627.599376623383
ID0004994,2024-11-18,2,25,9685.0,73,1,2,1.223,1.13,1.4,0.74,1,6966.51,data_drift,2024-11,6178.80560350707
ID0004995,2024-02-24,1,8,10361.0,41,4,2,1.348,1.488,0.4,0.955,5,6193.78,data_drift,2024-02,5602.101503411364
ID0004996,2024-03-18,3,6,24993.0,21,2,0,0.829,1.368,3.2,0.781,16,10149.72,data_drift,2024-03,10313.698678970497
ID0004997,2024-07-01,2,15,8200.0,41,1,2,1.491,1.516,1.4,0.954,6,7002.42,data_drift,2024-07,6537.026927309024
ID0004998,2024-11-26,3,21,11840.0,54,3,2,1.249,1.385,1.4,0.842,3,6929.83,data_drift,2024-11,7240.969864020319
ID0004999,2024-10-19,3,14,30700.0,20,3,1,1.038,0.946,1.2,0.333,0,5738.93,data_drift,2024-10,6559.252485289342
ID0005000,2024-06-15,3,19,10141.0,58,2,2,1.232,1.47,1.4,0.945,6,7613.89,data_drift,2024-06,6861.883774473616
